mtllib model_0.mtl
o model_0
v 0.14070077240467072 0.5316037535667419 0.4948604702949524 
v 0.13595950603485107 0.5284430384635925 0.4958760142326355 
v 0.11436037719249725 0.5745898485183716 0.4968915581703186 
v 0.10961910337209702 0.5714290738105774 0.4979070723056793 
v 0.0953952893614769 0.605565071105957 0.498584121465683 
v 0.09065401554107666 0.6024043560028076 0.4995996654033661 
v 0.07643020153045654 0.6251616477966309 0.500953733921051 
v 0.08643954992294312 0.5998757481575012 0.5029848217964172 
v 0.072215735912323 0.6226330399513245 0.5043388605117798 
v 0.08380550891160965 0.5979793071746826 0.5077239871025085 
v 0.06958169490098953 0.6207365989685059 0.5090780258178711 
v 0.06905488669872284 0.619472324848175 0.5148327946662903 
v 0.05746511369943619 0.6365403532981873 0.5158483386039734 
v 0.058518726378679276 0.6371724605560303 0.5216030478477478 
v 0.04745576158165932 0.6517118811607361 0.5168638825416565 
v 0.048509374260902405 0.6517118811607361 0.5226185917854309 
v 0.037446409463882446 0.6675155758857727 0.5232956409454346 
v 0.05114341527223587 0.6536083221435547 0.527357816696167 
v 0.04008044674992561 0.6687798500061035 0.5280348062515259 
v 0.055357880890369415 0.6561369299888611 0.5307429432868958 
v 0.04429491236805916 0.6719406247138977 0.5314199924468994 
v 0.0490361824631691 0.6751013398170471 0.5324355363845825 
v 0.03691960126161575 0.6909050345420837 0.5331125259399414 
v 0.04166087135672569 0.694697916507721 0.5320969820022583 
v 0.029017480090260506 0.7111337780952454 0.5324355363845825 
v 0.045348528772592545 0.6978586912155151 0.5287118554115295 
v 0.03270513564348221 0.7142945528030396 0.529050350189209 
v 0.04798256978392601 0.6997551321983337 0.5239726901054382 
v 0.035339176654815674 0.7161909937858582 0.5243111848831177 
v 0.03639279305934906 0.717455267906189 0.5185564160346985 
v 0.022168975323438644 0.7326267957687378 0.5246496796607971 
v 0.02322259172797203 0.7338911294937134 0.5188949704170227 
v 0.008998775854706764 0.7490626573562622 0.5249882340431213 
v 0.01005239225924015 0.74969482421875 0.5192334651947021 
v -0.004171424079686403 0.7648663520812988 0.5253267288208008 
v -0.0031178079079836607 0.7654985189437866 0.5195719599723816 
v -0.01786843128502369 0.7800379395484924 0.5256652235984802 
v -0.017341623082756996 0.7806700468063354 0.5199105143547058 
v -0.032092247158288956 0.795841634273529 0.5202490091323853 
v -0.01786843128502369 0.7800379395484924 0.5141557455062866 
v -0.03261905536055565 0.7952094674110413 0.5144942998886108 
v -0.020502472296357155 0.7781414985656738 0.5094165802001953 
v -0.035253096371889114 0.7926808595657349 0.5097550749778748 
v -0.023663319647312164 0.7743486166000366 0.5060313940048218 
v -0.03841394558548927 0.7895201444625854 0.506369948387146 
v -0.04262840747833252 0.7850950956344604 0.5053544044494629 
v -0.05790584161877632 0.7996345162391663 0.5053544044494629 
v 0.061679575592279434 0.6384367942810059 0.5266807675361633 
v 0.06536722928285599 0.6409653425216675 0.5297273993492126 
v 0.060099150985479355 0.6592976450920105 0.5317584872245789 
v 0.053777456283569336 0.6782621145248413 0.5314199924468994 
v 0.05746511369943619 0.6814228296279907 0.5283733606338501 
v 0.060099150985479355 0.6833192706108093 0.5232956409454346 
v 0.0490361824631691 0.7003872990608215 0.518217921257019 
v 0.04798256978392601 0.7003872990608215 0.5124632120132446 
v 0.035339176654815674 0.7168231010437012 0.5128017067909241 
v 0.045348528772592545 0.6984907984733582 0.5073854923248291 
v 0.03270513564348221 0.7149266600608826 0.5077239871025085 
v 0.041134063154459 0.6953300833702087 0.5043388605117798 
v 0.028490671887993813 0.7117659449577332 0.5046773552894592 
v 0.024276208132505417 0.708605170249939 0.5033233165740967 
v 0.011632815934717655 0.7244089245796204 0.5036618113517761 
v 0.06062595918774605 0.6845835447311401 0.5175408720970154 
v 0.072215735912323 0.6687798500061035 0.5168638825416565 
v 0.07116211950778961 0.6681477427482605 0.5226185917854309 
v 0.08169828355312347 0.6523440480232239 0.521941602230072 
v 0.06852807849645615 0.6656191349029541 0.5276963114738464 
v 0.07906424254179001 0.6504476070404053 0.5266807675361633 
v 0.0648404210805893 0.6630905270576477 0.5307429432868958 
v 0.07537658512592316 0.6479189991950989 0.5300658941268921 
v 0.07063531130552292 0.6441261172294617 0.5310814380645752 
v 0.07695700973272324 0.6238973736763 0.5287118554115295 
v 0.07274254411458969 0.6213687658309937 0.5256652235984802 
v 0.07010850310325623 0.6201044917106628 0.5205875039100647 
v 0.08275189250707626 0.596714973449707 0.5134787559509277 
v 0.10277059674263 0.5670040249824524 0.5060313940048218 
v 0.10540463775396347 0.568900465965271 0.5012922286987305 
v 0.13174504041671753 0.5259144306182861 0.49926114082336426 
v 0.08117147535085678 0.628322422504425 0.49993816018104553 
v 0.0648404210805893 0.6422296762466431 0.5019692778587341 
v 0.06958169490098953 0.6460225582122803 0.500953733921051 
v 0.05957234278321266 0.6605619192123413 0.5016307234764099 
v 0.05483107268810272 0.6574012041091919 0.5029848217964172 
v 0.06115276739001274 0.6397010684013367 0.5053544044494629 
v 0.05061660706996918 0.6542404890060425 0.5060313940048218 
v 0.058518726378679276 0.6378046274185181 0.5100935697555542 
v 0.04798256978392601 0.6523440480232239 0.5111091136932373 
v 0.037446409463882446 0.6675155758857727 0.511786162853241 
v 0.03639279305934906 0.6668834090232849 0.5175408720970154 
v 0.02480301633477211 0.6826871037483215 0.5178794264793396 
v 0.025856632739305496 0.6833192706108093 0.523634135723114 
v 0.012686432339251041 0.6984907984733582 0.518217921257019 
v 0.013740047812461853 0.699122965335846 0.5239726901054382 
v 0.0010966559639200568 0.7155588269233704 0.5246496796607971 
v 0.01637408882379532 0.7010194063186646 0.529050350189209 
v 0.0032038879580795765 0.717455267906189 0.5293889045715332 
v 0.02006174437701702 0.7041801810264587 0.5324355363845825 
v 0.0074183521792292595 0.7199838757514954 0.532774031162262 
v 0.011632815934717655 0.7237767577171326 0.5337895750999451 
v -0.0015373839996755123 0.7395804524421692 0.5341280698776245 
v 0.0032038879580795765 0.7433733344078064 0.5331125259399414 
v -0.014180775731801987 0.7553841471672058 0.5348051190376282 
v -0.009966311976313591 0.759177029132843 0.5334510803222656 
v -0.023663319647312164 0.7743486166000366 0.5337895750999451 
v -0.006805464159697294 0.7623378038406372 0.5304044485092163 
v -0.020502472296357155 0.777509331703186 0.5307429432868958 
v 0.028490671887993813 0.6845835447311401 0.5287118554115295 
v 0.032178327441215515 0.6877443194389343 0.5317584872245789 
v 0.02480301633477211 0.7073408961296082 0.5334510803222656 
v 0.01637408882379532 0.7275696396827698 0.532774031162262 
v 0.02006174437701702 0.7307303547859192 0.5297273993492126 
v 0.006891543976962566 0.7471662163734436 0.5300658941268921 
v -0.004171424079686403 0.7648663520812988 0.5138172507286072 
v -0.006805464159697294 0.7629699110984802 0.5090780258178711 
v 0.006364735774695873 0.7471662163734436 0.5087395310401917 
v 0.002677079988643527 0.7440055012702942 0.5053544044494629 
v 0.015847280621528625 0.7282018065452576 0.5050159096717834 
v -0.0015373839996755123 0.740212619304657 0.5040003657341003 
v 0.019534936174750328 0.731362521648407 0.5084010362625122 
v 0.022168975323438644 0.7332589626312256 0.5131402015686035 
v 0.008998775854706764 0.7490626573562622 0.5134787559509277 
v 0.03639279305934906 0.6921693682670593 0.5029848217964172 
v 0.05325064808130264 0.6795263886451721 0.5036618113517761 
v 0.048509374260902405 0.6763656735420227 0.5023077726364136 
v 0.0643136128783226 0.6637226939201355 0.5029848217964172 
v 0.05957234278321266 0.6605619192123413 0.5016307234764099 
v 0.07432296872138977 0.6491832733154297 0.5019692778587341 
v 0.06958169490098953 0.6460225582122803 0.500953733921051 
v 0.08591274172067642 0.6314831376075745 0.500953733921051 
v 0.08117147535085678 0.628322422504425 0.49993816018104553 
v 0.10013656318187714 0.6087257862091064 0.4995996654033661 
v 0.0953952893614769 0.605565071105957 0.498584121465683 
v 0.11962845921516418 0.5771183967590332 0.4979070723056793 
v 0.11436037719249725 0.5745898485183716 0.4968915581703186 
v 0.14070077240467072 0.5316037535667419 0.4948604702949524 
v 0.056938305497169495 0.6820549964904785 0.5070469379425049 
v 0.06800127029418945 0.6668834090232849 0.506369948387146 
v 0.07853743433952332 0.6517118811607361 0.5053544044494629 
v 0.09012720733880997 0.6340117454528809 0.5043388605117798 
v 0.10435102134943008 0.6112543940544128 0.5029848217964172 
v 0.12384291738271713 0.5796470046043396 0.5012922286987305 
v 0.14544205367565155 0.5341323614120483 0.4958760142326355 
v 0.1496565192937851 0.5366609692573547 0.49926114082336426 
v 0.05957234278321266 0.6839514374732971 0.511786162853241 
v 0.07116211950778961 0.6681477427482605 0.5111091136932373 
v 0.08169828355312347 0.6529761552810669 0.5104321241378784 
v 0.09276124835014343 0.6352760195732117 0.5090780258178711 
v 0.10751187056303024 0.6125187277793884 0.5077239871025085 
v 0.1264769583940506 0.5815434455871582 0.5060313940048218 
v 0.10856548696756363 0.6131508350372314 0.5134787559509277 
v 0.12753057479858398 0.5815434455871582 0.511786162853241 
v 0.1270037740468979 0.5809112787246704 0.5175408720970154 
v 0.15387097001075745 0.5385574102401733 0.5097550749778748 
v 0.15281735360622406 0.5379252433776855 0.5155097842216492 
v 0.08275189250707626 0.6536083221435547 0.5161868333816528 
v 0.09328805655241013 0.6352760195732117 0.5205875039100647 
v 0.09065401554107666 0.6333795785903931 0.5256652235984802 
v 0.08643954992294312 0.6302188634872437 0.5287118554115295 
v 0.08169828355312347 0.6270580887794495 0.5300658941268921 
v 0.09592209756374359 0.6043007969856262 0.5287118554115295 
v 0.09118082374334335 0.601140022277832 0.527357816696167 
v 0.11014591157436371 0.5701647996902466 0.5256652235984802 
v 0.08696635812520981 0.5986114144325256 0.5243111848831177 
v 0.10593144595623016 0.5676361918449402 0.5226185917854309 
v 0.1032974049448967 0.5663719177246094 0.5175408720970154 
v 0.13227184116840363 0.5246501564979553 0.5205875039100647 
v 0.12911100685596466 0.5233858227729797 0.5155097842216492 
v 0.08433231711387634 0.5973471403121948 0.5192334651947021 
v 0.10224378854036331 0.5657397508621216 0.511786162853241 
v 0.12805739045143127 0.5227536559104919 0.5097550749778748 
v 0.12911100685596466 0.5240179896354675 0.5040003657341003 
v -0.02787778340280056 0.7705556750297546 0.5050159096717834 
v -0.010493120178580284 0.7598091959953308 0.5056928992271423 
v -0.01470758393406868 0.7560163140296936 0.5046773552894592 
v 0.13648630678653717 0.5271787047386169 0.523634135723114 
v 0.141227588057518 0.5303394794464111 0.5249882340431213 
v 0.11541399359703064 0.573325514793396 0.5270192623138428 
v 0.12015526741743088 0.5764862895011902 0.5256652235984802 
v 0.10119017958641052 0.6074615120887756 0.527357816696167 
v 0.10487782955169678 0.609990119934082 0.5243111848831177 
v 0.12436972558498383 0.5790148377418518 0.5226185917854309 
v 0.10751187056303024 0.6118865609169006 0.5192334651947021 
v 0.09381486475467682 0.6359081864356995 0.5148327946662903 
v 0.1501833200454712 0.5360288023948669 0.5205875039100647 
v 0.14596885442733765 0.5335001945495605 0.523634135723114 
v 0.15281735360622406 0.5379252433776855 0.5040003657341003 
v -0.7290592193603516 -0.023422187194228172 0.4874131381511688 
v -0.7322200536727905 0.0031280280090868473 0.49418342113494873 
v -0.7269520163536072 0.0024958800058811903 0.4928293824195862 
v -0.7311664819717407 0.031574688851833344 0.498584121465683 
v -0.7253715991973877 0.031574688851833344 0.49723005294799805 
v -0.7311664819717407 0.06444638222455978 0.502646267414093 
v -0.7253715991973877 0.06444638222455978 0.5012922286987305 
v -0.7316932678222656 0.09984666854143143 0.5060313940048218 
v -0.7258983850479126 0.09984666854143143 0.5046773552894592 
v -0.7327468991279602 0.13587911427021027 0.5087395310401917 
v -0.7274788022041321 0.13587911427021027 0.5073854923248291 
v -0.7343273162841797 0.1712794005870819 0.5107706189155579 
v -0.7290592193603516 0.1712794005870819 0.5094165802001953 
v -0.7364345192909241 0.20415109395980835 0.5121246576309204 
v -0.730639636516571 0.20478324592113495 0.5107706189155579 
v -0.7380149960517883 0.2344941943883896 0.5131402015686035 
v -0.7322200536727905 0.2344941943883896 0.511786162853241 
v -0.7395954132080078 0.261676549911499 0.5134787559509277 
v -0.7338005304336548 0.2623087167739868 0.5121246576309204 
v -0.7406489849090576 0.28822678327560425 0.5134787559509277 
v -0.7348541021347046 0.28885892033576965 0.5121246576309204 
v -0.7417026162147522 0.3154091536998749 0.5131402015686035 
v -0.7359077334403992 0.3154091536998749 0.511786162853241 
v -0.7427562475204468 0.3444879353046417 0.5128017067909241 
v -0.7369613647460938 0.3444879353046417 0.5114476680755615 
v -0.7432830333709717 0.37609535455703735 0.5121246576309204 
v -0.7374881505966187 0.37609535455703735 0.5111091136932373 
v -0.7438098788261414 0.4108634889125824 0.511786162853241 
v -0.7380149960517883 0.4108634889125824 0.5104321241378784 
v -0.7438098788261414 0.44626379013061523 0.5114476680755615 
v -0.7380149960517883 0.44626379013061523 0.5100935697555542 
v -0.7432830333709717 0.4829283654689789 0.5107706189155579 
v -0.7374881505966187 0.4822961986064911 0.5097550749778748 
v -0.7417026162147522 0.5189607739448547 0.5104321241378784 
v -0.7359077334403992 0.5183286666870117 0.5090780258178711 
v -0.7395954132080078 0.55436110496521 0.5100935697555542 
v -0.7338005304336548 0.5530967712402344 0.5087395310401917 
v -0.7364345192909241 0.5878649353981018 0.5097550749778748 
v -0.7311664819717407 0.587232768535614 0.5084010362625122 
v -0.7322200536727905 0.6207365989685059 0.5094165802001953 
v -0.7264251708984375 0.619472324848175 0.508062481880188 
v -0.7258983850479126 0.6523440480232239 0.5090780258178711 
v -0.7206302881240845 0.6504476070404053 0.508062481880188 
v -0.7179962396621704 0.6826871037483215 0.5090780258178711 
v -0.7127282023429871 0.6807906627655029 0.508062481880188 
v -0.7079868912696838 0.7117659449577332 0.5094165802001953 
v -0.7027188539505005 0.7098695039749146 0.508062481880188 
v -0.6958703398704529 0.7395804524421692 0.5097550749778748 
v -0.6906022429466248 0.7370518445968628 0.5087395310401917 
v -0.6811196804046631 0.7667627930641174 0.5104321241378784 
v -0.6763784289360046 0.763602077960968 0.5090780258178711 
v -0.663735032081604 0.7920487523078918 0.5114476680755615 
v -0.6589937806129456 0.7888879776000977 0.5100935697555542 
v -0.6437163352966309 0.8160703778266907 0.5124632120132446 
v -0.6395018696784973 0.8122774958610535 0.5111091136932373 
v -0.6205368041992188 0.8388276696205139 0.5134787559509277 
v -0.6168491244316101 0.8350347876548767 0.5121246576309204 
v -0.5952500104904175 0.8596885800361633 0.5148327946662903 
v -0.5920891761779785 0.8552635312080383 0.5134787559509277 
v -0.5678560137748718 0.8786529898643494 0.5161868333816528 
v -0.5646951198577881 0.8735958337783813 0.5148327946662903 
v -0.538354754447937 0.8950888514518738 0.5172023773193359 
v -0.535720705986023 0.8900316953659058 0.5158483386039734 
v -0.5072730779647827 0.9089961051940918 0.518217921257019 
v -0.5051658153533936 0.903306782245636 0.5168638825416565 
v -0.47513777017593384 0.9197426438331604 0.5188949704170227 
v -0.47355735301971436 0.9140533208847046 0.5175408720970154 
v -0.44194886088371277 0.9273284077644348 0.5192334651947021 
v -0.4408952593803406 0.921639084815979 0.5178794264793396 
v -0.4087599813938141 0.9317534565925598 0.5192334651947021 
v -0.4082331657409668 0.926696240901947 0.5178794264793396 
v -0.375571072101593 0.9342820048332214 0.5185564160346985 
v -0.375571072101593 0.9285926818847656 0.5172023773193359 
v -0.34238216280937195 0.9330177307128906 0.5175408720970154 
v -0.34238216280937195 0.9273284077644348 0.5161868333816528 
v -0.30972006916999817 0.9292248487472534 0.5161868333816528 
v -0.31077367067337036 0.9235355257987976 0.5148327946662903 
v -0.2781115770339966 0.9229033589363098 0.5141557455062866 
v -0.27916520833969116 0.9178462028503418 0.5128017067909241 
v -0.24702991545200348 0.9146854281425476 0.5121246576309204 
v -0.24861033260822296 0.9089961051940918 0.5107706189155579 
v -0.21752867102622986 0.9039389491081238 0.5104321241378784 
v -0.21963588893413544 0.898881733417511 0.5090780258178711 
v -0.18908102810382843 0.8919281363487244 0.5087395310401917 
v -0.1917150765657425 0.8868709206581116 0.5073854923248291 
v -0.16221381723880768 0.8786529898643494 0.5077239871025085 
v -0.16484786570072174 0.8735958337783813 0.5067084431648254 
v -0.1369270384311676 0.8647457361221313 0.5073854923248291 
v -0.13956108689308167 0.8596885800361633 0.5060313940048218 
v -0.11322067677974701 0.8495742082595825 0.5070469379425049 
v -0.11638152599334717 0.8445169925689697 0.5056928992271423 
v -0.09162155538797379 0.8344026207923889 0.5070469379425049 
v -0.09478239715099335 0.8299776315689087 0.5056928992271423 
v -0.07160285115242004 0.8192310929298401 0.5067084431648254 
v -0.0752905011177063 0.8148060441017151 0.5056928992271423 
v -0.05421818420290947 0.8040595650672913 0.5067084431648254 
v -0.7369613647460938 0.0024958800058811903 0.4975685775279999 
v -0.7359077334403992 0.031574688851833344 0.5019692778587341 
v -0.7359077334403992 0.06444638222455978 0.5060313940048218 
v -0.7364345192909241 0.09921452403068542 0.5094165802001953 
v -0.7380149960517883 0.13524696230888367 0.5121246576309204 
v -0.7395954132080078 0.1706472486257553 0.5141557455062866 
v -0.7411758303642273 0.20415109395980835 0.5155097842216492 
v -0.7427562475204468 0.233862042427063 0.5165253281593323 
v -0.7443366646766663 0.261676549911499 0.5168638825416565 
v -0.7453902959823608 0.28822678327560425 0.5168638825416565 
v -0.7464438676834106 0.3154091536998749 0.5165253281593323 
v -0.7474974989891052 0.3444879353046417 0.5161868333816528 
v -0.7485511302947998 0.37609535455703735 0.5155097842216492 
v -0.7485511302947998 0.4108634889125824 0.5151712894439697 
v -0.7485511302947998 0.44626379013061523 0.5144942998886108 
v -0.7480243444442749 0.4829283654689789 0.5141557455062866 
v -0.7464438676834106 0.5195929408073425 0.5138172507286072 
v -0.7443366646766663 0.55436110496521 0.5131402015686035 
v -0.7411758303642273 0.5884971022605896 0.5128017067909241 
v -0.7369613647460938 0.6213687658309937 0.5128017067909241 
v -0.730639636516571 0.6536083221435547 0.5124632120132446 
v -0.7227375507354736 0.6839514374732971 0.5124632120132446 
v -0.7127282023429871 0.7136623859405518 0.5128017067909241 
v -0.7000848054885864 0.7421090602874756 0.5131402015686035 
v -0.6848073601722717 0.7692914009094238 0.5138172507286072 
v -0.6674227118492126 0.7945773005485535 0.5144942998886108 
v -0.6468771696090698 0.8192310929298401 0.5155097842216492 
v -0.6236976385116577 0.8419884443283081 0.5168638825416565 
v -0.5984108448028564 0.8634814620018005 0.518217921257019 
v -0.5699632167816162 0.8824458718299866 0.5195719599723816 
v -0.5404619574546814 0.898881733417511 0.5205875039100647 
v -0.5088534951210022 0.912788987159729 0.5216030478477478 
v -0.4761914014816284 0.9241676926612854 0.5222800970077515 
v -0.44300249218940735 0.9317534565925598 0.5226185917854309 
v -0.409286767244339 0.9368106126785278 0.5226185917854309 
v -0.375571072101593 0.9387070536613464 0.521941602230072 
v -0.34185534715652466 0.9374427795410156 0.5209260582923889 
v -0.3086664378643036 0.9336498975753784 0.5195719599723816 
v -0.2770579755306244 0.9273284077644348 0.5175408720970154 
v -0.2454494833946228 0.9191104769706726 0.5155097842216492 
v -0.21594823896884918 0.908363938331604 0.5138172507286072 
v -0.18697379529476166 0.8963531255722046 0.5121246576309204 
v -0.1601065993309021 0.8830780386924744 0.5111091136932373 
v -0.13429300487041473 0.8685386180877686 0.5104321241378784 
v -0.11058664321899414 0.8533670902252197 0.5104321241378784 
v -0.08846070617437363 0.8381955623626709 0.5100935697555542 
v -0.06844200193881989 0.8223918080329895 0.5100935697555542 
v -0.05105733498930931 0.8078524470329285 0.5100935697555542 
v -0.7401221990585327 0.0018637320026755333 0.5023077726364136 
v -0.7390685677528381 0.030942540615797043 0.5070469379425049 
v -0.7390685677528381 0.06381423771381378 0.5107706189155579 
v -0.7395954132080078 0.09858237951993942 0.5141557455062866 
v -0.7411758303642273 0.13524696230888367 0.5168638825416565 
v -0.7427562475204468 0.1706472486257553 0.5188949704170227 
v -0.7443366646766663 0.20351894199848175 0.5205875039100647 
v -0.7459170818328857 0.233862042427063 0.5212645530700684 
v -0.7474974989891052 0.2610444128513336 0.5216030478477478 
v -0.7485511302947998 0.28822678327560425 0.5216030478477478 
v -0.7496047616004944 0.3154091536998749 0.5212645530700684 
v -0.7506583333015442 0.3444879353046417 0.5209260582923889 
v -0.7517119646072388 0.37609535455703735 0.5205875039100647 
v -0.7517119646072388 0.4108634889125824 0.5199105143547058 
v -0.7517119646072388 0.44689592719078064 0.5195719599723816 
v -0.7511851787567139 0.4835605025291443 0.5192334651947021 
v -0.7496047616004944 0.5195929408073425 0.5185564160346985 
v -0.7474974989891052 0.554993212223053 0.518217921257019 
v -0.7443366646766663 0.5891292095184326 0.5178794264793396 
v -0.7401221990585327 0.6220009326934814 0.5175408720970154 
v -0.7338005304336548 0.6542404890060425 0.5175408720970154 
v -0.7258983850479126 0.6852157115936279 0.5175408720970154 
v -0.7153622508049011 0.7149266600608826 0.5175408720970154 
v -0.7027188539505005 0.7433733344078064 0.518217921257019 
v -0.6879681944847107 0.7705556750297546 0.5188949704170227 
v -0.6700567603111267 0.7964737415313721 0.5195719599723816 
v -0.6495112180709839 0.8211275339126587 0.5205875039100647 
v -0.6263316869735718 0.8445169925689697 0.521941602230072 
v -0.5999912619590759 0.8653779029846191 0.5229571461677551 
v -0.5720704197883606 0.884974479675293 0.5243111848831177 
v -0.5420423746109009 0.9014103412628174 0.5256652235984802 
v -0.5099071264266968 0.9159497618675232 0.5266807675361633 
v -0.4772450029850006 0.926696240901947 0.527357816696167 
v -0.44352930784225464 0.9349141716957092 0.5276963114738464 
v -0.409286767244339 0.9393392205238342 0.5276963114738464 
v -0.375571072101593 0.9418678283691406 0.5270192623138428 
v -0.34132853150367737 0.940603494644165 0.5260037183761597 
v -0.3081396520137787 0.9368106126785278 0.5243111848831177 
v -0.2760043442249298 0.9304891228675842 0.5226185917854309 
v -0.24439586699008942 0.922271192073822 0.5205875039100647 
v -0.2143678218126297 0.9115247130393982 0.5185564160346985 
v -0.18539337813854218 0.8995139002799988 0.5172023773193359 
v -0.15852616727352142 0.8856066465377808 0.5161868333816528 
v -0.13271257281303406 0.871067225933075 0.5155097842216492 
v -0.10847941040992737 0.8558956980705261 0.5151712894439697 
v -0.08635347336530685 0.8407241106033325 0.5151712894439697 
v -0.0668615773320198 0.8249204158782959 0.5151712894439697 
v -0.04895010218024254 0.8097488880157471 0.5148327946662903 
v -0.15747255086898804 0.8868709206581116 0.521941602230072 
v -0.13165895640850067 0.8723315000534058 0.5212645530700684 
v -0.10795260220766068 0.8565278053283691 0.5209260582923889 
v -0.10847941040992737 0.8558956980705261 0.5266807675361633 
v -0.08582666516304016 0.8413562774658203 0.5209260582923889 
v -0.08635347336530685 0.8400920033454895 0.5266807675361633 
v -0.06580796092748642 0.8261847496032715 0.5209260582923889 
v -0.06633476912975311 0.8249204158782959 0.5266807675361633 
v -0.04789648950099945 0.8110131621360779 0.5205875039100647 
v -0.04895010218024254 0.8097488880157471 0.5263422727584839 
v -0.03261905536055565 0.7945773005485535 0.5260037183761597 
v -0.03472628816962242 0.7926808595657349 0.5310814380645752 
v -0.03841394558548927 0.7888879776000977 0.5341280698776245 
v -0.02787778340280056 0.7699235677719116 0.5351436138153076 
v -0.032092247158288956 0.7661306858062744 0.5337895750999451 
v -0.018922047689557076 0.7515912652015686 0.5334510803222656 
v -0.03577990457415581 0.7629699110984802 0.5304044485092163 
v -0.022082896903157234 0.7484304904937744 0.5300658941268921 
v -0.03788713738322258 0.7604413032531738 0.5256652235984802 
v -0.02471693605184555 0.7459019422531128 0.5253267288208008 
v -0.038940753787755966 0.7598091959953308 0.5199105143547058 
v -0.025770552456378937 0.745269775390625 0.5195719599723816 
v -0.03788713738322258 0.7610734701156616 0.5141557455062866 
v -0.02471693605184555 0.7465340495109558 0.5138172507286072 
v -0.03577990457415581 0.7629699110984802 0.5090780258178711 
v -0.022609703242778778 0.7484304904937744 0.5087395310401917 
v -0.032092247158288956 0.7667627930641174 0.5060313940048218 
v -0.018922047689557076 0.7522234320640564 0.5056928992271423 
v -0.01470758393406868 0.7560163140296936 0.5046773552894592 
v -0.005751848220825195 0.7370518445968628 0.5053544044494629 
v -0.0015373839996755123 0.740212619304657 0.5040003657341003 
v 0.011632815934717655 0.7244089245796204 0.5036618113517761 
v -0.04947691038250923 0.777509331703186 0.5307429432868958 
v -0.04631606489419937 0.7806700468063354 0.5341280698776245 
v -0.042101599276065826 0.7850950956344604 0.5354821681976318 
v -0.05790584161877632 0.7996345162391663 0.5354821681976318 
v -0.05421818420290947 0.8034273982048035 0.5344666242599487 
v -0.07160285115242004 0.8185989260673523 0.5348051190376282 
v -0.05105733498930931 0.8072202801704407 0.5314199924468994 
v -0.06844200193881989 0.8223918080329895 0.5314199924468994 
v -0.08846070617437363 0.8375633955001831 0.5314199924468994 
v -0.11005983501672745 0.8527349233627319 0.5317584872245789 
v -0.13376618921756744 0.8679065108299255 0.5317584872245789 
v -0.13218577206134796 0.871067225933075 0.5270192623138428 
v -0.1595797836780548 0.8824458718299866 0.5324355363845825 
v -0.15799936652183533 0.8856066465377808 0.5276963114738464 
v -0.18539337813854218 0.898881733417511 0.5287118554115295 
v -0.18486656248569489 0.9001460671424866 0.5229571461677551 
v -0.02787778340280056 0.7705556750297546 0.5050159096717834 
v -0.04631606489419937 0.7813022136688232 0.506369948387146 
v -0.04262840747833252 0.7850950956344604 0.5053544044494629 
v -0.061593495309352875 0.795841634273529 0.5067084431648254 
v -0.05790584161877632 0.7996345162391663 0.5053544044494629 
v -0.07897815853357315 0.8103809952735901 0.5067084431648254 
v -0.0752905011177063 0.8148060441017151 0.5056928992271423 
v -0.0984700545668602 0.8249204158782959 0.5067084431648254 
v -0.09478239715099335 0.8299776315689087 0.5056928992271423 
v -0.11954237520694733 0.8400920033454895 0.5067084431648254 
v -0.11638152599334717 0.8445169925689697 0.5056928992271423 
v -0.14272192120552063 0.8546313643455505 0.5070469379425049 
v -0.13956108689308167 0.8596885800361633 0.5060313940048218 
v -0.1674818992614746 0.8685386180877686 0.5077239871025085 
v -0.16484786570072174 0.8735958337783813 0.5067084431648254 
v -0.19382230937480927 0.8818137645721436 0.5087395310401917 
v -0.1917150765657425 0.8868709206581116 0.5073854923248291 
v -0.2217431217432022 0.893824577331543 0.5100935697555542 
v -0.21963588893413544 0.898881733417511 0.5090780258178711 
v -0.24861033260822296 0.9089961051940918 0.5107706189155579 
v -0.050003718584775925 0.777509331703186 0.5094165802001953 
v -0.06528115272521973 0.7920487523078918 0.5097550749778748 
v -0.08213900774717331 0.8065881133079529 0.5097550749778748 
v -0.10110409557819366 0.8211275339126587 0.5100935697555542 
v -0.12217641621828079 0.8362991213798523 0.5100935697555542 
v -0.1453559696674347 0.8508384823799133 0.5104321241378784 
v -0.16958913207054138 0.8647457361221313 0.5107706189155579 
v -0.19592954218387604 0.8773887157440186 0.511786162853241 
v -0.22332355380058289 0.8887673616409302 0.5131402015686035 
v -0.25019076466560364 0.9039389491081238 0.511786162853241 
v -0.2517711818218231 0.898881733417511 0.5151712894439697 
v -0.28021880984306335 0.912156879901886 0.5138172507286072 
v -0.28127244114875793 0.9070996642112732 0.5172023773193359 
v -0.31130048632621765 0.9184783101081848 0.5158483386039734 
v -0.31182730197906494 0.9134211540222168 0.5188949704170227 
v -0.34290897846221924 0.921639084815979 0.5172023773193359 
v -0.34343576431274414 0.917214035987854 0.5202490091323853 
v -0.3750442564487457 0.9229033589363098 0.518217921257019 
v -0.3750442564487457 0.9178462028503418 0.5212645530700684 
v -0.4077063500881195 0.9210069179534912 0.5188949704170227 
v -0.4071795344352722 0.9159497618675232 0.521941602230072 
v -0.439841628074646 0.9165818691253662 0.5188949704170227 
v -0.4393148422241211 0.9115247130393982 0.521941602230072 
v -0.4719769358634949 0.9089961051940918 0.5185564160346985 
v -0.4709233045578003 0.9039389491081238 0.5216030478477478 
v -0.5030586123466492 0.8982495665550232 0.5178794264793396 
v -0.5014781951904297 0.893824577331543 0.5209260582923889 
v -0.5330866575241089 0.884974479675293 0.5168638825416565 
v -0.5309793949127197 0.880549430847168 0.5199105143547058 
v -0.5615342855453491 0.8691707849502563 0.5158483386039734 
v -0.5594270825386047 0.8647457361221313 0.5188949704170227 
v -0.5884014964103699 0.8508384823799133 0.5144942998886108 
v -0.5857674479484558 0.8470456004142761 0.5175408720970154 
v -0.6131614446640015 0.8306097388267517 0.5131402015686035 
v -0.6100006103515625 0.8268168568611145 0.5161868333816528 
v -0.6352874040603638 0.8084845542907715 0.5121246576309204 
v -0.6315997242927551 0.8053238391876221 0.5151712894439697 
v -0.654779314994812 0.7850950956344604 0.5111091136932373 
v -0.6510916352272034 0.782566487789154 0.5141557455062866 
v -0.6716371774673462 0.7604413032531738 0.5104321241378784 
v -0.6674227118492126 0.7579127550125122 0.5134787559509277 
v -0.6858609914779663 0.7345232367515564 0.5097550749778748 
v -0.6816465258598328 0.7326267957687378 0.5128017067909241 
v -0.6979775428771973 0.7073408961296082 0.5094165802001953 
v -0.6932362914085388 0.7054444551467896 0.5124632120132446 
v -0.7074601054191589 0.6788942217826843 0.5090780258178711 
v -0.7027188539505005 0.6776299476623535 0.5121246576309204 
v -0.7153622508049011 0.6491832733154297 0.5090780258178711 
v -0.7106209397315979 0.6479189991950989 0.5121246576309204 
v -0.7211571335792542 0.6182080507278442 0.5090780258178711 
v -0.7164158225059509 0.6175758838653564 0.5124632120132446 
v -0.7253715991973877 0.5859684944152832 0.5094165802001953 
v -0.7206302881240845 0.5853363275527954 0.5128017067909241 
v -0.7285324335098267 0.5524646639823914 0.5097550749778748 
v -0.7232643365859985 0.5524646639823914 0.5131402015686035 
v -0.730639636516571 0.5183286666870117 0.5104321241378784 
v -0.7253715991973877 0.5176964998245239 0.5134787559509277 
v -0.7316932678222656 0.4822961986064911 0.5107706189155579 
v -0.7269520163536072 0.4822961986064911 0.5138172507286072 
v -0.7322200536727905 0.44626379013061523 0.5111091136932373 
v -0.7274788022041321 0.44626379013061523 0.5144942998886108 
v -0.7322200536727905 0.410231351852417 0.511786162853241 
v -0.7274788022041321 0.4108634889125824 0.5148327946662903 
v -0.7322200536727905 0.37609535455703735 0.5121246576309204 
v -0.7269520163536072 0.37672749161720276 0.5151712894439697 
v -0.7311664819717407 0.3444879353046417 0.5124632120132446 
v -0.7264251708984375 0.3444879353046417 0.5158483386039734 
v -0.7301128506660461 0.3160412907600403 0.5131402015686035 
v -0.7253715991973877 0.3160412907600403 0.5161868333816528 
v -0.7290592193603516 0.28885892033576965 0.5131402015686035 
v -0.7243179678916931 0.28885892033576965 0.5165253281593323 
v -0.728005588054657 0.2623087167739868 0.5131402015686035 
v -0.7227375507354736 0.2623087167739868 0.5165253281593323 
v -0.7264251708984375 0.2344941943883896 0.5128017067909241 
v -0.721683919429779 0.2344941943883896 0.5161868333816528 
v -0.724844753742218 0.20478324592113495 0.5121246576309204 
v -0.7201035022735596 0.20478324592113495 0.5151712894439697 
v -0.7232643365859985 0.1712794005870819 0.5104321241378784 
v -0.7179962396621704 0.1712794005870819 0.5138172507286072 
v -0.721683919429779 0.13587911427021027 0.5084010362625122 
v -0.7164158225059509 0.13587911427021027 0.5114476680755615 
v -0.7201035022735596 0.09984666854143143 0.5056928992271423 
v -0.7153622508049011 0.09921452403068542 0.5087395310401917 
v -0.7195767164230347 0.06444638222455978 0.5023077726364136 
v -0.7148354053497314 0.06381423771381378 0.5053544044494629 
v -0.7195767164230347 0.030942540615797043 0.49824559688568115 
v -0.7148354053497314 0.030310392379760742 0.5012922286987305 
v -0.7211571335792542 0.0018637320026755333 0.49350640177726746 
v -0.715889036655426 0.0005994359962642193 0.4965530335903168 
v -0.7232643365859985 -0.024686483666300774 0.48842868208885193 
v -0.7185230851173401 -0.025950780138373375 0.4911368191242218 
v -0.7269520163536072 -0.04870810732245445 0.4823354482650757 
v -0.721683919429779 -0.050604552030563354 0.485382080078125 
v -0.7311664819717407 -0.07209758460521698 0.4759036898612976 
v -0.7264251708984375 -0.07399402558803558 0.4786117970943451 
v -0.7369613647460938 -0.0948549136519432 0.46879488229751587 
v -0.7327468991279602 -0.09675135463476181 0.47150298953056335 
v -0.7443366646766663 -0.11824438720941544 0.46100905537605286 
v -0.7395954132080078 -0.12077298015356064 0.46371716260910034 
v -0.7522388100624084 -0.14226600527763367 0.45254620909690857 
v -0.7480243444442749 -0.14479459822177887 0.4549158215522766 
v -0.7617213129997253 -0.1656554937362671 0.44272929430007935 
v -0.7569800615310669 -0.1688162237405777 0.44476038217544556 
v -0.7717306613922119 -0.18904496729373932 0.43121981620788574 
v -0.7669894099235535 -0.19220569729804993 0.43325090408325195 
v -0.7822668552398682 -0.21117013692855835 0.41801777482032776 
v -0.7780523896217346 -0.21496303379535675 0.42004886269569397 
v -0.7928029894828796 -0.23203103244304657 0.40278464555740356 
v -0.7891153693199158 -0.23519176244735718 0.40447720885276794 
v -0.8043927550315857 -0.2503633201122284 0.38552042841911316 
v -0.8007051348686218 -0.2547883689403534 0.3868744969367981 
v -0.8159825801849365 -0.2674313187599182 0.3665636479854584 
v -0.811768114566803 -0.2718563377857208 0.3675791919231415 
v -0.8270455002784729 -0.28197070956230164 0.3459143042564392 
v -0.823357880115509 -0.28639575839042664 0.3469298481941223 
v -0.838108479976654 -0.29461368918418884 0.3245879113674164 
v -0.8344208598136902 -0.29903870820999146 0.32526496052742004 
v -0.8481178283691406 -0.30472806096076965 0.30224600434303284 
v -0.8449569940567017 -0.30915307998657227 0.3025844991207123 
v -0.8581271767616272 -0.31231382489204407 0.27922704815864563 
v -0.8549663424491882 -0.3173710107803345 0.2795655429363251 
v -0.867082953453064 -0.3180031478404999 0.2558695673942566 
v -0.8639220595359802 -0.3230603337287903 0.2562080919742584 
v -0.875511884689331 -0.3224281966686249 0.23285062611103058 
v -0.8723509907722473 -0.3268532156944275 0.23251211643218994 
v -0.8823603391647339 -0.3249567747116089 0.20983166992664337 
v -0.8797262907028198 -0.3300139605998993 0.20949316024780273 
v -0.8886820673942566 -0.3262210786342621 0.187151238322258 
v -0.8855212330818176 -0.3312782645225525 0.18681271374225616 
v -0.893423318862915 -0.3268532156944275 0.16447079181671143 
v -0.890789270401001 -0.3319104015827179 0.1641322821378708 
v -0.8971109986305237 -0.3262210786342621 0.14077481627464294 
v -0.8939501643180847 -0.3312782645225525 0.1404363065958023 
v -0.8986914157867432 -0.3249567747116089 0.11504775285720825 
v -0.8960573673248291 -0.3300139605998993 0.11470923572778702 
v -0.8992182016372681 -0.3230603337287903 0.08728960156440735 
v -0.8960573673248291 -0.3281175196170807 0.08695109188556671 
v -0.8971109986305237 -0.3205317556858063 0.05580780282616615 
v -0.8939501643180847 -0.3255889415740967 0.05580780282616615 
v -0.8902624845504761 -0.31673887372016907 0.019925318658351898 
v -0.887628436088562 -0.3224281966686249 0.020263832062482834 
v -0.8776190876960754 -0.31231382489204407 -0.022050417959690094 
v -0.8744582533836365 -0.3173710107803345 -0.02171190455555916 
v -0.8554931282997131 -0.30536019802093506 -0.07113494724035263 
v -0.8528591394424438 -0.31041738390922546 -0.070796437561512 
v -0.8217774629592896 -0.29587796330451965 -0.1290208399295807 
v -0.8191434144973755 -0.30093514919281006 -0.12834382057189941 
v -0.27916520833969116 0.9178462028503418 0.5128017067909241 
v -0.31077367067337036 0.9235355257987976 0.5148327946662903 
v -0.34238216280937195 0.9273284077644348 0.5161868333816528 
v -0.375571072101593 0.9285926818847656 0.5172023773193359 
v -0.4082331657409668 0.926696240901947 0.5178794264793396 
v -0.4408952593803406 0.921639084815979 0.5178794264793396 
v -0.47355735301971436 0.9140533208847046 0.5175408720970154 
v -0.5051658153533936 0.903306782245636 0.5168638825416565 
v -0.535720705986023 0.8900316953659058 0.5158483386039734 
v -0.5646951198577881 0.8735958337783813 0.5148327946662903 
v -0.5920891761779785 0.8552635312080383 0.5134787559509277 
v -0.6168491244316101 0.8350347876548767 0.5121246576309204 
v -0.6395018696784973 0.8122774958610535 0.5111091136932373 
v -0.6589937806129456 0.7888879776000977 0.5100935697555542 
v -0.6763784289360046 0.763602077960968 0.5090780258178711 
v -0.6906022429466248 0.7370518445968628 0.5087395310401917 
v -0.7027188539505005 0.7098695039749146 0.508062481880188 
v -0.7127282023429871 0.6807906627655029 0.508062481880188 
v -0.7206302881240845 0.6504476070404053 0.508062481880188 
v -0.7264251708984375 0.619472324848175 0.508062481880188 
v -0.7311664819717407 0.587232768535614 0.5084010362625122 
v -0.7338005304336548 0.5530967712402344 0.5087395310401917 
v -0.7359077334403992 0.5183286666870117 0.5090780258178711 
v -0.7374881505966187 0.4822961986064911 0.5097550749778748 
v -0.7380149960517883 0.44626379013061523 0.5100935697555542 
v -0.7380149960517883 0.4108634889125824 0.5104321241378784 
v -0.7374881505966187 0.37609535455703735 0.5111091136932373 
v -0.7369613647460938 0.3444879353046417 0.5114476680755615 
v -0.7359077334403992 0.3154091536998749 0.511786162853241 
v -0.7348541021347046 0.28885892033576965 0.5121246576309204 
v -0.7338005304336548 0.2623087167739868 0.5121246576309204 
v -0.7322200536727905 0.2344941943883896 0.511786162853241 
v -0.730639636516571 0.20478324592113495 0.5107706189155579 
v -0.7290592193603516 0.1712794005870819 0.5094165802001953 
v -0.7274788022041321 0.13587911427021027 0.5073854923248291 
v -0.7258983850479126 0.09984666854143143 0.5046773552894592 
v -0.7253715991973877 0.06444638222455978 0.5012922286987305 
v -0.7253715991973877 0.031574688851833344 0.49723005294799805 
v -0.7269520163536072 0.0024958800058811903 0.4928293824195862 
v -0.7290592193603516 -0.023422187194228172 0.4874131381511688 
v -0.7322200536727905 -0.04744381085038185 0.481658399105072 
v -0.7369613647460938 -0.07020114362239838 0.47522664070129395 
v -0.7427562475204468 -0.092958465218544 0.4681178629398346 
v -0.7496047616004944 -0.11634794622659683 0.4603320360183716 
v -0.7580336928367615 -0.14036956429481506 0.4518691897392273 
v -0.7669894099235535 -0.1637590378522873 0.44205227494239807 
v -0.77699875831604 -0.18651637434959412 0.4308813214302063 
v -0.7870081067085266 -0.20864155888557434 0.4176792800426483 
v -0.7980710864067078 -0.22887028753757477 0.4024461507797241 
v -0.8091340661048889 -0.2478347271680832 0.38552042841911316 
v -0.820723831653595 -0.2642705738544464 0.3665636479854584 
v -0.8317868113517761 -0.2788099944591522 0.3465913236141205 
v -0.8428497314453125 -0.29145294427871704 0.3249264359474182 
v -0.8528591394424438 -0.30156731605529785 0.3029230237007141 
v -0.8628684878349304 -0.30915307998657227 0.2799040675163269 
v -0.8718242049217224 -0.3148424029350281 0.2568851113319397 
v -0.8797262907028198 -0.31863531470298767 0.23352764546871185 
v -0.8871016502380371 -0.3211638927459717 0.21050870418548584 
v -0.893423318862915 -0.3224281966686249 0.18782825767993927 
v -0.8981645703315735 -0.3230603337287903 0.1651478260755539 
v -0.9018522500991821 -0.3224281966686249 0.14111332595348358 
v -0.9034326672554016 -0.3211638927459717 0.11538626253604889 
v -0.9034326672554016 -0.3192674517631531 0.08728960156440735 
v -0.9013254642486572 -0.31673887372016907 0.05546928942203522 
v -0.8950037360191345 -0.31357812881469727 0.019248289987444878 
v -0.881833553314209 -0.30852094292640686 -0.02306596003472805 
v -0.8597075939178467 -0.30156731605529785 -0.07282751798629761 
v -0.8259919285774231 -0.29208508133888245 -0.1310519278049469 
v -0.0521109513938427 0.7749807238578796 0.5144942998886108 
v -0.0673883855342865 0.7895201444625854 0.5144942998886108 
v -0.08424624055624008 0.8040595650672913 0.5148327946662903 
v -0.10321132838726044 0.8185989260673523 0.5148327946662903 
v -0.12428364902734756 0.8331383466720581 0.5148327946662903 
v -0.14693638682365417 0.8476777672767639 0.5151712894439697 
v -0.17116956412792206 0.8615850210189819 0.5155097842216492 
v -0.19698315858840942 0.8742280006408691 0.5165253281593323 
v -0.17169636487960815 0.8603206872940063 0.5212645530700684 
v -0.19750995934009552 0.8729636669158936 0.5222800970077515 
v -0.19645634293556213 0.8742280006408691 0.5280348062515259 
v -0.22385035455226898 0.8856066465377808 0.5297273993492126 
v -0.19540272653102875 0.8767565488815308 0.5331125259399414 
v -0.2222699373960495 0.8881352543830872 0.5344666242599487 
v -0.22068950533866882 0.8925602436065674 0.5378517508506775 
v -0.25124436616897583 0.8982495665550232 0.5364976525306702 
v -0.24966394901275635 0.9026746153831482 0.5398828387260437 
v -0.28074562549591064 0.9064674973487854 0.5381902456283569 
v -0.27969199419021606 0.9108925461769104 0.5415753722190857 
v -0.31130048632621765 0.912788987159729 0.5402213335037231 
v -0.31024688482284546 0.917214035987854 0.5436064600944519 
v -0.34238216280937195 0.9159497618675232 0.5415753722190857 
v -0.34238216280937195 0.9210069179534912 0.5449605584144592 
v -0.37451744079589844 0.917214035987854 0.5425909161567688 
v -0.37451744079589844 0.921639084815979 0.5459761023521423 
v -0.4066527485847473 0.9153175950050354 0.5432679653167725 
v -0.4071795344352722 0.9197426438331604 0.5466530919075012 
v -0.4387880265712738 0.9108925461769104 0.5432679653167725 
v -0.439841628074646 0.9153175950050354 0.5466530919075012 
v -0.4703965187072754 0.903306782245636 0.542929470539093 
v -0.4719769358634949 0.907731831073761 0.5463145971298218 
v -0.5014781951904297 0.8931924104690552 0.5422524213790894 
v -0.5030586123466492 0.8969852924346924 0.5456375479698181 
v -0.5336134433746338 0.8837102055549622 0.544622004032135 
v -0.5051658153533936 0.9026746153831482 0.5469915866851807 
v -0.535720705986023 0.8887673616409302 0.5459761023521423 
v -0.538354754447937 0.893824577331543 0.5449605584144592 
v -0.5678560137748718 0.8773887157440186 0.5439450144767761 
v -0.5404619574546814 0.8982495665550232 0.5419139266014099 
v -0.5704900026321411 0.8818137645721436 0.5405598282814026 
v -0.5720704197883606 0.8843423128128052 0.5358206629753113 
v -0.5984108448028564 0.8622171878814697 0.5395442843437195 
v -0.5999912619590759 0.8653779029846191 0.5344666242599487 
v -0.6242244243621826 0.8413562774658203 0.5381902456283569 
v -0.6263316869735718 0.8438848853111267 0.5334510803222656 
v -0.6474040150642395 0.8185989260673523 0.5368362069129944 
v -0.6495112180709839 0.8204953670501709 0.5320969820022583 
v -0.6674227118492126 0.7939451932907104 0.5358206629753113 
v -0.6700567603111267 0.7964737415313721 0.5310814380645752 
v -0.6879681944847107 0.7705556750297546 0.5304044485092163 
v -0.6711103320121765 0.7971059083938599 0.5253267288208008 
v -0.6884950399398804 0.7711878418922424 0.5246496796607971 
v -0.22437717020511627 0.8856066465377808 0.518217921257019 
v -0.22437717020511627 0.884974479675293 0.523634135723114 
v -0.2522979974746704 0.8957210183143616 0.5199105143547058 
v -0.2528248131275177 0.894456684589386 0.5256652235984802 
v -0.28179922699928284 0.9039389491081238 0.521941602230072 
v -0.28179922699928284 0.9026746153831482 0.5276963114738464 
v -0.31235411763191223 0.9089961051940918 0.5293889045715332 
v -0.28127244114875793 0.9039389491081238 0.5334510803222656 
v -0.31182730197906494 0.9096282720565796 0.5351436138153076 
v -0.34290897846221924 0.9134211540222168 0.5368362069129944 
v -0.37451744079589844 0.9140533208847046 0.5378517508506775 
v -0.4066527485847473 0.912156879901886 0.5381902456283569 
v -0.4382612109184265 0.907731831073761 0.5381902456283569 
v -0.4698697030544281 0.9007781744003296 0.5378517508506775 
v -0.5004245638847351 0.8900316953659058 0.5371747016906738 
v -0.5299258232116699 0.8773887157440186 0.5361591577529907 
v -0.5309793949127197 0.879917323589325 0.5412368774414062 
v -0.5578466057777405 0.8615850210189819 0.5351436138153076 
v -0.5594270825386047 0.8641136288642883 0.5402213335037231 
v -0.5836602449417114 0.8438848853111267 0.5337895750999451 
v -0.5857674479484558 0.8464134335517883 0.5388672947883606 
v -0.6078934073448181 0.8242883086204529 0.532774031162262 
v -0.6100006103515625 0.8261847496032715 0.5375131964683533 
v -0.6321265697479248 0.8046916723251343 0.5364976525306702 
v -0.6131614446640015 0.8293454647064209 0.5408983826637268 
v -0.6352874040603638 0.8078524470329285 0.5398828387260437 
v -0.6395018696784973 0.8116453289985657 0.5412368774414062 
v -0.6595205664634705 0.7876237034797668 0.5402213335037231 
v -0.663735032081604 0.791416585445404 0.53920578956604 
v -0.6811196804046631 0.7661306858062744 0.5381902456283569 
v -0.6848073601722717 0.768659234046936 0.5351436138153076 
v -0.7027188539505005 0.7427411675453186 0.5297273993492126 
v -0.7037724256515503 0.7433733344078064 0.5239726901054382 
v -0.7164158225059509 0.7149266600608826 0.5232956409454346 
v -0.7000848054885864 0.7414768934249878 0.5344666242599487 
v -0.6958703398704529 0.7389482855796814 0.5375131964683533 
v -0.6763784289360046 0.7629699110984802 0.53920578956604 
v -0.654779314994812 0.7844629287719727 0.5388672947883606 
v -0.6510916352272034 0.781934380531311 0.5354821681976318 
v -0.6294925212860107 0.8027952313423157 0.5314199924468994 
v -0.6284388899803162 0.8021631240844727 0.5256652235984802 
v -0.6073665618896484 0.8236561417579651 0.5270192623138428 
v -0.6078934073448181 0.8242883086204529 0.5212645530700684 
v -0.5831333994865417 0.8432527184486389 0.5280348062515259 
v -0.5836602449417114 0.8445169925689697 0.5222800970077515 
v -0.5573198199272156 0.8609528541564941 0.5293889045715332 
v -0.5578466057777405 0.8622171878814697 0.523634135723114 
v -0.5293989777565002 0.8767565488815308 0.5304044485092163 
v -0.5299258232116699 0.8780208826065063 0.5246496796607971 
v -0.4998977482318878 0.889399528503418 0.5314199924468994 
v -0.5004245638847351 0.8906638026237488 0.5256652235984802 
v -0.4698697030544281 0.9007781744003296 0.5263422727584839 
v -0.4382612109184265 0.908363938331604 0.5266807675361633 
v -0.4066527485847473 0.912788987159729 0.5266807675361633 
v -0.3750442564487457 0.9146854281425476 0.5263422727584839 
v -0.34343576431274414 0.9134211540222168 0.5253267288208008 
v -0.31235411763191223 0.9102603793144226 0.523634135723114 
v -0.4066527485847473 0.9115247130393982 0.5324355363845825 
v -0.37451744079589844 0.9134211540222168 0.5317584872245789 
v -0.34290897846221924 0.912156879901886 0.5310814380645752 
v -0.4382612109184265 0.9070996642112732 0.5324355363845825 
v -0.4693428874015808 0.8995139002799988 0.5320969820022583 
v -0.2522979974746704 0.8957210183143616 0.5314199924468994 
v -0.47355735301971436 0.912788987159729 0.5476686358451843 
v -0.5072730779647827 0.907731831073761 0.5459761023521423 
v -0.47513777017593384 0.9184783101081848 0.5466530919075012 
v -0.4761914014816284 0.9229033589363098 0.5436064600944519 
v -0.44300249218940735 0.931121289730072 0.5439450144767761 
v -0.44352930784225464 0.9342820048332214 0.53920578956604 
v -0.409286767244339 0.9393392205238342 0.53920578956604 
v -0.409286767244339 0.940603494644165 0.5334510803222656 
v -0.3750442564487457 0.9424999356269836 0.532774031162262 
v -0.34132853150367737 0.9418678283691406 0.5317584872245789 
v -0.3081396520137787 0.9380749464035034 0.5300658941268921 
v -0.5088534951210022 0.912156879901886 0.542929470539093 
v -0.4772450029850006 0.926064133644104 0.5388672947883606 
v -0.5099071264266968 0.9153175950050354 0.5381902456283569 
v -0.5104339122772217 0.9165818691253662 0.5324355363845825 
v -0.5420423746109009 0.9014103412628174 0.5371747016906738 
v -0.5425692200660706 0.9026746153831482 0.5314199924468994 
v -0.5725972652435303 0.8856066465377808 0.5300658941268921 
v -0.6010448932647705 0.8660100698471069 0.529050350189209 
v -0.6268584728240967 0.8451491594314575 0.5276963114738464 
v -0.6505648493766785 0.8217597007751465 0.5263422727584839 
v -0.4408952593803406 0.9210069179534912 0.5480071306228638 
v -0.44194886088371277 0.926064133644104 0.5469915866851807 
v -0.4087599813938141 0.9361785054206848 0.5439450144767761 
v -0.3750442564487457 0.9412356615066528 0.5385287404060364 
v -0.34132853150367737 0.939971387386322 0.5375131964683533 
v -0.34132853150367737 0.9368106126785278 0.5422524213790894 
v -0.3081396520137787 0.9330177307128906 0.5408983826637268 
v -0.34132853150367737 0.9317534565925598 0.5452990531921387 
v -0.3086664378643036 0.9285926818847656 0.5439450144767761 
v -0.30972006916999817 0.9229033589363098 0.5449605584144592 
v -0.2781115770339966 0.9165818691253662 0.542929470539093 
v -0.24808353185653687 0.908363938331604 0.5408983826637268 
v -0.21858228743076324 0.8982495665550232 0.53920578956604 
v -0.1906614601612091 0.8862388134002686 0.5375131964683533 
v -0.19329549372196198 0.8811815977096558 0.5364976525306702 
v -0.16432105004787445 0.8729636669158936 0.5364976525306702 
v -0.1669550985097885 0.8679065108299255 0.5354821681976318 
v -0.14219512045383453 0.8539992570877075 0.5348051190376282 
v -0.16906233131885529 0.8641136288642883 0.5320969820022583 
v -0.1448291540145874 0.8502063751220703 0.5314199924468994 
v -0.17064274847507477 0.8609528541564941 0.5270192623138428 
v -0.14640958607196808 0.8476777672767639 0.5266807675361633 
v -0.14746320247650146 0.8464134335517883 0.5209260582923889 
v -0.12481045722961426 0.8318740725517273 0.5205875039100647 
v -0.10373813658952713 0.8173346519470215 0.5205875039100647 
v -0.12375684082508087 0.8331383466720581 0.5263422727584839 
v -0.12217641621828079 0.8356669545173645 0.5314199924468994 
v -0.11901556700468063 0.8394598364830017 0.5348051190376282 
v -0.13956108689308167 0.8590564131736755 0.5361591577529907 
v -0.16168701648712158 0.8780208826065063 0.5354821681976318 
v -0.18855422735214233 0.8912959694862366 0.5364976525306702 
v -0.18644699454307556 0.8957210183143616 0.5334510803222656 
v -0.2143678218126297 0.9108925461769104 0.5300658941268921 
v -0.2138410061597824 0.912156879901886 0.5243111848831177 
v -0.24386906623840332 0.9229033589363098 0.5263422727584839 
v -0.1364002376794815 0.8641136288642883 0.5351436138153076 
v -0.11269386857748032 0.8489420413970947 0.5348051190376282 
v -0.09109474718570709 0.8337705135345459 0.5348051190376282 
v -0.09478239715099335 0.8293454647064209 0.5358206629753113 
v -0.0752905011177063 0.8141739368438721 0.5358206629753113 
v -0.061593495309352875 0.7952094674110413 0.5344666242599487 
v -0.06528115272521973 0.791416585445404 0.5310814380645752 
v -0.0673883855342865 0.7895201444625854 0.5260037183761597 
v -0.0521109513938427 0.7749807238578796 0.5260037183761597 
v -0.05263775959610939 0.7743486166000366 0.5202490091323853 
v -0.07897815853357315 0.8097488880157471 0.5344666242599487 
v -0.08213900774717331 0.8059560060501099 0.5310814380645752 
v -0.08424624055624008 0.8034273982048035 0.5263422727584839 
v -0.06791519373655319 0.7882558703422546 0.5202490091323853 
v -0.08477304875850677 0.8027952313423157 0.5205875039100647 
v -0.10321132838726044 0.8185989260673523 0.5263422727584839 
v -0.10110409557819366 0.8204953670501709 0.5314199924468994 
v -0.0979432463645935 0.8242883086204529 0.5344666242599487 
v -0.11585471779108047 0.8438848853111267 0.5358206629753113 
v -0.34185534715652466 0.926696240901947 0.5463145971298218 
v -0.37451744079589844 0.9273284077644348 0.5473301410675049 
v -0.4077063500881195 0.9254319667816162 0.5480071306228638 
v -0.37451744079589844 0.9330177307128906 0.5463145971298218 
v -0.3750442564487457 0.9380749464035034 0.5432679653167725 
v -0.4082331657409668 0.931121289730072 0.5469915866851807 
v -0.21700185537338257 0.903306782245636 0.5381902456283569 
v -0.2148946225643158 0.907731831073761 0.5348051190376282 
v -0.2465030997991562 0.9134211540222168 0.5398828387260437 
v -0.2449226826429367 0.9184783101081848 0.5368362069129944 
v -0.2770579755306244 0.922271192073822 0.5419139266014099 
v -0.2760043442249298 0.926696240901947 0.5388672947883606 
v -0.24439586699008942 0.921639084815979 0.5320969820022583 
v -0.2754775583744049 0.9298570156097412 0.5341280698776245 
v -0.3081396520137787 0.9361785054206848 0.5358206629753113 
v -0.2754775583744049 0.9317534565925598 0.5283733606338501 
v -0.44352930784225464 0.935546338558197 0.5334510803222656 
v -0.4777718186378479 0.9273284077644348 0.5331125259399414 
v -0.562061071395874 0.8679065108299255 0.5436064600944519 
v -0.5646951198577881 0.8729636669158936 0.5449605584144592 
v -0.5889282822608948 0.8495742082595825 0.5422524213790894 
v -0.5920891761779785 0.8539992570877075 0.5436064600944519 
v -0.617375910282135 0.8337705135345459 0.5422524213790894 
v -0.6437163352966309 0.8154382109642029 0.5402213335037231 
v -0.6210635900497437 0.8375633955001831 0.5412368774414062 
v -0.5952500104904175 0.8584242463111877 0.5425909161567688 
v -0.6294925212860107 0.8034273982048035 0.5199105143547058 
v -0.6484575867652893 0.7806700468063354 0.5188949704170227 
v -0.6647886633872986 0.7560163140296936 0.518217921257019 
v -0.6790124773979187 0.7307303547859192 0.5175408720970154 
v -0.6906022429466248 0.7041801810264587 0.5172023773193359 
v -0.7000848054885864 0.6763656735420227 0.5172023773193359 
v -0.7074601054191589 0.6472868323326111 0.5172023773193359 
v -0.713254988193512 0.6169437170028687 0.5172023773193359 
v -0.7174694538116455 0.5847041606903076 0.5175408720970154 
v -0.7116745710372925 0.6163116097450256 0.5229571461677551 
v -0.715889036655426 0.5847041606903076 0.5232956409454346 
v -0.7169426679611206 0.5847041606903076 0.529050350189209 
v -0.7201035022735596 0.5518324971199036 0.5293889045715332 
v -0.7201035022735596 0.5853363275527954 0.5341280698776245 
v -0.7232643365859985 0.5524646639823914 0.5344666242599487 
v -0.728005588054657 0.5530967712402344 0.5375131964683533 
v -0.7253715991973877 0.5176964998245239 0.5348051190376282 
v -0.7301128506660461 0.5183286666870117 0.5381902456283569 
v -0.7264251708984375 0.4822961986064911 0.5351436138153076 
v -0.7311664819717407 0.4822961986064911 0.5385287404060364 
v -0.7269520163536072 0.44626379013061523 0.5358206629753113 
v -0.7316932678222656 0.44626379013061523 0.5388672947883606 
v -0.7269520163536072 0.4108634889125824 0.5361591577529907 
v -0.7316932678222656 0.4108634889125824 0.5395442843437195 
v -0.7269520163536072 0.37672749161720276 0.5364976525306702 
v -0.7316932678222656 0.37672749161720276 0.5398828387260437 
v -0.7258983850479126 0.3451201021671295 0.5371747016906738 
v -0.730639636516571 0.3451201021671295 0.5402213335037231 
v -0.724844753742218 0.3160412907600403 0.5375131964683533 
v -0.7301128506660461 0.3160412907600403 0.5408983826637268 
v -0.7237911224365234 0.28885892033576965 0.5378517508506775 
v -0.7290592193603516 0.28885892033576965 0.5408983826637268 
v -0.7227375507354736 0.2623087167739868 0.5378517508506775 
v -0.7274788022041321 0.261676549911499 0.5408983826637268 
v -0.7258983850479126 0.233862042427063 0.5405598282814026 
v -0.7332736849784851 0.261676549911499 0.5422524213790894 
v -0.7316932678222656 0.233862042427063 0.5419139266014099 
v -0.7374881505966187 0.23322990536689758 0.5408983826637268 
v -0.7359077334403992 0.20288679003715515 0.5398828387260437 
v -0.7422294616699219 0.23322990536689758 0.5375131964683533 
v -0.7406489849090576 0.20288679003715515 0.5368362069129944 
v -0.7443366646766663 0.20351894199848175 0.5317584872245789 
v -0.7390685677528381 0.1693829447031021 0.5351436138153076 
v -0.7422294616699219 0.1700150966644287 0.5304044485092163 
v -0.7374881505966187 0.13335052132606506 0.5331125259399414 
v -0.7406489849090576 0.13398265838623047 0.5283733606338501 
v -0.7364345192909241 0.09668593108654022 0.5304044485092163 
v -0.7395954132080078 0.09731808304786682 0.5256652235984802 
v -0.7390685677528381 0.06191779300570488 0.5222800970077515 
v -0.7406489849090576 0.09795022755861282 0.5199105143547058 
v -0.7401221990585327 0.06318208575248718 0.5165253281593323 
v -0.7201035022735596 0.5518324971199036 0.5178794264793396 
v -0.719049870967865 0.5518324971199036 0.523634135723114 
v -0.722210705280304 0.5176964998245239 0.518217921257019 
v -0.7211571335792542 0.5176964998245239 0.5239726901054382 
v -0.7232643365859985 0.4822961986064911 0.5188949704170227 
v -0.722210705280304 0.4822961986064911 0.5246496796607971 
v -0.7227375507354736 0.44626379013061523 0.5249882340431213 
v -0.7232643365859985 0.4822961986064911 0.5304044485092163 
v -0.7237911224365234 0.44626379013061523 0.5307429432868958 
v -0.7237911224365234 0.4108634889125824 0.5310814380645752 
v -0.7237911224365234 0.37672749161720276 0.5317584872245789 
v -0.7227375507354736 0.3451201021671295 0.5320969820022583 
v -0.721683919429779 0.3160412907600403 0.5324355363845825 
v -0.7206302881240845 0.28885892033576965 0.532774031162262 
v -0.7195767164230347 0.2623087167739868 0.532774031162262 
v -0.7179962396621704 0.2344941943883896 0.5324355363845825 
v -0.7211571335792542 0.2344941943883896 0.5371747016906738 
v -0.7164158225059509 0.20415109395980835 0.5314199924468994 
v -0.7195767164230347 0.20415109395980835 0.5364976525306702 
v -0.7148354053497314 0.1706472486257553 0.5300658941268921 
v -0.7179962396621704 0.1700150966644287 0.5348051190376282 
v -0.713254988193512 0.13398265838623047 0.5276963114738464 
v -0.7164158225059509 0.13398265838623047 0.532774031162262 
v -0.7148354053497314 0.09668593108654022 0.5300658941268921 
v -0.7211571335792542 0.13335052132606506 0.5361591577529907 
v -0.7201035022735596 0.09668593108654022 0.5331125259399414 
v -0.7253715991973877 0.09605378657579422 0.5344666242599487 
v -0.724844753742218 0.06002134829759598 0.5310814380645752 
v -0.730639636516571 0.06065349653363228 0.5300658941268921 
v -0.730639636516571 0.02714965119957924 0.5260037183761597 
v -0.7353809475898743 0.06128564476966858 0.5270192623138428 
v -0.7359077334403992 0.02778179943561554 0.5229571461677551 
v -0.7390685677528381 0.02904609590768814 0.518217921257019 
v -0.7369613647460938 -0.0012970080133527517 0.518217921257019 
v -0.7401221990585327 -0.00003271199966548011 0.5134787559509277 
v -0.7390685677528381 -0.027847224846482277 0.5128017067909241 
v -0.7427562475204468 -0.026582928374409676 0.5084010362625122 
v -0.7427562475204468 -0.052500996738672256 0.5070469379425049 
v -0.7459170818328857 -0.050604552030563354 0.5023077726364136 
v -0.7474974989891052 -0.07589047402143478 0.5002766847610474 
v -0.7506583333015442 -0.07336188107728958 0.4958760142326355 
v -0.756453275680542 -0.09675135463476181 0.48876720666885376 
v -0.7517119646072388 -0.07146543264389038 0.49045976996421814 
v -0.7575068473815918 -0.09422276169061661 0.4833509922027588 
v -0.756453275680542 -0.092958465218544 0.47793474793434143 
v -0.7633017301559448 -0.11634794622659683 0.4701489508152008 
v -0.7532923817634583 -0.092326320707798 0.4728570580482483 
v -0.7601408958435059 -0.11508364975452423 0.4654097557067871 
v -0.7485511302947998 -0.092326320707798 0.46947190165519714 
v -0.7553996443748474 -0.11508364975452423 0.46202459931373596 
v -0.7496047616004944 -0.11634794622659683 0.4603320360183716 
v -0.7580336928367615 -0.14036956429481506 0.4518691897392273 
v -0.7253715991973877 0.026517504826188087 0.5270192623138428 
v -0.719049870967865 0.06002134829759598 0.5297273993492126 
v -0.7143086194992065 0.06065349653363228 0.5263422727584839 
v -0.7111477851867676 0.06128564476966858 0.5216030478477478 
v -0.7116745710372925 0.09731808304786682 0.5249882340431213 
v -0.7106209397315979 0.09795022755861282 0.5192334651947021 
v -0.7122013568878174 0.13461481034755707 0.521941602230072 
v -0.7137817740440369 0.1706472486257553 0.5243111848831177 
v -0.7153622508049011 0.20478324592113495 0.5256652235984802 
v -0.7169426679611206 0.2344941943883896 0.5266807675361633 
v -0.7164158225059509 0.20478324592113495 0.5199105143547058 
v -0.7179962396621704 0.2351263463497162 0.5209260582923889 
v -0.7264251708984375 -0.0031934520229697227 0.5222800970077515 
v -0.7195767164230347 0.026517504826188087 0.5256652235984802 
v -0.7148354053497314 0.026517504826188087 0.5222800970077515 
v -0.7116745710372925 0.02714965119957924 0.5175408720970154 
v -0.710094153881073 0.06191779300570488 0.5158483386039734 
v -0.7111477851867676 0.06254994124174118 0.5100935697555542 
v -0.7122013568878174 0.09858237951993942 0.5134787559509277 
v -0.7116745710372925 0.02904609590768814 0.5060313940048218 
v -0.7127282023429871 -0.0006648600101470947 0.5012922286987305 
v -0.7153622508049011 -0.027215076610445976 0.4958760142326355 
v -0.7185230851173401 -0.051868848502635956 0.48978275060653687 
v -0.7232643365859985 -0.07589047402143478 0.48301246762275696 
v -0.7295860648155212 -0.09927994757890701 0.4759036898612976 
v -0.722210705280304 -0.07778691500425339 0.48842868208885193 
v -0.7285324335098267 -0.10117638856172562 0.4813199043273926 
v -0.7295860648155212 -0.10307283699512482 0.48673611879348755 
v -0.7369613647460938 -0.12709446251392365 0.4786117970943451 
v -0.7327468991279602 -0.10370498150587082 0.49147531390190125 
v -0.7401221990585327 -0.12835875153541565 0.4833509922027588 
v -0.7448634505271912 -0.12835875153541565 0.48673611879348755 
v -0.7490779161453247 -0.15301252901554108 0.47421109676361084 
v -0.7538192272186279 -0.15301252901554108 0.477596253156662 
v -0.7585604786872864 -0.1782984435558319 0.46371716260910034 
v -0.7633017301559448 -0.1782984435558319 0.4671023190021515 
v -0.7690966129302979 -0.20232006907463074 0.45153066515922546 
v -0.7738379240036011 -0.20232006907463074 0.4549158215522766 
v -0.780159592628479 -0.22570954263210297 0.4373130798339844 
v -0.7849009037017822 -0.22570954263210297 0.44069820642471313 
v -0.7917493581771851 -0.2478347271680832 0.42072588205337524 
v -0.7964906692504883 -0.2478347271680832 0.42377251386642456 
v -0.8038659691810608 -0.2680634558200836 0.4021076261997223 
v -0.8091340661048889 -0.2680634558200836 0.4051542580127716 
v -0.8159825801849365 -0.28639575839042664 0.3814582824707031 
v -0.8212506175041199 -0.28639575839042664 0.38450488448143005 
v -0.8280991315841675 -0.30219945311546326 0.35979336500167847 
v -0.8333672285079956 -0.30283159017562866 0.36250147223472595 
v -0.8402157425880432 -0.31547456979751587 0.3364359140396118 
v -0.8449569940567017 -0.3161067068576813 0.3391440212726593 
v -0.8565467596054077 -0.3268532156944275 0.31477102637290955 
v -0.8507518768310547 -0.3148424029350281 0.3408365845680237 
v -0.8618148565292358 -0.3255889415740967 0.3164635896682739 
v -0.8665561079978943 -0.3224281966686249 0.3171406090259552 
v -0.8770923018455505 -0.3306461274623871 0.2924290895462036 
v -0.8697169423103333 -0.3173710107803345 0.31680208444595337 
v -0.8802531361579895 -0.3255889415740967 0.2920905649662018 
v -0.881833553314209 -0.3205317556858063 0.29073652625083923 
v -0.8897356986999512 -0.3319104015827179 0.26704055070877075 
v -0.8913161158561707 -0.3262210786342621 0.2663635015487671 
v -0.8986914157867432 -0.3363354504108429 0.24232901632785797 
v -0.8997450470924377 -0.3306461274623871 0.2416519820690155 
v -0.9060667157173157 -0.3394961953163147 0.21761749684810638 
v -0.9071203470230103 -0.3338068425655365 0.21694046258926392 
v -0.9129152297973633 -0.3407604694366455 0.19324448704719543 
v -0.9139688611030579 -0.3350711464881897 0.1929059773683548 
v -0.9187101125717163 -0.3357033133506775 0.16853296756744385 
v -0.9123884439468384 -0.3293818235397339 0.19222894310951233 
v -0.9176564812660217 -0.3300139605998993 0.16819444298744202 
v -0.9139688611030579 -0.3255889415740967 0.16751742362976074 
v -0.9176564812660217 -0.3249567747116089 0.14280590415000916 
v -0.9092275500297546 -0.3224281966686249 0.16684038937091827 
v -0.9129152297973633 -0.3217960298061371 0.1421288698911667 
v -0.9039595127105713 -0.3217960298061371 0.16582484543323517 
v -0.9071203470230103 -0.3211638927459717 0.14179036021232605 
v -0.9018522500991821 -0.3224281966686249 0.14111332595348358 
v -0.9034326672554016 -0.3211638927459717 0.11538626253604889 
v -0.7369613647460938 -0.12330157309770584 0.46777933835983276 
v -0.7359077334403992 -0.12583015859127045 0.47319555282592773 
v -0.7448634505271912 -0.14795534312725067 0.45897796750068665 
v -0.7443366646766663 -0.15048393607139587 0.4640556871891022 
v -0.7543460130691528 -0.1719769686460495 0.448822557926178 
v -0.7538192272186279 -0.1751377135515213 0.4539002776145935 
v -0.7638285756111145 -0.19915933907032013 0.44205227494239807 
v -0.7548727989196777 -0.1770341545343399 0.45897796750068665 
v -0.765408992767334 -0.20105578005313873 0.44679147005081177 
v -0.7764719724655151 -0.22444525361061096 0.4329124093055725 
v -0.7880617380142212 -0.2465704381465912 0.4166637361049652 
v -0.8001782894134521 -0.266167014837265 0.39804545044898987 
v -0.8122949004173279 -0.28449931740760803 0.37773460149765015 
v -0.8244114518165588 -0.30030301213264465 0.3560697138309479 
v -0.8360012769699097 -0.31357812881469727 0.3333892822265625 
v -0.847064197063446 -0.3243246376514435 0.309693306684494 
v -0.8512786626815796 -0.3268532156944275 0.3124014139175415 
v -0.8570736050605774 -0.3325425684452057 0.2853202819824219 
v -0.8618148565292358 -0.3350711464881897 0.2876898944377899 
v -0.8665561079978943 -0.3382318913936615 0.2606087625026703 
v -0.8712974190711975 -0.3413926362991333 0.26297837495803833 
v -0.875511884689331 -0.3426569402217865 0.23623576760292053 
v -0.8797262907028198 -0.3458176553249359 0.2379283308982849 
v -0.887628436088562 -0.3483462631702423 0.21355532109737396 
v -0.8855212330818176 -0.3464498221874237 0.23995941877365112 
v -0.8928965330123901 -0.3496105670928955 0.21524789929389954 
v -0.8986914157867432 -0.3477141261100769 0.21626344323158264 
v -0.9050130844116211 -0.3496105670928955 0.19222894310951233 
v -0.9097543954849243 -0.3458176553249359 0.1929059773683548 
v -0.9150224328041077 -0.3464498221874237 0.16819444298744202 
v -0.9181833267211914 -0.3413926362991333 0.16853296756744385 
v -0.922397792339325 -0.3350711464881897 0.1431444138288498 
v -0.9213441610336304 -0.3293818235397339 0.1431444138288498 
v -0.9229245781898499 -0.3281175196170807 0.11572477966547012 
v -0.9197637438774109 -0.3236925005912781 0.11606329679489136 
v -0.9197637438774109 -0.3217960298061371 0.08627406507730484 
v -0.9144956469535828 -0.3205317556858063 0.11572477966547012 
v -0.9150224328041077 -0.31863531470298767 0.08695109188556671 
v -0.9092275500297546 -0.3198995888233185 0.11572477966547012 
v -0.9092275500297546 -0.3180031478404999 0.08695109188556671 
v -0.9034326672554016 -0.3192674517631531 0.08728960156440735 
v -0.9013254642486572 -0.31673887372016907 0.05546928942203522 
v -0.9071203470230103 -0.31547456979751587 0.05513077229261398 
v -0.9123884439468384 -0.3161067068576813 0.054115232080221176 
v -0.9171296954154968 -0.3192674517631531 0.053438205271959305 
v -0.9229245781898499 -0.3262210786342621 0.0859355479478836 
v -0.9245049953460693 -0.3319104015827179 0.08559703081846237 
v -0.9245049953460693 -0.3338068425655365 0.11572477966547012 
v -0.9234513640403748 -0.3375997543334961 0.08525852113962173 
v -0.9234513640403748 -0.3394961953163147 0.11538626253604889 
v -0.9208173155784607 -0.3426569402217865 0.0849200040102005 
v -0.9208173155784607 -0.3445533812046051 0.11504775285720825 
v -0.9160760641098022 -0.3483462631702423 0.11470923572778702 
v -0.9187101125717163 -0.3458176553249359 0.14246737957000732 
v -0.9139688611030579 -0.3496105670928955 0.1421288698911667 
v -0.9102811813354492 -0.3502427041530609 0.16751742362976074 
v -0.9050130844116211 -0.3515070080757141 0.16684038937091827 
v -0.8997450470924377 -0.3508748412132263 0.1908748894929886 
v -0.8992182016372681 -0.3508748412132263 0.16582484543323517 
v -0.8939501643180847 -0.3502427041530609 0.18985934555530548 
v -0.8944769501686096 -0.3477141261100769 0.16480931639671326 
v -0.8892088532447815 -0.3470819592475891 0.18850529193878174 
v -0.8860480189323425 -0.3426569402217865 0.18748974800109863 
v -0.8828871846199036 -0.3458176553249359 0.21220126748085022 
v -0.8797262907028198 -0.3413926362991333 0.21084721386432648 
v -0.8723509907722473 -0.3382318913936615 0.23454318940639496 
v -0.8639220595359802 -0.3338068425655365 0.2585776746273041 
v -0.8544395565986633 -0.3281175196170807 0.2826121747493744 
v -0.8444302082061768 -0.3198995888233185 0.3066466748714447 
v -0.8533859252929688 -0.3224281966686249 0.28091961145401 
v -0.8433765769004822 -0.3148424029350281 0.30427709221839905 
v -0.9218709468841553 -0.3407604694366455 0.14280590415000916 
v -0.6474040150642395 0.7794057726860046 0.5246496796607971 
v -0.6484575867652893 0.7800379395484924 0.5304044485092163 
v -0.6647886633872986 0.7560163140296936 0.5297273993492126 
v -0.6674227118492126 0.7572805881500244 0.5348051190376282 
v -0.6716371774673462 0.7598091959953308 0.5381902456283569 
v -0.6906022429466248 0.7364197373390198 0.5388672947883606 
v -0.7027188539505005 0.7092373371124268 0.5381902456283569 
v -0.7079868912696838 0.7111337780952454 0.5371747016906738 
v -0.7179962396621704 0.6820549964904785 0.5371747016906738 
v -0.7122013568878174 0.713030219078064 0.5341280698776245 
v -0.7227375507354736 0.6839514374732971 0.5337895750999451 
v -0.7153622508049011 0.7142945528030396 0.529050350189209 
v -0.7253715991973877 0.6852157115936279 0.529050350189209 
v -0.7269520163536072 0.6852157115936279 0.5232956409454346 
v -0.7348541021347046 0.6542404890060425 0.5232956409454346 
v -0.7411758303642273 0.6226330399513245 0.5232956409454346 
v -0.7338005304336548 0.6542404890060425 0.529050350189209 
v -0.7395954132080078 0.6220009326934814 0.529050350189209 
v -0.7364345192909241 0.6213687658309937 0.5337895750999451 
v -0.7443366646766663 0.5891292095184326 0.5293889045715332 
v -0.7411758303642273 0.5884971022605896 0.5341280698776245 
v -0.7474974989891052 0.554993212223053 0.5297273993492126 
v -0.7443366646766663 0.554993212223053 0.5344666242599487 
v -0.7464438676834106 0.5195929408073425 0.5351436138153076 
v -0.7417026162147522 0.5189607739448547 0.5381902456283569 
v -0.7427562475204468 0.4829283654689789 0.5385287404060364 
v -0.7359077334403992 0.5189607739448547 0.53920578956604 
v -0.7369613647460938 0.4829283654689789 0.5398828387260437 
v -0.7374881505966187 0.44689592719078064 0.5402213335037231 
v -0.7374881505966187 0.4108634889125824 0.5405598282814026 
v -0.7374881505966187 0.37672749161720276 0.5412368774414062 
v -0.7364345192909241 0.3444879353046417 0.5415753722190857 
v -0.730639636516571 0.6536083221435547 0.5337895750999451 
v -0.7258983850479126 0.6523440480232239 0.5368362069129944 
v -0.7127282023429871 0.6801585555076599 0.5381902456283569 
v -0.7074601054191589 0.6788942217826843 0.5368362069129944 
v -0.6974507570266724 0.7067087292671204 0.5371747016906738 
v -0.7027188539505005 0.6769977807998657 0.5334510803222656 
v -0.6932362914085388 0.7054444551467896 0.5337895750999451 
v -0.6995579600334167 0.6763656735420227 0.5287118554115295 
v -0.6900754570960999 0.7041801810264587 0.5287118554115295 
v -0.6895486116409302 0.703548014163971 0.5229571461677551 
v -0.6784856915473938 0.7307303547859192 0.529050350189209 
v -0.6779588460922241 0.7300982475280762 0.5232956409454346 
v -0.663735032081604 0.7553841471672058 0.5239726901054382 
v -0.6816465258598328 0.7319946885108948 0.5341280698776245 
v -0.6858609914779663 0.7338911294937134 0.5375131964683533 
v -0.722210705280304 0.5176964998245239 0.5297273993492126 
v -0.8333672285079956 -0.30915307998657227 0.33000415563583374 
v -0.8217774629592896 -0.29651013016700745 0.3526845872402191 
v -0.8101876378059387 -0.2807064354419708 0.37401095032691956 
v -0.7980710864067078 -0.2630062699317932 0.393644779920578 
v -0.8101876378059387 -0.2762813866138458 0.37028729915618896 
v -0.8217774629592896 -0.29145294427871704 0.34929943084716797 
v -0.8328403830528259 -0.30472806096076965 0.32729601860046387 
v -0.7980710864067078 -0.259213387966156 0.3899211287498474 
v -0.7864813208580017 -0.23961681127548218 0.40752384066581726 
v -0.7754183411598206 -0.21812377870082855 0.4234340190887451 
v -0.7643553614616394 -0.19599859416484833 0.43697455525398254 
v -0.7864813208580017 -0.24340969324111938 0.4119245409965515 
v -0.7748915553092957 -0.22191666066646576 0.4281732141971588 
v -0.8386353254318237 -0.30093514919281006 0.3641940653324127 
v -0.8554931282997131 -0.31104952096939087 0.34151360392570496 
v -0.8433765769004822 -0.29777443408966064 0.36453256011009216 
v -0.847064197063446 -0.29334938526153564 0.36351701617240906 
v -0.83547443151474 -0.277545690536499 0.3851819336414337 
v -0.8370548486709595 -0.273120641708374 0.3828123211860657 
v -0.8254650831222534 -0.2554205060005188 0.4024461507797241 
v -0.8254650831222534 -0.2509954571723938 0.39872246980667114 
v -0.8138753175735474 -0.23203103244304657 0.4163252115249634 
v -0.8122949004173279 -0.22887028753757477 0.4119245409965515 
v -0.8028123378753662 -0.21117013692855835 0.43223536014556885 
v -0.8012319207191467 -0.20864155888557434 0.4271576702594757 
v -0.7917493581771851 -0.18904496729373932 0.44543740153312683 
v -0.7906957864761353 -0.18651637434959412 0.4403597116470337 
v -0.7806864380836487 -0.1631269007921219 0.4518691897392273 
v -0.77699875831604 -0.1624947488307953 0.4471299946308136 
v -0.768043041229248 -0.13847312331199646 0.45694687962532043 
v -0.7633017301559448 -0.13910527527332306 0.4535617530345917 
v -0.8586540222167969 -0.30662450194358826 0.34049808979034424 
v -0.8491714596748352 -0.28829219937324524 0.3611474335193634 
v -0.8602344393730164 -0.30156731605529785 0.33880549669265747 
v -0.8597075939178467 -0.29651013016700745 0.33575889468193054 
v -0.8712974190711975 -0.31231382489204407 0.315109521150589 
v -0.8707705736160278 -0.30725663900375366 0.31273993849754333 
v -0.8807799220085144 -0.3148424029350281 0.288705438375473 
v -0.8902624845504761 -0.3211638927459717 0.2646709382534027 
v -0.8986914157867432 -0.3249567747116089 0.24029792845249176 
v -0.9060667157173157 -0.3281175196170807 0.21626344323158264 
v -0.9029058814048767 -0.3236925005912781 0.2149093747138977 
v -0.9092275500297546 -0.3249567747116089 0.19155190885066986 
v -0.9044862985610962 -0.3217960298061371 0.19019785523414612 
v -0.8986914157867432 -0.3211638927459717 0.18884380161762238 
v -0.8981645703315735 -0.3230603337287903 0.1651478260755539 
v -0.8981645703315735 -0.3205317556858063 0.21321681141853333 
v -0.890789270401001 -0.3180031478404999 0.23657427728176117 
v -0.8955305814743042 -0.3205317556858063 0.23860536515712738 
v -0.8828871846199036 -0.31357812881469727 0.26027026772499084 
v -0.8871016502380371 -0.31673887372016907 0.2626398503780365 
v -0.8734046220779419 -0.30788877606391907 0.2839662432670593 
v -0.8781458735466003 -0.31041738390922546 0.286335825920105 
v -0.8639220595359802 -0.30030301213264465 0.30698519945144653 
v -0.8681365251541138 -0.30283159017562866 0.309693306684494 
v -0.8533859252929688 -0.29018864035606384 0.3293271064758301 
v -0.8576003909111023 -0.29271724820137024 0.3327122628688812 
v -0.8423229455947876 -0.277545690536499 0.35099202394485474 
v -0.8465374112129211 -0.28007426857948303 0.3543771505355835 
v -0.8312599658966064 -0.2630062699317932 0.37130284309387207 
v -0.8349476456642151 -0.2649027109146118 0.37502649426460266 
v -0.8196702003479004 -0.2459382861852646 0.39025962352752686 
v -0.823357880115509 -0.2478347271680832 0.3943217992782593 
v -0.8086072206497192 -0.22760599851608276 0.40752384066581726 
v -0.7975443005561829 -0.20674510300159454 0.42275696992874146 
v -0.7870081067085266 -0.18525207042694092 0.43595901131629944 
v -0.7722575068473816 -0.1624947488307953 0.44374483823776245 
v -0.7822668552398682 -0.18525207042694092 0.4325738847255707 
v -0.7928029894828796 -0.20674510300159454 0.4193718433380127 
v -0.8033391833305359 -0.22760599851608276 0.40447720885276794 
v -0.8149289488792419 -0.2459382861852646 0.3872130215167999 
v -0.8259919285774231 -0.2630062699317932 0.36825621128082275 
v -0.8370548486709595 -0.277545690536499 0.34828388690948486 
v -0.8481178283691406 -0.28955650329589844 0.3269575238227844 
v -0.8586540222167969 -0.29967087507247925 0.3046155869960785 
v -0.8681365251541138 -0.30725663900375366 0.2815966308116913 
v -0.8770923018455505 -0.3129459619522095 0.25823917984962463 
v -0.8855212330818176 -0.3173710107803345 0.2348817139863968 
v -0.8928965330123901 -0.3198995888233185 0.21186275780200958 
v -0.77699875831604 -0.18651637434959412 0.4308813214302063 
v -0.7870081067085266 -0.20864155888557434 0.4176792800426483 
v -0.7980710864067078 -0.22887028753757477 0.4024461507797241 
v -0.8091340661048889 -0.2478347271680832 0.38552042841911316 
v -0.820723831653595 -0.2642705738544464 0.3665636479854584 
v -0.8317868113517761 -0.2788099944591522 0.3465913236141205 
v -0.8428497314453125 -0.29145294427871704 0.3249264359474182 
v -0.8528591394424438 -0.30156731605529785 0.3029230237007141 
v -0.8628684878349304 -0.30915307998657227 0.2799040675163269 
v -0.8718242049217224 -0.3148424029350281 0.2568851113319397 
v -0.8797262907028198 -0.31863531470298767 0.23352764546871185 
v -0.8871016502380371 -0.3211638927459717 0.21050870418548584 
v -0.893423318862915 -0.3224281966686249 0.18782825767993927 
v -0.7669894099235535 -0.1637590378522873 0.44205227494239807 
v -0.7185230851173401 0.2623087167739868 0.5270192623138428 
v -0.7195767164230347 0.28885892033576965 0.5270192623138428 
v -0.7206302881240845 0.3160412907600403 0.5266807675361633 
v -0.721683919429779 0.3451201021671295 0.5263422727584839 
v -0.722210705280304 0.3160412907600403 0.5209260582923889 
v -0.7211571335792542 0.28885892033576965 0.5212645530700684 
v -0.7195767164230347 0.2623087167739868 0.5212645530700684 
v -0.7232643365859985 0.3451201021671295 0.5205875039100647 
v -0.7237911224365234 0.37672749161720276 0.5202490091323853 
v -0.7243179678916931 0.4108634889125824 0.5195719599723816 
v -0.7237911224365234 0.44626379013061523 0.5192334651947021 
v -0.7227375507354736 0.37672749161720276 0.5260037183761597 
v -0.7227375507354736 0.4108634889125824 0.5253267288208008 
v -0.6985043883323669 0.6757335066795349 0.5229571461677551 
v -0.7074601054191589 0.6472868323326111 0.5287118554115295 
v -0.710094153881073 0.6479189991950989 0.5334510803222656 
v -0.7148354053497314 0.6491832733154297 0.5368362069129944 
v -0.7201035022735596 0.6504476070404053 0.5381902456283569 
v -0.7264251708984375 0.619472324848175 0.5381902456283569 
v -0.7316932678222656 0.6207365989685059 0.5371747016906738 
v -0.7364345192909241 0.5878649353981018 0.5375131964683533 
v -0.7064064741134644 0.6466546654701233 0.5229571461677551 
v -0.7127282023429871 0.6169437170028687 0.5287118554115295 
v -0.715889036655426 0.6175758838653564 0.5337895750999451 
v -0.7206302881240845 0.6182080507278442 0.5368362069129944 
v -0.724844753742218 0.5859684944152832 0.5371747016906738 
v -0.730639636516571 0.587232768535614 0.5385287404060364 
v -0.7338005304336548 0.5537289381027222 0.5388672947883606 
v -0.7243179678916931 0.20351894199848175 0.5398828387260437 
v -0.7301128506660461 0.20351894199848175 0.5408983826637268 
v -0.7227375507354736 0.1693829447031021 0.5381902456283569 
v -0.7285324335098267 0.1693829447031021 0.5395442843437195 
v -0.7269520163536072 0.13335052132606506 0.5371747016906738 
v -0.7311664819717407 0.09668593108654022 0.5334510803222656 
v -0.7401221990585327 0.030310392379760742 0.5124632120132446 
v -0.7417026162147522 0.0012315839994698763 0.508062481880188 
v -0.7427562475204468 -0.024054335430264473 0.49723005294799805 
v -0.7395954132080078 -0.023422187194228172 0.4921523332595825 
v -0.7348541021347046 -0.02279004082083702 0.48876720666885376 
v -0.7322200536727905 -0.04744381085038185 0.481658399105072 
v -0.7438098788261414 -0.024686483666300774 0.502646267414093 
v -0.7469707131385803 -0.04870810732245445 0.4968915581703186 
v -0.7459170818328857 -0.04744381085038185 0.4911368191242218 
v -0.7506583333015442 -0.07020114362239838 0.48470503091812134 
v -0.7474974989891052 -0.06956899166107178 0.47996583580970764 
v -0.7427562475204468 -0.06956899166107178 0.4765807092189789 
v -0.7427562475204468 -0.092958465218544 0.4681178629398346 
v -0.7427562475204468 -0.04681166261434555 0.4863976240158081 
v -0.7380149960517883 -0.04681166261434555 0.48301246762275696 
v -0.7369613647460938 -0.07020114362239838 0.47522664070129395 
v -0.7343273162841797 0.1693829447031021 0.5385287404060364 
v -0.7327468991279602 0.13335052132606506 0.5361591577529907 
v -0.8486446738243103 -0.28386715054512024 0.3581008017063141 
v -0.8370548486709595 -0.2686956226825714 0.3790886700153351 
v -0.7453902959823608 0.5891292095184326 0.523634135723114 
v -0.7485511302947998 0.554993212223053 0.5239726901054382 
v -0.7506583333015442 0.5195929408073425 0.5243111848831177 
v -0.7496047616004944 0.5195929408073425 0.5300658941268921 
v -0.7511851787567139 0.4835605025291443 0.5307429432868958 
v -0.7474974989891052 0.4835605025291443 0.5354821681976318 
v -0.7485511302947998 0.44689592719078064 0.5358206629753113 
v -0.7432830333709717 0.44689592719078064 0.53920578956604 
v -0.7432830333709717 0.4108634889125824 0.5395442843437195 
v -0.9034326672554016 -0.3445533812046051 0.21727898716926575 
v -0.8955305814743042 -0.3413926362991333 0.24199050664901733 
v -0.8865748047828674 -0.3369675874710083 0.2673790454864502 
v -0.890789270401001 -0.3451855182647705 0.24131347239017487 
v -0.8823603391647339 -0.3401283323764801 0.2663635015487671 
v -0.8765654563903809 -0.3420247733592987 0.26500946283340454 
v -0.8723509907722473 -0.3338068425655365 0.29175207018852234 
v -0.867082953453064 -0.3357033133506775 0.29005947709083557 
v -0.7522388100624084 0.4835605025291443 0.5249882340431213 
v -0.7527655959129333 0.44689592719078064 0.5253267288208008 
v -0.7517119646072388 0.44689592719078064 0.5310814380645752 
v -0.7517119646072388 0.4108634889125824 0.5314199924468994 
v -0.7485511302947998 0.4108634889125824 0.5364976525306702 
v -0.7511851787567139 0.37609535455703735 0.5320969820022583 
v -0.7480243444442749 0.37672749161720276 0.5368362069129944 
v -0.7474974989891052 0.3444879353046417 0.5375131964683533 
v -0.7422294616699219 0.3444879353046417 0.5405598282814026 
v -0.7417026162147522 0.3154091536998749 0.5408983826637268 
v -0.7359077334403992 0.3154091536998749 0.5419139266014099 
v -0.7343273162841797 0.28822678327560425 0.5422524213790894 
v -0.7432830333709717 0.37672749161720276 0.5402213335037231 
v -0.7527655959129333 0.4108634889125824 0.5260037183761597 
v -0.7527655959129333 0.37609535455703735 0.5263422727584839 
v -0.7517119646072388 0.3444879353046417 0.5266807675361633 
v -0.7506583333015442 0.3444879353046417 0.5324355363845825 
v -0.7496047616004944 0.3154091536998749 0.532774031162262 
v -0.7464438676834106 0.3154091536998749 0.5378517508506775 
v -0.7453902959823608 0.28822678327560425 0.5381902456283569 
v -0.7401221990585327 0.28822678327560425 0.5412368774414062 
v -0.7390685677528381 0.261676549911499 0.5412368774414062 
v -0.7438098788261414 0.2610444128513336 0.5381902456283569 
v -0.7459170818328857 0.23322990536689758 0.532774031162262 
v -0.7469707131385803 0.23322990536689758 0.5270192623138428 
v -0.7453902959823608 0.20351894199848175 0.5263422727584839 
v -0.7438098788261414 0.1700150966644287 0.5246496796607971 
v -0.7422294616699219 0.13461481034755707 0.5226185917854309 
v -0.7485511302947998 0.28822678327560425 0.5331125259399414 
v -0.7469707131385803 0.2610444128513336 0.5331125259399414 
v -0.7485511302947998 0.2610444128513336 0.527357816696167 
v -0.7496047616004944 0.28822678327560425 0.527357816696167 
v -0.7511851787567139 0.3154091536998749 0.5270192623138428 
v -0.771203875541687 -0.13973742723464966 0.46168607473373413 
v -0.7727842926979065 -0.14163386821746826 0.4671023190021515 
v -0.7643553614616394 -0.11761224269866943 0.4755651652812958 
v -0.7717306613922119 -0.14416246116161346 0.47218000888824463 
v -0.7638285756111145 -0.12014083564281464 0.48098137974739075 
v -0.7690966129302979 -0.14732319116592407 0.47624218463897705 
v -0.7606677412986755 -0.12266942113637924 0.48504355549812317 
v -0.7643553614616394 -0.14985178411006927 0.4786117970943451 
v -0.7559264302253723 -0.12519802153110504 0.48775166273117065 
v -0.7590872645378113 -0.15174822509288788 0.47928881645202637 
v -0.7506583333015442 -0.12709446251392365 0.48842868208885193 
v -0.7532923817634583 -0.09864780306816101 0.4931678771972656 
v -0.7485511302947998 -0.10117638856172562 0.4958760142326355 
v -0.7427562475204468 -0.07715477049350739 0.5029848217964172 
v -0.7369613647460938 -0.07905121147632599 0.5040003657341003 
v -0.7322200536727905 -0.05502958968281746 0.5107706189155579 
v -0.7269520163536072 -0.05566173419356346 0.5090780258178711 
v -0.7232643365859985 -0.03100796416401863 0.5155097842216492 
v -0.721683919429779 -0.05566173419356346 0.5056928992271423 
v -0.7185230851173401 -0.03037581592798233 0.5121246576309204 
v -0.7185230851173401 -0.05502958968281746 0.500953733921051 
v -0.7153622508049011 -0.02974366769194603 0.5070469379425049 
v -0.7137817740440369 -0.02847937121987343 0.5012922286987305 
v -0.7116745710372925 -0.0019291560165584087 0.5070469379425049 
v -0.7432830333709717 -0.10244068503379822 0.4965530335903168 
v -0.7374881505966187 -0.10370498150587082 0.4948604702949524 
v -0.7316932678222656 -0.07968336343765259 0.5023077726364136 
v -0.7269520163536072 -0.07968336343765259 0.4989226162433624 
v -0.7237911224365234 -0.07905121147632599 0.49418342113494873 
v -0.7174694538116455 -0.05376529321074486 0.49519896507263184 
v -0.7817400097846985 -0.1656554937362671 0.45694687962532043 
v -0.7812132239341736 -0.1681840866804123 0.46202459931373596 
v -0.7912225723266602 -0.19220569729804993 0.4501766264438629 
v -0.7885885238647461 -0.19536644220352173 0.45423877239227295 
v -0.8022855520248413 -0.21433088183403015 0.4366360604763031 
v -0.7996515035629272 -0.21812377870082855 0.44002118706703186 
v -0.8133485317230225 -0.23582391440868378 0.42072588205337524 
v -0.8112412691116333 -0.23961681127548218 0.42377251386642456 
v -0.823357880115509 -0.2598455548286438 0.40549275279045105 
v -0.8191434144973755 -0.263638436794281 0.4071853458881378 
v -0.8312599658966064 -0.28197070956230164 0.38653597235679626 
v -0.8144021034240723 -0.2667991816997528 0.406846821308136 
v -0.826518714427948 -0.28513145446777344 0.3861974775791168 
v -0.8022855520248413 -0.2465704381465912 0.42580360174179077 
v -0.7901689410209656 -0.22444525361061096 0.4423907995223999 
v -0.7791060209274292 -0.20105578005313873 0.456608384847641 
v -0.768569827079773 -0.1770341545343399 0.46879488229751587 
v -0.7738379240036011 -0.1745055615901947 0.46845635771751404 
v -0.7954370379447937 -0.22191666066646576 0.44205227494239807 
v -0.7843740582466125 -0.19852718710899353 0.45626986026763916 
v -0.7785791754722595 -0.1713448166847229 0.4660867750644684 
v -0.8070268034934998 -0.24340969324111938 0.42580360174179077 
v -0.7380149960517883 -0.05376529321074486 0.5097550749778748 
v -0.7343273162841797 -0.02911151945590973 0.5158483386039734 
v -0.7322200536727905 -0.0025613040197640657 0.5212645530700684 
v -0.7285324335098267 -0.03037581592798233 0.5168638825416565 
v -0.7206302881240845 -0.0038256000261753798 0.5209260582923889 
v -0.715889036655426 -0.0031934520229697227 0.5175408720970154 
v -0.7127282023429871 -0.0025613040197640657 0.5124632120132446 
v -0.710094153881073 0.02841394767165184 0.511786162853241 
v -0.7453902959823608 -0.15238037705421448 0.46947190165519714 
v -0.7148354053497314 0.1712794005870819 0.5185564160346985 
v -0.713254988193512 0.13524696230888367 0.5165253281593323 
v -0.8950037360191345 -0.31357812881469727 0.019248289987444878 
v -0.9002718329429626 -0.31168168783187866 0.01823274791240692 
v -0.9060667157173157 -0.31231382489204407 0.01687869243323803 
v -0.8923696875572205 -0.30725663900375366 -0.02678961493074894 
v -0.8971109986305237 -0.31041738390922546 -0.028482183814048767 
v -0.8744582533836365 -0.30283159017562866 -0.07993631064891815 
v -0.9002718329429626 -0.3148424029350281 -0.030174754559993744 
v -0.8776190876960754 -0.30725663900375366 -0.082305908203125 
v -0.87867271900177 -0.3129459619522095 -0.08365996927022934 
v -0.8439033627510071 -0.30346375703811646 -0.14459247887134552 
v -0.8428497314453125 -0.30915307998657227 -0.14493100345134735 
v -0.9018522500991821 -0.3205317556858063 -0.03152880817651749 
v -0.9139688611030579 -0.3198995888233185 0.014170579612255096 
v -0.9108079671859741 -0.31547456979751587 0.015524636022746563 
v -0.9208173155784607 -0.3236925005912781 0.0524226613342762 
v -0.9218709468841553 -0.3293818235397339 0.05174563452601433 
v -0.9213441610336304 -0.3350711464881897 0.05140712112188339 
v -0.9181833267211914 -0.3401283323764801 0.05140712112188339 
v -0.9160760641098022 -0.3464498221874237 0.0849200040102005 
v -0.9108079671859741 -0.3477141261100769 0.08525852113962173 
v -0.9102811813354492 -0.3496105670928955 0.11470923572778702 
v -0.9050130844116211 -0.3470819592475891 0.08559703081846237 
v -0.9050130844116211 -0.3489784002304077 0.11437072604894638 
v -0.9002718329429626 -0.3439212143421173 0.0859355479478836 
v -0.8997450470924377 -0.3458176553249359 0.11437072604894638 
v -0.896584153175354 -0.3413926362991333 0.11437072604894638 
v -0.8981645703315735 -0.3470819592475891 0.1404363065958023 
v -0.8944769501686096 -0.3426569402217865 0.14009778201580048 
v -0.890789270401001 -0.3432890772819519 0.16447079181671143 
v -0.8897356986999512 -0.3375997543334961 0.1641322821378708 
v -0.884994387626648 -0.3369675874710083 0.187151238322258 
v -0.87867271900177 -0.3357033133506775 0.20983166992664337 
v -0.9139688611030579 -0.3439212143421173 0.05174563452601433 
v -0.9113348126411438 -0.3363354504108429 0.012816524133086205 
v -0.9144956469535828 -0.3312782645225525 0.012816524133086205 
v -0.9150224328041077 -0.3255889415740967 0.01315503753721714 
v -0.8981645703315735 -0.3312782645225525 -0.03152880817651749 
v -0.9071203470230103 -0.3401283323764801 0.01349355187267065 
v -0.9081739783287048 -0.3451855182647705 0.0524226613342762 
v -0.9029058814048767 -0.3445533812046051 0.05309968814253807 
v -0.8981645703315735 -0.3413926362991333 0.054115232080221176 
v -0.896584153175354 -0.3394961953163147 0.08627406507730484 
v -0.8955305814743042 -0.3338068425655365 0.08661257475614548 
v -0.8950037360191345 -0.3357033133506775 0.11470923572778702 
v -0.8944769501686096 -0.3369675874710083 0.05479225888848305 
v -0.8913161158561707 -0.3382318913936615 0.0175557192414999 
v -0.8960573673248291 -0.3407604694366455 0.01620166376233101 
v -0.9018522500991821 -0.3413926362991333 0.014847608283162117 
v -0.8881552219390869 -0.3363354504108429 -0.028820697218179703 
v -0.893423318862915 -0.3350711464881897 -0.03051326796412468 
v -0.8655024766921997 -0.3293818235397339 -0.07993631064891815 
v -0.8707705736160278 -0.3274853825569153 -0.08196739852428436 
v -0.8312599658966064 -0.3198995888233185 -0.1395147740840912 
v -0.8360012769699097 -0.3180031478404999 -0.14222288131713867 
v -0.8749850392341614 -0.3236925005912781 -0.08365996927022934 
v -0.9007986187934875 -0.3262210786342621 -0.03186732530593872 
v -0.8776190876960754 -0.31863531470298767 -0.08399847894906998 
v -0.8402157425880432 -0.31421026587486267 -0.14425396919250488 
v -0.8712974190711975 -0.3325425684452057 0.23318913578987122 
v -0.8628684878349304 -0.3287496864795685 0.2568851113319397 
v -0.826518714427948 -0.3192674517631531 -0.13612963259220123 
v -0.8607612252235413 -0.3287496864795685 -0.07722820341587067 
v -0.8828871846199036 -0.3357033133506775 -0.02678961493074894 
v -0.8560199737548828 -0.3262210786342621 -0.07452008873224258 
v -0.8781458735466003 -0.3331747055053711 -0.024758530780673027 
v -0.8749850392341614 -0.3287496864795685 -0.02306596003472805 
v -0.8881552219390869 -0.3338068425655365 0.018909776583313942 
v -0.8739314079284668 -0.3230603337287903 -0.022050417959690094 
v -0.8865748047828674 -0.3281175196170807 0.019586803391575813 
v -0.893423318862915 -0.3312782645225525 0.05546928942203522 
v -0.8518055081367493 -0.3161067068576813 -0.07113494724035263 
v -0.8180897831916809 -0.30662450194358826 -0.12868233025074005 
v -0.8528591394424438 -0.3217960298061371 -0.07248900085687637 
v -0.8191434144973755 -0.31231382489204407 -0.13037489354610443 
v -0.8223042488098145 -0.31673887372016907 -0.1330830156803131 
v -0.9029058814048767 -0.3502427041530609 0.14111332595348358 
v -0.9087007641792297 -0.3508748412132263 0.1414518505334854 
v -0.8423229455947876 -0.29777443408966064 -0.14289991557598114 
v -0.8396888971328735 -0.29334938526153564 -0.14019180834293365 
v -0.8697169423103333 -0.30030301213264465 -0.0775667130947113 
v -0.83547443151474 -0.29082077741622925 -0.13714517652988434 
v -0.8644489049911499 -0.29967087507247925 -0.07485859841108322 
v -0.8307331800460815 -0.29018864035606384 -0.13376003503799438 
v -0.8259919285774231 -0.29208508133888245 -0.1310519278049469 
v -0.8871016502380371 -0.30662450194358826 -0.024758530780673027 
v -0.8597075939178467 -0.30156731605529785 -0.07282751798629761 
v -0.881833553314209 -0.30852094292640686 -0.02306596003472805 
v -0.7395954132080078 0.55436110496521 0.5378517508506775 
v -0.893423318862915 -0.3369675874710083 0.14009778201580048 
v 0.14070077240467072 0.5316037535667419 0.4948604702949524 
v 0.14544205367565155 0.5341323614120483 0.4958760142326355 
v 0.141227588057518 0.5309715867042542 0.5097550749778748 
v 0.1496565192937851 0.5366609692573547 0.49926114082336426 
v 0.15281735360622406 0.5379252433776855 0.5040003657341003 
v 0.15387097001075745 0.5385574102401733 0.5097550749778748 
v 0.15281735360622406 0.5379252433776855 0.5155097842216492 
v 0.1501833200454712 0.5360288023948669 0.5205875039100647 
v 0.14596885442733765 0.5335001945495605 0.523634135723114 
v 0.141227588057518 0.5303394794464111 0.5249882340431213 
v 0.13648630678653717 0.5271787047386169 0.523634135723114 
v 0.13227184116840363 0.5246501564979553 0.5205875039100647 
v 0.12911100685596466 0.5233858227729797 0.5155097842216492 
v 0.12805739045143127 0.5227536559104919 0.5097550749778748 
v 0.12911100685596466 0.5240179896354675 0.5040003657341003 
v 0.13174504041671753 0.5259144306182861 0.49926114082336426 
v 0.13595950603485107 0.5284430384635925 0.4958760142326355 
v -0.8223042488098145 -0.31673887372016907 -0.1330830156803131 
v -0.826518714427948 -0.3192674517631531 -0.13612963259220123 
v -0.8307331800460815 -0.30472806096076965 -0.13646815717220306 
v -0.8312599658966064 -0.3198995888233185 -0.1395147740840912 
v -0.8360012769699097 -0.3180031478404999 -0.14222288131713867 
v -0.8402157425880432 -0.31421026587486267 -0.14425396919250488 
v -0.8428497314453125 -0.30915307998657227 -0.14493100345134735 
v -0.8439033627510071 -0.30346375703811646 -0.14459247887134552 
v -0.8423229455947876 -0.29777443408966064 -0.14289991557598114 
v -0.8396888971328735 -0.29334938526153564 -0.14019180834293365 
v -0.83547443151474 -0.29082077741622925 -0.13714517652988434 
v -0.8307331800460815 -0.29018864035606384 -0.13376003503799438 
v -0.8259919285774231 -0.29208508133888245 -0.1310519278049469 
v -0.8217774629592896 -0.29587796330451965 -0.1290208399295807 
v -0.8191434144973755 -0.30093514919281006 -0.12834382057189941 
v -0.8180897831916809 -0.30662450194358826 -0.12868233025074005 
v -0.8191434144973755 -0.31231382489204407 -0.13037489354610443 
v 0.006891543976962566 0.7212481498718262 0.5050159096717834 
v 0.024276208132505417 0.708605170249939 0.5033233165740967 
v 0.019534936174750328 0.7048122882843018 0.5046773552894592 
v 0.03639279305934906 0.6921693682670593 0.5029848217964172 
v 0.032178327441215515 0.6883764863014221 0.5040003657341003 
v 0.048509374260902405 0.6763656735420227 0.5023077726364136 
v 0.043768104165792465 0.6725727319717407 0.5036618113517761 
v 0.03955363854765892 0.6700441837310791 0.5067084431648254 
v 0.02796386368572712 0.6858478784561157 0.5073854923248291 
v 0.015847280621528625 0.7016515731811523 0.5077239871025085 
v 0.0032038879580795765 0.7180874347686768 0.508062481880188 
v -0.009439503774046898 0.7332589626312256 0.5084010362625122 
v 0.025856632739305496 0.6833192706108093 0.5121246576309204 
v 0.01321323961019516 0.6997551321983337 0.5124632120132446 
v 0.0005698479944840074 0.7155588269233704 0.5131402015686035 
v 0.00004303999958210625 0.7149266600608826 0.5188949704170227 
v -0.012073543854057789 0.7307303547859192 0.5249882340431213 
v -0.009439503774046898 0.7332589626312256 0.5297273993492126 
v -0.005751848220825195 0.7364197373390198 0.5331125259399414 
v -0.012600352056324482 0.7300982475280762 0.5192334651947021 
v -0.012073543854057789 0.731362521648407 0.5134787559509277 
vn -0.021841906011104584 0.032688722014427185 -0.9992268681526184 
vn -0.3442963659763336 -0.1682053506374359 -0.9236704111099243 
vn -0.021840007975697517 0.037828002125024796 -0.9990455508232117 
vn -0.34755241870880127 -0.1613702028989792 -0.9236704111099243 
vn -0.02181188575923443 0.04280823469161987 -0.9988451600074768 
vn -0.34755241870880127 -0.1613702028989792 -0.9236704111099243 
vn -0.3442963659763336 -0.1682053506374359 -0.9236704111099243 
vn -0.6171711087226868 -0.34032750129699707 -0.7094202041625977 
vn -0.613486647605896 -0.3469252288341522 -0.7094202041625977 
vn -0.7953934669494629 -0.4679383933544159 -0.3852050006389618 
vn -0.7876307368278503 -0.48088976740837097 -0.3852050006389618 
vn -0.8438400030136108 -0.5365904569625854 -0.002184694167226553 
vn -0.8314676284790039 -0.5555689334869385 -0.002184694167226553 
vn -0.7563151121139526 -0.5345684289932251 0.37712597846984863 
vn -0.818652868270874 -0.5742512345314026 -0.006554040592163801 
vn -0.7475022077560425 -0.5468239188194275 0.37712597846984863 
vn -0.7430211901664734 -0.5528973937034607 0.37712597846984863 
vn -0.567089319229126 -0.4288021922111511 0.7032341957092285 
vn -0.562506377696991 -0.4347967207431793 0.7032341957092285 
vn -0.2936481237411499 -0.252408891916275 0.9219872951507568 
vn -0.2936481237411499 -0.252408891916275 0.9219872951507568 
vn 0.012112504802644253 -0.028079941868782043 0.9995322823524475 
vn 0.01205984503030777 -0.023274444043636322 0.9996563792228699 
vn 0.3182191848754883 0.206131249666214 0.9253358840942383 
vn 0.3097999691963196 0.2185807079076767 0.9253358840942383 
vn 0.5732715725898743 0.40997886657714844 0.7094202041625977 
vn 0.5643641352653503 0.4221564531326294 0.7094202041625977 
vn 0.7438843250274658 0.5432617664337158 0.3892335295677185 
vn 0.7348842024803162 0.5553759932518005 0.3892335295677185 
vn 0.791801393032074 0.6107434630393982 0.006554040592163801 
vn 0.7210149168968201 0.5732667446136475 0.3892335295677185 
vn 0.7824868559837341 0.6226325631141663 0.006554040592163801 
vn 0.7115262746810913 0.5850022435188293 0.3892335295677185 
vn 0.7681810855865479 0.6401990652084351 0.006554040592163801 
vn 0.6969360709190369 0.602310061454773 0.3892335295677185 
vn 0.7484660744667053 0.6630830764770508 0.010923261754214764 
vn 0.6716880798339844 0.6303430795669556 0.3892335295677185 
vn 0.7280974984169006 0.6853865385055542 0.010923261754214764 
vn 0.696304976940155 0.7176629304885864 0.010923261754214764 
vn 0.669266402721405 0.6425706744194031 -0.37307560443878174 
vn 0.6443919539451599 0.6697645783424377 -0.3690181374549866 
vn 0.51500403881073 0.49896836280822754 -0.6969945430755615 
vn 0.493511438369751 0.5202355980873108 -0.6969945430755615 
vn 0.2740877568721771 0.28479504585266113 -0.9185682535171509 
vn 0.2685822546482086 0.28999292850494385 -0.9185682535171509 
vn -0.0038889264687895775 0.01703849993646145 -0.9998472929000854 
vn 0.0038889264687895775 0.01703849993646145 -0.9998472929000854 
vn -0.5716083645820618 -0.42275935411453247 0.7032341957092285 
vn -0.2936481237411499 -0.252408891916275 0.9219872951507568 
vn 0.017523931339383125 -0.03519279882311821 0.9992268681526184 
vn 0.3222421109676361 0.1997838318347931 0.9253358840942383 
vn 0.5819162726402283 0.39761337637901306 0.7094202041625977 
vn 0.7526847720146179 0.5310017466545105 0.3892335295677185 
vn 0.8009352684020996 0.59871506690979 0.006554040592163801 
vn 0.7379851341247559 0.5623100399971008 -0.37307560443878174 
vn 0.7287346720695496 0.5742476582527161 -0.37307560443878174 
vn 0.5612608790397644 0.44138044118881226 -0.7001210451126099 
vn 0.556560754776001 0.4472925364971161 -0.7001210451126099 
vn 0.3002505898475647 0.2508430480957031 -0.9202865362167358 
vn 0.3002505898475647 0.2508430480957031 -0.9202865362167358 
vn -0.0037933827843517065 0.02151334285736084 -0.9997613430023193 
vn -0.0037933827843517065 0.02151334285736084 -0.9997613430023193 
vn 0.8098864555358887 0.5865500569343567 0.006554040592163801 
vn 0.818652868270874 0.5742512345314026 0.006554040592163801 
vn 0.7612832188606262 0.5185992121696472 0.3892335295677185 
vn 0.7755918502807617 0.5000743865966797 0.3852050006389618 
vn 0.5943821668624878 0.3787252902984619 0.7094202041625977 
vn 0.6023529767990112 0.36591508984565735 0.7094202041625977 
vn 0.3343299627304077 0.1872337907552719 0.9236704111099243 
vn 0.341422975063324 0.17396369576454163 0.9236704111099243 
vn 0.02295195683836937 -0.042207952588796616 0.9988451600074768 
vn -0.29850226640701294 -0.24664928019046783 0.9219872951507568 
vn -0.5804528594017029 -0.41053152084350586 0.7032341957092285 
vn -0.7694830298423767 -0.5124509334564209 0.3811691105365753 
vn -0.8518480062484741 -0.5237845182418823 -0.002184694167226553 
vn -0.7953934669494629 -0.4679383933544159 -0.3852050006389618 
vn -0.6171711087226868 -0.34032750129699707 -0.7094202041625977 
vn -0.6171711087226868 -0.34032750129699707 -0.7094202041625977 
vn -0.02396346628665924 0.04660924896597862 -0.9986256957054138 
vn -0.33825185894966125 -0.1712869554758072 -0.9253358840942383 
vn -0.02181188575923443 0.04280823469161987 -0.9988451600074768 
vn -0.015044965781271458 0.03632176294922829 -0.9992268681526184 
vn -0.3311513662338257 -0.1846410632133484 -0.9253358840942383 
vn -0.6020118594169617 -0.36647605895996094 -0.7094202041625977 
vn -0.5940152406692505 -0.3793005347251892 -0.7094202041625977 
vn -0.7755918502807617 -0.5000743865966797 -0.3852050006389618 
vn -0.7630858421325684 -0.5189577341079712 -0.3852050006389618 
vn -0.7522586584091187 -0.5316053032875061 -0.3892335295677185 
vn -0.8098864555358887 -0.5865500569343567 -0.006554040592163801 
vn -0.8009352684020996 -0.59871506690979 -0.006554040592163801 
vn -0.7339113354682922 -0.5649337768554688 0.37712597846984863 
vn -0.791801393032074 -0.6107434630393982 -0.006554040592163801 
vn -0.7292831540107727 -0.5708959102630615 0.37712597846984863 
vn -0.7198817729949951 -0.5827059745788574 0.37712597846984863 
vn -0.5531509518623352 -0.44663819670677185 0.7032341957092285 
vn -0.5483794808387756 -0.45248377323150635 0.7032341957092285 
vn -0.2936481237411499 -0.252408891916275 0.9219872951507568 
vn -0.2936481237411499 -0.252408891916275 0.9219872951507568 
vn 0.006688034627586603 -0.016146345064044 0.9998472929000854 
vn 0.006688034627586603 -0.016146345064044 0.9998472929000854 
vn 0.30089396238327026 0.2306867241859436 0.9253358840942383 
vn 0.006688034627586603 -0.016146345064044 0.9998472929000854 
vn 0.2962627708911896 0.2366049736738205 0.9253358840942383 
vn 0.2866531014442444 0.24816033244132996 0.9253358840942383 
vn 0.5361070036888123 0.45750659704208374 0.7094202041625977 
vn 0.5211418271064758 0.47448307275772095 0.7094202041625977 
vn -0.5578600764274597 -0.44074228405952454 0.7032341957092285 
vn -0.29850226640701294 -0.24664928019046783 0.9219872951507568 
vn 0.006750544533133507 -0.020776038989424706 0.9997613430023193 
vn 0.30540695786476135 0.22467784583568573 0.9253358840942383 
vn 0.5598132014274597 0.4281730651855469 0.7094202041625977 
vn 0.5505194067955017 0.4400583803653717 0.7094202041625977 
vn 0.6898272037506104 0.6204457879066467 -0.37307560443878174 
vn 0.5305246114730835 0.48243364691734314 -0.6969945430755615 
vn 0.5420889258384705 0.4647258520126343 -0.7001210451126099 
vn 0.29032954573631287 0.2622620761394501 -0.9202865362167358 
vn 0.2953452467918396 0.2566005289554596 -0.9202865362167358 
vn -0.0037933827843517065 0.02151334285736084 -0.9997613430023193 
vn 0.546974241733551 0.45896586775779724 -0.7001210451126099 
vn 0.719291090965271 0.5860331654548645 -0.37307560443878174 
vn 0.7096569538116455 0.5976634621620178 -0.37307560443878174 
vn -0.005833018571138382 0.02555612474679947 -0.9996563792228699 
vn 0.3002505898475647 0.2508430480957031 -0.9202865362167358 
vn -0.013020745478570461 0.027670491486787796 -0.9995322823524475 
vn 0.2953452467918396 0.2566005289554596 -0.9202865362167358 
vn -0.015044965781271458 0.03632176294922829 -0.9992268681526184 
vn 0.2953452467918396 0.2566005289554596 -0.9202865362167358 
vn -0.02181188575923443 0.04280823469161987 -0.9988451600074768 
vn 0.3002505898475647 0.2508430480957031 -0.9202865362167358 
vn -0.02396346628665924 0.04660924896597862 -0.9986256957054138 
vn 0.30508196353912354 0.23846270143985748 -0.9219872951507568 
vn -0.02181188575923443 0.04280823469161987 -0.9988451600074768 
vn 0.3096767067909241 0.23246461153030396 -0.9219872951507568 
vn -0.021840007975697517 0.037828002125024796 -0.9990455508232117 
vn -0.021841906011104584 0.032688722014427185 -0.9992268681526184 
vn 0.5658982396125793 0.4354189932346344 -0.7001210451126099 
vn 0.5658982396125793 0.4354189932346344 -0.7001210451126099 
vn 0.5711525082588196 0.42337504029273987 -0.7032341957092285 
vn 0.5800248980522156 0.41113588213920593 -0.7032341957092285 
vn 0.5843630433082581 0.4049462676048279 -0.7032341957092285 
vn 0.5894957780838013 0.39190182089805603 -0.7063339352607727 
vn 0.3096767067909241 0.23246461153030396 -0.9219872951507568 
vn 0.5894957780838013 0.39190182089805603 -0.7063339352607727 
vn 0.7407621145248413 0.5559203624725342 -0.37712597846984863 
vn 0.7497241497039795 0.5437735319137573 -0.37712597846984863 
vn 0.7584870457649231 0.5314822793006897 -0.37712597846984863 
vn 0.7670484185218811 0.5190498232841492 -0.37712597846984863 
vn 0.777371883392334 0.5004028677940369 -0.3811691105365753 
vn 0.7814344763755798 0.49403464794158936 -0.3811691105365753 
vn 0.8478681445121765 0.5302026271820068 0.002184694167226553 
vn 0.855779230594635 0.5173366069793701 0.002184694167226553 
vn 0.7953934669494629 0.4679383933544159 0.3852050006389618 
vn 0.855779230594635 0.5173366069793701 0.002184694167226553 
vn 0.7953934669494629 0.4679383933544159 0.3852050006389618 
vn 0.8314517736434937 0.5555583238601685 0.006554040592163801 
vn 0.7876307368278503 0.48088976740837097 0.3852050006389618 
vn 0.6136682629585266 0.3528507351875305 0.7063339352607727 
vn 0.34477272629737854 0.16722677648067474 0.9236704111099243 
vn 0.029306560754776 -0.04344876483082771 0.9986256957054138 
vn 0.02295195683836937 -0.042207952588796616 0.9988451600074768 
vn -0.3032434582710266 -0.24079634249210358 0.9219872951507568 
vn -0.30786991119384766 -0.23485228419303894 0.9219872951507568 
vn -0.581417441368103 -0.4037896394729614 0.7063339352607727 
vn -0.5898852348327637 -0.39131543040275574 0.7063339352607727 
vn -0.7817959785461426 -0.49346238374710083 0.3811691105365753 
vn -0.5898852348327637 -0.39131543040275574 0.7063339352607727 
vn -0.7817959785461426 -0.49346238374710083 0.3811691105365753 
vn -0.777743399143219 -0.4998253285884857 0.3811691105365753 
vn -0.855779230594635 -0.5173366069793701 -0.002184694167226553 
vn -0.855779230594635 -0.5173366069793701 -0.002184694167226553 
vn -0.7953934669494629 -0.4679383933544159 -0.3852050006389618 
vn -0.0037933827843517065 0.02151334285736084 -0.9997613430023193 
vn 0.28479504585266113 0.2740877568721771 -0.9185682535171509 
vn -0.0037933827843517065 0.02151334285736084 -0.9997613430023193 
vn -0.3123798370361328 -0.2288193553686142 0.9219872951507568 
vn 0.017523931339383125 -0.03519279882311821 0.9992268681526184 
vn 0.023890703916549683 -0.03656744584441185 0.9990455508232117 
vn 0.34477272629737854 0.16722677648067474 0.9236704111099243 
vn 0.3479895293712616 0.16042537987232208 0.9236704111099243 
vn 0.617391049861908 0.3462955951690674 0.7063339352607727 
vn 0.6210438013076782 0.33970120549201965 0.7063339352607727 
vn 0.7953934669494629 0.4679383933544159 0.3852050006389618 
vn 0.8438400030136108 0.5365904569625854 0.002184694167226553 
vn 0.6210438013076782 0.33970120549201965 0.7063339352607727 
vn 0.34477272629737854 0.16722677648067474 0.9236704111099243 
vn 0.7814344763755798 0.49403464794158936 -0.3811691105365753 
vn -0.0075639719143509865 0.2166038155555725 -0.976230263710022 
vn -0.39732396602630615 0.18654893338680267 -0.8985171914100647 
vn -0.015111430548131466 0.1775464564561844 -0.9839963912963867 
vn -0.4015129506587982 0.13363634049892426 -0.9060511589050293 
vn -0.015068050473928452 0.13854843378067017 -0.9902410507202148 
vn -0.3995817303657532 0.09729087352752686 -0.9115201234817505 
vn -0.018930722028017044 0.10736146569252014 -0.9940398335456848 
vn -0.39816033840179443 0.06401965022087097 -0.9150791168212891 
vn -0.022588860243558884 0.08430277556180954 -0.9961841106414795 
vn -0.40028116106987 0.04904250428080559 -0.9150791168212891 
vn -0.018687747418880463 0.06730718165636063 -0.9975572824478149 
vn -0.3981286287307739 0.030196450650691986 -0.916832447052002 
vn -0.016921736299991608 0.049601659178733826 -0.9986256957054138 
vn -0.39898616075515747 0.015109047293663025 -0.916832447052002 
vn -0.015044965781271458 0.03632176294922829 -0.9992268681526184 
vn -0.39526233077049255 -8.174938590649328e-14 -0.9185682535171509 
vn -0.013106673955917358 0.022701425477862358 -0.9996563792228699 
vn -0.3949722945690155 -0.015139628201723099 -0.9185682535171509 
vn -0.015745941549539566 0.007582846097648144 -0.9998472929000854 
vn -0.39460983872413635 -0.022702498361468315 -0.9185682535171509 
vn -0.015745941549539566 -0.007582846097648144 -0.9998472929000854 
vn -0.39460983872413635 -0.022702498361468315 -0.9185682535171509 
vn -0.010896530002355576 -0.013663816265761852 -0.9998472929000854 
vn -0.39460983872413635 -0.022702498361468315 -0.9185682535171509 
vn -0.01673441007733345 -0.014041837304830551 -0.9997613430023193 
vn -0.3949722945690155 -0.015139628201723099 -0.9185682535171509 
vn -0.01673441007733345 -0.014041837304830551 -0.9997613430023193 
vn -0.3949722945690155 -0.015139628201723099 -0.9185682535171509 
vn -0.01673441007733345 -0.014041837304830551 -0.9997613430023193 
vn -0.3951898217201233 -0.007571203168481588 -0.9185682535171509 
vn -0.01673441007733345 -0.014041837304830551 -0.9997613430023193 
vn -0.3992721438407898 -8.25787057007546e-14 -0.916832447052002 
vn -0.01673441007733345 -0.014041837304830551 -0.9997613430023193 
vn -0.3992006480693817 0.007555876858532429 -0.916832447052002 
vn -0.01673441007733345 -0.014041837304830551 -0.9997613430023193 
vn -0.3986288011074066 0.02265680581331253 -0.916832447052002 
vn -0.01673441007733345 -0.014041837304830551 -0.9997613430023193 
vn -0.3974859118461609 0.03772528097033501 -0.916832447052002 
vn -0.015745941549539566 -0.007582846097648144 -0.9998472929000854 
vn -0.3992909789085388 0.05654102563858032 -0.9150791168212891 
vn -0.017476677894592285 -3.6145805417514814e-15 -0.9998472929000854 
vn -0.3939298987388611 0.08630993962287903 -0.9150791168212891 
vn -0.017476677894592285 -3.6145805417514814e-15 -0.9998472929000854 
vn -0.3893868923187256 0.11935539543628693 -0.913308322429657 
vn -0.0205277930945158 0.007471505552530289 -0.9997613430023193 
vn -0.37662842869758606 0.15498028695583344 -0.913308322429657 
vn -0.01673441007733345 0.014041837304830551 -0.9997613430023193 
vn -0.36168840527534485 0.19573597609996796 -0.9115201234817505 
vn -0.013020745478570461 0.027670491486787796 -0.9995322823524475 
vn -0.3403207063674927 0.2379104495048523 -0.9097144603729248 
vn -0.005653959698975086 0.03448762744665146 -0.999389111995697 
vn -0.3195023536682129 0.2713877260684967 -0.9078915119171143 
vn -0.007669857237488031 0.038558974862098694 -0.9992268681526184 
vn -0.2882872223854065 0.3043411374092102 -0.9078915119171143 
vn -4.968388219150346e-15 0.048044804483652115 -0.9988451600074768 
vn -0.2596014440059662 0.3341831862926483 -0.9060511589050293 
vn 0.007515863515436649 0.047453295439481735 -0.9988451600074768 
vn -0.22437851130962372 0.3634396195411682 -0.9041935205459595 
vn 0.01325590442866087 0.05070454254746437 -0.9986256957054138 
vn -0.19810768961906433 0.37840113043785095 -0.9041935205459595 
vn 0.01325590442866087 0.05070454254746437 -0.9986256957054138 
vn -0.16583655774593353 0.39789360761642456 -0.9023185968399048 
vn 0.01325590442866087 0.05070454254746437 -0.9986256957054138 
vn -0.13751760125160217 0.40854620933532715 -0.9023185968399048 
vn 0.007515863515436649 0.047453295439481735 -0.9988451600074768 
vn -0.10118288546800613 0.4190264046192169 -0.9023185968399048 
vn -4.517018337602159e-15 0.043680015951395035 -0.9990455508232117 
vn -0.07899010926485062 0.4237707555294037 -0.9023185968399048 
vn -4.065562058693352e-15 0.0393143892288208 -0.9992268681526184 
vn -0.04906991496682167 0.4282677173614502 -0.9023185968399048 
vn -0.015044965781271458 0.03632176294922829 -0.9992268681526184 
vn -0.024555474519729614 0.4264165759086609 -0.9041935205459595 
vn -0.021840007975697517 0.037828002125024796 -0.9990455508232117 
vn -0.0018899185815826058 0.42711883783340454 -0.9041935205459595 
vn -0.036375511437654495 0.03772918879985809 -0.9986256957054138 
vn 0.015103859826922417 0.4228985607624054 -0.9060511589050293 
vn -0.04456428810954094 0.04184865206480026 -0.9981296062469482 
vn 0.04523461312055588 0.42074355483055115 -0.9060511589050293 
vn -0.05560975521802902 0.04227343574166298 -0.9975572824478149 
vn 0.06781986355781555 0.41368287801742554 -0.9078915119171143 
vn -0.05017128586769104 0.04209870845079422 -0.9978529810905457 
vn 0.09923087060451508 0.40320315957069397 -0.9097144603729248 
vn -0.04456428810954094 0.04184865206480026 -0.9981296062469482 
vn 0.13710182905197144 0.3877294957637787 -0.9115201234817505 
vn -0.028240028768777847 0.038869064301252365 -0.9988451600074768 
vn 0.17230980098247528 0.3690219521522522 -0.913308322429657 
vn -0.012935593724250793 0.032465893775224686 -0.999389111995697 
vn 0.19394738972187042 0.3535740077495575 -0.9150791168212891 
vn -0.0037933827843517065 0.02151334285736084 -0.9997613430023193 
vn 0.21470576524734497 0.33662986755371094 -0.916832447052002 
vn 0.0038889264687895775 0.01703849993646145 -0.9998472929000854 
vn 0.23346196115016937 0.3239039182662964 -0.916832447052002 
vn 0.010896530002355576 0.013663816265761852 -0.9998472929000854 
vn 0.24555175006389618 0.31483739614486694 -0.916832447052002 
vn 0.0038889264687895775 0.01703849993646145 -0.9998472929000854 
vn 0.2572897672653198 0.3053198456764221 -0.916832447052002 
vn -0.7155112028121948 0.16857220232486725 -0.677958071231842 
vn -0.7203475832939148 0.11294370889663696 -0.6843559741973877 
vn -0.7195762395858765 0.07170295715332031 -0.6907016038894653 
vn -0.7189169526100159 0.04152184724807739 -0.6938546895980835 
vn -0.7169170379638672 0.015118088573217392 -0.6969945430755615 
vn -0.7170764207839966 -1.4830797451671068e-13 -0.6969945430755615 
vn -0.7169170379638672 -0.015118088573217392 -0.6969945430755615 
vn -0.7167178392410278 -0.022675031796097755 -0.6969945430755615 
vn -0.7164389491081238 -0.03022945672273636 -0.6969945430755615 
vn -0.7160804867744446 -0.0377805195748806 -0.6969945430755615 
vn -0.7160804867744446 -0.0377805195748806 -0.6969945430755615 
vn -0.7164389491081238 -0.03022945672273636 -0.6969945430755615 
vn -0.7167178392410278 -0.022675031796097755 -0.6969945430755615 
vn -0.7169170379638672 -0.015118088573217392 -0.6969945430755615 
vn -0.7170764207839966 -1.4830797451671068e-13 -0.6969945430755615 
vn -0.7170366048812866 0.0075594643130898476 -0.6969945430755615 
vn -0.7196297645568848 0.026431718841195107 -0.6938546895980835 
vn -0.7184418439865112 0.04906047508120537 -0.6938546895980835 
vn -0.7165426015853882 0.07164064794778824 -0.6938546895980835 
vn -0.7148469686508179 0.10920212417840958 -0.6907016038894653 
vn -0.7049490809440613 0.16117697954177856 -0.6907016038894653 
vn -0.6933577656745911 0.21575471758842468 -0.6875353455543518 
vn -0.6730235815048218 0.2726433575153351 -0.6875353455543518 
vn -0.6477774381637573 0.3347257077693939 -0.6843559741973877 
vn -0.6153505444526672 0.3966861963272095 -0.681163489818573 
vn -0.5745564103126526 0.4585387706756592 -0.677958071231842 
vn -0.5258742570877075 0.5178635120391846 -0.67473965883255 
vn -0.47601836919784546 0.5640327334403992 -0.67473965883255 
vn -0.42570605874061584 0.6065071225166321 -0.6715083718299866 
vn -0.3697800040245056 0.6455119252204895 -0.6682642698287964 
vn -0.31305643916130066 0.6780566573143005 -0.6650074124336243 
vn -0.25720757246017456 0.7011486291885376 -0.6650074124336243 
vn -0.1923830658197403 0.7216328382492065 -0.6650074124336243 
vn -0.13340595364570618 0.7348251342773438 -0.6650074124336243 
vn -0.08107104897499084 0.7424234747886658 -0.6650074124336243 
vn -0.02453705109655857 0.7435191869735718 -0.6682642698287964 
vn 0.022670915350317955 0.7406500577926636 -0.6715083718299866 
vn 0.07915056496858597 0.733799397945404 -0.67473965883255 
vn 0.12599420547485352 0.7242226004600525 -0.677958071231842 
vn 0.18126875162124634 0.7093362212181091 -0.681163489818573 
vn 0.22675666213035583 0.6929922699928284 -0.6843559741973877 
vn 0.2796297073364258 0.6701509952545166 -0.6875353455543518 
vn 0.3227292001247406 0.6471298933029175 -0.6907016038894653 
vn 0.36266058683395386 0.6256265044212341 -0.6907016038894653 
vn 0.3975193500518799 0.6004531979560852 -0.6938546895980835 
vn 0.4223558306694031 0.5832505822181702 -0.6938546895980835 
vn 0.4523509442806244 0.5603073239326477 -0.6938546895980835 
vn 0.47114139795303345 0.5405778288841248 -0.6969945430755615 
vn -0.9279283285140991 0.12057612091302872 -0.3527185618877411 
vn -0.9301362633705139 0.0679011195898056 -0.36088213324546814 
vn -0.9304061532020569 0.03395908698439598 -0.3649536371231079 
vn -0.9294145107269287 0.0037773065268993378 -0.3690181374549866 
vn -0.9293531179428101 -0.011331669986248016 -0.3690181374549866 
vn -0.929046094417572 -0.026437651365995407 -0.3690181374549866 
vn -0.9288005232810974 -0.03398827090859413 -0.3690181374549866 
vn -0.9284935593605042 -0.04153664782643318 -0.3690181374549866 
vn -0.928125262260437 -0.04908227548003197 -0.3690181374549866 
vn -0.9284935593605042 -0.04153664782643318 -0.3690181374549866 
vn -0.9284935593605042 -0.04153664782643318 -0.3690181374549866 
vn -0.929046094417572 -0.026437651365995407 -0.3690181374549866 
vn -0.929230272769928 -0.018885284662246704 -0.3690181374549866 
vn -0.9293531179428101 -0.011331669986248016 -0.3690181374549866 
vn -0.9294145107269287 0.0037773065268993378 -0.3690181374549866 
vn -0.929230272769928 0.018885284662246704 -0.3690181374549866 
vn -0.9284935593605042 0.04153664782643318 -0.3690181374549866 
vn -0.9272047877311707 0.06416331231594086 -0.3690181374549866 
vn -0.9238321185112 0.10178299993276596 -0.3690181374549866 
vn -0.9194151759147644 0.14657633006572723 -0.3649536371231079 
vn -0.9079819321632385 0.20585840940475464 -0.3649536371231079 
vn -0.8905586004257202 0.2715037167072296 -0.3649536371231079 
vn -0.8656458258628845 0.3427334129810333 -0.3649536371231079 
vn -0.8316473960876465 0.4220505356788635 -0.36088213324546814 
vn -0.7904894948005676 0.4978126585483551 -0.3568037748336792 
vn -0.7379331588745117 0.5753644704818726 -0.3527185618877411 
vn -0.6787974834442139 0.6440679430961609 -0.3527185618877411 
vn -0.6158481240272522 0.706534206867218 -0.34862664341926575 
vn -0.5496580004692078 0.7610364556312561 -0.34452807903289795 
vn -0.48531901836395264 0.8053432106971741 -0.34042292833328247 
vn -0.40861040353775024 0.8484882116317749 -0.3363112509250641 
vn -0.33232036232948303 0.8811684846878052 -0.3363112509250641 
vn -0.25170862674713135 0.9090052247047424 -0.33219319581985474 
vn -0.178223118185997 0.9262204170227051 -0.33219319581985474 
vn -0.09608936309814453 0.93830406665802 -0.33219319581985474 
vn -0.022640148177742958 0.9414787292480469 -0.3363112509250641 
vn 0.049084313213825226 0.9389904141426086 -0.34042292833328247 
vn 0.12237885594367981 0.9307651519775391 -0.34452807903289795 
vn 0.19486765563488007 0.9167802929878235 -0.34862664341926575 
vn 0.2573569416999817 0.8996427059173584 -0.3527185618877411 
vn 0.3200996518135071 0.8776259422302246 -0.3568037748336792 
vn 0.374261736869812 0.8542202711105347 -0.36088213324546814 
vn 0.4268747866153717 0.8273975849151611 -0.3649536371231079 
vn 0.47311827540397644 0.801852822303772 -0.3649536371231079 
vn 0.5149844288825989 0.7737032175064087 -0.3690181374549866 
vn 0.5520905256271362 0.7476775050163269 -0.3690181374549866 
vn 0.5820130705833435 0.7246284484863281 -0.3690181374549866 
vn 0.6166470646858215 0.6953933835029602 -0.3690181374549866 
vn 0.46469545364379883 0.8854032158851624 0.010923261754214764 
vn 0.5108298659324646 0.8596124053001404 0.010923261754214764 
vn 0.5555371046066284 0.8314200043678284 0.010923261754214764 
vn 0.510776698589325 0.7665535807609558 0.3892335295677185 
vn 0.5926268100738525 0.8054030537605286 0.010923261754214764 
vn 0.5478218793869019 0.7405325770378113 0.3892335295677185 
vn 0.6285000443458557 0.7777328491210938 0.010923261754214764 
vn 0.5835438370704651 0.712722897529602 0.3892335295677185 
vn 0.6630830764770508 0.7484660744667053 0.010923261754214764 
vn 0.6122390031814575 0.6882300972938538 0.3892335295677185 
vn 0.6453134417533875 0.657318651676178 0.3892335295677185 
vn 0.5003551840782166 0.4963544011116028 0.7094202041625977 
vn 0.27139899134635925 0.2647567689418793 0.9253358840942383 
vn 0.006688034627586603 -0.016146345064044 0.9998472929000854 
vn -0.27330976724624634 -0.27995431423187256 0.9202865362167358 
vn -0.28386378288269043 -0.2692471146583557 0.9202865362167358 
vn -0.5095348954200745 -0.5002046227455139 0.7001210451126099 
vn -0.5302026867866516 -0.4782421886920929 0.7001210451126099 
vn -0.6725053191184998 -0.639180064201355 0.37307560443878174 
vn -0.6929280757904053 -0.616980791091919 0.37307560443878174 
vn -0.7280974984169006 -0.6853865385055542 -0.010923261754214764 
vn -0.7534810304641724 -0.6574370265007019 -0.006554040592163801 
vn -0.6762208342552185 -0.6254779696464539 -0.3892335295677185 
vn -0.6963753700256348 -0.6029582619667053 -0.3892335295677185 
vn -0.51899653673172 -0.47222498059272766 -0.7124928832054138 
vn -0.5339906215667725 -0.4552009105682373 -0.7124928832054138 
vn -0.2857195734977722 -0.24303415417671204 -0.926983654499054 
vn -0.2905556261539459 -0.2372313290834427 -0.926983654499054 
vn -0.0037933827843517065 0.02151334285736084 -0.9997613430023193 
vn -0.29987233877182007 -0.22533944249153137 -0.926983654499054 
vn -0.0037933827843517065 0.02151334285736084 -0.9997613430023193 
vn -0.0037933827843517065 0.02151334285736084 -0.9997613430023193 
vn -0.49343541264533997 -0.5160930156707764 0.7001210451126099 
vn -0.26235219836235046 -0.2902481257915497 0.9202865362167358 
vn 0.006553899962455034 -0.011351687833666801 0.9999141097068787 
vn 0.006553899962455034 -0.011351687833666801 0.9999141097068787 
vn 0.26069313287734985 0.2753046154975891 0.9253358840942383 
vn 0.243871808052063 0.2903103530406952 0.9253358840942383 
vn 0.47308680415153503 0.5224096775054932 0.7094202041625977 
vn 0.44446370005607605 0.546968936920166 0.7094202041625977 
vn 0.42064473032951355 0.565491795539856 0.7094202041625977 
vn 0.39605477452278137 0.5829781889915466 0.7094202041625977 
vn 0.3707388937473297 0.5993960499763489 0.7094202041625977 
vn 0.47895944118499756 0.786825954914093 0.3892335295677185 
vn 0.3447434902191162 0.6147153377532959 0.7094202041625977 
vn 0.43972301483154297 0.8094077706336975 0.3892335295677185 
vn 0.3994244635105133 0.8300345540046692 0.3892335295677185 
vn 0.41723883152008057 0.9086682200431824 0.0152922747656703 
vn -0.0037933827843517065 0.02151334285736084 -0.9997613430023193 
vn -0.270274817943573 -0.25422030687332153 -0.9286137819290161 
vn -0.0038889264687895775 0.01703849993646145 -0.9998472929000854 
vn -0.25422030687332153 -0.270274817943573 -0.9286137819290161 
vn 0.0038889264687895775 0.01703849993646145 -0.9998472929000854 
vn -0.23721390962600708 -0.2853173613548279 -0.9286137819290161 
vn 0.0038889264687895775 0.01703849993646145 -0.9998472929000854 
vn -0.21931932866573334 -0.29929161071777344 -0.9286137819290161 
vn 0.010896530002355576 0.013663816265761852 -0.9998472929000854 
vn -0.21316859126091003 -0.3037031292915344 -0.9286137819290161 
vn 0.0038889264687895775 0.01703849993646145 -0.9998472929000854 
vn -0.20060357451438904 -0.3121452331542969 -0.9286137819290161 
vn -0.0037933827843517065 0.02151334285736084 -0.9997613430023193 
vn -0.19419452548027039 -0.3161723017692566 -0.9286137819290161 
vn -0.012935593724250793 0.032465893775224686 -0.999389111995697 
vn -0.1877046674489975 -0.320067822933197 -0.9286137819290161 
vn -0.028240028768777847 0.038869064301252365 -0.9988451600074768 
vn -0.18113669753074646 -0.32383012771606445 -0.9286137819290161 
vn -0.04456428810954094 0.04184865206480026 -0.9981296062469482 
vn -0.05017128586769104 0.04209870845079422 -0.9978529810905457 
vn -0.4981633722782135 -0.49415290355682373 -0.7124928832054138 
vn -0.4708249270915985 -0.5202670097351074 -0.7124928832054138 
vn -0.4421195983886719 -0.5448707342147827 -0.7124928832054138 
vn -0.41822710633277893 -0.5634180903434753 -0.7124928832054138 
vn -0.39355748891830444 -0.580918550491333 -0.7124928832054138 
vn -0.36443254351615906 -0.5959649682044983 -0.715552031993866 
vn -0.34490910172462463 -0.6074726581573486 -0.715552031993866 
vn -0.3183167278766632 -0.6218197345733643 -0.715552031993866 
vn -0.29112884402275085 -0.635003387928009 -0.715552031993866 
vn -0.1657659411430359 -0.3274155557155609 -0.9302261471748352 
vn -0.24934189021587372 -0.6525442004203796 -0.715552031993866 
vn -0.13825415074825287 -0.3399486243724823 -0.9302261471748352 
vn -0.20480848848819733 -0.6645835041999817 -0.7185974717140198 
vn -0.10783080011606216 -0.3465292751789093 -0.931820809841156 
vn -0.1463121622800827 -0.6798605918884277 -0.7185974717140198 
vn -0.06396768242120743 -0.3530963361263275 -0.933397650718689 
vn -0.07536634057760239 -0.6881651282310486 -0.7216291427612305 
vn -0.018906360492110252 -0.3583453893661499 -0.933397650718689 
vn -0.007551451679319143 -0.6922386288642883 -0.7216291427612305 
vn 0.02830507978796959 -0.35363104939460754 -0.9349566102027893 
vn 0.06225605681538582 -0.6863022446632385 -0.7246471047401428 
vn 0.07314314693212509 -0.34713998436927795 -0.9349566102027893 
vn 0.12957356870174408 -0.6768288016319275 -0.7246471047401428 
vn 0.10962749272584915 -0.3373987376689911 -0.9349566102027893 
vn 0.19563013315200806 -0.6607688069343567 -0.7246471047401428 
vn 0.15031933784484863 -0.3258419334888458 -0.933397650718689 
vn 0.264924019575119 -0.639583170413971 -0.7216291427612305 
vn 0.18377229571342468 -0.3082152307033539 -0.933397650718689 
vn 0.3329788148403168 -0.6069402694702148 -0.7216291427612305 
vn 0.22118045389652252 -0.2877311706542969 -0.931820809841156 
vn 0.3883201777935028 -0.5769100189208984 -0.7185974717140198 
vn 0.24928432703018188 -0.26932621002197266 -0.9302261471748352 
vn 0.44142547249794006 -0.5414137840270996 -0.715552031993866 
vn 0.27060648798942566 -0.24789395928382874 -0.9302261471748352 
vn 0.486556738615036 -0.5012463331222534 -0.715552031993866 
vn 0.29009222984313965 -0.2247793972492218 -0.9302261471748352 
vn 0.53152996301651 -0.458071768283844 -0.7124928832054138 
vn 0.3121452331542969 -0.20060357451438904 -0.9286137819290161 
vn 0.5733930468559265 -0.4044431746006012 -0.7124928832054138 
vn 0.3274576663970947 -0.17449334263801575 -0.9286137819290161 
vn 0.6060905456542969 -0.35356488823890686 -0.7124928832054138 
vn 0.3405908942222595 -0.1472218930721283 -0.9286137819290161 
vn 0.6377735733985901 -0.2999464273452759 -0.7094202041625977 
vn 0.3489575982093811 -0.12611517310142517 -0.9286137819290161 
vn 0.6611257791519165 -0.24420422315597534 -0.7094202041625977 
vn 0.35601773858070374 -0.10453623533248901 -0.9286137819290161 
vn 0.6721813678741455 -0.20131097733974457 -0.7124928832054138 
vn 0.36174482107162476 -0.08256589621305466 -0.9286137819290161 
vn 0.6854422092437744 -0.15007621049880981 -0.7124928832054138 
vn 0.3648115396499634 -0.06774212419986725 -0.9286137819290161 
vn 0.6925304532051086 -0.11294004321098328 -0.7124928832054138 
vn 0.3672710359096527 -0.05280560255050659 -0.9286137819290161 
vn 0.6967542767524719 -0.08298983424901962 -0.7124928832054138 
vn 0.369119256734848 -0.03778119012713432 -0.9286137819290161 
vn 0.6959467530250549 -0.060360830277204514 -0.715552031993866 
vn 0.36981314420700073 -0.03024383820593357 -0.9286137819290161 
vn 0.6975384950637817 -0.03775421902537346 -0.715552031993866 
vn 0.3703531324863434 -0.022693898528814316 -0.9286137819290161 
vn 0.697905957698822 -0.03020867332816124 -0.715552031993866 
vn 0.3707389831542969 -0.01513451337814331 -0.9286137819290161 
vn 0.6983960866928101 -0.015107870101928711 -0.715552031993866 
vn 0.37097057700157166 -0.00756883155554533 -0.9286137819290161 
vn 0.6985186338424683 -0.0075543769635260105 -0.715552031993866 
vn 0.37097057700157166 -0.00756883155554533 -0.9286137819290161 
vn 0.6985594630241394 0 -0.715552031993866 
vn 0.3710477650165558 0 -0.9286137819290161 
vn 0.6985186338424683 0.0075543769635260105 -0.715552031993866 
vn 0.3710477650165558 0 -0.9286137819290161 
vn 0.6983960866928101 0.015107870101928711 -0.715552031993866 
vn 0.3707389831542969 0.01513451337814331 -0.9286137819290161 
vn 0.697905957698822 0.03020867332816124 -0.715552031993866 
vn 0.3703531324863434 0.022693898528814316 -0.9286137819290161 
vn 0.6975384950637817 0.03775421902537346 -0.715552031993866 
vn 0.369119256734848 0.03778119012713432 -0.9286137819290161 
vn 0.6965588331222534 0.05283117666840553 -0.715552031993866 
vn 0.3672710359096527 0.05280560255050659 -0.9286137819290161 
vn 0.6959467530250549 0.060360830277204514 -0.715552031993866 
vn 0.3648115396499634 0.06774212419986725 -0.9286137819290161 
vn 0.695253312587738 0.06788342446088791 -0.715552031993866 
vn 0.36752113699913025 0.07502997666597366 -0.926983654499054 
vn 0.6944785714149475 0.07539807260036469 -0.715552031993866 
vn 0.3642019033432007 0.0897677093744278 -0.926983654499054 
vn 0.697608232498169 0.0754760131239891 -0.7124928832054138 
vn 0.36446088552474976 0.10450747609138489 -0.9253358840942383 
vn 0.6967542767524719 0.08298983424901962 -0.7124928832054138 
vn 0.36850106716156006 0.11893878877162933 -0.9219872951507568 
vn 0.6998894214630127 0.0829324871301651 -0.7094202041625977 
vn 0.369369775056839 0.1407063901424408 -0.9185682535171509 
vn 0.6998894214630127 0.0829324871301651 -0.7094202041625977 
vn 0.37368255853652954 0.1619543582201004 -0.913308322429657 
vn 0.7007383704185486 0.07542353868484497 -0.7094202041625977 
vn 0.37619683146476746 0.17577114701271057 -0.9097144603729248 
vn 0.6983811259269714 0.06795341521501541 -0.7124928832054138 
vn 0.3772205114364624 0.18285992741584778 -0.9078915119171143 
vn 0.6934139132499695 0.05286667123436928 -0.7185974717140198 
vn 0.37385764718055725 0.18964050710201263 -0.9078915119171143 
vn 0.6880846619606018 0.037763532251119614 -0.7246471047401428 
vn 0.37385764718055725 0.18964050710201263 -0.9078915119171143 
vn 0.6852806210517883 0.030235351994633675 -0.7276512384414673 
vn 0.37642961740493774 0.2100519835948944 -0.9023185968399048 
vn 0.6849057078361511 0.0377872996032238 -0.7276512384414673 
vn 0.3882625699043274 0.24380210041999817 -0.888714075088501 
vn 0.687091052532196 0.05284351482987404 -0.7246471047401428 
vn 0.40328338742256165 0.2901996076107025 -0.8678402304649353 
vn 0.6944785714149475 0.07539807260036469 -0.715552031993866 
vn 0.4285259246826172 0.34312015771865845 -0.8358433246612549 
vn 0.7092804908752441 0.10545063763856888 -0.6969945430755615 
vn 0.45437753200531006 0.4009905457496643 -0.7954543828964233 
vn 0.7271251678466797 0.14270764589309692 -0.6715083718299866 
vn 0.4848177134990692 0.4527881443500519 -0.7482877969741821 
vn 0.7425703406333923 0.17973308265209198 -0.6452018022537231 
vn 0.51500403881073 0.49896836280822754 -0.6969945430755615 
vn 0.7633439898490906 0.20910152792930603 -0.6112139225006104 
vn 0.5462166666984558 0.5382067561149597 -0.641857385635376 
vn 0.7845431566238403 0.2382352501153946 -0.5724822878837585 
vn 0.5779946446418762 0.5779946446418762 -0.5760593414306641 
vn 0.8056007623672485 0.26731544733047485 -0.528724730014801 
vn 0.6102124452590942 0.6062038540840149 -0.5100564956665039 
vn 0.8262156248092651 0.2891053557395935 -0.4835140109062195 
vn 0.6392799019813538 0.627262532711029 -0.44481781125068665 
vn 0.8487237691879272 0.30355289578437805 -0.43303996324539185 
vn 0.6597052812576294 0.6476874947547913 -0.3811691105365753 
vn 0.8644333481788635 0.31820160150527954 -0.3892335295677185 
vn 0.6831940412521362 0.656485378742218 -0.3198012113571167 
vn 0.8821227550506592 0.3255329132080078 -0.34042292833328247 
vn 0.7040472030639648 0.6586575508117676 -0.26549527049064636 
vn 0.8957439661026001 0.3327213227748871 -0.2948545813560486 
vn 0.7180956602096558 0.666050136089325 -0.2017817199230194 
vn 0.9130313396453857 0.3327624499797821 -0.23588760197162628 
vn 0.7327553033828735 0.6673938632011414 -0.1328723281621933 
vn 0.9278550148010254 0.3332454562187195 -0.16742929816246033 
vn 0.7466311454772949 0.6626209616661072 -0.058952588587999344 
vn 0.9386207461357117 0.3331505060195923 -0.08945280313491821 
vn 0.7484660744667053 0.6630830764770508 0.010923261754214764 
vn 0.9426991939544678 0.33329325914382935 -0.0152922747656703 
vn 0.7501611113548279 0.6568278670310974 0.0763898640871048 
vn 0.9437599182128906 0.32609376311302185 0.05459024757146835 
vn 0.7437461018562317 0.6503644585609436 0.15449213981628418 
vn 0.9366017580032349 0.31859731674194336 0.1458524912595749 
vn 0.7236130833625793 0.6422293186187744 0.25283506512641907 
vn 0.9161369204521179 0.30401620268821716 0.2612801790237427 
vn 0.6914467215538025 0.6327407956123352 0.34862664341926575 
vn 0.8797768950462341 0.28942808508872986 0.37712597846984863 
vn 0.6525132656097412 0.6218543648719788 0.43303996324539185 
vn 0.835543155670166 0.2746596336364746 0.4758462607860565 
vn 0.6354139447212219 0.614078164100647 0.46814218163490295 
vn 0.810569167137146 0.2740728557109833 0.5175535082817078 
vn -0.05560975521802902 0.04227343574166298 -0.9975572824478149 
vn -0.04456428810954094 0.04184865206480026 -0.9981296062469482 
vn -0.036375511437654495 0.03772918879985809 -0.9986256957054138 
vn -0.021840007975697517 0.037828002125024796 -0.9990455508232117 
vn -0.015044965781271458 0.03632176294922829 -0.9992268681526184 
vn -4.065562058693352e-15 0.0393143892288208 -0.9992268681526184 
vn -4.517018337602159e-15 0.043680015951395035 -0.9990455508232117 
vn 0.007515863515436649 0.047453295439481735 -0.9988451600074768 
vn 0.01325590442866087 0.05070454254746437 -0.9986256957054138 
vn 0.01325590442866087 0.05070454254746437 -0.9986256957054138 
vn 0.01325590442866087 0.05070454254746437 -0.9986256957054138 
vn 0.007515863515436649 0.047453295439481735 -0.9988451600074768 
vn -4.968388219150346e-15 0.048044804483652115 -0.9988451600074768 
vn -0.007669857237488031 0.038558974862098694 -0.9992268681526184 
vn -0.005653959698975086 0.03448762744665146 -0.999389111995697 
vn -0.013020745478570461 0.027670491486787796 -0.9995322823524475 
vn -0.01673441007733345 0.014041837304830551 -0.9997613430023193 
vn -0.0205277930945158 0.007471505552530289 -0.9997613430023193 
vn -0.017476677894592285 -3.6145805417514814e-15 -0.9998472929000854 
vn -0.017476677894592285 -3.6145805417514814e-15 -0.9998472929000854 
vn -0.015745941549539566 -0.007582846097648144 -0.9998472929000854 
vn -0.01673441007733345 -0.014041837304830551 -0.9997613430023193 
vn -0.01673441007733345 -0.014041837304830551 -0.9997613430023193 
vn -0.01673441007733345 -0.014041837304830551 -0.9997613430023193 
vn -0.01673441007733345 -0.014041837304830551 -0.9997613430023193 
vn -0.01673441007733345 -0.014041837304830551 -0.9997613430023193 
vn -0.01673441007733345 -0.014041837304830551 -0.9997613430023193 
vn -0.01673441007733345 -0.014041837304830551 -0.9997613430023193 
vn -0.010896530002355576 -0.013663816265761852 -0.9998472929000854 
vn -0.015745941549539566 -0.007582846097648144 -0.9998472929000854 
vn -0.015745941549539566 0.007582846097648144 -0.9998472929000854 
vn -0.013106673955917358 0.022701425477862358 -0.9996563792228699 
vn -0.015044965781271458 0.03632176294922829 -0.9992268681526184 
vn -0.016921736299991608 0.049601659178733826 -0.9986256957054138 
vn -0.018687747418880463 0.06730718165636063 -0.9975572824478149 
vn -0.022588860243558884 0.08430277556180954 -0.9961841106414795 
vn -0.018930722028017044 0.10736146569252014 -0.9940398335456848 
vn -0.015068050473928452 0.13854843378067017 -0.9902410507202148 
vn -0.015111430548131466 0.1775464564561844 -0.9839963912963867 
vn -0.0075639719143509865 0.2166038155555725 -0.976230263710022 
vn -0.007554963231086731 0.25483620166778564 -0.9669547080993652 
vn -2.941017993919083e-14 0.2843993604183197 -0.9587059020996094 
vn 0.003775685327127576 0.30525127053260803 -0.9522643685340881 
vn 0.0056805238127708435 0.32182028889656067 -0.946783721446991 
vn 0.013220029883086681 0.35451561212539673 -0.9349566102027893 
vn 0.02834058180451393 0.40227726101875305 -0.9150791168212891 
vn 0.052839506417512894 0.45931127667427063 -0.8867024183273315 
vn 0.08468016982078552 0.5237767696380615 -0.8476362228393555 
vn 0.11453580856323242 0.591545820236206 -0.7980946898460388 
vn 0.15169398486614227 0.6524865627288818 -0.7424622178077698 
vn 0.18857735395431519 0.7074283361434937 -0.681163489818573 
vn 0.22726298868656158 0.7581352591514587 -0.6112139225006104 
vn 0.267302930355072 0.7982227206230164 -0.5398051738739014 
vn 0.3071630597114563 0.8328748345375061 -0.46040233969688416 
vn 0.3391551077365875 0.858248770236969 -0.3852050006389618 
vn 0.3626815974712372 0.8768249154090881 -0.31565824151039124 
vn 0.3837244510650635 0.8881610035896301 -0.25283506512641907 
vn 0.40285825729370117 0.8936995267868042 -0.1975002884864807 
vn 0.41709980368614197 0.8984450101852417 -0.1372016966342926 
vn 0.42726507782936096 0.90089350938797 -0.0763898640871048 
vn 0.4377165138721466 0.8989830017089844 -0.0152922747656703 
vn 0.44423842430114746 0.8951388001441956 0.03713129088282585 
vn 0.44070351123809814 0.8940137028694153 0.08074574917554855 
vn 0.43874022364616394 0.8880780935287476 0.1372016966342926 
vn 0.4217976927757263 0.8839518427848816 0.2017817199230194 
vn 0.4005066752433777 0.8769872784614563 0.26549527049064636 
vn 0.37420931458473206 0.8689255118370056 0.3239381015300751 
vn 0.36041760444641113 0.8651928305625916 0.34862664341926575 
vn -0.6446312069892883 -0.6579877138137817 -0.3892335295677185 
vn -0.6171106696128845 -0.6838652491569519 -0.3892335295677185 
vn -0.5827202200889587 -0.7133963704109192 -0.3892335295677185 
vn -0.5469186305999756 -0.7411999106407166 -0.3892335295677185 
vn -0.5160684585571289 -0.7630010843276978 -0.3892335295677185 
vn -0.4791928231716156 -0.784681499004364 -0.3932546079158783 
vn -0.43995770812034607 -0.8073338866233826 -0.3932546079158783 
vn -0.3996543884277344 -0.8280260562896729 -0.3932546079158783 
vn -0.471341609954834 -0.8818181157112122 -0.0152922747656703 
vn -0.41723883152008057 -0.9086682200431824 -0.0152922747656703 
vn -0.3758069574832916 -0.8518086671829224 0.3649536371231079 
vn -0.3160172998905182 -0.8774378299713135 0.36088213324546814 
vn -0.27368512749671936 -0.6693487167358398 0.6907016038894653 
vn -0.22797606885433197 -0.6894360184669495 0.6875353455543518 
vn -0.09690357744693756 -0.3955724537372589 0.913308322429657 
vn -0.1789952665567398 -0.7068363428115845 0.6843559741973877 
vn -0.06742493063211441 -0.40164878964424133 0.913308322429657 
vn -0.12743966281414032 -0.7179248332977295 0.6843559741973877 
vn -0.0394899956882 -0.40935513377189636 0.9115201234817505 
vn -0.07902806252241135 -0.7278535962104797 0.681163489818573 
vn -0.01691243052482605 -0.41488978266716003 0.9097144603729248 
vn -0.02824818156659603 -0.7345576286315918 0.677958071231842 
vn 0.005638863425701857 -0.4151960611343384 0.9097144603729248 
vn 0.028269555419683456 -0.7375141978263855 0.67473965883255 
vn 0.028173523023724556 -0.41427746415138245 0.9097144603729248 
vn 0.08089636266231537 -0.7336090207099915 0.67473965883255 
vn 0.048805177211761475 -0.41635453701019287 0.9078915119171143 
vn 0.13692131638526917 -0.728236973285675 0.6715083718299866 
vn 0.07114671915769577 -0.4131236970424652 0.9078915119171143 
vn 0.18844136595726013 -0.7166354656219482 0.6715083718299866 
vn 0.10060339421033859 -0.4069545567035675 0.9078915119171143 
vn 0.2532389163970947 -0.6963810324668884 0.6715083718299866 
vn 0.1295415461063385 -0.3986878991127014 0.9078915119171143 
vn 0.15781202912330627 -0.38836634159088135 0.9078915119171143 
vn -0.010799530893564224 -0.03323753923177719 0.999389111995697 
vn -0.017523931339383125 -0.03519279882311821 0.9992268681526184 
vn -0.18984879553318024 0.318800687789917 0.9286137819290161 
vn -0.22321149706840515 0.3014596104621887 0.926983654499054 
vn -0.3310808539390564 0.6186593174934387 0.7124928832054138 
vn -0.3892444670200348 0.5838172435760498 0.7124928832054138 
vn -0.4932580292224884 0.7738698124885559 0.3972681760787964 
vn -0.4415299892425537 0.5493398308753967 0.7094202041625977 
vn -0.5639419555664062 0.7261682152748108 0.3932546079158783 
vn -0.4938385486602783 0.5071645379066467 0.7063339352607727 
vn -0.6262043714523315 0.6755481958389282 0.3892335295677185 
vn -0.5352033972740173 0.46330299973487854 0.7063339352607727 
vn -0.688819944858551 0.6141206622123718 0.3852050006389618 
vn -0.5804528594017029 0.41053152084350586 0.7032341957092285 
vn -0.7412248253822327 0.5497298240661621 0.3852050006389618 
vn -0.7897447943687439 0.4806383550167084 0.3811691105365753 
vn -0.7963150143623352 0.604688823223114 0.0152922747656703 
vn -0.8517991900444031 0.5237545371055603 0.010923261754214764 
vn -0.35511308908462524 -0.846210777759552 -0.3972681760787964 
vn -0.36158594489097595 -0.9321314692497253 -0.01966099627315998 
vn -0.2986357808113098 -0.8677526712417603 -0.3972681760787964 
vn -0.29744553565979004 -0.9545363187789917 -0.01966099627315998 
vn -0.23356258869171143 -0.8874832391738892 -0.3972681760787964 
vn -0.23190946877002716 -0.9724405407905579 -0.024029340595006943 
vn -0.15786238014698029 -0.9870527386665344 -0.028397228568792343 
vn -0.1966402530670166 -0.9148344993591309 0.3527185618877411 
vn -0.12794898450374603 -0.928487241268158 0.34862664341926575 
vn -0.056537095457315445 -0.9370720386505127 0.34452807903289795 
vn 0.01885583996772766 -0.9385866522789001 0.34452807903289795 
vn 0.09603378176689148 -0.9353554248809814 0.34042292833328247 
vn 0.17070184648036957 -0.9246475696563721 0.34042292833328247 
vn 0.25154951214790344 -0.905999481678009 0.34042292833328247 
vn 0.3304385244846344 -0.8802968859672546 0.34042292833328247 
vn 0.41168296337127686 -0.8436927795410156 0.34452807903289795 
vn 0.3122005760669708 -0.6687728762626648 0.67473965883255 
vn 0.4845466613769531 -0.8040615320205688 0.34452807903289795 
vn 0.3657580316066742 -0.6410518288612366 0.67473965883255 
vn 0.5509085655212402 -0.7582606077194214 0.34862664341926575 
vn 0.41949063539505005 -0.6036559343338013 0.677958071231842 
vn 0.614067792892456 -0.7060526609420776 0.3527185618877411 
vn 0.4689983129501343 -0.5621893405914307 0.681163489818573 
vn 0.5208860635757446 -0.5102299451828003 0.6843559741973877 
vn 0.250480979681015 -0.32617536187171936 0.9115201234817505 
vn 0.2798900604248047 -0.29585373401641846 0.913308322429657 
vn -0.010758893564343452 -0.037813588976860046 0.9992268681526184 
vn -0.008770721964538097 -0.029296252876520157 0.9995322823524475 
vn -0.3227275013923645 0.20659132301807404 0.9236704111099243 
vn -0.33794161677360535 0.1806335598230362 0.9236704111099243 
vn -0.6131772398948669 0.3598267138004303 0.7032341957092285 
vn -0.8296496272087097 0.4079112708568573 0.3811691105365753 
vn -0.8957030773162842 0.44451847672462463 0.010923261754214764 
vn -0.9294984340667725 0.3686642050743103 0.010923261754214764 
vn -0.641483724117279 0.30652937293052673 0.7032341957092285 
vn -0.3510722219944 0.15356212854385376 0.9236704111099243 
vn -0.0017888620495796204 -0.026152238249778748 0.9996563792228699 
vn 0.30599403381347656 -0.2687666714191437 0.913308322429657 
vn 0.5668870210647583 -0.4537997841835022 0.6875353455543518 
vn 0.6776730418205261 -0.6430010199546814 0.3568037748336792 
vn 0.7382673621177673 -0.6742216348648071 -0.01966099627315998 
vn 0.6685633063316345 -0.7432669401168823 -0.024029340595006943 
vn 0.6263588070869446 -0.6730716824531555 -0.3932546079158783 
vn 0.5984864830970764 -0.8006294965744019 -0.028397228568792343 
vn 0.5602843165397644 -0.7268146276473999 -0.3972681760787964 
vn 0.5235745310783386 -0.8515064716339111 -0.028397228568792343 
vn 0.4966474175453186 -0.7696235179901123 -0.401274174451828 
vn 0.44430631399154663 -0.8952755928039551 -0.03276457265019417 
vn 0.4229189157485962 -0.81048983335495 -0.405272513628006 
vn 0.36140647530555725 -0.931668758392334 -0.03713129088282585 
vn 0.34067457914352417 -0.8483483791351318 -0.405272513628006 
vn 0.25161704421043396 -0.8770362138748169 -0.40926313400268555 
vn 0.1708213984966278 -0.8962832689285278 -0.40926313400268555 
vn 0.08861025422811508 -0.9081034660339355 -0.40926313400268555 
vn 0.0018870099447667599 -0.9141939878463745 -0.405272513628006 
vn -0.08103498816490173 -0.9105973243713379 -0.405272513628006 
vn -0.1615331470966339 -0.9016019701957703 -0.401274174451828 
vn 0.0979495495557785 -0.9944984316825867 -0.03713129088282585 
vn 0.015092821791768074 -0.9991964101791382 -0.03713129088282585 
vn -0.07540678232908249 -0.996614396572113 -0.03276457265019417 
vn 0.18754860758781433 -0.9815532565116882 -0.03713129088282585 
vn 0.27560847997665405 -0.9605525732040405 -0.03713129088282585 
vn -0.2569306194782257 -0.8981524109840393 0.3568037748336792 
vn -0.008770721964538097 -0.029296252876520157 0.9995322823524475 
vn -0.15662220120429993 0.3363717198371887 0.9286137819290161 
vn -0.11269058287143707 0.3492565155029297 0.9302261471748352 
vn -0.20435921847820282 0.6679989695549011 0.715552031993866 
vn -0.1347472071647644 0.6822469234466553 0.7185974717140198 
vn -0.17071004211902618 0.8981159329414368 0.405272513628006 
vn -0.08855047821998596 0.9098972678184509 0.405272513628006 
vn -0.0979495495557785 0.9944984316825867 0.03713129088282585 
vn -0.0150928208604455 0.9991964101791382 0.03713129088282585 
vn 0.0678783655166626 0.997155487537384 0.03276457265019417 
vn 0.15040382742881775 0.9882166981697083 0.028397228568792343 
vn -0.26819783449172974 0.6450234651565552 0.715552031993866 
vn -0.25871071219444275 0.8768255114555359 0.405272513628006 
vn -0.340480238199234 0.850324809551239 0.401274174451828 
vn -0.36140647530555725 0.931668758392334 0.03713129088282585 
vn -0.4213285744190216 0.8152669668197632 0.3972681760787964 
vn -0.44430631399154663 0.8952755928039551 0.03276457265019417 
vn -0.5235745310783386 0.8515064716339111 0.028397228568792343 
vn -0.5985550284385681 0.8007212281227112 0.024029340595006943 
vn -0.6685633063316345 0.7432669401168823 0.024029340595006943 
vn -0.7382673621177673 0.6742216348648071 0.01966099627315998 
vn -0.0017888620495796204 -0.026152238249778748 0.9996563792228699 
vn -0.06906155496835709 0.3604300022125244 0.9302261471748352 
vn -0.060193441808223724 0.6928163170814514 0.7185974717140198 
vn -0.005660997703671455 0.9141783714294434 0.405272513628006 
vn 0.08097891509532928 0.9123713374137878 0.401274174451828 
vn 0.07901673763990402 0.6940761208534241 0.715552031993866 
vn 0.14597627520561218 0.683137059211731 0.715552031993866 
vn 0.06360868364572525 0.36555489897727966 0.9286137819290161 
vn 0.10584254562854767 0.3598591983318329 0.926983654499054 
vn 0.04946611449122429 -0.02785879746079445 0.9983872175216675 
vn 0.055455323308706284 -0.03484489023685455 0.9978529810905457 
vn 0.055455323308706284 -0.03484489023685455 0.9978529810905457 
vn 0.04549749568104744 -0.033955663442611694 0.9983872175216675 
vn 0.03446967154741287 -0.026828821748495102 0.9990455508232117 
vn -0.13103652000427246 -0.3813916742801666 0.9150791168212891 
vn 0.017892003059387207 -0.019157657399773598 0.9996563792228699 
vn -0.16617506742477417 -0.3630483150482178 0.916832447052002 
vn -0.19107823073863983 -0.3460078537464142 0.9185682535171509 
vn -0.3201884627342224 -0.6450154781341553 0.6938546895980835 
vn -0.3600575029850006 -0.6236379146575928 0.6938546895980835 
vn -0.4302252531051636 -0.8256604075431824 0.3649536371231079 
vn -0.47122976183891296 -0.8011043071746826 0.3690181374549866 
vn -0.517306923866272 -0.8557302355766296 -0.010923261754214764 
vn -0.5555371046066284 -0.8314200043678284 -0.010923261754214764 
vn -0.5926268100738525 -0.8054030537605286 -0.010923261754214764 
vn -0.5159671306610107 -0.7730481624603271 0.3690181374549866 
vn -0.3948555588722229 -0.5985713601112366 0.6969945430755615 
vn -0.21685077250003815 -0.3304664194583893 0.9185682535171509 
vn 0.006688034627586603 -0.016146345064044 0.9998472929000854 
vn 0.20137813687324524 0.3212481737136841 0.9253358840942383 
vn 0.19497162103652954 0.32517629861831665 0.9253358840942383 
vn 0.3181161880493164 0.6289078593254089 0.7094202041625977 
vn 0.35119712352752686 0.8515620231628418 0.3892335295677185 
vn 0.36161357164382935 0.9322026371955872 0.0152922747656703 
vn 0.29744553565979004 0.9545363187789917 0.01966099627315998 
vn 0.207705557346344 0.317193865776062 0.9253358840942383 
vn 0.21395137906074524 0.313014954328537 0.9253358840942383 
vn 0.22618843615055084 0.30428990721702576 0.9253358840942383 
vn -0.0043693361803889275 -0.007567912340164185 0.999961793422699 
vn 0.0015174545114859939 -0.008605912327766418 0.999961793422699 
vn -0.25100719928741455 -0.30011335015296936 0.9202865362167358 
vn -0.4712020456790924 -0.5364691019058228 0.7001210451126099 
vn -0.6127451062202454 -0.6966764330863953 0.37307560443878174 
vn -0.6459798812866211 -0.6659764051437378 0.37307560443878174 
vn -0.696304976940155 -0.7176629304885864 -0.010923261754214764 
vn -0.24519465863704681 -0.30488067865371704 0.9202865362167358 
vn -0.4481281042098999 -0.5558882355690002 0.7001210451126099 
vn -0.5839328765869141 -0.7209972143173218 0.37307560443878174 
vn -0.6630830764770508 -0.7484660744667053 -0.010923261754214764 
vn -0.6285000443458557 -0.7777328491210938 -0.010923261754214764 
vn -0.5480895638465881 -0.7486069798469543 0.37307560443878174 
vn -0.4257422983646393 -0.5770113468170166 0.6969945430755615 
vn -0.23330017924308777 -0.31407591700553894 0.9202865362167358 
vn 0.0015174545114859939 -0.008605912327766418 0.999961793422699 
vn 0.03446967154741287 -0.026828821748495102 0.9990455508232117 
vn 0.023384787142276764 -0.025971436873078346 0.999389111995697 
vn 0.01205984503030777 -0.023274444043636322 0.9996563792228699 
vn 0.013141262345016003 0.36675140261650085 0.9302261471748352 
vn 0.007533459924161434 0.6953854560852051 0.7185974717140198 
vn -0.03188108280301094 0.3655993342399597 0.9302261471748352 
vn 0.18193133175373077 0.33264777064323425 0.9253358840942383 
vn 0.29090583324432373 0.6419476270675659 0.7094202041625977 
vn 0.16860517859458923 0.33959659934043884 0.9253358840942383 
vn 0.24910639226436615 0.6592943072319031 0.7094202041625977 
vn 0.14136843383312225 0.3474424183368683 0.926983654499054 
vn 0.2024468630552292 0.6718401312828064 0.7124928832054138 
vn 0.29271256923675537 0.8715906143188477 0.3932546079158783 
vn 0.2314383089542389 0.8880395889282227 0.3972681760787964 
vn 0.1577054262161255 0.904050350189209 0.3972681760787964 
vn 0.23190946877002716 0.9724405407905579 0.024029340595006943 
vn -0.18751636147499084 0.9813845157623291 0.04149730131030083 
vn -0.27560847997665405 0.9605525732040405 0.03713129088282585 
vn 0.18666782975196838 -0.3709106147289276 0.9097144603729248 
vn -0.017546063289046288 -0.04000099375844002 0.9990455508232117 
vn 0.21943815052509308 -0.35251447558403015 0.9097144603729248 
vn -0.017546063289046288 -0.04000099375844002 0.9990455508232117 
vn -0.017546063289046288 -0.04000099375844002 0.9990455508232117 
vn -0.30092400312423706 0.2372293621301651 0.9236704111099243 
vn -0.2791494131088257 0.2565719187259674 0.9253358840942383 
vn -0.25239402055740356 0.2829325199127197 0.9253358840942383 
vn 0.6845311522483826 -0.6138142347335815 -0.3932546079158783 
vn 0.7434367537498474 -0.5438741445541382 -0.3892335295677185 
vn 0.7894189357757568 -0.4746735692024231 -0.3892335295677185 
vn 0.8289787173271179 -0.40161117911338806 -0.3892335295677185 
vn 0.8617942333221436 -0.32528141140937805 -0.3892335295677185 
vn 0.8834384679794312 -0.26083269715309143 -0.3892335295677185 
vn 0.8986408710479736 -0.20234103500843048 -0.3892335295677185 
vn 0.9087715744972229 -0.15043765306472778 -0.3892335295677185 
vn 0.9133580327033997 -0.105489082634449 -0.3932546079158783 
vn 0.987392008304596 -0.15791665017604828 -0.010923261754214764 
vn 0.9935315847396851 -0.11302972584962845 -0.010923261754214764 
vn 0.9242515563964844 -0.09790139645338058 0.3690181374549866 
vn 0.9274629354476929 -0.06031656637787819 0.3690181374549866 
vn 0.7131218910217285 -0.07520466297864914 0.6969945430755615 
vn 0.7156519889831543 -0.04517598822712898 0.6969945430755615 
vn 0.39497578144073486 -0.015047917142510414 0.9185682535171509 
vn 0.7167202234268188 -0.022599220275878906 0.6969945430755615 
vn 0.39519068598747253 -0.007525322493165731 0.9185682535171509 
vn 0.7170368432998657 -0.007534182630479336 0.6969945430755615 
vn 0.39526233077049255 0 0.9185682535171509 
vn 0.7170764207839966 0 0.6969945430755615 
vn 0.39519068598747253 0.007525322493165731 0.9185682535171509 
vn 0.7169181108474731 0.01506753358989954 0.6969945430755615 
vn 0.39497578144073486 0.015047917142510414 0.9185682535171509 
vn 0.7167202234268188 0.022599220275878906 0.6969945430755615 
vn 0.3946177065372467 0.02256505750119686 0.9185682535171509 
vn 0.7164432406425476 0.030128413811326027 0.6969945430755615 
vn 0.3946177065372467 0.02256505750119686 0.9185682535171509 
vn 0.7160871028900146 0.03765428066253662 0.6969945430755615 
vn 0.3946177065372467 0.02256505750119686 0.9185682535171509 
vn 0.7160871028900146 0.03765428066253662 0.6969945430755615 
vn 0.3946177065372467 0.02256505750119686 0.9185682535171509 
vn 0.7164432406425476 0.030128413811326027 0.6969945430755615 
vn 0.39497578144073486 0.015047917142510414 0.9185682535171509 
vn 0.39526233077049255 0 0.9185682535171509 
vn 0.016146345064044 -0.006688034627586603 0.9998472929000854 
vn 0.017892003059387207 -0.019157657399773598 0.9996563792228699 
vn -0.3691440522670746 -0.037538278847932816 0.9286137819290161 
vn -0.3673195242881775 -0.0524672195315361 0.9286137819290161 
vn -0.6934277415275574 -0.0526847243309021 0.7185974717140198 
vn -0.6928163170814514 -0.060193441808223724 0.7185974717140198 
vn -0.9157170653343201 -0.06033441051840782 0.3972681760787964 
vn -0.6921235918998718 -0.06769509613513947 0.7185974717140198 
vn -0.9157170653343201 -0.06033441051840782 0.3972681760787964 
vn -0.6944925785064697 -0.07526902854442596 0.715552031993866 
vn -0.9174507260322571 -0.06029035523533821 0.3932546079158783 
vn -0.6936395168304443 -0.08276213705539703 0.715552031993866 
vn -0.9174507260322571 -0.06029035523533821 0.3932546079158783 
vn -0.916182279586792 -0.05280153825879097 0.3972681760787964 
vn -0.9994269013404846 -0.03019949607551098 0.0152922747656703 
vn -0.999854564666748 -0.007550950627774 0.0152922747656703 
vn 0.9163301587104797 -0.07543076574802399 -0.3932546079158783 
vn 0.9970902800559998 -0.07544279098510742 -0.010923261754214764 
vn 0.9183134436607361 -0.04529104754328728 -0.3932546079158783 
vn 0.9989140033721924 -0.04529322683811188 -0.010923261754214764 
vn 0.9189334511756897 -0.03020082414150238 -0.3932546079158783 
vn 0.9996837377548218 -0.02265242673456669 -0.010923261754214764 
vn 0.999854564666748 -0.007550950627774 -0.0152922747656703 
vn 0.9292997121810913 -0.015089083462953568 0.3690181374549866 
vn 0.9294221997261047 0 0.3690181374549866 
vn 0.9293915629386902 0.007544790394604206 0.3690181374549866 
vn 0.9291465878486633 0.022632382810115814 0.3690181374549866 
vn 0.928932249546051 0.030174190178513527 0.3690181374549866 
vn 0.9286566972732544 0.03771400824189186 0.3690181374549866 
vn 0.9283199310302734 0.04525134339928627 0.3690181374549866 
vn 0.9283199310302734 0.04525134339928627 0.3690181374549866 
vn 0.9270347952842712 0.037696897983551025 0.37307560443878174 
vn 0.7167202234268188 0.022599220275878906 0.6969945430755615 
vn 0.9270347952842712 0.037696897983551025 0.37307560443878174 
vn 0.7170368432998657 0.007534182630479336 0.6969945430755615 
vn 0.9275251030921936 0.022622125223279 0.37307560443878174 
vn 0.7170764207839966 0 0.6969945430755615 
vn 0.9277703166007996 0.007541372440755367 0.37307560443878174 
vn 0.7167202234268188 -0.022599220275878906 0.6969945430755615 
vn 0.7186940312385559 -0.0452163964509964 0.6938546895980835 
vn 0.40075361728668213 -0.04501897469162941 0.9150791168212891 
vn 0.40164878964424133 -0.06742493063211441 0.913308322429657 
vn 0.018387380987405777 -0.08531774580478668 0.9961841106414795 
vn 0.022180303931236267 -0.10673747956752777 0.9940398335456848 
vn -0.3614118695259094 -0.10041287541389465 0.926983654499054 
vn -0.35905224084854126 -0.12179914861917496 0.9253358840942383 
vn -0.6936395168304443 -0.08276213705539703 0.715552031993866 
vn -0.6936395168304443 -0.08276213705539703 0.715552031993866 
vn -0.9169268012046814 -0.03772559016942978 0.3972681760787964 
vn -0.6936395168304443 -0.08276213705539703 0.715552031993866 
vn -0.9158881306648254 -0.011313867755234241 0.401274174451828 
vn -0.6904945969581604 -0.08267369121313095 0.7185974717140198 
vn -0.9141258001327515 0.011321778409183025 0.405272513628006 
vn -0.6913496851921082 -0.07518880814313889 0.7185974717140198 
vn -0.9094934463500977 0.04527096822857857 0.41324591636657715 
vn -0.6899723410606384 -0.05647601932287216 0.7216291427612305 
vn -0.9035130143165588 0.07915238291025162 0.42118772864341736 
vn -0.8947501182556152 0.10908060520887375 0.43303996324539185 
vn -0.976759135723114 0.20607326924800873 0.058952588587999344 
vn -0.9667372107505798 0.2466563880443573 0.06767380982637405 
vn -0.8890019655227661 0.34678298234939575 -0.2990269064903259 
vn -0.8771864771842957 0.3853122889995575 -0.2864931523799896 
vn -0.6782671809196472 0.3865070044994354 -0.6249527335166931 
vn -0.6650791764259338 0.4290538430213928 -0.6112139225006104 
vn -0.3638634979724884 0.3758851885795593 -0.8522403836250305 
vn -0.3567744791507721 0.4075402021408081 -0.8406086564064026 
vn 0.0056805238127708435 0.32182028889656067 -0.946783721446991 
vn 0.013220029883086681 0.35451561212539673 -0.9349566102027893 
vn 0.024200547486543655 -0.13724812865257263 0.9902410507202148 
vn 0.40378332138061523 -0.09684314578771591 0.9097144603729248 
vn 0.7199623584747314 -0.06771589070558548 0.6907016038894653 
vn 0.9286566972732544 -0.03771400824189186 0.3690181374549866 
vn 0.9293915629386902 -0.007544790394604206 0.3690181374549866 
vn 0.9996837377548218 0.02265242673456669 -0.010923261754214764 
vn 0.9992275834083557 0.0377483032643795 -0.010923261754214764 
vn 0.9989140033721924 0.04529322683811188 -0.010923261754214764 
vn 0.9985435009002686 0.05283556878566742 -0.010923261754214764 
vn 0.9985435009002686 0.05283556878566742 -0.010923261754214764 
vn 0.9174456000328064 0.06036905199289322 -0.3932546079158783 
vn 0.9174456000328064 0.06036905199289322 -0.3932546079158783 
vn 0.026030298322439194 -0.17627683281898499 0.9839963912963867 
vn 0.40163442492485046 -0.13327082991600037 0.9060511589050293 
vn 0.7204052805900574 -0.11257516592741013 0.6843559741973877 
vn 0.9279676079750061 -0.07539872080087662 0.3649536371231079 
vn 0.9999118447303772 0.007551383227109909 -0.010923261754214764 
vn 0.9200237393379211 0.045316070318222046 -0.3892335295677185 
vn 0.9174456000328064 0.06036905199289322 -0.3932546079158783 
vn 0.9206433296203613 0.0302174910902977 -0.3892335295677185 
vn 0.9193055629730225 0.015102448873221874 -0.3932546079158783 
vn 0.9175781011581421 -0.015113590285182 -0.3972681760787964 
vn 0.9130743741989136 -0.04526975005865097 -0.405272513628006 
vn 0.905009925365448 -0.08296910673379898 -0.417220801115036 
vn 0.8980439901351929 -0.11299258470535278 -0.42514660954475403 
vn 0.9762156009674072 -0.20981654524803162 -0.05459024757146835 
vn 0.9667372107505798 -0.2466563880443573 -0.06767380982637405 
vn 0.8876137137413025 -0.34672120213508606 0.30319350957870483 
vn 0.8775420188903809 -0.3813490569591522 0.29067665338516235 
vn 0.679996907711029 -0.3889697790145874 0.6215357780456543 
vn 0.6654519438743591 -0.4284754693508148 0.6112139225006104 
vn 0.35736116766929626 -0.4118940830230713 0.838234007358551 
vn 0.650958240032196 -0.4729488790035248 0.5937783122062683 
vn 0.3451017737388611 -0.4500032067298889 0.8236515522003174 
vn 0.6293907165527344 -0.5215582251548767 0.5760593414306641 
vn 0.3263128101825714 -0.5023622512817383 0.8007197380065918 
vn 0.6083136796951294 -0.5749709606170654 0.5471406579017639 
vn 0.29530224204063416 -0.5642104744911194 0.7710143327713013 
vn 0.5781594514846802 -0.6368469595909119 0.5100564956665039 
vn 0.2660626769065857 -0.6287875175476074 0.7306414246559143 
vn 0.5399267077445984 -0.6995155811309814 0.46814218163490295 
vn 0.2314538061618805 -0.6977120041847229 0.677958071231842 
vn 0.5099507570266724 -0.7500340938568115 0.42118772864341736 
vn 0.19048605859279633 -0.7570661306381226 0.6249527335166931 
vn 0.4777173697948456 -0.7972525954246521 0.3690181374549866 
vn 0.15560606122016907 -0.8100789189338684 0.5652954578399658 
vn 0.4476294219493866 -0.8382063508033752 0.31150925159454346 
vn 0.11656060814857483 -0.8588794469833374 0.4987381398677826 
vn 0.41977590322494507 -0.8729166984558105 0.24860523641109467 
vn 0.0790955126285553 -0.9016619324684143 0.42514660954475403 
vn 0.0452822782099247 -0.9361671805381775 0.34862664341926575 
vn -0.26514533162117004 -0.7989420294761658 0.5398051738739014 
vn -0.29937824606895447 -0.8335584998130798 0.4642767012119293 
vn -0.605536937713623 -0.6108742356300354 0.5100564956665039 
vn -0.6346318125724792 -0.6319648623466492 0.44481781125068665 
vn -0.8225473761558533 -0.299382746219635 0.4835140109062195 
vn -0.844991147518158 -0.31379345059394836 0.43303996324539185 
vn -0.9308967590332031 0.05652682110667229 0.36088213324546814 
vn -0.8636830449104309 -0.32506728172302246 0.3852050006389618 
vn -0.941935122013092 0.0490497350692749 0.33219319581985474 
vn -0.8782922625541687 -0.3357304632663727 0.34042292833328247 
vn -0.9505172967910767 0.04527872055768967 0.30735430121421814 
vn -0.8959230780601501 -0.3359002470970154 0.29067665338516235 
vn -0.9608603715896606 0.041480109095573425 0.27391019463539124 
vn -0.9115262627601624 -0.3397986590862274 0.23163928091526031 
vn -0.9720701575279236 0.03772074729204178 0.23163928091526031 
vn -0.9844201803207397 0.03773367404937744 0.17173540592193604 
vn -0.8867784142494202 0.41987141966819763 0.19321508705615997 
vn -0.8950719237327576 0.41668498516082764 0.15880759060382843 
vn -0.6650539040565491 0.7371123433113098 0.11986933648586273 
vn -0.6737187504768372 0.7324404716491699 0.0981530249118805 
vn -0.32779568433761597 0.9429075121879578 0.058952588587999344 
vn -0.32977649569511414 0.9416303634643555 0.06767380982637405 
vn 0.05283758416771889 0.99858158826828 -0.006554040592163801 
vn 0.06035414710640907 0.9977729916572571 0.028397228568792343 
vn 0.4377165138721466 0.8989830017089844 -0.0152922747656703 
vn 0.44423842430114746 0.8951388001441956 0.03713129088282585 
vn 0.8892120122909546 -0.1354825496673584 -0.43697428703308105 
vn 0.9561073780059814 -0.282883882522583 -0.0763898640871048 
vn 0.884885847568512 -0.15027977526187897 -0.4409002661705017 
vn 0.9463147521018982 -0.31184348464012146 -0.08510008454322815 
vn 0.8816108703613281 -0.15779539942741394 -0.44481781125068665 
vn 0.9377110600471497 -0.3332625925540924 -0.0981530249118805 
vn 0.92572420835495 -0.3614853322505951 -0.1111890971660614 
vn 0.8470267057418823 -0.4629022181034088 0.2612801790237427 
vn 0.8265067338943481 -0.5091399550437927 0.2401314377784729 
vn 0.8045509457588196 -0.5537539720535278 0.21460255980491638 
vn 0.7806699275970459 -0.5970467329025269 0.18463370203971863 
vn 0.7595091462135315 -0.6329247355461121 0.15017375349998474 
vn 0.740973711013794 -0.6622650027275085 0.1111890971660614 
vn 0.71979820728302 -0.6904360055923462 0.07203252613544464 
vn 0.6960657238960266 -0.7174162864685059 0.028397228568792343 
vn 0.6798295974731445 -0.7332106828689575 -0.0152922747656703 
vn 0.38567283749580383 -0.9039728045463562 0.18463370203971863 
vn 0.6671628952026367 -0.7432165741920471 -0.05022686347365379 
vn 0.3648528456687927 -0.9227433204650879 0.1242060661315918 
vn 0.6584312915802002 -0.7478142976760864 -0.08510008454322815 
vn 0.3509669303894043 -0.9336131811141968 0.07203252613544464 
vn 0.655512273311615 -0.7475878596305847 -0.10684575140476227 
vn 0.33319780230522156 -0.9424291849136353 0.028397228568792343 
vn 0.32619577646255493 -0.9452795386314392 -0.006554040592163801 
vn -0.026428870856761932 -0.9876404404640198 0.15449213981628418 
vn -0.04525405541062355 -0.9932451844215393 0.10684575140476227 
vn -0.40468350052833557 -0.8919166922569275 0.2017817199230194 
vn -0.42367783188819885 -0.894688069820404 0.1415284425020218 
vn -0.7206577658653259 -0.6632771492004395 0.2017817199230194 
vn -0.7352914214134216 -0.6645987033843994 0.1328723281621933 
vn -0.9273931980133057 -0.3366507291793823 0.16312000155448914 
vn -0.9935600161552429 0.037715695798397064 0.10684575140476227 
vn -0.9036348462104797 0.4136194586753845 0.1111890971660614 
vn -0.9087738990783691 0.41370272636413574 0.05459024757146835 
vn -0.6768978834152222 0.7329593896865845 0.06767380982637405 
vn -0.6796348690986633 0.7330006957054138 0.028397228568792343 
vn -0.3368951976299286 0.9391069412231445 0.06767380982637405 
vn -0.33491554856300354 0.9404021501541138 0.058952588587999344 
vn 0.05847683921456337 0.9967950582504272 0.05459024757146835 
vn 0.06411359459161758 0.9950146079063416 0.0763898640871048 
vn 0.44070351123809814 0.8940137028694153 0.08074574917554855 
vn 0.43874022364616394 0.8880780935287476 0.1372016966342926 
vn 0.05467963591217995 0.9940879940986633 0.09380380809307098 
vn -0.3401494026184082 0.9394553303718567 0.04149730131030083 
vn -0.6742216348648071 0.7382673621177673 -0.01966099627315998 
vn -0.9087722897529602 0.41728663444519043 -0.002184694167226553 
vn -0.9980669021606445 0.05281035229563713 -0.03276457265019417 
vn -0.9982846975326538 0.04526469111442566 0.03713129088282585 
vn -0.9447512030601501 -0.322443425655365 -0.058952588587999344 
vn -0.9426991939544678 -0.33329325914382935 0.0152922747656703 
vn -0.755111813545227 -0.6511303186416626 -0.0763898640871048 
vn -0.7534522414207458 -0.6574118733406067 -0.010923261754214764 
vn -0.4510546028614044 -0.8918947577476501 -0.03276457265019417 
vn -0.7491308450698853 -0.6597936153411865 0.058952588587999344 
vn -0.44445905089378357 -0.8955833911895752 0.01966099627315998 
vn -0.4339231848716736 -0.89732426404953 0.08074574917554855 
vn -0.06790688633918762 -0.9975744485855103 0.0152922747656703 
vn -0.05469445884227753 -0.9967613220214844 0.058952588587999344 
vn 0.31715962290763855 -0.9467996954917908 -0.05459024757146835 
vn 0.31883472204208374 -0.9470826983451843 -0.03713129088282585 
vn 0.6605270504951477 -0.7418603301048279 -0.11553031951189041 
vn 0.6534121632575989 -0.7467432022094727 -0.1242060661315918 
vn 0.8808696269989014 -0.43018871545791626 -0.1975002884864807 
vn 0.6537632942199707 -0.7471445202827454 -0.11986933648586273 
vn 0.8769137859344482 -0.4300789535045624 -0.21460255980491638 
vn 0.8702235817909241 -0.4370427131652832 -0.22738653421401978 
vn 0.8702235817909241 -0.4370427131652832 -0.22738653421401978 
vn 0.8679423928260803 -0.44372203946113586 -0.22312943637371063 
vn 0.8701617121696472 -0.44358131289482117 -0.21460255980491638 
vn 0.9311266541481018 -0.0754598081111908 -0.3568037748336792 
vn 0.922443151473999 -0.08291313052177429 -0.37712597846984863 
vn -0.9373515248298645 -0.33670511841773987 0.08945280313491821 
vn 0.8008587956428528 -0.5986579060554504 -0.0152922747656703 
vn 0.7396033406257629 -0.5681117177009583 0.36088213324546814 
vn 0.7911656498908997 -0.49378231167793274 0.36088213324546814 
vn 0.6108769774436951 -0.3925868272781372 0.6875353455543518 
vn 0.33360373973846436 -0.22658050060272217 0.9150791168212891 
vn 5.42963238728115e-15 -0.017476677894592285 0.9998472929000854 
vn 4.0606729845218004e-15 -0.013107799924910069 0.9999141097068787 
vn -0.3595036268234253 0.13262788951396942 0.9236704111099243 
vn -0.3688012659549713 0.10401271283626556 0.9236704111099243 
vn -0.665168285369873 0.2510235011577606 0.7032341957092285 
vn -0.6788172721862793 0.20074723660945892 0.7063339352607727 
vn -0.8628745675086975 0.3318999111652374 0.3811691105365753 
vn -0.8830942511558533 0.2678837180137634 0.3852050006389618 
vn -0.9568832516670227 0.29026734828948975 0.010923261754214764 
vn -0.9743873476982117 0.2246105968952179 0.010923261754214764 
vn -0.986171305179596 0.16536876559257507 0.010923261754214764 
vn -0.9004082083702087 0.20219342410564423 0.3852050006389618 
vn -0.9105050563812256 0.1503250002861023 0.3852050006389618 
vn -0.6951079368591309 0.11639554053544998 0.7094202041625977 
vn -0.9146484732627869 0.10915810614824295 0.3892335295677185 
vn -0.6994529366493225 0.08653651922941208 0.7094202041625977 
vn -0.9183511137962341 0.07161349803209305 0.3892335295677185 
vn -0.6987572312355042 0.06397026777267456 0.7124928832054138 
vn -0.700455367565155 0.041425976902246475 0.7124928832054138 
vn -0.3741762638092041 0.026332689449191093 0.926983654499054 
vn -0.3746294379234314 0.018816648051142693 0.926983654499054 
vn 0.012357876636087894 0.012357876636087894 0.9998472929000854 
vn 0.012357876636087894 0.012357876636087894 0.9998472929000854 
vn 0.012357876636087894 0.012357876636087894 0.9998472929000854 
vn 0.012357876636087894 0.012357876636087894 0.9998472929000854 
vn 0.012357876636087894 0.012357876636087894 0.9998472929000854 
vn 0.012357876636087894 0.012357876636087894 0.9998472929000854 
vn -0.6902503967285156 0.1569928377866745 0.7063339352607727 
vn -0.3693414628505707 0.08567626029253006 0.9253358840942383 
vn 0.006694211158901453 -0.005617110058665276 0.999961793422699 
vn 0.3770625591278076 -0.11855857819318771 0.9185682535171509 
vn 0.3683364987373352 -0.15409891307353973 0.916832447052002 
vn 0.6893801689147949 -0.20813614130020142 0.6938546895980835 
vn 0.6695460081100464 -0.26509201526641846 0.6938546895980835 
vn 0.8900152444839478 -0.26776570081710815 0.3690181374549866 
vn 0.867027997970581 -0.3392215669155121 0.3649536371231079 
vn 0.9322560429573059 -0.3616342842578888 -0.010923261754214764 
vn 0.833370566368103 -0.41509321331977844 0.3649536371231079 
vn 0.8990345001220703 -0.43774157762527466 -0.010923261754214764 
vn 0.8517504334449768 -0.5237245559692383 -0.0152922747656703 
vn 0.6450902223587036 -0.32678714394569397 0.6907016038894653 
vn 0.3521820604801178 -0.18811176717281342 0.916832447052002 
vn 0.9286566972732544 -0.03771400824189186 0.3690181374549866 
vn 0.877531111240387 -0.43695858120918274 -0.1975002884864807 
vn 0.8802673816680908 -0.43708088994026184 -0.18463370203971863 
vn 0.8901153206825256 -0.42386576533317566 -0.16742929816246033 
vn 0.8988535404205322 -0.4101152718067169 -0.15449213981628418 
vn 0.8980439901351929 -0.11299258470535278 -0.42514660954475403 
vn 0.90449458360672 -0.10543879121541977 -0.41324591636657715 
vn 0.913225531578064 -0.09053812175989151 -0.3972681760787964 
vn 0.892248809337616 -0.12793923914432526 -0.43303996324539185 
vn 0.8872885704040527 -0.13537326455116272 -0.4409002661705017 
vn 0.8829103112220764 -0.1503545343875885 -0.44481781125068665 
vn 0.8809176683425903 -0.15042680501937866 -0.4487268626689911 
vn 0.9077505469322205 -0.39643993973731995 -0.1372016966342926 
vn 0.9156385064125061 -0.38233354687690735 -0.1242060661315918 
vn -0.2251199334859848 -0.7587743997573853 0.6112139225006104 
vn -0.5706157088279724 -0.5852805376052856 0.5760593414306641 
vn -0.5388839840888977 -0.5455484986305237 0.641857385635376 
vn -0.7786728739738464 -0.24864475429058075 0.5760593414306641 
vn -0.7576040625572205 -0.21959373354911804 0.6146662831306458 
vn -0.8956314325332642 0.10159101337194443 0.43303996324539185 
vn -0.8899388313293457 0.11668675392866135 0.4409002661705017 
vn -0.8989396095275879 0.40657028555870056 0.16312000155448914 
vn -0.9073319435119629 0.39267870783805847 0.15017375349998474 
vn -0.7880303859710693 0.5911979675292969 -0.17173540592193604 
vn -0.9181799292564392 0.37164679169654846 0.1372016966342926 
vn -0.810729444026947 0.5479574799537659 -0.2060592919588089 
vn -0.9273442625999451 0.35449108481407166 0.11986933648586273 
vn -0.8305827379226685 0.5064342021942139 -0.23163928091526031 
vn -0.8510882258415222 0.46013399958610535 -0.25283506512641907 
vn -0.6366403102874756 0.5166751146316528 -0.5724822878837585 
vn -0.652730405330658 0.47050002217292786 -0.5937783122062683 
vn -0.34453070163726807 0.44589436054229736 -0.8261215686798096 
vn -0.8020917177200317 -0.2776671051979065 0.528724730014801 
vn -0.9046682715415955 0.08661496639251709 0.417220801115036 
vn -0.912536084651947 0.07910043746232986 0.401274174451828 
vn -0.8806962966918945 0.42651331424713135 0.2060592919588089 
vn -0.9220133423805237 0.06783449649810791 0.3811691105365753 
vn -0.875822126865387 0.43015384674072266 0.21886809170246124 
vn -0.8721587657928467 0.433167964220047 0.22738653421401978 
vn -0.8726878762245178 0.4298361837863922 0.23163928091526031 
vn -0.8754884600639343 0.42639803886413574 0.22738653421401978 
vn -0.8818405270576477 0.419884592294693 0.21460255980491638 
vn -0.6590734720230103 0.7417513132095337 0.1242060661315918 
vn -0.660768449306488 0.7395014762878418 0.12854042649269104 
vn -0.333045095205307 0.9419972896575928 0.04149730131030083 
vn 0.05095016211271286 0.9974374175071716 -0.05022686347365379 
vn 0.42726507782936096 0.90089350938797 -0.0763898640871048 
vn -0.33329325914382935 0.9426991939544678 0.0152922747656703 
vn -0.3403768539428711 0.9400835037231445 -0.01966099627315998 
vn -0.6636711955070496 0.739714503288269 0.1111890971660614 
vn -0.3560633957386017 0.9323144555091858 -0.0633138045668602 
vn -0.6666350960731506 0.7399972081184387 0.08945280313491821 
vn -0.37007591128349304 0.9217898845672607 -0.11553031951189041 
vn -0.6752263307571411 0.7352509498596191 0.058952588587999344 
vn -0.3979686498641968 0.9003507494926453 -0.1760382205247879 
vn -0.6907072067260742 0.7227352261543274 0.024029340595006943 
vn -0.423130601644516 0.873668909072876 -0.2401314377784729 
vn -0.7069700956344604 0.7069700956344604 -0.01966099627315998 
vn -0.4545048773288727 0.8375554084777832 -0.30319350957870483 
vn -0.7234643697738647 0.6874523162841797 -0.0633138045668602 
vn -0.48148059844970703 0.7987117767333984 -0.36088213324546814 
vn -0.7422534823417664 0.6622336506843567 -0.10250037163496017 
vn -0.5181711316108704 0.7466093301773071 -0.417220801115036 
vn -0.7658277153968811 0.6272779107093811 -0.1415284425020218 
vn -0.5509528517723083 0.6934681534767151 -0.4642767012119293 
vn -0.5802121162414551 0.634977400302887 -0.5100564956665039 
vn -0.6106704473495483 0.5759454369544983 -0.5434780716896057 
vn -0.32987865805625916 0.49582430720329285 -0.8033295273780823 
vn -0.2991231083869934 0.5583683252334595 -0.7737894654273987 
vn -0.27171164751052856 0.6263672113418579 -0.7306414246559143 
vn -0.22839508950710297 0.6955946683883667 -0.681163489818573 
vn -0.19260519742965698 0.7565297484397888 -0.6249527335166931 
vn -0.15770111978054047 0.8121818900108337 -0.5616858005523682 
vn -0.12230157852172852 0.860273540019989 -0.4949462115764618 
vn -0.08479014784097672 0.9030014276504517 -0.42118772864341736 
vn -0.04341139644384384 0.937771737575531 -0.34452807903289795 
vn -0.015106595121324062 0.9616366028785706 -0.27391019463539124 
vn 0.0037766152527183294 0.9785321950912476 -0.2060592919588089 
vn 0.028300803154706955 0.9882544875144958 -0.15017375349998474 
vn 0.037749674171209335 0.994455099105835 -0.0981530249118805 
vn 0.052839506417512894 0.45931127667427063 -0.8867024183273315 
vn 0.08468016982078552 0.5237767696380615 -0.8476362228393555 
vn 0.11453580856323242 0.591545820236206 -0.7980946898460388 
vn 0.15169398486614227 0.6524865627288818 -0.7424622178077698 
vn 0.18857735395431519 0.7074283361434937 -0.681163489818573 
vn 0.22726298868656158 0.7581352591514587 -0.6112139225006104 
vn 0.267302930355072 0.7982227206230164 -0.5398051738739014 
vn 0.3071630597114563 0.8328748345375061 -0.46040233969688416 
vn 0.3391551077365875 0.858248770236969 -0.3852050006389618 
vn 0.3626815974712372 0.8768249154090881 -0.31565824151039124 
vn 0.3837244510650635 0.8881610035896301 -0.25283506512641907 
vn 0.40285825729370117 0.8936995267868042 -0.1975002884864807 
vn 0.41709980368614197 0.8984450101852417 -0.1372016966342926 
vn 0.02834058180451393 0.40227726101875305 -0.9150791168212891 
vn 0.9985435009002686 0.05283556878566742 -0.010923261754214764 
vn 0.998856782913208 0.04529063403606415 -0.0152922747656703 
vn 0.9991703629493713 0.037746138870716095 -0.0152922747656703 
vn 0.9994269013404846 0.03019949607551098 -0.0152922747656703 
vn 0.917204737663269 0.03022308088839054 -0.3972681760787964 
vn 0.9186544418334961 0.037747208029031754 -0.3932546079158783 
vn 0.9179104566574097 0.05283183231949806 -0.3932546079158783 
vn 0.9174225330352783 0.022669102996587753 -0.3972681760787964 
vn 0.9176714420318604 0.007557051256299019 -0.3972681760787964 
vn 0.9194296002388 0 -0.3932546079158783 
vn 0.9193055629730225 -0.015102448873221874 -0.3932546079158783 
vn 0.9997690320014954 0.015101470053195953 -0.0152922747656703 
vn 0.999854564666748 0.007550950627774 -0.0152922747656703 
vn 0.9590480327606201 -0.2830328643321991 -0.010923261754214764 
vn 0.9071865677833557 -0.20208443701267242 0.3690181374549866 
vn 0.702772319316864 -0.15708822011947632 0.6938546895980835 
vn 0.38662490248680115 -0.08217965811491013 0.9185682535171509 
vn 0.008738672360777855 0 0.999961793422699 
vn 0.006694211158901453 0.005617110058665276 0.999961793422699 
vn -0.373780220746994 0.0635758712887764 0.9253358840942383 
vn -0.376006156206131 0.048712581396102905 0.9253358840942383 
vn 0.9760558009147644 -0.21724578738212585 -0.010923261754214764 
vn 0.918388843536377 -0.14278487861156464 0.3690181374549866 
vn 0.7093324065208435 -0.10510051250457764 0.6969945430755615 
vn 0.39068591594696045 -0.05997367948293686 0.9185682535171509 
vn 0.3934725522994995 -0.03757207468152046 0.9185682535171509 
vn 0.011351687833666801 0.006553899962455034 0.9999141097068787 
vn 0.012357876636087894 0.012357876636087894 0.9998472929000854 
vn 0.39497578144073486 -0.015047917142510414 0.9185682535171509 
vn 0.017523931339383125 -0.03519279882311821 0.9992268681526184 
vn 0.3981354832649231 -0.030105942860245705 0.916832447052002 
vn 0.01615307293832302 -0.054425060749053955 0.9983872175216675 
vn 0.020166095346212387 -0.06687912344932556 0.9975572824478149 
vn -0.36515092849731445 -0.0858258381485939 0.926983654499054 
vn -0.9996926784515381 0.01510031707584858 0.01966099627315998 
vn -0.9978873133659363 0.06036106497049332 0.024029340595006943 
vn -0.9228444695472717 0.1801951825618744 -0.34042292833328247 
vn -0.7115572690963745 0.22682909667491913 -0.6650074124336243 
vn -0.39025965332984924 0.2405923753976822 -0.888714075088501 
vn -0.007554963231086731 0.25483620166778564 -0.9669547080993652 
vn -0.9938822388648987 0.10547315329313278 0.03276457265019417 
vn -0.9869718551635742 0.15421800315380096 0.04586252197623253 
vn -0.9139149785041809 0.23901943862438202 -0.3280687630176544 
vn -0.8999484777450562 0.3007533550262451 -0.31565824151039124 
vn -0.6921197772026062 0.34289607405662537 -0.6351318359375 
vn -0.37171122431755066 0.3409667909145355 -0.8634653687477112 
vn 0.003775685327127576 0.30525127053260803 -0.9522643685340881 
vn -0.7004384994506836 0.2906419634819031 -0.651853621006012 
vn -0.38270139694213867 0.2986256182193756 -0.87427818775177 
vn -2.941017993919083e-14 0.2843993604183197 -0.9587059020996094 
vn -0.36489149928092957 -0.06730995327234268 0.9286137819290161 
vn -0.36345240473747253 -0.07469137012958527 0.9286137819290161 
vn -0.8867784142494202 0.41987141966819763 0.19321508705615997 
vn -0.8926408886909485 0.4131229817867279 0.18033768236637115 
vn -0.9935315847396851 0.11302972584962845 0.010923261754214764 
vn -0.9970902800559998 0.07544279098510742 0.010923261754214764 
vn -0.9989140033721924 0.04529322683811188 0.010923261754214764 
vn -0.9183163046836853 0.04523196816444397 0.3932546079158783 
vn -0.9189347624778748 0.030161410570144653 0.3932546079158783 
vn -0.6979082226753235 0.030156800523400307 0.715552031993866 
vn -0.698396623134613 0.015081916004419327 0.715552031993866 
vn -0.37074294686317444 0.015036925673484802 0.9286137819290161 
vn -0.37097156047821045 0.007520007435232401 0.9286137819290161 
vn -0.7020841240882874 -0.6607496738433838 0.26549527049064636 
vn -0.6821799874305725 -0.6555109620094299 0.3239381015300751 
vn -0.6603578329086304 -0.6470221281051636 0.3811691105365753 
vn -0.38674187660217285 -0.8856358528137207 0.25706008076667786 
vn -0.3586619198322296 -0.8769770860671997 0.3198012113571167 
vn -0.01320918370038271 -0.9766121506690979 0.21460255980491638 
vn -0.33368492126464844 -0.8585753440856934 0.3892335295677185 
vn 0.015087652020156384 -0.9604308009147644 0.2781098484992981 
vn -0.999484121799469 0.030201226472854614 0.010923261754214764 
vn -0.999854564666748 0.007550950627774 0.0152922747656703 
vn -0.9193059206008911 0.015082734636962414 0.3932546079158783 
vn -0.9194296002388 -1.9015928968187795e-13 0.3932546079158783 
vn -0.6985187530517578 0.007541397586464882 0.715552031993866 
vn -0.9193986654281616 -0.00754162110388279 0.3932546079158783 
vn -0.6985594630241394 -1.4447823363031298e-13 0.715552031993866 
vn -0.6985187530517578 -0.007541397586464882 0.715552031993866 
vn -0.3710477650165558 -7.674125278387539e-14 0.9286137819290161 
vn -0.3710477650165558 -7.674125278387539e-14 0.9286137819290161 
vn 0.012357876636087894 0.012357876636087894 0.9998472929000854 
vn 0.011351687833666801 0.006553899962455034 0.9999141097068787 
vn -0.37097156047821045 0.007520007435232401 0.9286137819290161 
vn -0.9998830556869507 -2.0679891989377336e-13 0.0152922747656703 
vn -0.9997690320014954 -0.015101470053195953 0.0152922747656703 
vn -0.9994269013404846 -0.03019949607551098 0.0152922747656703 
vn -0.919151246547699 -0.022622834891080856 0.3932546079158783 
vn -0.9172060489654541 -0.03018353506922722 0.3972681760787964 
vn -0.698396623134613 -0.015081916004419327 0.715552031993866 
vn -0.6947734951972961 -0.030124999582767487 0.7185974717140198 
vn -0.37074294686317444 -0.015036925673484802 0.9286137819290161 
vn -0.3703620433807373 -0.022547665983438492 0.9286137819290161 
vn -0.6944063901901245 -0.037649620324373245 0.7185974717140198 
vn -0.9157170653343201 -0.06033441051840782 0.3972681760787964 
vn -0.9984862804412842 -0.05283254012465477 0.0152922747656703 
vn -0.9984862804412842 -0.05283254012465477 0.0152922747656703 
vn -0.998856782913208 -0.04529063403606415 0.0152922747656703 
vn -0.9992275834083557 -0.0377483032643795 0.010923261754214764 
vn -0.9169268012046814 -0.03772559016942978 0.3972681760787964 
vn -0.916182279586792 -0.05280153825879097 0.3972681760787964 
vn -0.9984862804412842 -0.05283254012465477 0.0152922747656703 
vn -0.998856782913208 -0.04529063403606415 0.0152922747656703 
vn -0.9991703629493713 -0.037746138870716095 0.0152922747656703 
vn -0.863682746887207 0.4231138229370117 -0.27391019463539124 
vn -0.9467463493347168 0.30801326036453247 0.09380380809307098 
vn -0.955778181552887 0.28278648853302 0.08074574917554855 
vn -0.8821890950202942 0.14278151094913483 0.4487268626689911 
vn -0.8878500461578369 0.1316404938697815 0.4409002661705017 
vn -0.6785158514976501 -0.0376998633146286 0.7336177229881287 
vn -0.6785158514976501 -0.0376998633146286 0.7336177229881287 
vn -0.37331733107566833 -0.21553485095500946 0.9023185968399048 
vn -0.36735236644744873 -0.2019536793231964 0.9078915119171143 
vn -0.009406066499650478 -0.3627968430519104 0.931820809841156 
vn 1.0227170672838515e-13 -0.33013176918029785 0.9439348578453064 
vn -0.6844580173492432 -0.04517637565732002 0.7276512384414673 
vn -0.36834147572517395 -0.19168756902217865 0.9097144603729248 
vn -0.36719775199890137 -0.1851942092180252 0.9115201234817505 
vn 0.009403089992702007 -0.28843235969543457 0.9574540853500366 
vn 0.016872575506567955 -0.258620947599411 0.9658315181732178 
vn 0.39042243361473083 -0.29483333230018616 0.872148871421814 
vn 0.3976573050022125 -0.24335353076457977 0.8846737742424011 
vn 0.7021565437316895 -0.29390469193458557 0.6485338807106018 
vn 0.7105167508125305 -0.230067640542984 0.6650074124336243 
vn 0.9104998111724854 -0.2462473064661026 0.33219319581985474 
vn 0.9213758111000061 -0.1799084097146988 0.34452807903289795 
vn 0.994015097618103 -0.10548725724220276 -0.028397228568792343 
vn 0.9979826211929321 -0.06036682799458504 -0.01966099627315998 
vn 0.005629675462841988 -0.30938130617141724 0.9509214162826538 
vn 0.36719489097595215 -0.37783461809158325 0.8499464392662048 
vn 0.37951594591140747 -0.3435760736465454 0.8590245246887207 
vn 0.6892402172088623 -0.3486481010913849 0.6351318359375 
vn 0.901258647441864 -0.2968042492866516 0.31565824151039124 
vn 0.98676997423172 -0.15781717002391815 -0.03713129088282585 
vn -0.9368670582771301 0.33296263217926025 0.10684575140476227 
vn -0.8775790333747864 0.14644204080104828 0.456519216299057 
vn -0.8775790333747864 0.14644204080104828 0.456519216299057 
vn -0.6904945969581604 -0.08267369121313095 0.7185974717140198 
vn -0.8787891864776611 0.13899557292461395 0.456519216299057 
vn -0.7032128572463989 -0.12378272414207458 0.7001210451126099 
vn -0.8844748139381409 0.12786144018173218 0.4487268626689911 
vn -0.7203221321105957 -0.1608179211616516 0.67473965883255 
vn -0.7399718761444092 -0.19014808535575867 0.6452018022537231 
vn -0.47765663266181946 -0.46033626794815063 0.7482877969741821 
vn -0.5057159662246704 -0.5083797574043274 0.6969945430755615 
vn -0.15502966940402985 -0.6550297141075134 0.7395281791687012 
vn -0.19177384674549103 -0.7096447348594666 0.677958071231842 
vn -0.11982835084199905 -0.5975877642631531 0.7927988767623901 
vn -0.08062256127595901 -0.5318892002105713 0.8429672718048096 
vn -0.05263131856918335 -0.4671158790588379 0.882628321647644 
vn -0.0319850891828537 -0.41000980138778687 0.9115201234817505 
vn -0.3828861713409424 -0.25216159224510193 0.888714075088501 
vn -0.4199955463409424 -0.35351046919822693 0.8358433246612549 
vn -0.3974873125553131 -0.2980891764163971 0.8678402304649353 
vn -0.6804211735725403 -0.05648085102438927 0.7306414246559143 
vn -0.4492167830467224 -0.4119153618812561 0.7927988767623901 
vn -0.36457207798957825 -0.18153531849384308 0.913308322429657 
vn -0.3638281524181366 -0.164460688829422 0.916832447052002 
vn -0.3596944808959961 -0.14338529109954834 0.9219872951507568 
vn 0.016871698200702667 -0.2203543335199356 0.9752739667892456 
vn 0.40039101243019104 -0.18924085795879364 0.8965907096862793 
vn 0.7164900302886963 -0.16436222195625305 0.677958071231842 
vn 0.9263911843299866 -0.12037637829780579 0.3568037748336792 
vn 0.9996837377548218 -0.02265242673456669 -0.010923261754214764 
vn 0.8625997304916382 -0.4225832521915436 0.2781098484992981 
vn 0.9174456000328064 0.06036905199289322 -0.3932546079158783 
vn 0.9174456000328064 0.06036905199289322 -0.3932546079158783 
vn 0.4217976927757263 0.8839518427848816 0.2017817199230194 
vn 0.04906744882464409 0.9915763735771179 0.11986933648586273 
vn -0.33326780796051025 0.9426271915435791 0.01966099627315998 
vn -0.32620200514793396 0.9452975392341614 -0.002184694167226553 
vn -0.6405625939369202 0.75392746925354 -0.1458524912595749 
vn -0.6102431416511536 0.7660858035087585 -0.2017817199230194 
vn -0.8525964021682739 0.4501018226146698 -0.26549527049064636 
vn -0.8116924166679382 0.468630850315094 -0.34862664341926575 
vn -0.8917757868766785 0.10170000046491623 -0.4409002661705017 
vn -0.8689544200897217 0.1055101677775383 -0.4835140109062195 
vn -0.816273033618927 -0.2711838483810425 -0.5100564956665039 
vn -0.934761106967926 0.08672991394996643 -0.34452807903289795 
vn -0.8828513026237488 0.4371275305747986 -0.17173540592193604 
vn -0.6612604856491089 0.7453137636184692 -0.08510008454322815 
vn -0.9025042653083801 0.4238520860671997 -0.0763898640871048 
vn -0.9909519553184509 0.06037803739309311 -0.11986933648586273 
vn -0.937685489654541 -0.3153933584690094 -0.1458524912595749 
vn -0.7522114515304565 -0.6415807008743286 -0.15017375349998474 
vn -0.4496450424194336 -0.8895501494407654 -0.08074574917554855 
vn -0.07164404541254044 -0.9945007562637329 -0.0763898640871048 
vn -0.06977798044681549 -0.9960677623748779 -0.05459024757146835 
vn 0.3242286741733551 -0.9441400170326233 -0.058952588587999344 
vn 0.3226388692855835 -0.9440997838973999 -0.06767380982637405 
vn 0.6683973073959351 -0.7430824637413025 -0.03276457265019417 
vn 0.6657235622406006 -0.7431234121322632 -0.06767380982637405 
vn 0.9037989377975464 -0.42387741804122925 -0.058952588587999344 
vn 0.662525475025177 -0.7425805926322937 -0.0981530249118805 
vn 0.8988625407218933 -0.42389050126075745 -0.1111890971660614 
vn 0.8918607831001282 -0.4235144853591919 -0.15880759060382843 
vn 0.9833406209945679 -0.04529581591486931 -0.1760382205247879 
vn 0.970725417137146 -0.0452682301402092 -0.23588760197162628 
vn 0.9590943455696106 -0.05284835025668144 -0.2781098484992981 
vn -0.45104262232780457 -0.8818935751914978 -0.1372016966342926 
vn -0.7349368333816528 -0.6309225559234619 -0.24860523641109467 
vn -0.9172117114067078 -0.3043728470802307 -0.25706008076667786 
vn -0.9701550602912903 0.07171089947223663 -0.23163928091526031 
vn -0.7007543444633484 -0.6246949434280396 -0.34452807903289795 
vn -0.43875521421432495 -0.8756586313247681 -0.2017817199230194 
vn -0.07544500380754471 -0.9923074245452881 -0.0981530249118805 
vn 0.32592180371284485 -0.9444855451583862 -0.04149730131030083 
vn 0.6629945039749146 -0.7483660578727722 0.01966099627315998 
vn 0.9055951237678528 -0.4241376221179962 -0.002184694167226553 
vn 0.9982003569602966 -0.052817411720752716 0.028397228568792343 
vn 0.9981130957603455 -0.04525691270828247 -0.04149730131030083 
vn 0.8992698788642883 -0.43067193031311035 0.0763898640871048 
vn 0.6537586450576782 -0.752382755279541 0.08074574917554855 
vn 0.31896260380744934 -0.9474626183509827 -0.024029340595006943 
vn -0.0641121044754982 -0.9901830554008484 -0.1242060661315918 
vn -0.05469442531466484 -0.9871455430984497 -0.15017375349998474 
vn -0.4146428406238556 -0.8690974712371826 -0.26970529556274414 
vn -0.04527553543448448 -0.984102189540863 -0.17173540592193604 
vn -0.3849150836467743 -0.8626767992973328 -0.3280687630176544 
vn -0.033991724252700806 -0.9830172061920166 -0.18033768236637115 
vn -0.36737528443336487 -0.8622614741325378 -0.34862664341926575 
vn -0.6570739150047302 -0.6170334815979004 -0.43303996324539185 
vn -0.8814530968666077 -0.2895773947238922 -0.37307560443878174 
vn -0.8364434838294983 -0.27853089570999146 -0.4719987213611603 
vn -0.6373934149742126 -0.6120232939720154 -0.46814218163490295 
vn 0.9496792554855347 -0.06035389378666878 -0.30735430121421814 
vn 0.9398159384727478 -0.06033818796277046 -0.3363112509250641 
vn 0.29744553565979004 -0.9545363187789917 0.01966099627315998 
vn 0.3046862781047821 -0.9523901343345642 0.010923261754214764 
vn 0.3118877410888672 -0.9501164555549622 -0.002184694167226553 
vn 0.6027413010597229 -0.7731083631515503 0.1975002884864807 
vn 0.6272779107093811 -0.7658277153968811 0.1415284425020218 
vn 0.8457286357879639 -0.46287718415260315 0.26549527049064636 
vn 0.879476010799408 -0.4438794255256653 0.17173540592193604 
vn 0.9328861832618713 -0.09045880287885666 0.34862664341926575 
vn 0.9688509106636047 -0.0753985121846199 0.23588760197162628 
vn 0.9909519553184509 -0.06037803739309311 0.11986933648586273 
vn 0.8894019722938538 -0.10536260902881622 0.44481781125068665 
vn 0.8658881187438965 -0.11288625001907349 0.48733407258987427 
vn 0.8078911304473877 -0.4751540422439575 0.34862664341926575 
vn 0.7897447943687439 -0.4806383550167084 0.3811691105365753 
vn 0.5905014276504517 -0.7767913341522217 0.21886809170246124 
vn 0.3226388692855835 -0.9440997838973999 -0.06767380982637405 
vn -0.06789521872997284 -0.9974030256271362 -0.024029340595006943 
vn -0.7952409982681274 0.47148895263671875 -0.3811691105365753 
vn -0.5964944362640381 0.7721989154815674 -0.21886809170246124 
vn -0.31899306178092957 0.9475530982017517 -0.01966099627315998 
vn -0.3117627203464508 0.9497355222702026 -0.028397228568792343 
vn 0.032084327191114426 0.9860844016075134 0.16312000155448914 
vn 0.02831597812473774 0.9839760065078735 0.1760382205247879 
vn 0.36041760444641113 0.8651928305625916 0.34862664341926575 
vn 0.03773321211338043 0.9892147779464722 0.1415284425020218 
vn 0.37420931458473206 0.8689255118370056 0.3239381015300751 
vn 0.4005066752433777 0.8769872784614563 0.26549527049064636 
vn -0.3728178143501282 0.041329920291900635 0.926983654499054 
vn 0.9927668571472168 -0.045287031680345535 -0.1111890971660614 
vn 0.5169810652732849 -0.8551911115646362 -0.03713129088282585 
vn 0.5169810652732849 -0.8551911115646362 -0.03713129088282585 
vn 0.5169810652732849 -0.8551911115646362 -0.03713129088282585 
vn 0.5169810652732849 -0.8551911115646362 -0.03713129088282585 
vn 0.5169810652732849 -0.8551911115646362 -0.03713129088282585 
vn 0.5169810652732849 -0.8551911115646362 -0.03713129088282585 
vn 0.5169810652732849 -0.8551911115646362 -0.03713129088282585 
vn 0.5169810652732849 -0.8551911115646362 -0.03713129088282585 
vn 0.5169810652732849 -0.8551911115646362 -0.03713129088282585 
vn 0.5169810652732849 -0.8551911115646362 -0.03713129088282585 
vn 0.5169810652732849 -0.8551911115646362 -0.03713129088282585 
vn 0.5169810652732849 -0.8551911115646362 -0.03713129088282585 
vn 0.5169810652732849 -0.8551911115646362 -0.03713129088282585 
vn 0.5169810652732849 -0.8551911115646362 -0.03713129088282585 
vn 0.5169810652732849 -0.8551911115646362 -0.03713129088282585 
vn 0.5169810652732849 -0.8551911115646362 -0.03713129088282585 
vn 0.5169810652732849 -0.8551911115646362 -0.03713129088282585 
vn 0.534028947353363 0.14211368560791016 -0.8334367275238037 
vn 0.534028947353363 0.14211368560791016 -0.8334367275238037 
vn 0.534028947353363 0.14211368560791016 -0.8334367275238037 
vn 0.534028947353363 0.14211368560791016 -0.8334367275238037 
vn 0.534028947353363 0.14211368560791016 -0.8334367275238037 
vn 0.534028947353363 0.14211368560791016 -0.8334367275238037 
vn 0.534028947353363 0.14211368560791016 -0.8334367275238037 
vn 0.534028947353363 0.14211368560791016 -0.8334367275238037 
vn 0.534028947353363 0.14211368560791016 -0.8334367275238037 
vn 0.534028947353363 0.14211368560791016 -0.8334367275238037 
vn 0.534028947353363 0.14211368560791016 -0.8334367275238037 
vn 0.534028947353363 0.14211368560791016 -0.8334367275238037 
vn 0.534028947353363 0.14211368560791016 -0.8334367275238037 
vn 0.534028947353363 0.14211368560791016 -0.8334367275238037 
vn 0.534028947353363 0.14211368560791016 -0.8334367275238037 
vn 0.534028947353363 0.14211368560791016 -0.8334367275238037 
vn 0.534028947353363 0.14211368560791016 -0.8334367275238037 
vn -0.3043491840362549 -0.21925519406795502 -0.926983654499054 
vn -0.0037933827843517065 0.02151334285736084 -0.9997613430023193 
vn -0.30870264768600464 -0.21308204531669617 -0.926983654499054 
vn -0.005833018571138382 0.02555612474679947 -0.9996563792228699 
vn -0.3129308819770813 -0.2068224847316742 -0.926983654499054 
vn -0.013020745478570461 0.027670491486787796 -0.9995322823524475 
vn -0.3235239088535309 -0.1977013498544693 -0.9253358840942383 
vn -0.5815092921257019 -0.3982084095478058 -0.7094202041625977 
vn -0.5712053179740906 -0.4075271189212799 -0.7124928832054138 
vn -0.5622891783714294 -0.4197436273097992 -0.7124928832054138 
vn -0.5577329397201538 -0.4257791042327881 -0.7124928832054138 
vn -0.5484265685081482 -0.437701016664505 -0.7124928832054138 
vn -0.7434367537498474 -0.5438741445541382 -0.3892335295677185 
vn -0.7344147562980652 -0.5559966564178467 -0.3892335295677185 
vn -0.7251951098442078 -0.5679695010185242 -0.3892335295677185 
vn -0.7824868559837341 -0.6226325631141663 -0.006554040592163801 
vn -0.7077655792236328 -0.5999020338058472 0.37307560443878174 
vn -0.5401841402053833 -0.46693849563598633 0.7001210451126099 
vn -0.2889845371246338 -0.26374340057373047 0.9202865362167358 
vn -0.7681810855865479 -0.6401990652084351 -0.006554040592163801 
vn -0.7110005021095276 -0.5856411457061768 -0.3892335295677185 
vt -5.989230155944824 -7.852670192718506 
vt -5.9270195960998535 -7.852670192718506 
vt -5.8562092781066895 -7.667098522186279 
vt -5.793998718261719 -7.667098522186279 
vt -5.723371505737305 -7.4813995361328125 
vt -5.661252498626709 -7.4813995361328125 
vt -5.528688907623291 -7.295827865600586 
vt -5.599041938781738 -7.4813995361328125 
vt -5.46647834777832 -7.295827865600586 
vt -5.536831378936768 -7.4813995361328125 
vt -5.404359340667725 -7.295827865600586 
vt -5.342148780822754 -7.295700550079346 
vt -5.209859848022461 -7.110128879547119 
vt -5.14764928817749 -7.110128879547119 
vt -5.077754020690918 -6.924557209014893 
vt -5.015635013580322 -6.924557209014893 
vt -4.883803367614746 -6.738858222961426 
vt -4.953424453735352 -6.924429893493652 
vt -4.821592807769775 -6.738858222961426 
vt -4.891213893890381 -6.924429893493652 
vt -4.75947380065918 -6.738858222961426 
vt -4.697263240814209 -6.738858222961426 
vt -4.565706253051758 -6.553159236907959 
vt -4.503495693206787 -6.553159236907959 
vt -4.372213363647461 -6.367587566375732 
vt -4.441285133361816 -6.553159236907959 
vt -4.31000280380249 -6.367587566375732 
vt -4.379166126251221 -6.553159236907959 
vt -4.2477922439575195 -6.367460250854492 
vt -4.185673236846924 -6.367460250854492 
vt -4.11678409576416 -6.181888580322266 
vt -4.0545735359191895 -6.181888580322266 
vt -3.985867500305176 -5.996316909790039 
vt -3.923748254776001 -5.996316909790039 
vt -3.855316638946533 -5.810745716094971 
vt -3.7931060791015625 -5.810617923736572 
vt -3.7249491214752197 -5.625046253204346 
vt -3.662829875946045 -5.625046253204346 
vt -3.5326452255249023 -5.439475059509277 
vt -3.600619316101074 -5.625046253204346 
vt -3.4705262184143066 -5.439475059509277 
vt -3.5384087562561035 -5.625046253204346 
vt -3.408315658569336 -5.439347267150879 
vt -3.476198434829712 -5.6249189376831055 
vt -3.3461050987243652 -5.439347267150879 
vt -3.2839860916137695 -5.439347267150879 
vt -3.154075860977173 -5.2537760734558105 
vt -5.0854387283325195 -7.110128879547119 
vt -5.023319721221924 -7.110001564025879 
vt -4.829094886779785 -6.924429893493652 
vt -4.635052680969238 -6.7387309074401855 
vt -4.572933673858643 -6.7387309074401855 
vt -4.510723114013672 -6.7387309074401855 
vt -4.31695556640625 -6.553159236907959 
vt -4.254745006561279 -6.553031921386719 
vt -4.123462677001953 -6.367460250854492 
vt -4.192625999450684 -6.553031921386719 
vt -4.061252117156982 -6.367460250854492 
vt -4.130415439605713 -6.553031921386719 
vt -3.9991328716278076 -6.367460250854492 
vt -3.936922311782837 -6.367332935333252 
vt -3.8058228492736816 -6.181761264801025 
vt -4.448512554168701 -6.7387309074401855 
vt -4.580344200134277 -6.924302577972412 
vt -4.642554759979248 -6.924302577972412 
vt -4.774569034576416 -7.110001564025879 
vt -4.704673767089844 -6.924429893493652 
vt -4.836779594421387 -7.110001564025879 
vt -4.7668843269348145 -6.924429893493652 
vt -4.898898601531982 -7.110001564025879 
vt -4.961109161376953 -7.110001564025879 
vt -5.155608654022217 -7.295700550079346 
vt -5.2178192138671875 -7.295700550079346 
vt -5.279938220977783 -7.295700550079346 
vt -5.474712371826172 -7.4813995361328125 
vt -5.669669151306152 -7.666971206665039 
vt -5.731788158416748 -7.666971206665039 
vt -5.864900588989258 -7.852670192718506 
vt -5.590899467468262 -7.295827865600586 
vt -5.396399974822998 -7.110256195068359 
vt -5.458610534667969 -7.110256195068359 
vt -5.326504707336426 -6.924557209014893 
vt -5.264294147491455 -6.924557209014893 
vt -5.334189414978027 -7.110128879547119 
vt -5.202175140380859 -6.924557209014893 
vt -5.272070407867432 -7.110128879547119 
vt -5.139964580535889 -6.924557209014893 
vt -5.0081329345703125 -6.738985538482666 
vt -4.946013927459717 -6.738858222961426 
vt -4.814456939697266 -6.553286552429199 
vt -4.752246379852295 -6.553286552429199 
vt -4.6830830574035645 -6.367714881896973 
vt -4.620872497558594 -6.367714881896973 
vt -4.489864349365234 -6.182015895843506 
vt -4.558753490447998 -6.367587566375732 
vt -4.427653789520264 -6.182015895843506 
vt -4.496542930603027 -6.367587566375732 
vt -4.365443229675293 -6.182015895843506 
vt -4.303324222564697 -6.182015895843506 
vt -4.172407627105713 -5.996316909790039 
vt -4.110288619995117 -5.996316909790039 
vt -4.04185676574707 -5.810745716094971 
vt -3.9796464443206787 -5.810745716094971 
vt -3.849370002746582 -5.625174045562744 
vt -3.917527198791504 -5.810745716094971 
vt -3.7871596813201904 -5.625046253204346 
vt -4.690035820007324 -6.553286552429199 
vt -4.6278252601623535 -6.553286552429199 
vt -4.434332370758057 -6.367587566375732 
vt -4.241113662719727 -6.182015895843506 
vt -4.178903102874756 -6.181888580322266 
vt -4.0480780601501465 -5.996316909790039 
vt -3.730987071990967 -5.810617923736572 
vt -3.668776512145996 -5.810617923736572 
vt -3.7993271350860596 -5.996189594268799 
vt -3.737208127975464 -5.996189594268799 
vt -3.8680331707000732 -6.181761264801025 
vt -3.674997568130493 -5.996189594268799 
vt -3.930243730545044 -6.181888580322266 
vt -3.9923629760742188 -6.181888580322266 
vt -3.8615376949310303 -5.996189594268799 
vt -4.068204879760742 -6.553031921386719 
vt -4.261972427368164 -6.738603115081787 
vt -4.199761867523193 -6.738603115081787 
vt -4.39380407333374 -6.924302577972412 
vt -4.3315935134887695 -6.924174785614014 
vt -4.525818347930908 -7.1098737716674805 
vt -4.4636993408203125 -7.1098737716674805 
vt -4.658107280731201 -7.295445442199707 
vt -4.5959882736206055 -7.295445442199707 
vt -4.790670394897461 -7.481144428253174 
vt -4.72845983505249 -7.481017112731934 
vt -4.923417091369629 -7.6667160987854 
vt -4.861298084259033 -7.6667160987854 
vt -4.99431848526001 -7.852287769317627 
vt -4.324182987213135 -6.738603115081787 
vt -4.456014633178711 -6.924302577972412 
vt -4.588028907775879 -7.1098737716674805 
vt -4.720317840576172 -7.295445442199707 
vt -4.852880954742432 -7.481144428253174 
vt -4.9856276512146 -7.6667160987854 
vt -5.0565290451049805 -7.852287769317627 
vt -5.118648052215576 -7.852287769317627 
vt -4.3863019943237305 -6.7387309074401855 
vt -4.518133640289307 -6.924302577972412 
vt -4.65023946762085 -7.1098737716674805 
vt -4.782528400421143 -7.295572757720947 
vt -4.9150004386901855 -7.481144428253174 
vt -5.04783821105957 -7.6667160987854 
vt -4.977210998535156 -7.481144428253174 
vt -5.110048770904541 -7.6667160987854 
vt -5.172167778015137 -7.666843414306641 
vt -5.243069171905518 -7.852415084838867 
vt -5.3051886558532715 -7.852415084838867 
vt -4.712358474731445 -7.1098737716674805 
vt -4.906857967376709 -7.295572757720947 
vt -4.96906852722168 -7.295572757720947 
vt -5.031187534332275 -7.295572757720947 
vt -5.093398094177246 -7.295700550079346 
vt -5.225961685180664 -7.481271743774414 
vt -5.288172245025635 -7.481271743774414 
vt -5.4209184646606445 -7.666843414306641 
vt -5.3502912521362305 -7.481271743774414 
vt -5.483129024505615 -7.666971206665039 
vt -5.545248031616211 -7.666971206665039 
vt -5.61614990234375 -7.852542400360107 
vt -5.678268909454346 -7.852542400360107 
vt -5.412501811981201 -7.481271743774414 
vt -5.607458591461182 -7.666971206665039 
vt -5.740479469299316 -7.852542400360107 
vt -5.802690029144287 -7.852542400360107 
vt -3.414079189300537 -5.6249189376831055 
vt -3.6065659523010254 -5.810617923736572 
vt -3.5444469451904297 -5.810617923736572 
vt -5.553939342498779 -7.852542400360107 
vt -5.491728782653809 -7.852542400360107 
vt -5.358707904815674 -7.666843414306641 
vt -5.296588897705078 -7.666843414306641 
vt -5.163751125335693 -7.481271743774414 
vt -5.1016316413879395 -7.481271743774414 
vt -5.234378337860107 -7.666843414306641 
vt -5.039421081542969 -7.481144428253174 
vt -4.844647407531738 -7.295572757720947 
vt -5.367399215698242 -7.852415084838867 
vt -5.429609298706055 -7.852415084838867 
vt -5.180858612060547 -7.852415084838867 
vt 2.792429208755493 3.655571222305298 
vt 2.612110137939453 3.4699995517730713 
vt 2.674320697784424 3.4699995517730713 
vt 2.493727207183838 3.284428119659424 
vt 2.5559377670288086 3.284428119659424 
vt 2.3750696182250977 3.098729133605957 
vt 2.4372801780700684 3.098729133605957 
vt 2.2562291622161865 2.9131574630737305 
vt 2.3183481693267822 2.9131574630737305 
vt 2.1370227336883545 2.727585792541504 
vt 2.199233293533325 2.727585792541504 
vt 2.0177249908447266 2.541886806488037 
vt 2.0798439979553223 2.541886806488037 
vt 1.8980611562728882 2.3563153743743896 
vt 1.9602717161178589 2.3563153743743896 
vt 1.7782143354415894 2.170743703842163 
vt 1.84042489528656 2.170743703842163 
vt 1.6580930948257446 1.9850447177886963 
vt 1.7203036546707153 1.985172152519226 
vt 1.5377888679504395 1.7994731664657593 
vt 1.5999079942703247 1.7994731664657593 
vt 1.4171186685562134 1.6139016151428223 
vt 1.479329228401184 1.6139016151428223 
vt 1.2962656021118164 1.428202509880066 
vt 1.358476161956787 1.4283300638198853 
vt 1.1752294301986694 1.242630958557129 
vt 1.2374399900436401 1.242630958557129 
vt 1.0539188385009766 1.057059407234192 
vt 1.1160379648208618 1.057059407234192 
vt 0.9323338866233826 0.8713604211807251 
vt 0.9945443868637085 0.8714878559112549 
vt 0.8104743957519531 0.6857888102531433 
vt 0.8726849555969238 0.6857888102531433 
vt 0.6884319186210632 0.5002172589302063 
vt 0.7506424784660339 0.5002172589302063 
vt 0.5661150217056274 0.3146457076072693 
vt 0.6283255815505981 0.3146457076072693 
vt 0.4436151087284088 0.1289466768503189 
vt 0.5058256983757019 0.1289466768503189 
vt 0.3208407759666443 -0.056624896824359894 
vt 0.38295984268188477 -0.056624896824359894 
vt 0.1977919638156891 -0.2421964704990387 
vt 0.2600025236606598 -0.2421964704990387 
vt 0.0744687095284462 -0.4278954863548279 
vt 0.1366792619228363 -0.4278954863548279 
vt -0.04903752729296684 -0.6134670376777649 
vt 0.013173021376132965 -0.6134670376777649 
vt -0.17281821370124817 -0.7990386486053467 
vt -0.11060766875743866 -0.7990386486053467 
vt -0.29678189754486084 -0.9847376346588135 
vt -0.23457133769989014 -0.9846101999282837 
vt -0.4210200011730194 -1.1703091859817505 
vt -0.35890093445777893 -1.1703091859817505 
vt -0.5455325841903687 -1.3558807373046875 
vt -0.48332205414772034 -1.3558807373046875 
vt -0.6703196167945862 -1.5415798425674438 
vt -0.6081090569496155 -1.5414522886276245 
vt -0.7952896356582642 -1.7271513938903809 
vt -0.7330790758132935 -1.7271513938903809 
vt -0.9205341339111328 -1.9127229452133179 
vt -0.8583235740661621 -1.9127229452133179 
vt -1.0459614992141724 -2.098422050476074 
vt -0.9837509989738464 -2.098294496536255 
vt -1.1716634035110474 -2.2839934825897217 
vt -1.1094529628753662 -2.2839934825897217 
vt -1.2976398468017578 -2.4695651531219482 
vt -1.235429286956787 -2.4695651531219482 
vt -1.4238905906677246 -2.6551365852355957 
vt -1.361680030822754 -2.6551365852355957 
vt -1.5503244400024414 -2.8408355712890625 
vt -1.4881138801574707 -2.8408355712890625 
vt -1.676941156387329 -3.026407241821289 
vt -1.6148221492767334 -3.026407241821289 
vt -1.8039238452911377 -3.2119789123535156 
vt -1.7417134046554565 -3.2119789123535156 
vt -1.9310895204544067 -3.3976778984069824 
vt -1.8688790798187256 -3.3976778984069824 
vt -2.0585296154022217 -3.58324933052063 
vt -1.9963191747665405 -3.58324933052063 
vt -2.186152935028076 -3.7688210010528564 
vt -2.1240336894989014 -3.7688210010528564 
vt -2.3140504360198975 -3.9545199871063232 
vt -2.2519314289093018 -3.954392433166504 
vt -2.4422223567962646 -4.140091419219971 
vt -2.380103349685669 -4.140091419219971 
vt -2.570668935775757 -4.325663089752197 
vt -2.508458375930786 -4.325663089752197 
vt -2.69929838180542 -4.511362075805664 
vt -2.637087821960449 -4.511234760284424 
vt -2.828202247619629 -4.696933746337891 
vt -2.765991687774658 -4.696933746337891 
vt -2.957289218902588 -4.882505416870117 
vt -2.895078659057617 -4.882505416870117 
vt -3.0866506099700928 -5.068204402923584 
vt -3.024440050125122 -5.068077087402344 
vt -3.2162864208221436 -5.2537760734558105 
vt 2.5499911308288574 3.4699995517730713 
vt 2.431516647338867 3.2843005657196045 
vt 2.312950611114502 3.098729133605957 
vt 2.194018602371216 2.9131574630737305 
vt 2.074903726577759 2.7274584770202637 
vt 1.9555144309997559 2.541886806488037 
vt 1.8358505964279175 2.3563153743743896 
vt 1.7160037755966187 2.170616388320923 
vt 1.595882534980774 1.9850447177886963 
vt 1.4755783081054688 1.7994731664657593 
vt 1.3549996614456177 1.6139016151428223 
vt 1.2341464757919312 1.428202509880066 
vt 1.1130188703536987 1.242630958557129 
vt 0.9917083382606506 1.057059407234192 
vt 0.8701233267784119 0.8713604211807251 
vt 0.7483553290367126 0.6857888102531433 
vt 0.6263128519058228 0.5002172589302063 
vt 0.503995954990387 0.3145182430744171 
vt 0.3814045786857605 0.1289466768503189 
vt 0.2586302161216736 -0.056624896824359894 
vt 0.13558141887187958 -0.24232392013072968 
vt 0.012349646538496017 -0.4278954863548279 
vt -0.11124807596206665 -0.6134670376777649 
vt -0.23493728041648865 -0.7991660833358765 
vt -0.35899242758750916 -0.9847376346588135 
vt -0.4832305610179901 -1.1703091859817505 
vt -0.6077431440353394 -1.3558807373046875 
vt -0.7324386835098267 -1.5415798425674438 
vt -0.8574087023735046 -1.7271513938903809 
vt -0.9826532006263733 -1.9127229452133179 
vt -1.108172059059143 -2.098422050476074 
vt -1.233873963356018 -2.2839934825897217 
vt -1.3598504066467285 -2.4695651531219482 
vt -1.4860097169876099 -2.655264139175415 
vt -1.612443447113037 -2.8408355712890625 
vt -1.7391517162322998 -3.026407241821289 
vt -1.8661344051361084 -3.212106227874756 
vt -1.9933000802993774 -3.3976778984069824 
vt -2.1207401752471924 -3.58324933052063 
vt -2.2483632564544678 -3.7689483165740967 
vt -2.376260995864868 -3.9545199871063232 
vt -2.5044329166412354 -4.140091419219971 
vt -2.6327879428863525 -4.325663089752197 
vt -2.7614173889160156 -4.511362075805664 
vt -2.8903212547302246 -4.696933746337891 
vt -3.0194997787475586 -4.882505416870117 
vt -3.1488611698150635 -5.068204402923584 
vt -3.278496742248535 -5.2537760734558105 
vt 2.4877805709838867 3.469872236251831 
vt 2.3693976402282715 3.2843005657196045 
vt 2.2507400512695312 3.098729133605957 
vt 2.131808042526245 2.9131574630737305 
vt 2.012693166732788 2.7274584770202637 
vt 1.8933038711547852 2.541886806488037 
vt 1.7737314701080322 2.3563153743743896 
vt 1.653884768486023 2.170616388320923 
vt 1.5337635278701782 1.9850447177886963 
vt 1.413367748260498 1.7994731664657593 
vt 1.292789101600647 1.6137741804122925 
vt 1.1719359159469604 1.428202509880066 
vt 1.050899863243103 1.242630958557129 
vt 0.9294977784156799 1.056931972503662 
vt 0.8080042600631714 0.8713604211807251 
vt 0.6861447691917419 0.6857888102531433 
vt 0.564102292060852 0.5000898241996765 
vt 0.44178539514541626 0.3145182430744171 
vt 0.3191940188407898 0.1289466768503189 
vt 0.19641968607902527 -0.056624896824359894 
vt 0.07337087392807007 -0.24232392013072968 
vt -0.04986090213060379 -0.4278954863548279 
vt -0.17336714267730713 -0.6134670376777649 
vt -0.29714784026145935 -0.7991660833358765 
vt -0.42120298743247986 -0.9847376346588135 
vt -0.5454410910606384 -1.1703091859817505 
vt -0.6698622107505798 -1.3560081720352173 
vt -0.7946492433547974 -1.5415798425674438 
vt -0.9196192622184753 -1.7271513938903809 
vt -1.0448637008666992 -1.9128503799438477 
vt -1.1702911853790283 -2.098422050476074 
vt -1.2960845232009888 -2.2839934825897217 
vt -1.4219694137573242 -2.4696924686431885 
vt -1.5482202768325806 -2.655264139175415 
vt -1.6746540069580078 -2.8408355712890625 
vt -1.8013622760772705 -3.026407241821289 
vt -1.9282535314559937 -3.212106227874756 
vt -2.0554192066192627 -3.3976778984069824 
vt -2.182859420776367 -3.58324933052063 
vt -2.3105738162994385 -3.7689483165740967 
vt -2.438471555709839 -3.9545199871063232 
vt -2.566643476486206 -4.140091419219971 
vt -2.6949985027313232 -4.3257904052734375 
vt -2.8236279487609863 -4.511362075805664 
vt -2.9525318145751953 -4.696933746337891 
vt -3.0816187858581543 -4.882632732391357 
vt -3.211071491241455 -5.068204402923584 
vt -3.34061598777771 -5.2537760734558105 
vt -2.757209062576294 -4.3257904052734375 
vt -2.885838508605957 -4.511362075805664 
vt -3.014742374420166 -4.696933746337891 
vt -3.0768613815307617 -4.697061061859131 
vt -3.143829345703125 -4.882632732391357 
vt -3.2060399055480957 -4.882632732391357 
vt -3.27319073677063 -5.068204402923584 
vt -3.3354012966156006 -5.068204402923584 
vt -3.4028265476226807 -5.2537760734558105 
vt -3.4650371074676514 -5.253903388977051 
vt -3.594855785369873 -5.439475059509277 
vt -3.6570663452148438 -5.439475059509277 
vt -3.7191853523254395 -5.439475059509277 
vt -3.911489248275757 -5.625174045562744 
vt -3.9736998081207275 -5.625174045562744 
vt -4.104067325592041 -5.810745716094971 
vt -4.035910129547119 -5.625174045562744 
vt -4.166186332702637 -5.810745716094971 
vt -4.098029136657715 -5.625174045562744 
vt -4.228396892547607 -5.810873031616211 
vt -4.1602396965026855 -5.625301361083984 
vt -4.290607452392578 -5.810873031616211 
vt -4.222450256347656 -5.625301361083984 
vt -4.352726459503174 -5.810873031616211 
vt -4.284569263458252 -5.625301361083984 
vt -4.4149370193481445 -5.810873031616211 
vt -4.346779823303223 -5.625301361083984 
vt -4.477147579193115 -5.810873031616211 
vt -4.539358139038086 -5.811000347137451 
vt -4.607698440551758 -5.996572017669678 
vt -4.6699090003967285 -5.996572017669678 
vt -4.800734043121338 -6.182143688201904 
vt -3.9058170318603516 -5.439602375030518 
vt -3.843606472015381 -5.439602375030518 
vt -3.78139591217041 -5.439475059509277 
vt -3.6515772342681885 -5.253903388977051 
vt -3.5893666744232178 -5.253903388977051 
vt -3.459730863571167 -5.068331718444824 
vt -3.527156114578247 -5.253903388977051 
vt -3.3976118564605713 -5.068204402923584 
vt -3.2681589126586914 -4.882632732391357 
vt -3.1390719413757324 -4.697061061859131 
vt -3.0101680755615234 -4.511489391326904 
vt -2.9480490684509277 -4.511362075805664 
vt -2.8815386295318604 -4.3257904052734375 
vt -2.8193280696868896 -4.3257904052734375 
vt -2.6909730434417725 -4.140219211578369 
vt -2.6287624835968018 -4.140219211578369 
vt -4.408990383148193 -5.625301361083984 
vt -4.216686725616455 -5.439729690551758 
vt -4.278897285461426 -5.439729690551758 
vt -4.086867809295654 -5.254030704498291 
vt -4.148987293243408 -5.254158020019531 
vt -3.9572322368621826 -5.0684590339660645 
vt -4.019351482391357 -5.0684590339660645 
vt -3.8278708457946777 -4.882887840270996 
vt -3.8899898529052734 -4.882887840270996 
vt -3.698692560195923 -4.697188854217529 
vt -3.7609031200408936 -4.6973161697387695 
vt -3.569788694381714 -4.511617183685303 
vt -3.6319992542266846 -4.511617183685303 
vt -3.441159248352051 -4.326045513153076 
vt -3.5033698081970215 -4.326045513153076 
vt -3.3128042221069336 -4.14047384262085 
vt -3.3749232292175293 -4.14047384262085 
vt -3.1846320629119873 -3.954774856567383 
vt -3.246842622756958 -3.954774856567383 
vt -3.1189451217651367 -3.7692034244537354 
vt -4.154476165771484 -5.439729690551758 
vt -4.024657726287842 -5.254030704498291 
vt -3.895021677017212 -5.0684590339660645 
vt -3.765660285949707 -4.882887840270996 
vt -3.636573553085327 -4.697188854217529 
vt -3.507669448852539 -4.511617183685303 
vt -3.379040002822876 -4.326045513153076 
vt -3.250593662261963 -4.140346527099609 
vt -3.1224215030670166 -3.954774856567383 
vt -3.056734561920166 -3.7692034244537354 
vt -2.9945240020751953 -3.7692034244537354 
vt -2.9290199279785156 -3.583631753921509 
vt -2.86690092086792 -3.5835041999816895 
vt -2.801671266555786 -3.397932767868042 
vt -2.7394607067108154 -3.397932767868042 
vt -2.6744141578674316 -3.2123610973358154 
vt -2.612295150756836 -3.2123610973358154 
vt -2.547523021697998 -3.026789665222168 
vt -2.4853124618530273 -3.026789665222168 
vt -2.4208147525787354 -2.841090679168701 
vt -2.3586041927337646 -2.841090679168701 
vt -2.2943809032440186 -2.6555190086364746 
vt -2.232170343399048 -2.6555190086364746 
vt -2.1682214736938477 -2.469947338104248 
vt -2.106010913848877 -2.469947338104248 
vt -2.0422451496124268 -2.2842483520507812 
vt -1.980034589767456 -2.2842483520507812 
vt -1.9165432453155518 -2.098676919937134 
vt -1.854332685470581 -2.098676919937134 
vt -1.7910243272781372 -1.9131052494049072 
vt -1.7288137674331665 -1.9131052494049072 
vt -1.6657798290252686 -1.7275336980819702 
vt -1.6036608219146729 -1.7274062633514404 
vt -1.5408098697662354 -1.5418347120285034 
vt -1.4786908626556396 -1.5418347120285034 
vt -1.416114330291748 -1.3562631607055664 
vt -1.3539037704467773 -1.3562631607055664 
vt -1.2916017770767212 -1.1706916093826294 
vt -1.2293912172317505 -1.1705641746520996 
vt -1.1673636436462402 -0.9849925637245178 
vt -1.1051530838012695 -0.9849925637245178 
vt -1.0433084964752197 -0.799420952796936 
vt -0.9811893701553345 -0.799420952796936 
vt -0.9195277690887451 -0.613849401473999 
vt -0.8574087023735046 -0.6137219667434692 
vt -0.7960215210914612 -0.42815038561820984 
vt -0.7338109612464905 -0.42815038561820984 
vt -0.6727897524833679 -0.24257881939411163 
vt -0.6105791926383972 -0.24257881939411163 
vt -0.5497409701347351 -0.05700725317001343 
vt -0.4875304102897644 -0.05700725317001343 
vt -0.4269666075706482 0.12869176268577576 
vt -0.3647560477256775 0.12869176268577576 
vt -0.30437523126602173 0.31426334381103516 
vt -0.24216468632221222 0.31426334381103516 
vt -0.18205831944942474 0.49983489513397217 
vt -0.11993925273418427 0.49983489513397217 
vt -0.060015857219696045 0.6855339407920837 
vt 0.0021946888882666826 0.6855339407920837 
vt 0.061752140522003174 0.8711054921150208 
vt 0.12396268546581268 0.8711054921150208 
vt 0.18333716690540314 1.0566771030426025 
vt 0.24554771184921265 1.0566771030426025 
vt 0.3046477437019348 1.2422486543655396 
vt 0.36685827374458313 1.2423760890960693 
vt 0.42577531933784485 1.4279476404190063 
vt 0.48798587918281555 1.4279476404190063 
vt 0.546628475189209 1.6135191917419434 
vt 0.6088390350341797 1.6135191917419434 
vt 0.6672071218490601 1.7990907430648804 
vt 0.7294176816940308 1.7992181777954102 
vt 0.7876028418540955 1.9847898483276367 
vt 0.8497219085693359 1.9847898483276367 
vt 0.9076326489448547 2.170361280441284 
vt 0.9698431491851807 2.170361280441284 
vt 1.0275708436965942 2.3559329509735107 
vt 1.0896899700164795 2.3559329509735107 
vt 1.1471432447433472 2.5416319370269775 
vt 1.2093538045883179 2.5416319370269775 
vt 1.26653254032135 2.727203607559204 
vt 1.3287431001663208 2.727203607559204 
vt 1.3856475353240967 2.9127750396728516 
vt 1.4478580951690674 2.9127750396728516 
vt 1.5045794248580933 3.0984740257263184 
vt 1.566698431968689 3.0984740257263184 
vt 1.623236894607544 3.284045696258545 
vt 1.6853559017181396 3.284045696258545 
vt 1.7416199445724487 3.4696173667907715 
vt 1.8038305044174194 3.4696173667907715 
vt 1.859728455543518 3.6553163528442383 
vt 1.9219390153884888 3.6553163528442383 
vt 1.9776540994644165 3.8408877849578857 
vt 2.0398645401000977 3.8408877849578857 
vt 2.0953967571258545 4.026459217071533 
vt 2.15751576423645 4.026459217071533 
vt 2.212773323059082 4.21203088760376 
vt 2.2749838829040527 4.212158203125 
vt 2.3299670219421387 4.397729873657227 
vt 2.3921775817871094 4.397729873657227 
vt 2.4468863010406494 4.583301544189453 
vt 2.50909686088562 4.583301544189453 
vt 2.56362247467041 4.76887321472168 
vt 2.625741481781006 4.76900053024292 
vt 2.680084228515625 4.9545722007751465 
vt 2.7422034740448 4.9545722007751465 
vt 2.796271562576294 5.140143871307373 
vt 2.8584821224212646 5.140143871307373 
vt 2.912276029586792 5.325715065002441 
vt 2.9743950366973877 5.325715065002441 
vt 3.027914524078369 5.511414527893066 
vt 3.09012508392334 5.511414527893066 
vt 3.1434614658355713 5.696985721588135 
vt 3.205580472946167 5.696985721588135 
vt 3.2586424350738525 5.882557392120361 
vt 3.3208529949188232 5.882557392120361 
vt 3.373640537261963 6.068256378173828 
vt 3.4358510971069336 6.068256378173828 
vt 3.4883639812469482 6.253828048706055 
vt 3.550574541091919 6.253828048706055 
vt 3.6029045581817627 6.439399719238281 
vt 3.6651151180267334 6.439399719238281 
vt 3.7171707153320312 6.624971389770508 
vt 3.779381275177002 6.625098705291748 
vt 3.831162452697754 6.810670375823975 
vt 3.8933730125427246 6.810670375823975 
vt 3.9449710845947266 6.996241569519043 
vt 4.007090091705322 6.996241569519043 
vt 4.058505535125732 7.1818132400512695 
vt 4.120624542236328 7.18194055557251 
vt 4.171765327453613 7.367512226104736 
vt 4.233975887298584 7.367512226104736 
vt 4.284750461578369 7.553083896636963 
vt 4.34696102142334 7.553083896636963 
vt 4.397552967071533 7.7386555671691895 
vt 4.459763526916504 7.73878288269043 
vt 4.510172367095947 7.924354553222656 
vt 4.572291374206543 7.924354553222656 
vt 4.622425556182861 8.109926223754883 
vt 4.684636116027832 8.109926223754883 
vt 4.734496116638184 8.29549789428711 
vt 4.796706676483154 8.29549789428711 
vt 4.846383571624756 8.481196403503418 
vt 4.908502578735352 8.481196403503418 
vt 4.957905292510986 8.666768074035645 
vt 5.020115852355957 8.666768074035645 
vt 5.069243907928467 8.852339744567871 
vt 5.1314544677734375 8.852339744567871 
vt -2.9912304878234863 -3.583631753921509 
vt -2.863790273666382 -3.3980600833892822 
vt -2.7366247177124023 -3.2123610973358154 
vt -2.6097335815429688 -3.026789665222168 
vt -2.483025312423706 -2.8412179946899414 
vt -2.3565914630889893 -2.6555190086364746 
vt -2.2303407192230225 -2.469947338104248 
vt -2.1043641567230225 -2.2843759059906006 
vt -1.978662371635437 -2.098676919937134 
vt -1.853234887123108 -1.9131052494049072 
vt -1.7279903888702393 -1.7275336980819702 
vt -1.603020429611206 -1.5418347120285034 
vt -1.4782333374023438 -1.3562631607055664 
vt -1.353812336921692 -1.1706916093826294 
vt -1.229482650756836 -0.9849925637245178 
vt -1.1055190563201904 -0.799420952796936 
vt -0.9817383289337158 -0.613849401473999 
vt -0.8582320809364319 -0.428277850151062 
vt -0.7349088191986084 -0.24257881939411163 
vt -0.6119515299797058 -0.05700725317001343 
vt -0.48908567428588867 0.12856431305408478 
vt -0.36658579111099243 0.31426334381103516 
vt -0.24426886439323425 0.49983489513397217 
vt -0.12222640961408615 0.6854064464569092 
vt -0.0003669217985589057 0.8711054921150208 
vt 0.12121810764074326 1.0566771030426025 
vt 0.24252867698669434 1.2422486543655396 
vt 0.36356478929519653 1.4279476404190063 
vt 0.4844179153442383 1.6135191917419434 
vt 0.6049966216087341 1.7990907430648804 
vt 0.7253922820091248 1.9846622943878174 
vt 0.8455135822296143 2.170361280441284 
vt 0.9653603434562683 2.3559329509735107 
vt 1.0849326848983765 2.5415046215057373 
vt 1.204322099685669 2.727203607559204 
vt 1.3235284090042114 2.9127750396728516 
vt 1.4423688650131226 3.098346710205078 
vt 1.5610263347625732 3.284045696258545 
vt 1.679409384727478 3.4696173667907715 
vt 1.7976094484329224 3.655188798904419 
vt 1.9155349731445312 3.8408877849578857 
vt 2.033186197280884 4.026459217071533 
vt 2.1505627632141113 4.21203088760376 
vt 2.267756462097168 4.397729873657227 
vt 2.3847672939300537 4.583301544189453 
vt 2.5014119148254395 4.76887321472168 
vt 2.6178736686706543 4.954444885253906 
vt 2.7340610027313232 5.140143871307373 
vt 2.8500654697418213 5.325715065002441 
vt 2.9657955169677734 5.511286735534668 
vt 3.0812509059906006 5.696985721588135 
vt 3.196523427963257 5.882557392120361 
vt 3.311429977416992 6.068129062652588 
vt 3.4262449741363525 6.253828048706055 
vt 3.540693998336792 6.439399719238281 
vt 3.6549601554870605 6.624971389770508 
vt 3.768951892852783 6.810670375823975 
vt 3.882760524749756 6.996241569519043 
vt 3.9962947368621826 7.1818132400512695 
vt 4.109554767608643 7.367384910583496 
vt 4.222631454467773 7.553083896636963 
vt 4.3354339599609375 7.7386555671691895 
vt 4.447961807250977 7.924227237701416 
vt 4.560306549072266 8.109926223754883 
vt 4.672377109527588 8.29549789428711 
vt 4.784173011779785 8.481069564819336 
vt 4.895786285400391 8.666768074035645 
vt 5.007033348083496 8.852339744567871 
vt -4.092357158660889 -5.439602375030518 
vt -3.962446928024292 -5.254030704498291 
vt -3.832811117172241 -5.0684590339660645 
vt -3.7034497261047363 -4.882760047912598 
vt -3.5743629932403564 -4.697188854217529 
vt -3.4454588890075684 -4.511617183685303 
vt -3.3168294429779053 -4.326045513153076 
vt -3.188383102416992 -4.140346527099609 
vt -3.2546188831329346 -4.325918197631836 
vt -3.1262640953063965 -4.140346527099609 
vt -3.064053535461426 -4.140346527099609 
vt -2.9358813762664795 -3.954774856567383 
vt -3.001842975616455 -4.140346527099609 
vt -2.873762369155884 -3.9546475410461426 
vt -2.811551809310913 -3.9546475410461426 
vt -2.7457733154296875 -3.769075870513916 
vt -2.683654308319092 -3.769075870513916 
vt -2.618150234222412 -3.5835041999816895 
vt -2.5559396743774414 -3.5835041999816895 
vt -2.4907100200653076 -3.3978052139282227 
vt -2.428591012954712 -3.3978052139282227 
vt -2.363544464111328 -3.212233781814575 
vt -2.3013339042663574 -3.212233781814575 
vt -2.2366530895233154 -3.0266621112823486 
vt -2.1744425296783447 -3.0266621112823486 
vt -2.1099448204040527 -2.840963125228882 
vt -2.047734260559082 -2.840963125228882 
vt -1.9835110902786255 -2.6553914546966553 
vt -1.9213005304336548 -2.6553914546966553 
vt -1.8572603464126587 -2.469820022583008 
vt -1.7951412200927734 -2.469820022583008 
vt -1.7312839031219482 -2.2842483520507812 
vt -1.6691648960113525 -2.284121036529541 
vt -1.5434629917144775 -2.0985493659973145 
vt -1.6069543361663818 -2.284121036529541 
vt -1.4812524318695068 -2.0985493659973145 
vt -1.4190418720245361 -2.0985493659973145 
vt -1.293614387512207 -1.9128503799438477 
vt -1.3569228649139404 -2.098422050476074 
vt -1.2314038276672363 -1.9128503799438477 
vt -1.1691933870315552 -1.9128503799438477 
vt -1.1061594486236572 -1.7272788286209106 
vt -1.044040322303772 -1.7272788286209106 
vt -0.9811893701553345 -1.5417072772979736 
vt -0.9189788699150085 -1.5415798425674438 
vt -0.8564938306808472 -1.3560081720352173 
vt -0.7942832708358765 -1.3560081720352173 
vt -0.7319812774658203 -1.1704366207122803 
vt -0.6697707176208496 -1.1704366207122803 
vt -0.5455325841903687 -0.9847376346588135 
vt -0.6075601577758789 -1.1704366207122803 
vt -0.48332205414772034 -0.9847376346588135 
vt -3.060302495956421 -3.954774856567383 
vt -2.99809193611145 -3.954774856567383 
vt -2.9323134422302246 -3.7692034244537354 
vt -2.870194435119629 -3.769075870513916 
vt -2.804690361022949 -3.5835041999816895 
vt -2.7424798011779785 -3.5835041999816895 
vt -2.615131139755249 -3.397932767868042 
vt -2.680360794067383 -3.5835041999816895 
vt -2.5529205799102783 -3.397932767868042 
vt -2.425755023956299 -3.212233781814575 
vt -2.298772096633911 -3.0266621112823486 
vt -2.1720640659332275 -2.841090679168701 
vt -2.0456302165985107 -2.6553914546966553 
vt -1.9194707870483398 -2.469820022583008 
vt -1.793494462966919 -2.2842483520507812 
vt -1.667792558670044 -2.0985493659973145 
vt -1.6055819988250732 -2.0985493659973145 
vt -1.5422736406326294 -1.9129778146743774 
vt -1.4801546335220337 -1.9129778146743774 
vt -1.4171206951141357 -1.7274062633514404 
vt -1.354910135269165 -1.7274062633514404 
vt -1.2920591831207275 -1.5417072772979736 
vt -1.2299400568008423 -1.5417072772979736 
vt -1.1051530838012695 -1.3561357259750366 
vt -1.1677296161651611 -1.5417072772979736 
vt -1.0430339574813843 -1.3561357259750366 
vt -0.9808234572410583 -1.3561357259750366 
vt -0.8563108444213867 -1.1704366207122803 
vt -0.7941003441810608 -1.1704366207122803 
vt -0.6698622107505798 -0.9848650693893433 
vt -0.6077431440353394 -0.9848650693893433 
vt -0.42147743701934814 -0.7991660833358765 
vt -0.35935837030410767 -0.7991660833358765 
vt -0.23557768762111664 -0.6135945320129395 
vt -0.48368799686431885 -0.7991660833358765 
vt -0.5458985567092896 -0.7991660833358765 
vt -0.7320727705955505 -0.9848650693893433 
vt -0.9185214042663574 -1.1704366207122803 
vt -0.9806404709815979 -1.1705641746520996 
vt -1.1673636436462402 -1.3561357259750366 
vt -1.229574203491211 -1.3561357259750366 
vt -1.3542697429656982 -1.5418347120285034 
vt -1.416480302810669 -1.5418347120285034 
vt -1.4792397022247314 -1.7274062633514404 
vt -1.5414502620697021 -1.7274062633514404 
vt -1.6044842004776 -1.9129778146743774 
vt -1.6666947603225708 -1.9129778146743774 
vt -1.7300031185150146 -2.098676919937134 
vt -1.7921222448349 -2.098676919937134 
vt -1.8557050228118896 -2.2842483520507812 
vt -1.917824149131775 -2.2842483520507812 
vt -2.0438003540039062 -2.469820022583008 
vt -2.170051336288452 -2.6555190086364746 
vt -2.29648494720459 -2.841090679168701 
vt -2.4231932163238525 -3.0266621112823486 
vt -2.5500845909118652 -3.2123610973358154 
vt -2.6772501468658447 -3.397932767868042 
vt -2.2342746257781982 -2.841090679168701 
vt -2.360982656478882 -3.0266621112823486 
vt -2.4878740310668945 -3.212233781814575 
vt -2.1078407764434814 -2.6555190086364746 
vt -1.9816813468933105 -2.469820022583008 
vt -2.807983875274658 -3.769075870513916 
vt -1.7329306602478027 -2.4696924686431885 
vt -1.5447437763214111 -2.284121036529541 
vt -1.670720100402832 -2.4696924686431885 
vt -1.6085095405578613 -2.4696924686431885 
vt -1.7347604036331177 -2.655264139175415 
vt -1.672549843788147 -2.655264139175415 
vt -1.7989836931228638 -2.840963125228882 
vt -1.7368645668029785 -2.8408355712890625 
vt -1.8635728359222412 -3.0265347957611084 
vt -1.9904640913009644 -3.212106227874756 
vt -2.1176297664642334 -3.3976778984069824 
vt -1.4826247692108154 -2.284121036529541 
vt -1.5463905334472656 -2.4696924686431885 
vt -1.4204142093658447 -2.284121036529541 
vt -1.358203649520874 -2.2839934825897217 
vt -1.2947123050689697 -2.098422050476074 
vt -1.232501745223999 -2.098422050476074 
vt -1.10707426071167 -1.9128503799438477 
vt -0.981829822063446 -1.7271513938903809 
vt -0.8568598031997681 -1.5415798425674438 
vt -0.7320727705955505 -1.3560081720352173 
vt -1.859089970588684 -2.6553914546966553 
vt -1.7969709634780884 -2.6553914546966553 
vt -1.8611942529678345 -2.840963125228882 
vt -1.925691843032837 -3.0265347957611084 
vt -2.0526745319366455 -3.212106227874756 
vt -2.1147937774658203 -3.212106227874756 
vt -2.2419593334198 -3.3978052139282227 
vt -2.177004098892212 -3.212233781814575 
vt -2.3041698932647705 -3.3978052139282227 
vt -2.366380453109741 -3.3978052139282227 
vt -2.4938206672668457 -3.583376884460449 
vt -2.621443748474121 -3.769075870513916 
vt -2.7493412494659424 -3.9546475410461426 
vt -2.8775131702423096 -4.140219211578369 
vt -2.9397237300872803 -4.140219211578369 
vt -3.0058681964874268 -4.325918197631836 
vt -3.0680787563323975 -4.325918197631836 
vt -3.1967082023620605 -4.511489391326904 
vt -3.130289316177368 -4.325918197631836 
vt -3.2589187622070312 -4.511489391326904 
vt -3.192499876022339 -4.325918197631836 
vt -3.321129322052002 -4.511489391326904 
vt -3.3832483291625977 -4.511617183685303 
vt -3.5121524333953857 -4.697188854217529 
vt -3.6413307189941406 -4.882760047912598 
vt -3.449941873550415 -4.697188854217529 
vt -3.3878226280212402 -4.697188854217529 
vt -3.3256123065948486 -4.697061061859131 
vt -3.134589195251465 -4.511489391326904 
vt -2.943749189376831 -4.3257904052734375 
vt -2.815302848815918 -4.140219211578369 
vt -2.753183603286743 -4.140219211578369 
vt -2.5628011226654053 -3.9545199871063232 
vt -2.5006821155548096 -3.9545199871063232 
vt -2.3726930618286133 -3.7689483165740967 
vt -3.072378635406494 -4.511489391326904 
vt -3.201282501220703 -4.697061061859131 
vt -3.330369472503662 -4.882632732391357 
vt -3.392580032348633 -4.882760047912598 
vt -3.5219414234161377 -5.068331718444824 
vt -3.713696241378784 -5.253903388977051 
vt -3.775906801223755 -5.254030704498291 
vt -3.8381173610687256 -5.254030704498291 
vt -3.9679360389709473 -5.439602375030518 
vt -4.030146598815918 -5.439602375030518 
vt -3.5841519832611084 -5.068331718444824 
vt -3.646270990371704 -5.068331718444824 
vt -3.708481550216675 -5.068331718444824 
vt -3.9002363681793213 -5.254030704498291 
vt -3.7706921100616455 -5.0684590339660645 
vt -3.57912015914917 -4.882760047912598 
vt -3.516909599304199 -4.882760047912598 
vt -3.4547905921936035 -4.882760047912598 
vt -3.263401746749878 -4.697061061859131 
vt -2.2392146587371826 -3.212233781814575 
vt -2.112231969833374 -3.0265347957611084 
vt -1.9855238199234009 -2.840963125228882 
vt -2.0501129627227783 -3.0265347957611084 
vt -1.9879024028778076 -3.0265347957611084 
vt -1.9234046936035156 -2.840963125228882 
vt -2.6872222423553467 -3.9546475410461426 
vt -2.625011682510376 -3.9546475410461426 
vt -2.5592331886291504 -3.7689483165740967 
vt -2.4971141815185547 -3.7689483165740967 
vt -2.431610107421875 -3.583376884460449 
vt -2.3693995475769043 -3.583376884460449 
vt -2.434903621673584 -3.7689483165740967 
vt -2.3072803020477295 -3.583376884460449 
vt -2.179840326309204 -3.3976778984069824 
vt -2.245069980621338 -3.583376884460449 
vt -1.6104308366775513 -2.655264139175415 
vt -1.484179973602295 -2.4696924686431885 
vt -1.417944073677063 -1.9129778146743774 
vt -1.3557335138320923 -1.9129778146743774 
vt -1.2926995754241943 -1.7272788286209106 
vt -1.230580449104309 -1.7272788286209106 
vt -1.1055190563201904 -1.5417072772979736 
vt -0.9186128973960876 -1.3560081720352173 
vt -1.0433999300003052 -1.5417072772979736 
vt -1.168370008468628 -1.7272788286209106 
vt -1.2916932106018066 -1.3562631607055664 
vt -1.1672720909118652 -1.1705641746520996 
vt -1.0429425239562988 -0.9849925637245178 
vt -0.9189788699150085 -0.799420952796936 
vt -0.7951981425285339 -0.6137219667434692 
vt -0.67169189453125 -0.42815038561820984 
vt -0.5483686327934265 -0.24257881939411163 
vt -0.4253198504447937 -0.05687980353832245 
vt -0.3025455176830292 0.12869176268577576 
vt -0.3632007837295532 -0.05687980353832245 
vt -0.2404264509677887 0.12869176268577576 
vt -0.1782159060239792 0.12869176268577576 
vt -0.055624525994062424 0.31439077854156494 
vt -0.11600535362958908 0.12881921231746674 
vt 0.006494535598903894 0.31439077854156494 
vt 0.06870508193969727 0.31439077854156494 
vt 0.12881144881248474 0.49996235966682434 
vt 0.19102199375629425 0.49996235966682434 
vt 0.25085389614105225 0.6855339407920837 
vt 0.31306445598602295 0.6856613755226135 
vt 0.3727133870124817 0.8712329268455505 
vt 0.43483245372772217 0.8712329268455505 
vt 0.49429842829704285 1.0568045377731323 
vt 0.5564174652099609 1.0568045377731323 
vt 0.6156089901924133 1.2423760890960693 
vt 0.677819550037384 1.2425035238265991 
vt 0.7366451025009155 1.4280750751495361 
vt 0.7988556623458862 1.4280750751495361 
vt 0.8574982285499573 1.6136466264724731 
vt 0.919708788394928 1.6136466264724731 
vt 0.9780769348144531 1.7992181777954102 
vt 1.0402874946594238 1.7992181777954102 
vt 1.0984725952148438 1.9849172830581665 
vt 1.1606831550598145 1.9849172830581665 
vt 1.2807129621505737 2.1704888343811035 
vt 1.2228022813796997 1.9849172830581665 
vt 1.3429235219955444 2.1704888343811035 
vt 1.4051340818405151 2.1704888343811035 
vt 1.5249807834625244 2.3561878204345703 
vt 1.4673445224761963 2.170616388320923 
vt 1.5871913433074951 2.3561878204345703 
vt 1.6493104696273804 2.3561878204345703 
vt 1.706763744354248 2.541759490966797 
vt 1.7689743041992188 2.541886806488037 
vt 1.826153039932251 2.7274584770202637 
vt 1.8883635997772217 2.7274584770202637 
vt 1.945267915725708 2.913029909133911 
vt 2.0074784755706787 2.913029909133911 
vt 2.12631893157959 3.0986015796661377 
vt 2.0696890354156494 2.913029909133911 
vt 2.1885294914245605 3.098729133605957 
vt -0.18004561960697174 0.31426334381103516 
vt -0.11783507466316223 0.31426334381103516 
vt -0.057728707790374756 0.49996235966682434 
vt 0.004481841344386339 0.49996235966682434 
vt 0.06431375443935394 0.6855339407920837 
vt 0.12652429938316345 0.6855339407920837 
vt 0.24829229712486267 0.8711054921150208 
vt 0.18873484432697296 0.6855339407920837 
vt 0.3105028569698334 0.8712329268455505 
vt 0.43208786845207214 1.0568045377731323 
vt 0.5533984303474426 1.2423760890960693 
vt 0.674526035785675 1.4279476404190063 
vt 0.7953791618347168 1.6136466264724731 
vt 0.9159578680992126 1.7992181777954102 
vt 1.036262035369873 1.9847898483276367 
vt 1.1563832759857178 2.1704888343811035 
vt 1.2185938358306885 2.1704888343811035 
vt 1.2762300968170166 2.35606050491333 
vt 1.3384406566619873 2.35606050491333 
vt 1.395893931388855 2.5416319370269775 
vt 1.4581044912338257 2.541759490966797 
vt 1.5152833461761475 2.7273309230804443 
vt 1.5774023532867432 2.7273309230804443 
vt 1.6966087818145752 2.912902593612671 
vt 1.6396129131317139 2.7273309230804443 
vt 1.758727788925171 2.912902593612671 
vt 1.8209383487701416 2.913029909133911 
vt 1.9397788047790527 3.0986015796661377 
vt 2.0019893646240234 3.0986015796661377 
vt 2.1206467151641846 3.2841732501983643 
vt 2.064199924468994 3.0986015796661377 
vt 2.1828572750091553 3.2843005657196045 
vt 2.24497652053833 3.2843005657196045 
vt 2.3012404441833496 3.469872236251831 
vt 2.3634510040283203 3.469872236251831 
vt 2.419348955154419 3.6554436683654785 
vt 2.4815595149993896 3.6554436683654785 
vt 2.5372745990753174 3.841015338897705 
vt 2.599485158920288 3.8411426544189453 
vt 2.655017137527466 4.026714324951172 
vt 2.7171361446380615 4.026714324951172 
vt 2.834604263305664 4.212285995483398 
vt 2.7793467044830322 4.026714324951172 
vt 2.896723508834839 4.212285995483398 
vt 2.9589340686798096 4.212413311004639 
vt 3.076127767562866 4.397984981536865 
vt 3.021144390106201 4.212413311004639 
vt 3.138338088989258 4.397984981536865 
vt 3.083354949951172 4.212413311004639 
vt 3.2004573345184326 4.397984981536865 
vt 3.2626678943634033 4.3981122970581055 
vt 3.379586935043335 4.583683967590332 
vt 2.058436155319214 3.2841732501983643 
vt 1.877659797668457 3.0986015796661377 
vt 1.8154492378234863 3.0984740257263184 
vt 1.7532386779785156 3.0984740257263184 
vt 1.6343982219696045 2.912902593612671 
vt 1.5721876621246338 2.912902593612671 
vt 1.4530727863311768 2.727203607559204 
vt 1.3336833715438843 2.5416319370269775 
vt 1.214111089706421 2.35606050491333 
vt 1.0941728353500366 2.1704888343811035 
vt 1.1519005298614502 2.35606050491333 
vt 1.0320537090301514 2.170361280441284 
vt 2.176910877227783 3.4697446823120117 
vt 1.9963172674179077 3.2841732501983643 
vt 1.934106707572937 3.2841732501983643 
vt 1.8718961477279663 3.2841732501983643 
vt 1.6911195516586304 3.0984740257263184 
vt 1.6289089918136597 3.0984740257263184 
vt 1.5100685358047485 2.912902593612671 
vt 1.7475664615631104 3.284045696258545 
vt 1.8659495115280151 3.4697446823120117 
vt 1.9841495752334595 3.6553163528442383 
vt 2.1020750999450684 3.8408877849578857 
vt 2.219726324081421 4.026459217071533 
vt 2.3371028900146484 4.212158203125 
vt 2.2819368839263916 4.026587009429932 
vt 2.399313449859619 4.212158203125 
vt 2.46152400970459 4.212158203125 
vt 2.5787177085876465 4.397729873657227 
vt 2.5236430168151855 4.212158203125 
vt 2.640836715698242 4.397857666015625 
vt 2.703047275543213 4.397857666015625 
vt 2.757847547531128 4.583428859710693 
vt 2.8199665546417236 4.583428859710693 
vt 2.8744921684265137 4.76900053024292 
vt 2.9367027282714844 4.76900053024292 
vt 2.9909541606903076 4.954699516296387 
vt 3.0531647205352783 4.954699516296387 
vt 3.1071414947509766 5.140271186828613 
vt 3.1693520545959473 5.140271186828613 
vt 3.2231457233428955 5.32584285736084 
vt 3.285356283187866 5.32584285736084 
vt 3.3388757705688477 5.511541843414307 
vt 3.4009947776794434 5.511541843414307 
vt 3.454331159591675 5.697113513946533 
vt 3.5165417194366455 5.697113513946533 
vt 3.569603681564331 5.882684707641602 
vt 3.6317226886749268 5.882684707641602 
vt 3.6845102310180664 6.068256378173828 
vt 3.746720790863037 6.068383693695068 
vt 3.8614442348480225 6.253955364227295 
vt 3.808931350708008 6.068383693695068 
vt 3.923654794692993 6.253955364227295 
vt 3.985865354537964 6.253955364227295 
vt 4.100314617156982 6.439654350280762 
vt 4.047984600067139 6.254083156585693 
vt 4.162525177001953 6.439654350280762 
vt 4.224735736846924 6.439654350280762 
vt 4.276791095733643 6.625226020812988 
vt 4.339001655578613 6.625226020812988 
vt 4.390782833099365 6.810797691345215 
vt 4.452993392944336 6.810925006866455 
vt 4.504591464996338 6.996496677398682 
vt 4.566710472106934 6.996496677398682 
vt 4.618125915527344 7.182068347930908 
vt 4.6802449226379395 7.182068347930908 
vt 4.793596267700195 7.367767333984375 
vt 4.74245548248291 7.182068347930908 
vt 4.855715274810791 7.367767333984375 
vt 4.917925834655762 7.367767333984375 
vt 5.031002521514893 7.553339004516602 
vt 4.980136394500732 7.367767333984375 
vt 5.093121528625488 7.553339004516602 
vt 5.042255401611328 7.367767333984375 
vt 5.155332088470459 7.553466320037842 
vt 5.217451095581055 7.553466320037842 
vt 5.330253601074219 7.739037990570068 
vt 2.454296588897705 4.397729873657227 
vt 2.516507148742676 4.397729873657227 
vt 2.571307420730591 4.583301544189453 
vt 2.6334264278411865 4.583428859710693 
vt 2.6879520416259766 4.76900053024292 
vt 2.7501626014709473 4.76900053024292 
vt 2.866624593734741 4.9545722007751465 
vt 2.812281847000122 4.76900053024292 
vt 2.928743600845337 4.9545722007751465 
vt 3.045022487640381 5.140271186828613 
vt 3.160935163497925 5.32584285736084 
vt 3.276665210723877 5.511414527893066 
vt 3.392120599746704 5.697113513946533 
vt 3.5073931217193604 5.882684707641602 
vt 3.6223912239074707 6.068256378173828 
vt 3.737114667892456 6.253955364227295 
vt 3.7993252277374268 6.253955364227295 
vt 3.8516552448272705 6.4395270347595215 
vt 3.9137744903564453 6.4395270347595215 
vt 3.965921401977539 6.625098705291748 
vt 4.028040409088135 6.625098705291748 
vt 4.079913139343262 6.810797691345215 
vt 4.142032146453857 6.810797691345215 
vt 4.25584077835083 6.996369361877441 
vt 4.204242706298828 6.810797691345215 
vt 4.318051338195801 6.996369361877441 
vt 4.3801703453063965 6.996369361877441 
vt 4.493704795837402 7.182068347930908 
vt 4.555915355682373 7.182068347930908 
vt 4.669175148010254 7.367640018463135 
vt 4.731385707855225 7.367640018463135 
vt 4.906581401824951 7.553339004516602 
vt 4.968791961669922 7.553339004516602 
vt 5.081594467163086 7.73891019821167 
vt 5.143713474273682 7.739037990570068 
vt 5.256332874298096 7.924609184265137 
vt 5.205924034118652 7.739037990570068 
vt 5.318451881408691 7.924609184265137 
vt 5.268134593963623 7.739037990570068 
vt 5.380662441253662 7.924609184265137 
vt 5.442873001098633 7.924609184265137 
vt 5.555126667022705 8.110308647155762 
vt 5.493007659912109 8.110308647155762 
vt 5.430797100067139 8.110180854797363 
vt 5.368586540222168 8.110180854797363 
vt 5.194122314453125 7.924609184265137 
vt 5.131911754608154 7.924609184265137 
vt 5.019383907318115 7.73891019821167 
vt 5.069792747497559 7.9244818687438965 
vt 4.9571733474731445 7.73891019821167 
vt 5.007582187652588 7.9244818687438965 
vt 4.895054340362549 7.73891019821167 
vt 4.832843780517578 7.73891019821167 
vt 4.782251834869385 7.553339004516602 
vt 4.720041275024414 7.553211212158203 
vt 4.607056140899658 7.367640018463135 
vt 4.5448455810546875 7.367640018463135 
vt 4.431585788726807 7.182068347930908 
vt 4.482635021209717 7.367640018463135 
vt 4.369375228881836 7.18194055557251 
vt 4.420516014099121 7.367512226104736 
vt 4.307164669036865 7.18194055557251 
vt 4.2450456619262695 7.18194055557251 
vt 4.193630218505859 6.996369361877441 
vt 4.131511211395264 6.996369361877441 
vt 4.017702579498291 6.810670375823975 
vt 3.9037108421325684 6.625098705291748 
vt 3.7894446849823 6.4395270347595215 
vt 3.6749041080474854 6.253828048706055 
vt 3.727234125137329 6.4395270347595215 
vt 3.6127851009368896 6.253828048706055 
vt 4.8443708419799805 7.553339004516602 
vt -1.1050615310668945 -1.1705641746520996 
vt -1.0428510904312134 -1.1705641746520996 
vt -0.9186128973960876 -0.9849925637245178 
vt -0.8564023375511169 -0.9848650693893433 
vt -0.7942832708358765 -0.9848650693893433 
vt -0.60801762342453 -0.7992935180664062 
vt -0.48432838916778564 -0.6135945320129395 
vt -0.42211782932281494 -0.6135945320129395 
vt -0.2986116111278534 -0.42802295088768005 
vt -0.3599072992801666 -0.6135945320129395 
vt -0.23640106618404388 -0.42802295088768005 
vt -0.29778823256492615 -0.6135945320129395 
vt -0.17419050633907318 -0.4278954863548279 
vt -0.1120714470744133 -0.4278954863548279 
vt 0.011251812800765038 -0.24232392013072968 
vt 0.1343006193637848 -0.05675235018134117 
vt -0.05095873400568962 -0.24232392013072968 
vt 0.07209006696939468 -0.05675235018134117 
vt 0.0098795210942626 -0.05675235018134117 
vt 0.194864422082901 0.12881921231746674 
vt 0.1326538622379303 0.12881921231746674 
vt 0.31745579838752747 0.3145182430744171 
vt 0.25524523854255676 0.3145182430744171 
vt 0.37756216526031494 0.5000898241996765 
vt 0.31535160541534424 0.5000898241996765 
vt 0.43739405274391174 0.6856613755226135 
vt 0.2531410753726959 0.5000898241996765 
vt 0.37527501583099365 0.6856613755226135 
vt 0.49704301357269287 0.8712329268455505 
vt 0.6186280250549316 1.0568045377731323 
vt 0.7399386167526245 1.2425035238265991 
vt 0.8610662221908569 1.4280750751495361 
vt -0.11316928267478943 -0.24232392013072968 
vt -0.1752883493900299 -0.24245136976242065 
vt -0.36073067784309387 -0.42802295088768005 
vt -0.4229412078857422 -0.42802295088768005 
vt -0.5464474558830261 -0.6137219667434692 
vt -0.4851517677307129 -0.42802295088768005 
vt -0.6086580157279968 -0.6137219667434692 
vt -0.5472708344459534 -0.42815038561820984 
vt -0.6708685755729675 -0.6137219667434692 
vt -0.7329875826835632 -0.6137219667434692 
vt -0.7945577502250671 -0.7992935180664062 
vt -0.8567683100700378 -0.7992935180664062 
vt -0.9808234572410583 -0.9849925637245178 
vt -0.7324386835098267 -0.7992935180664062 
vt -0.670228123664856 -0.7992935180664062 
vt 0.06660090386867523 0.49996235966682434 
vt 3.5601806640625 6.068256378173828 
vt 3.4451825618743896 5.882684707641602 
vt 3.3300015926361084 5.696985721588135 
vt 3.2144546508789062 5.511414527893066 
vt 3.2677910327911377 5.696985721588135 
vt 3.383063554763794 5.882684707641602 
vt 3.4979701042175293 6.068256378173828 
vt 3.1523356437683105 5.511414527893066 
vt 3.0366055965423584 5.32584285736084 
vt 2.9206013679504395 5.140143871307373 
vt 2.8044140338897705 4.9545722007751465 
vt 3.098816156387329 5.32584285736084 
vt 2.98281192779541 5.140271186828613 
vt 3.6939332485198975 5.8828125 
vt 3.8710503578186035 6.068383693695068 
vt 3.756143808364868 5.8828125 
vt 3.818262815475464 5.8828125 
vt 3.7030818462371826 5.697240829467773 
vt 3.7652008533477783 5.697240829467773 
vt 3.649745464324951 5.511541843414307 
vt 3.711956024169922 5.511669158935547 
vt 3.596226215362549 5.32597017288208 
vt 3.6584367752075195 5.32597017288208 
vt 3.480221748352051 5.1403985023498535 
vt 3.5424323081970215 5.1403985023498535 
vt 3.364034414291382 4.954826831817627 
vt 3.4262449741363525 4.954826831817627 
vt 3.3097832202911377 4.769255638122559 
vt 3.3719937801361084 4.769255638122559 
vt 3.2552573680877686 4.583556652069092 
vt 3.3174679279327393 4.583683967590332 
vt 3.933260917663574 6.068383693695068 
vt 3.8804733753204346 5.8828125 
vt 3.995471477508545 6.068383693695068 
vt 4.057590484619141 6.068511486053467 
vt 4.110195159912109 6.254083156585693 
vt 4.17240571975708 6.254083156585693 
vt 4.2868547439575195 6.439654350280762 
vt 4.401120662689209 6.6253533363342285 
vt 4.515112400054932 6.810925006866455 
vt 4.628921031951904 6.996496677398682 
vt 4.691131591796875 6.996496677398682 
vt 4.804666042327881 7.182195663452148 
vt 4.866785049438477 7.182195663452148 
vt 4.928995609283447 7.182195663452148 
vt 5.104465961456299 7.367767333984375 
vt 4.753250598907471 6.996623992919922 
vt 4.639533519744873 6.810925006866455 
vt 4.577322959899902 6.810925006866455 
vt 4.52554178237915 6.6253533363342285 
vt 4.46333122253418 6.6253533363342285 
vt 4.411275863647461 6.43978214263916 
vt 4.34906530380249 6.439654350280762 
vt 4.2967352867126465 6.254083156585693 
vt 4.234524726867676 6.254083156585693 
vt 4.182011604309082 6.068511486053467 
vt 4.119801044464111 6.068511486053467 
vt 4.067013740539551 5.88293981552124 
vt 4.00480318069458 5.8828125 
vt 3.9517412185668945 5.697240829467773 
vt 3.8896219730377197 5.697240829467773 
vt 3.8362855911254883 5.511669158935547 
vt 3.7740750312805176 5.511669158935547 
vt 3.7205557823181152 5.32609748840332 
vt 3.604642868041992 5.1403985023498535 
vt 3.4883639812469482 4.954826831817627 
vt 3.434112787246704 4.769255638122559 
vt 3.550574541091919 4.954826831817627 
vt 3.666761875152588 5.140526294708252 
vt 3.782766342163086 5.32609748840332 
vt 3.898496150970459 5.511669158935547 
vt 4.013951778411865 5.697368144989014 
vt 4.1292243003845215 5.88293981552124 
vt 4.244130611419678 6.068511486053467 
vt 4.358945846557617 6.254083156585693 
vt 4.473394870758057 6.43978214263916 
vt 4.587660789489746 6.6253533363342285 
vt 4.701652526855469 6.810925006866455 
vt 4.815461158752441 6.996623992919922 
vt 3.6127851009368896 4.954826831817627 
vt 3.7289724349975586 5.140526294708252 
vt 3.8449769020080566 5.32609748840332 
vt 3.9606151580810547 5.511669158935547 
vt 4.076162338256836 5.697368144989014 
vt 4.191343307495117 5.88293981552124 
vt 4.306341171264648 6.068511486053467 
vt 4.421064853668213 6.254210472106934 
vt 4.535605430603027 6.43978214263916 
vt 4.649871349334717 6.6253533363342285 
vt 4.7638630867004395 6.811052322387695 
vt 4.877671718597412 6.996623992919922 
vt 4.991206169128418 7.182195663452148 
vt 3.496323347091675 4.769255638122559 
vt 0.9741430282592773 1.9847898483276367 
vt 0.8537473082542419 1.7992181777954102 
vt 0.7331686019897461 1.6136466264724731 
vt 0.6123154759407043 1.4279476404190063 
vt 0.6709581017494202 1.6135191917419434 
vt 0.7915367484092712 1.7992181777954102 
vt 0.9119324684143066 1.9847898483276367 
vt 0.5501049160957336 1.4279476404190063 
vt 0.42906883358955383 1.2423760890960693 
vt 0.30775827169418335 1.0566771030426025 
vt 0.1861732304096222 0.8711054921150208 
vt 0.4911879003047943 1.2423760890960693 
vt 0.36987733840942383 1.0568045377731323 
vt -0.6094813942909241 -0.42815038561820984 
vt -0.4240390360355377 -0.24245136976242065 
vt -0.3618285059928894 -0.24245136976242065 
vt -0.2997094392776489 -0.24245136976242065 
vt -0.23749889433383942 -0.24245136976242065 
vt -0.11445008963346481 -0.05675235018134117 
vt -0.052239540964365005 -0.05675235018134117 
vt 0.07053480297327042 0.12881921231746674 
vt -0.4862495958805084 -0.24245136976242065 
vt -0.3009902536869049 -0.05687980353832245 
vt -0.2387796938419342 -0.05687980353832245 
vt -0.17666064202785492 -0.05687980353832245 
vt -0.0538862906396389 0.12881921231746674 
vt 0.008324258029460907 0.12881921231746674 
vt 0.13091562688350677 0.31439077854156494 
vt 1.400651216506958 2.35606050491333 
vt 1.4627702236175537 2.3561878204345703 
vt 1.5202234983444214 2.541759490966797 
vt 1.582434058189392 2.541759490966797 
vt 1.7018234729766846 2.7273309230804443 
vt 1.8831489086151123 2.913029909133911 
vt 2.307187080383301 3.2843005657196045 
vt 2.425570011138916 3.469872236251831 
vt 2.605889081954956 3.655571222305298 
vt 2.6680996417999268 3.655571222305298 
vt 2.7303102016448975 3.655571222305298 
vt 2.9103548526763916 3.8412702083587646 
vt 2.5437700748443604 3.655571222305298 
vt 2.661695718765259 3.8411426544189453 
vt 2.7238147258758545 3.8411426544189453 
vt 2.841557264328003 4.026714324951172 
vt 2.9036762714385986 4.026841640472412 
vt 2.9658868312835693 4.026841640472412 
vt 3.1454741954803467 4.212413311004639 
vt 2.786025285720825 3.8411426544189453 
vt 2.848235845565796 3.8411426544189453 
vt 3.02809739112854 4.026841640472412 
vt 1.6446446180343628 2.541759490966797 
vt 1.7639424800872803 2.7273309230804443 
vt 3.9426839351654053 5.8828125 
vt 3.827411413192749 5.697240829467773 
vt 0.2570749521255493 0.1289466768503189 
vt 0.37957486510276794 0.3145182430744171 
vt 0.5018917918205261 0.5000898241996765 
vt 0.4396812319755554 0.5000898241996765 
vt 0.5618151426315308 0.6856613755226135 
vt 0.49960461258888245 0.6856613755226135 
vt 0.6214640736579895 0.8713604211807251 
vt 0.5592535734176636 0.8712329268455505 
vt 0.6808385848999023 1.056931972503662 
vt 4.442380905151367 6.996496677398682 
vt 4.3285722732543945 6.810797691345215 
vt 4.214580535888672 6.625226020812988 
vt 4.266453266143799 6.810797691345215 
vt 4.152461528778076 6.625226020812988 
vt 4.0902509689331055 6.625226020812988 
vt 4.038195610046387 6.4395270347595215 
vt 3.975984811782837 6.4395270347595215 
vt 0.6239342093467712 0.6857888102531433 
vt 0.7457937002182007 0.8713604211807251 
vt 0.68358314037323 0.8713604211807251 
vt 0.8051682114601135 1.056931972503662 
vt 0.7429576516151428 1.056931972503662 
vt 0.9264787435531616 1.2425035238265991 
vt 0.8643596768379211 1.2425035238265991 
vt 0.9853957891464233 1.4280750751495361 
vt 0.9231852293014526 1.4280750751495361 
vt 1.0440384149551392 1.6137741804122925 
vt 0.9819193482398987 1.6136466264724731 
vt 1.1024980545043945 1.7993457317352295 
vt 0.8021491765975952 1.2425035238265991 
vt 0.8673787117004395 1.056931972503662 
vt 0.9886893033981323 1.242630958557129 
vt 1.1097253561019897 1.428202509880066 
vt 1.047606348991394 1.428202509880066 
vt 1.1684595346450806 1.6137741804122925 
vt 1.1062489748001099 1.6137741804122925 
vt 1.226827621459961 1.7993457317352295 
vt 1.1646170616149902 1.7993457317352295 
vt 1.2850128412246704 1.9849172830581665 
vt 1.3472232818603516 1.9849172830581665 
vt 1.5294636487960815 2.170616388320923 
vt 1.5916742086410522 2.170616388320923 
vt 1.711521029472351 2.3561878204345703 
vt 1.8311847448349 2.541886806488037 
vt 1.950482726097107 2.7274584770202637 
vt 1.2890381813049316 1.7993457317352295 
vt 1.4093424081802368 1.9850447177886963 
vt 1.4715529680252075 1.9850447177886963 
vt 1.3512487411499023 1.7993457317352295 
vt 1.2305785417556763 1.6137741804122925 
vt 3.193046808242798 4.583556652069092 
vt 3.130927801132202 4.583556652069092 
vt 3.0139172077178955 4.397984981536865 
vt 3.0687172412872314 4.583556652069092 
vt 2.9517979621887207 4.397984981536865 
vt 3.0065066814422607 4.583556652069092 
vt 2.88958740234375 4.397857666015625 
vt 2.944387674331665 4.583556652069092 
vt 2.8273768424987793 4.397857666015625 
vt 2.8821771144866943 4.583428859710693 
vt 2.7652578353881836 4.397857666015625 
vt 2.7723937034606934 4.212285995483398 
vt 2.7101831436157227 4.212285995483398 
vt 2.592806577682495 4.026714324951172 
vt 2.5305960178375244 4.026587009429932 
vt 2.412944793701172 3.841015338897705 
vt 2.3507344722747803 3.841015338897705 
vt 2.232808828353882 3.6554436683654785 
vt 2.2886152267456055 3.841015338897705 
vt 2.170689821243286 3.6553163528442383 
vt 2.2264046669006348 3.841015338897705 
vt 2.1084792613983154 3.6553163528442383 
vt 2.0462687015533447 3.6553163528442383 
vt 1.9281600713729858 3.4697446823120117 
vt 2.648064136505127 4.212285995483398 
vt 2.5858535766601562 4.212285995483398 
vt 2.4684770107269287 4.026587009429932 
vt 2.406266450881958 4.026587009429932 
vt 2.3440558910369873 4.026587009429932 
vt 2.164194107055664 3.8408877849578857 
vt 3.247572660446167 4.76912784576416 
vt 3.1853621006011963 4.76912784576416 
vt 3.301823854446411 4.954826831817627 
vt 3.2397048473358154 4.954699516296387 
vt 3.418102741241455 5.1403985023498535 
vt 3.3558921813964844 5.1403985023498535 
vt 3.534015655517578 5.32597017288208 
vt 3.4718964099884033 5.32597017288208 
vt 3.5875349044799805 5.511541843414307 
vt 3.5254158973693848 5.511541843414307 
vt 3.640871286392212 5.697113513946533 
vt 3.463205337524414 5.511541843414307 
vt 3.578660726547241 5.697113513946533 
vt 3.347475528717041 5.32597017288208 
vt 3.231562614440918 5.140271186828613 
vt 3.115283727645874 4.954699516296387 
vt 2.998821973800659 4.76912784576416 
vt 3.06103253364563 4.76912784576416 
vt 3.2936816215515137 5.140271186828613 
vt 3.1774942874908447 4.954699516296387 
vt 3.1232430934906006 4.76912784576416 
vt 3.4096860885620117 5.32597017288208 
vt 2.4751553535461426 3.841015338897705 
vt 2.3572299480438232 3.6554436683654785 
vt 2.239029884338379 3.469872236251831 
vt 2.2950193881988525 3.6554436683654785 
vt 2.1147003173828125 3.4697446823120117 
vt 2.052489757537842 3.4697446823120117 
vt 1.9903706312179565 3.4697446823120117 
vt 1.809777021408081 3.284045696258545 
vt 2.6956369876861572 4.583428859710693 
vt 1.2715643644332886 2.5416319370269775 
vt 1.390862226486206 2.727203607559204 
vt 5.667196750640869 8.295880317687988 
vt 5.605077743530273 8.295880317687988 
vt 5.542867183685303 8.295880317687988 
vt 5.654663562774658 8.481451988220215 
vt 5.592544078826904 8.481451988220215 
vt 5.704065799713135 8.667022705078125 
vt 5.530333995819092 8.481451988220215 
vt 5.641855239868164 8.667022705078125 
vt 5.579736232757568 8.667022705078125 
vt 5.691074848175049 8.852594375610352 
vt 5.628864288330078 8.852594375610352 
vt 5.468123435974121 8.481324195861816 
vt 5.418537616729736 8.29575252532959 
vt 5.480656623840332 8.295880317687988 
vt 5.306467056274414 8.110180854797363 
vt 5.244256496429443 8.110180854797363 
vt 5.182046413421631 8.110180854797363 
vt 5.119926929473877 8.110053062438965 
vt 4.945371627807617 7.9244818687438965 
vt 4.8832526206970215 7.9244818687438965 
vt 4.770633220672607 7.73878288269043 
vt 4.821042060852051 7.9244818687438965 
vt 4.708514213562012 7.73878288269043 
vt 4.75883150100708 7.924354553222656 
vt 4.646303653717041 7.73878288269043 
vt 4.58409309387207 7.73878288269043 
vt 4.533501148223877 7.553211212158203 
vt 4.471382141113281 7.553211212158203 
vt 4.35830545425415 7.367512226104736 
vt 4.29609489440918 7.367512226104736 
vt 4.182835102081299 7.18194055557251 
vt 4.069300651550293 6.996241569519043 
vt 5.057716369628906 8.110053062438965 
vt 5.231997489929199 8.29575252532959 
vt 5.294116497039795 8.29575252532959 
vt 5.356327056884766 8.29575252532959 
vt 5.3437933921813965 8.481324195861816 
vt 5.1697869300842285 8.29575252532959 
vt 4.9955058097839355 8.110053062438965 
vt 4.93338680267334 8.110053062438965 
vt 4.871176242828369 8.110053062438965 
vt 4.696712493896484 7.924354553222656 
vt 4.634501934051514 7.924354553222656 
vt 4.521974086761475 7.73878288269043 
vt 4.808965682983398 8.110053062438965 
vt 4.983246803283691 8.295624732971191 
vt 5.045457363128662 8.295624732971191 
vt 5.107576370239258 8.295624732971191 
vt 5.21946382522583 8.481324195861816 
vt 5.281582832336426 8.481324195861816 
vt 5.3309855461120605 8.666895866394043 
vt 5.393196105957031 8.666895866394043 
vt 5.442324161529541 8.85246753692627 
vt 5.504534721374512 8.852594375610352 
vt 5.455315113067627 8.666895866394043 
vt 5.40591287612915 8.481324195861816 
vt 5.517525672912598 8.667022705078125 
vt 5.566653728485107 8.852594375610352 
vt 3.9554920196533203 6.810670375823975 
vt 3.8415002822875977 6.625098705291748 
vt 5.38011360168457 8.85246753692627 
vt 5.268866539001465 8.666895866394043 
vt 5.157253265380859 8.481324195861816 
vt 5.206655979156494 8.666895866394043 
vt 5.095042705535889 8.481196403503418 
vt 5.032923698425293 8.481196403503418 
vt 4.921036243438721 8.295624732971191 
vt 4.970713138580322 8.481196403503418 
vt 4.858917236328125 8.295624732971191 
vt 4.746846675872803 8.109926223754883 
vt 5.082326412200928 8.666768074035645 
vt 5.193573474884033 8.85246753692627 
vt 5.144445419311523 8.666768074035645 
vt 5.255784034729004 8.85246753692627 
vt 5.317994594573975 8.85246753692627 
vt 4.595711708068848 7.553211212158203 
vt 4.657922267913818 7.553211212158203 
vt 5.7531938552856445 8.852594375610352 
vt 5.815404415130615 8.852594375610352 
vt 5.7662763595581055 8.667022705078125 
vt 5.877614974975586 8.85272216796875 
vt 5.828395366668701 8.667150497436523 
vt 5.939733982086182 8.85272216796875 
vt 6.001944541931152 8.85272216796875 
vt 5.716874122619629 8.481451988220215 
vt 5.890605926513672 8.667150497436523 
vt 5.778993129730225 8.481451988220215 
vt 0.19303469359874725 0.31439077854156494 
vt 4.4091715812683105 7.553083896636963 
vt 0.8490815162658691 0.15023131668567657 
vt 0.8735083341598511 0.18375146389007568 
vt 0.7808328866958618 0.17304541170597076 
vt 0.8840292096138 0.21574217081069946 
vt 0.8786315321922302 0.241105318069458 
vt 0.858504593372345 0.25627222657203674 
vt 0.8264844417572021 0.2586938142776489 
vt 0.7875113487243652 0.24811522662639618 
vt 0.7475319504737854 0.22593840956687927 
vt 0.7125842571258545 0.19585949182510376 
vt 0.6881574392318726 0.16233935952186584 
vt 0.6776365637779236 0.13034865260124207 
vt 0.6830342411994934 0.10485805571079254 
vt 0.7030696868896484 0.0896911472082138 
vt 0.7351813316345215 0.08739699423313141 
vt 0.7740629315376282 0.09797558933496475 
vt 0.814042329788208 0.12015241384506226 
vt 0.8786315321922302 0.241105318069458 
vt 0.858504593372345 0.25627222657203674 
vt 0.7808328866958618 0.17304541170597076 
vt 0.8264844417572021 0.2586938142776489 
vt 0.7875113487243652 0.24811522662639618 
vt 0.7475319504737854 0.22593840956687927 
vt 0.7125842571258545 0.19585949182510376 
vt 0.6881574392318726 0.16233935952186584 
vt 0.6776365637779236 0.13034865260124207 
vt 0.6830342411994934 0.10485805571079254 
vt 0.7030696868896484 0.0896911472082138 
vt 0.7351813316345215 0.08739699423313141 
vt 0.7740629315376282 0.09797558933496475 
vt 0.814042329788208 0.12015241384506226 
vt 0.8490815162658691 0.15023131668567657 
vt 0.8735083341598511 0.18375146389007568 
vt 0.8840292096138 0.21574217081069946 
vt -4.738523483276367 -6.182143688201904 
vt -4.931833744049072 -6.367714881896973 
vt -4.869623184204102 -6.367714881896973 
vt -5.063116073608398 -6.553414344787598 
vt -5.000997066497803 -6.553414344787598 
vt -5.19467306137085 -6.738985538482666 
vt -5.132554054260254 -6.738985538482666 
vt -5.070343494415283 -6.738985538482666 
vt -4.938786506652832 -6.553286552429199 
vt -4.807504177093506 -6.367714881896973 
vt -4.6764044761657715 -6.182143688201904 
vt -4.545579433441162 -5.996572017669678 
vt -4.876575946807861 -6.553286552429199 
vt -4.745293617248535 -6.367714881896973 
vt -4.614193916320801 -6.182143688201904 
vt -4.55198335647583 -6.182015895843506 
vt -4.359039306640625 -5.9964447021484375 
vt -4.296828746795654 -5.9964447021484375 
vt -4.234618186950684 -5.9964447021484375 
vt -4.421158313751221 -5.9964447021484375 
vt -4.483368873596191 -5.9964447021484375 
s on 
f 1/1/1 2/2/2 3/3/3 
f 2/2/2 4/4/4 3/3/3 
f 3/3/3 4/4/4 5/5/5 
f 4/4/4 6/6/6 5/5/5 
f 5/5/5 6/6/6 7/7/7 
f 6/6/6 8/8/8 7/7/7 
f 7/7/7 8/8/8 9/9/9 
f 8/8/8 10/10/10 9/9/9 
f 9/9/9 10/10/10 11/11/11 
f 10/10/10 12/12/12 11/11/11 
f 11/11/11 12/12/12 13/13/13 
f 12/12/12 14/14/14 13/13/13 
f 13/13/13 14/14/14 15/15/15 
f 14/14/14 16/16/16 15/15/15 
f 15/15/15 16/16/16 17/17/17 
f 16/16/16 18/18/18 17/17/17 
f 17/17/17 18/18/18 19/19/19 
f 18/18/18 20/20/20 19/19/19 
f 19/19/19 20/20/20 21/21/21 
f 20/20/20 22/22/22 21/21/21 
f 21/21/21 22/22/22 23/23/23 
f 22/22/22 24/24/24 23/23/23 
f 23/23/23 24/24/24 25/25/25 
f 24/24/24 26/26/26 25/25/25 
f 25/25/25 26/26/26 27/27/27 
f 26/26/26 28/28/28 27/27/27 
f 27/27/27 28/28/28 29/29/29 
f 28/28/28 30/30/30 29/29/29 
f 29/29/29 30/30/30 31/31/31 
f 30/30/30 32/32/32 31/31/31 
f 31/31/31 32/32/32 33/33/33 
f 32/32/32 34/34/34 33/33/33 
f 33/33/33 34/34/34 35/35/35 
f 34/34/34 36/36/36 35/35/35 
f 35/35/35 36/36/36 37/37/37 
f 36/36/36 38/38/38 37/37/37 
f 37/37/37 38/38/38 39/39/39 
f 38/38/38 40/40/40 39/39/39 
f 39/39/39 40/40/40 41/41/41 
f 40/40/40 42/42/42 41/41/41 
f 41/41/41 42/42/42 43/43/43 
f 42/42/42 44/44/44 43/43/43 
f 43/43/43 44/44/44 45/45/45 
f 44/44/44 46/46/46 45/45/45 
f 45/45/45 46/46/46 47/47/47 
f 46/46/46 47/47/47 47/47/47 
f 47/47/47 47/47/47 16/16/16 
f 47/47/47 16/16/16 16/16/16 
f 16/16/16 16/16/16 16/16/16 
f 16/16/16 48/48/48 16/16/16 
f 16/16/16 48/48/48 18/18/18 
f 48/48/48 49/49/49 18/18/18 
f 18/18/18 49/49/49 20/20/20 
f 49/49/49 50/50/50 20/20/20 
f 20/20/20 50/50/50 22/22/22 
f 50/50/50 51/51/51 22/22/22 
f 22/22/22 51/51/51 24/24/24 
f 51/51/51 52/52/52 24/24/24 
f 24/24/24 52/52/52 26/26/26 
f 52/52/52 53/53/53 26/26/26 
f 26/26/26 53/53/53 28/28/28 
f 53/53/53 54/54/54 28/28/28 
f 28/28/28 54/54/54 30/30/30 
f 54/54/54 55/55/55 30/30/30 
f 30/30/30 55/55/55 56/56/56 
f 55/55/55 57/57/57 56/56/56 
f 56/56/56 57/57/57 58/58/58 
f 57/57/57 59/59/59 58/58/58 
f 58/58/58 59/59/59 60/60/60 
f 59/59/59 61/61/61 60/60/60 
f 60/60/60 61/61/61 62/62/62 
f 61/61/61 62/62/62 62/62/62 
f 62/62/62 62/62/62 55/55/55 
f 62/62/62 55/55/55 55/55/55 
f 55/55/55 55/55/55 55/55/55 
f 55/55/55 54/54/54 55/55/55 
f 55/55/55 54/54/54 63/63/63 
f 54/54/54 53/53/53 63/63/63 
f 63/63/63 53/53/53 64/64/64 
f 53/53/53 65/65/65 64/64/64 
f 64/64/64 65/65/65 66/66/66 
f 65/65/65 67/67/67 66/66/66 
f 66/66/66 67/67/67 68/68/68 
f 67/67/67 69/69/69 68/68/68 
f 68/68/68 69/69/69 70/70/70 
f 69/69/69 50/50/50 70/70/70 
f 70/70/70 50/50/50 71/71/71 
f 50/50/50 49/49/49 71/71/71 
f 71/71/71 49/49/49 72/72/72 
f 49/49/49 48/48/48 72/72/72 
f 72/72/72 48/48/48 73/73/73 
f 48/48/48 14/14/14 73/73/73 
f 73/73/73 14/14/14 74/74/74 
f 14/14/14 12/12/12 74/74/74 
f 74/74/74 12/12/12 75/75/75 
f 12/12/12 10/10/10 75/75/75 
f 75/75/75 10/10/10 76/76/76 
f 10/10/10 8/8/8 76/76/76 
f 76/76/76 8/8/8 77/77/77 
f 8/8/8 4/4/4 77/77/77 
f 77/77/77 4/4/4 78/78/78 
f 4/4/4 2/2/2 78/78/78 
f 78/78/78 2/2/2 2/2/2 
f 2/2/2 50/50/50 2/2/2 
f 2/2/2 50/50/50 50/50/50 
f 50/50/50 69/69/69 50/50/50 
f 50/50/50 69/69/69 51/51/51 
f 69/69/69 67/67/67 51/51/51 
f 51/51/51 67/67/67 52/52/52 
f 67/67/67 65/65/65 52/52/52 
f 52/52/52 65/65/65 53/53/53 
f 65/65/65 53/53/53 53/53/53 
f 53/53/53 53/53/53 5/5/5 
f 53/53/53 5/5/5 5/5/5 
f 5/5/5 5/5/5 5/5/5 
f 5/5/5 7/7/7 5/5/5 
f 5/5/5 7/7/7 79/79/79 
f 7/7/7 80/80/80 79/79/79 
f 79/79/79 80/80/80 81/81/81 
f 80/80/80 82/82/82 81/81/81 
f 81/81/81 82/82/82 82/82/82 
f 82/82/82 80/80/80 82/82/82 
f 82/82/82 80/80/80 83/83/83 
f 80/80/80 84/84/84 83/83/83 
f 83/83/83 84/84/84 85/85/85 
f 84/84/84 86/86/86 85/85/85 
f 85/85/85 86/86/86 87/87/87 
f 86/86/86 15/15/15 87/87/87 
f 87/87/87 15/15/15 88/88/88 
f 15/15/15 89/89/89 88/88/88 
f 88/88/88 89/89/89 90/90/90 
f 89/89/89 91/91/91 90/90/90 
f 90/90/90 91/91/91 92/92/92 
f 91/91/91 93/93/93 92/92/92 
f 92/92/92 93/93/93 94/94/94 
f 93/93/93 95/95/95 94/94/94 
f 94/94/94 95/95/95 96/96/96 
f 95/95/95 97/97/97 96/96/96 
f 96/96/96 97/97/97 98/98/98 
f 97/97/97 99/99/99 98/98/98 
f 98/98/98 99/99/99 100/100/100 
f 99/99/99 101/101/101 100/100/100 
f 100/100/100 101/101/101 102/102/102 
f 101/101/101 103/103/103 102/102/102 
f 102/102/102 103/103/103 104/104/104 
f 103/103/103 105/105/105 104/104/104 
f 104/104/104 105/105/105 106/106/106 
f 105/105/105 35/35/35 106/106/106 
f 106/106/106 35/35/35 37/37/37 
f 35/35/35 37/37/37 37/37/37 
f 37/37/37 37/37/37 89/89/89 
f 37/37/37 89/89/89 89/89/89 
f 89/89/89 89/89/89 89/89/89 
f 89/89/89 17/17/17 89/89/89 
f 89/89/89 17/17/17 91/91/91 
f 17/17/17 19/19/19 91/91/91 
f 91/91/91 19/19/19 107/107/107 
f 19/19/19 21/21/21 107/107/107 
f 107/107/107 21/21/21 108/108/108 
f 21/21/21 23/23/23 108/108/108 
f 108/108/108 23/23/23 109/109/109 
f 23/23/23 25/25/25 109/109/109 
f 109/109/109 25/25/25 110/110/110 
f 25/25/25 27/27/27 110/110/110 
f 110/110/110 27/27/27 111/111/111 
f 27/27/27 31/31/31 111/111/111 
f 111/111/111 31/31/31 33/33/33 
f 31/31/31 33/33/33 33/33/33 
f 33/33/33 33/33/33 33/33/33 
f 33/33/33 112/112/112 33/33/33 
f 33/33/33 112/112/112 111/111/111 
f 112/112/112 101/101/101 111/111/111 
f 111/111/111 101/101/101 110/110/110 
f 101/101/101 99/99/99 110/110/110 
f 110/110/110 99/99/99 109/109/109 
f 99/99/99 97/97/97 109/109/109 
f 109/109/109 97/97/97 108/108/108 
f 97/97/97 95/95/95 108/108/108 
f 108/108/108 95/95/95 107/107/107 
f 95/95/95 93/93/93 107/107/107 
f 107/107/107 93/93/93 91/91/91 
f 93/93/93 91/91/91 91/91/91 
f 91/91/91 91/91/91 33/33/33 
f 91/91/91 33/33/33 33/33/33 
f 33/33/33 33/33/33 33/33/33 
f 33/33/33 105/105/105 33/33/33 
f 33/33/33 105/105/105 112/112/112 
f 105/105/105 103/103/103 112/112/112 
f 112/112/112 103/103/103 101/101/101 
f 103/103/103 101/101/101 101/101/101 
f 101/101/101 101/101/101 38/38/38 
f 101/101/101 38/38/38 38/38/38 
f 38/38/38 38/38/38 38/38/38 
f 38/38/38 36/36/36 38/38/38 
f 38/38/38 36/36/36 40/40/40 
f 36/36/36 113/113/113 40/40/40 
f 40/40/40 113/113/113 114/114/114 
f 113/113/113 115/115/115 114/114/114 
f 114/114/114 115/115/115 116/116/116 
f 115/115/115 117/117/117 116/116/116 
f 116/116/116 117/117/117 118/118/118 
f 117/117/117 62/62/62 118/118/118 
f 118/118/118 62/62/62 62/62/62 
f 62/62/62 117/117/117 62/62/62 
f 62/62/62 117/117/117 60/60/60 
f 117/117/117 119/119/119 60/60/60 
f 60/60/60 119/119/119 58/58/58 
f 119/119/119 120/120/120 58/58/58 
f 58/58/58 120/120/120 56/56/56 
f 120/120/120 30/30/30 56/56/56 
f 56/56/56 30/30/30 30/30/30 
f 30/30/30 117/117/117 30/30/30 
f 30/30/30 117/117/117 117/117/117 
f 117/117/117 115/115/115 117/117/117 
f 117/117/117 115/115/115 119/119/119 
f 115/115/115 121/121/121 119/119/119 
f 119/119/119 121/121/121 120/120/120 
f 121/121/121 32/32/32 120/120/120 
f 120/120/120 32/32/32 30/30/30 
f 32/32/32 30/30/30 30/30/30 
f 30/30/30 30/30/30 115/115/115 
f 30/30/30 115/115/115 115/115/115 
f 115/115/115 115/115/115 115/115/115 
f 115/115/115 113/113/113 115/115/115 
f 115/115/115 113/113/113 121/121/121 
f 113/113/113 36/36/36 121/121/121 
f 121/121/121 36/36/36 34/34/34 
f 36/36/36 34/34/34 34/34/34 
f 34/34/34 34/34/34 61/61/61 
f 34/34/34 61/61/61 61/61/61 
f 61/61/61 61/61/61 61/61/61 
f 61/61/61 59/59/59 61/61/61 
f 61/61/61 59/59/59 122/122/122 
f 59/59/59 123/123/123 122/122/122 
f 122/122/122 123/123/123 124/124/124 
f 123/123/123 125/125/125 124/124/124 
f 124/124/124 125/125/125 126/126/126 
f 125/125/125 127/127/127 126/126/126 
f 126/126/126 127/127/127 128/128/128 
f 127/127/127 129/129/129 128/128/128 
f 128/128/128 129/129/129 130/130/130 
f 129/129/129 131/131/131 130/130/130 
f 130/130/130 131/131/131 132/132/132 
f 131/131/131 133/133/133 132/132/132 
f 132/132/132 133/133/133 134/134/134 
f 133/133/133 135/135/135 134/134/134 
f 134/134/134 135/135/135 135/135/135 
f 135/135/135 59/59/59 135/135/135 
f 135/135/135 59/59/59 59/59/59 
f 59/59/59 57/57/57 59/59/59 
f 59/59/59 57/57/57 123/123/123 
f 57/57/57 136/136/136 123/123/123 
f 123/123/123 136/136/136 125/125/125 
f 136/136/136 137/137/137 125/125/125 
f 125/125/125 137/137/137 127/127/127 
f 137/137/137 138/138/138 127/127/127 
f 127/127/127 138/138/138 129/129/129 
f 138/138/138 139/139/139 129/129/129 
f 129/129/129 139/139/139 131/131/131 
f 139/139/139 140/140/140 131/131/131 
f 131/131/131 140/140/140 133/133/133 
f 140/140/140 141/141/141 133/133/133 
f 133/133/133 141/141/141 142/142/142 
f 141/141/141 143/143/143 142/142/142 
f 142/142/142 143/143/143 143/143/143 
f 143/143/143 57/57/57 143/143/143 
f 143/143/143 57/57/57 57/57/57 
f 57/57/57 55/55/55 57/57/57 
f 57/57/57 55/55/55 136/136/136 
f 55/55/55 144/144/144 136/136/136 
f 136/136/136 144/144/144 137/137/137 
f 144/144/144 145/145/145 137/137/137 
f 137/137/137 145/145/145 138/138/138 
f 145/145/145 146/146/146 138/138/138 
f 138/138/138 146/146/146 139/139/139 
f 146/146/146 147/147/147 139/139/139 
f 139/139/139 147/147/147 140/140/140 
f 147/147/147 148/148/148 140/140/140 
f 140/140/140 148/148/148 149/149/149 
f 148/148/148 150/150/150 149/149/149 
f 149/149/149 150/150/150 151/151/151 
f 150/150/150 152/152/152 151/151/151 
f 151/151/151 152/152/152 153/153/153 
f 152/152/152 154/154/154 153/153/153 
f 153/153/153 154/154/154 154/154/154 
f 154/154/154 55/55/55 154/154/154 
f 154/154/154 55/55/55 55/55/55 
f 55/55/55 63/63/63 55/55/55 
f 55/55/55 63/63/63 144/144/144 
f 63/63/63 64/64/64 144/144/144 
f 144/144/144 64/64/64 145/145/145 
f 64/64/64 146/146/146 145/145/145 
f 145/145/145 146/146/146 146/146/146 
f 146/146/146 64/64/64 146/146/146 
f 146/146/146 64/64/64 155/155/155 
f 64/64/64 66/66/66 155/155/155 
f 155/155/155 66/66/66 156/156/156 
f 66/66/66 68/68/68 156/156/156 
f 156/156/156 68/68/68 157/157/157 
f 68/68/68 70/70/70 157/157/157 
f 157/157/157 70/70/70 158/158/158 
f 70/70/70 159/159/159 158/158/158 
f 158/158/158 159/159/159 160/160/160 
f 159/159/159 161/161/161 160/160/160 
f 160/160/160 161/161/161 162/162/162 
f 161/161/161 163/163/163 162/162/162 
f 162/162/162 163/163/163 164/164/164 
f 163/163/163 165/165/165 164/164/164 
f 164/164/164 165/165/165 166/166/166 
f 165/165/165 167/167/167 166/166/166 
f 166/166/166 167/167/167 167/167/167 
f 167/167/167 70/70/70 167/167/167 
f 167/167/167 70/70/70 70/70/70 
f 70/70/70 71/71/71 70/70/70 
f 70/70/70 71/71/71 159/159/159 
f 71/71/71 72/72/72 159/159/159 
f 159/159/159 72/72/72 161/161/161 
f 72/72/72 73/73/73 161/161/161 
f 161/161/161 73/73/73 163/163/163 
f 73/73/73 74/74/74 163/163/163 
f 163/163/163 74/74/74 168/168/168 
f 74/74/74 75/75/75 168/168/168 
f 168/168/168 75/75/75 165/165/165 
f 75/75/75 169/169/169 165/165/165 
f 165/165/165 169/169/169 167/167/167 
f 169/169/169 170/170/170 167/167/167 
f 167/167/167 170/170/170 170/170/170 
f 170/170/170 75/75/75 170/170/170 
f 170/170/170 75/75/75 75/75/75 
f 75/75/75 76/76/76 75/75/75 
f 75/75/75 76/76/76 169/169/169 
f 76/76/76 170/170/170 169/169/169 
f 169/169/169 170/170/170 170/170/170 
f 170/170/170 76/76/76 170/170/170 
f 170/170/170 76/76/76 171/171/171 
f 76/76/76 77/77/77 171/171/171 
f 171/171/171 77/77/77 78/78/78 
f 77/77/77 78/78/78 78/78/78 
f 78/78/78 78/78/78 46/46/46 
f 78/78/78 46/46/46 46/46/46 
f 46/46/46 46/46/46 46/46/46 
f 46/46/46 44/44/44 46/46/46 
f 46/46/46 44/44/44 172/172/172 
f 44/44/44 173/173/173 172/172/172 
f 172/172/172 173/173/173 174/174/174 
f 173/173/173 116/116/116 174/174/174 
f 174/174/174 116/116/116 118/118/118 
f 116/116/116 118/118/118 118/118/118 
f 118/118/118 118/118/118 116/116/116 
f 118/118/118 116/116/116 116/116/116 
f 116/116/116 116/116/116 116/116/116 
f 116/116/116 173/173/173 116/116/116 
f 116/116/116 173/173/173 114/114/114 
f 173/173/173 42/42/42 114/114/114 
f 114/114/114 42/42/42 40/40/40 
f 42/42/42 40/40/40 40/40/40 
f 40/40/40 40/40/40 7/7/7 
f 40/40/40 7/7/7 7/7/7 
f 7/7/7 7/7/7 7/7/7 
f 7/7/7 9/9/9 7/7/7 
f 7/7/7 9/9/9 80/80/80 
f 9/9/9 84/84/84 80/80/80 
f 80/80/80 84/84/84 84/84/84 
f 84/84/84 9/9/9 84/84/84 
f 84/84/84 9/9/9 9/9/9 
f 9/9/9 11/11/11 9/9/9 
f 9/9/9 11/11/11 84/84/84 
f 11/11/11 86/86/86 84/84/84 
f 84/84/84 86/86/86 86/86/86 
f 86/86/86 11/11/11 86/86/86 
f 86/86/86 11/11/11 11/11/11 
f 11/11/11 13/13/13 11/11/11 
f 11/11/11 13/13/13 86/86/86 
f 13/13/13 15/15/15 86/86/86 
f 86/86/86 15/15/15 15/15/15 
f 15/15/15 166/166/166 15/15/15 
f 15/15/15 166/166/166 166/166/166 
f 166/166/166 175/175/175 166/166/166 
f 166/166/166 175/175/175 164/164/164 
f 175/175/175 162/162/162 164/164/164 
f 164/164/164 162/162/162 162/162/162 
f 162/162/162 175/175/175 162/162/162 
f 162/162/162 175/175/175 175/175/175 
f 175/175/175 176/176/176 175/175/175 
f 175/175/175 176/176/176 162/162/162 
f 176/176/176 177/177/177 162/162/162 
f 162/162/162 177/177/177 160/160/160 
f 177/177/177 178/178/178 160/160/160 
f 160/160/160 178/178/178 179/179/179 
f 178/178/178 180/180/180 179/179/179 
f 179/179/179 180/180/180 158/158/158 
f 180/180/180 157/157/157 158/158/158 
f 158/158/158 157/157/157 157/157/157 
f 157/157/157 178/178/178 157/157/157 
f 157/157/157 178/178/178 178/178/178 
f 178/178/178 181/181/181 178/178/178 
f 178/178/178 181/181/181 180/180/180 
f 181/181/181 152/152/152 180/180/180 
f 180/180/180 152/152/152 182/182/182 
f 152/152/152 150/150/150 182/182/182 
f 182/182/182 150/150/150 183/183/183 
f 150/150/150 147/147/147 183/183/183 
f 183/183/183 147/147/147 146/146/146 
f 147/147/147 146/146/146 146/146/146 
f 146/146/146 146/146/146 146/146/146 
f 146/146/146 155/155/155 146/146/146 
f 146/146/146 155/155/155 183/183/183 
f 155/155/155 156/156/156 183/183/183 
f 183/183/183 156/156/156 182/182/182 
f 156/156/156 157/157/157 182/182/182 
f 182/182/182 157/157/157 180/180/180 
f 157/157/157 180/180/180 180/180/180 
f 180/180/180 180/180/180 152/152/152 
f 180/180/180 152/152/152 152/152/152 
f 152/152/152 152/152/152 152/152/152 
f 152/152/152 181/181/181 152/152/152 
f 152/152/152 181/181/181 154/154/154 
f 181/181/181 184/184/184 154/154/154 
f 154/154/154 184/184/184 184/184/184 
f 184/184/184 181/181/181 184/184/184 
f 184/184/184 181/181/181 181/181/181 
f 181/181/181 178/178/178 181/181/181 
f 181/181/181 178/178/178 184/184/184 
f 178/178/178 185/185/185 184/184/184 
f 184/184/184 185/185/185 185/185/185 
f 185/185/185 178/178/178 185/185/185 
f 185/185/185 178/178/178 178/178/178 
f 178/178/178 177/177/177 178/178/178 
f 178/178/178 177/177/177 185/185/185 
f 177/177/177 176/176/176 185/185/185 
f 185/185/185 176/176/176 176/176/176 
f 176/176/176 153/153/153 176/176/176 
f 176/176/176 153/153/153 153/153/153 
f 153/153/153 186/186/186 153/153/153 
f 153/153/153 186/186/186 151/151/151 
f 186/186/186 149/149/149 151/151/151 
f 151/151/151 149/149/149 149/149/149 
f 149/149/149 186/186/186 149/149/149 
f 149/149/149 186/186/186 186/186/186 
f 186/186/186 143/143/143 186/186/186 
f 186/186/186 143/143/143 149/149/149 
f 143/143/143 141/141/141 149/149/149 
f 149/149/149 141/141/141 140/140/140 
f 141/141/141 140/140/140 140/140/140 
f 140/140/140 140/140/140 187/187/187 
f 140/140/140 187/187/187 187/187/187 
f 187/187/187 187/187/187 187/187/187 
f 187/187/187 188/188/188 187/187/187 
f 187/187/187 188/188/188 189/189/189 
f 188/188/188 190/190/190 189/189/189 
f 189/189/189 190/190/190 191/191/191 
f 190/190/190 192/192/192 191/191/191 
f 191/191/191 192/192/192 193/193/193 
f 192/192/192 194/194/194 193/193/193 
f 193/193/193 194/194/194 195/195/195 
f 194/194/194 196/196/196 195/195/195 
f 195/195/195 196/196/196 197/197/197 
f 196/196/196 198/198/198 197/197/197 
f 197/197/197 198/198/198 199/199/199 
f 198/198/198 200/200/200 199/199/199 
f 199/199/199 200/200/200 201/201/201 
f 200/200/200 202/202/202 201/201/201 
f 201/201/201 202/202/202 203/203/203 
f 202/202/202 204/204/204 203/203/203 
f 203/203/203 204/204/204 205/205/205 
f 204/204/204 206/206/206 205/205/205 
f 205/205/205 206/206/206 207/207/207 
f 206/206/206 208/208/208 207/207/207 
f 207/207/207 208/208/208 209/209/209 
f 208/208/208 210/210/210 209/209/209 
f 209/209/209 210/210/210 211/211/211 
f 210/210/210 212/212/212 211/211/211 
f 211/211/211 212/212/212 213/213/213 
f 212/212/212 214/214/214 213/213/213 
f 213/213/213 214/214/214 215/215/215 
f 214/214/214 216/216/216 215/215/215 
f 215/215/215 216/216/216 217/217/217 
f 216/216/216 218/218/218 217/217/217 
f 217/217/217 218/218/218 219/219/219 
f 218/218/218 220/220/220 219/219/219 
f 219/219/219 220/220/220 221/221/221 
f 220/220/220 222/222/222 221/221/221 
f 221/221/221 222/222/222 223/223/223 
f 222/222/222 224/224/224 223/223/223 
f 223/223/223 224/224/224 225/225/225 
f 224/224/224 226/226/226 225/225/225 
f 225/225/225 226/226/226 227/227/227 
f 226/226/226 228/228/228 227/227/227 
f 227/227/227 228/228/228 229/229/229 
f 228/228/228 230/230/230 229/229/229 
f 229/229/229 230/230/230 231/231/231 
f 230/230/230 232/232/232 231/231/231 
f 231/231/231 232/232/232 233/233/233 
f 232/232/232 234/234/234 233/233/233 
f 233/233/233 234/234/234 235/235/235 
f 234/234/234 236/236/236 235/235/235 
f 235/235/235 236/236/236 237/237/237 
f 236/236/236 238/238/238 237/237/237 
f 237/237/237 238/238/238 239/239/239 
f 238/238/238 240/240/240 239/239/239 
f 239/239/239 240/240/240 241/241/241 
f 240/240/240 242/242/242 241/241/241 
f 241/241/241 242/242/242 243/243/243 
f 242/242/242 244/244/244 243/243/243 
f 243/243/243 244/244/244 245/245/245 
f 244/244/244 246/246/246 245/245/245 
f 245/245/245 246/246/246 247/247/247 
f 246/246/246 248/248/248 247/247/247 
f 247/247/247 248/248/248 249/249/249 
f 248/248/248 250/250/250 249/249/249 
f 249/249/249 250/250/250 251/251/251 
f 250/250/250 252/252/252 251/251/251 
f 251/251/251 252/252/252 253/253/253 
f 252/252/252 254/254/254 253/253/253 
f 253/253/253 254/254/254 255/255/255 
f 254/254/254 256/256/256 255/255/255 
f 255/255/255 256/256/256 257/257/257 
f 256/256/256 258/258/258 257/257/257 
f 257/257/257 258/258/258 259/259/259 
f 258/258/258 260/260/260 259/259/259 
f 259/259/259 260/260/260 261/261/261 
f 260/260/260 262/262/262 261/261/261 
f 261/261/261 262/262/262 263/263/263 
f 262/262/262 264/264/264 263/263/263 
f 263/263/263 264/264/264 265/265/265 
f 264/264/264 266/266/266 265/265/265 
f 265/265/265 266/266/266 267/267/267 
f 266/266/266 268/268/268 267/267/267 
f 267/267/267 268/268/268 269/269/269 
f 268/268/268 270/270/270 269/269/269 
f 269/269/269 270/270/270 271/271/271 
f 270/270/270 272/272/272 271/271/271 
f 271/271/271 272/272/272 273/273/273 
f 272/272/272 274/274/274 273/273/273 
f 273/273/273 274/274/274 275/275/275 
f 274/274/274 276/276/276 275/275/275 
f 275/275/275 276/276/276 277/277/277 
f 276/276/276 278/278/278 277/277/277 
f 277/277/277 278/278/278 279/279/279 
f 278/278/278 280/280/280 279/279/279 
f 279/279/279 280/280/280 281/281/281 
f 280/280/280 282/282/282 281/281/281 
f 281/281/281 282/282/282 47/47/47 
f 282/282/282 45/45/45 47/47/47 
f 47/47/47 45/45/45 45/45/45 
f 45/45/45 188/188/188 45/45/45 
f 45/45/45 188/188/188 188/188/188 
f 188/188/188 283/283/283 188/188/188 
f 188/188/188 283/283/283 190/190/190 
f 283/283/283 284/284/284 190/190/190 
f 190/190/190 284/284/284 192/192/192 
f 284/284/284 285/285/285 192/192/192 
f 192/192/192 285/285/285 194/194/194 
f 285/285/285 286/286/286 194/194/194 
f 194/194/194 286/286/286 196/196/196 
f 286/286/286 287/287/287 196/196/196 
f 196/196/196 287/287/287 198/198/198 
f 287/287/287 288/288/288 198/198/198 
f 198/198/198 288/288/288 200/200/200 
f 288/288/288 289/289/289 200/200/200 
f 200/200/200 289/289/289 202/202/202 
f 289/289/289 290/290/290 202/202/202 
f 202/202/202 290/290/290 204/204/204 
f 290/290/290 291/291/291 204/204/204 
f 204/204/204 291/291/291 206/206/206 
f 291/291/291 292/292/292 206/206/206 
f 206/206/206 292/292/292 208/208/208 
f 292/292/292 293/293/293 208/208/208 
f 208/208/208 293/293/293 210/210/210 
f 293/293/293 294/294/294 210/210/210 
f 210/210/210 294/294/294 212/212/212 
f 294/294/294 295/295/295 212/212/212 
f 212/212/212 295/295/295 214/214/214 
f 295/295/295 296/296/296 214/214/214 
f 214/214/214 296/296/296 216/216/216 
f 296/296/296 297/297/297 216/216/216 
f 216/216/216 297/297/297 218/218/218 
f 297/297/297 298/298/298 218/218/218 
f 218/218/218 298/298/298 220/220/220 
f 298/298/298 299/299/299 220/220/220 
f 220/220/220 299/299/299 222/222/222 
f 299/299/299 300/300/300 222/222/222 
f 222/222/222 300/300/300 224/224/224 
f 300/300/300 301/301/301 224/224/224 
f 224/224/224 301/301/301 226/226/226 
f 301/301/301 302/302/302 226/226/226 
f 226/226/226 302/302/302 228/228/228 
f 302/302/302 303/303/303 228/228/228 
f 228/228/228 303/303/303 230/230/230 
f 303/303/303 304/304/304 230/230/230 
f 230/230/230 304/304/304 232/232/232 
f 304/304/304 305/305/305 232/232/232 
f 232/232/232 305/305/305 234/234/234 
f 305/305/305 306/306/306 234/234/234 
f 234/234/234 306/306/306 236/236/236 
f 306/306/306 307/307/307 236/236/236 
f 236/236/236 307/307/307 238/238/238 
f 307/307/307 308/308/308 238/238/238 
f 238/238/238 308/308/308 240/240/240 
f 308/308/308 309/309/309 240/240/240 
f 240/240/240 309/309/309 242/242/242 
f 309/309/309 310/310/310 242/242/242 
f 242/242/242 310/310/310 244/244/244 
f 310/310/310 311/311/311 244/244/244 
f 244/244/244 311/311/311 246/246/246 
f 311/311/311 312/312/312 246/246/246 
f 246/246/246 312/312/312 248/248/248 
f 312/312/312 313/313/313 248/248/248 
f 248/248/248 313/313/313 250/250/250 
f 313/313/313 314/314/314 250/250/250 
f 250/250/250 314/314/314 252/252/252 
f 314/314/314 315/315/315 252/252/252 
f 252/252/252 315/315/315 254/254/254 
f 315/315/315 316/316/316 254/254/254 
f 254/254/254 316/316/316 256/256/256 
f 316/316/316 317/317/317 256/256/256 
f 256/256/256 317/317/317 258/258/258 
f 317/317/317 318/318/318 258/258/258 
f 258/258/258 318/318/318 260/260/260 
f 318/318/318 319/319/319 260/260/260 
f 260/260/260 319/319/319 262/262/262 
f 319/319/319 320/320/320 262/262/262 
f 262/262/262 320/320/320 264/264/264 
f 320/320/320 321/321/321 264/264/264 
f 264/264/264 321/321/321 266/266/266 
f 321/321/321 322/322/322 266/266/266 
f 266/266/266 322/322/322 268/268/268 
f 322/322/322 323/323/323 268/268/268 
f 268/268/268 323/323/323 270/270/270 
f 323/323/323 324/324/324 270/270/270 
f 270/270/270 324/324/324 272/272/272 
f 324/324/324 325/325/325 272/272/272 
f 272/272/272 325/325/325 274/274/274 
f 325/325/325 326/326/326 274/274/274 
f 274/274/274 326/326/326 276/276/276 
f 326/326/326 327/327/327 276/276/276 
f 276/276/276 327/327/327 278/278/278 
f 327/327/327 328/328/328 278/278/278 
f 278/278/278 328/328/328 280/280/280 
f 328/328/328 329/329/329 280/280/280 
f 280/280/280 329/329/329 282/282/282 
f 329/329/329 330/330/330 282/282/282 
f 282/282/282 330/330/330 45/45/45 
f 330/330/330 43/43/43 45/45/45 
f 45/45/45 43/43/43 43/43/43 
f 43/43/43 283/283/283 43/43/43 
f 43/43/43 283/283/283 283/283/283 
f 283/283/283 331/331/331 283/283/283 
f 283/283/283 331/331/331 284/284/284 
f 331/331/331 332/332/332 284/284/284 
f 284/284/284 332/332/332 285/285/285 
f 332/332/332 333/333/333 285/285/285 
f 285/285/285 333/333/333 286/286/286 
f 333/333/333 334/334/334 286/286/286 
f 286/286/286 334/334/334 287/287/287 
f 334/334/334 335/335/335 287/287/287 
f 287/287/287 335/335/335 288/288/288 
f 335/335/335 336/336/336 288/288/288 
f 288/288/288 336/336/336 289/289/289 
f 336/336/336 337/337/337 289/289/289 
f 289/289/289 337/337/337 290/290/290 
f 337/337/337 338/338/338 290/290/290 
f 290/290/290 338/338/338 291/291/291 
f 338/338/338 339/339/339 291/291/291 
f 291/291/291 339/339/339 292/292/292 
f 339/339/339 340/340/340 292/292/292 
f 292/292/292 340/340/340 293/293/293 
f 340/340/340 341/341/341 293/293/293 
f 293/293/293 341/341/341 294/294/294 
f 341/341/341 342/342/342 294/294/294 
f 294/294/294 342/342/342 295/295/295 
f 342/342/342 343/343/343 295/295/295 
f 295/295/295 343/343/343 296/296/296 
f 343/343/343 344/344/344 296/296/296 
f 296/296/296 344/344/344 297/297/297 
f 344/344/344 345/345/345 297/297/297 
f 297/297/297 345/345/345 298/298/298 
f 345/345/345 346/346/346 298/298/298 
f 298/298/298 346/346/346 299/299/299 
f 346/346/346 347/347/347 299/299/299 
f 299/299/299 347/347/347 300/300/300 
f 347/347/347 348/348/348 300/300/300 
f 300/300/300 348/348/348 301/301/301 
f 348/348/348 349/349/349 301/301/301 
f 301/301/301 349/349/349 302/302/302 
f 349/349/349 350/350/350 302/302/302 
f 302/302/302 350/350/350 303/303/303 
f 350/350/350 351/351/351 303/303/303 
f 303/303/303 351/351/351 304/304/304 
f 351/351/351 352/352/352 304/304/304 
f 304/304/304 352/352/352 305/305/305 
f 352/352/352 353/353/353 305/305/305 
f 305/305/305 353/353/353 306/306/306 
f 353/353/353 354/354/354 306/306/306 
f 306/306/306 354/354/354 307/307/307 
f 354/354/354 355/355/355 307/307/307 
f 307/307/307 355/355/355 308/308/308 
f 355/355/355 356/356/356 308/308/308 
f 308/308/308 356/356/356 309/309/309 
f 356/356/356 357/357/357 309/309/309 
f 309/309/309 357/357/357 310/310/310 
f 357/357/357 358/358/358 310/310/310 
f 310/310/310 358/358/358 311/311/311 
f 358/358/358 359/359/359 311/311/311 
f 311/311/311 359/359/359 312/312/312 
f 359/359/359 360/360/360 312/312/312 
f 312/312/312 360/360/360 313/313/313 
f 360/360/360 361/361/361 313/313/313 
f 313/313/313 361/361/361 314/314/314 
f 361/361/361 362/362/362 314/314/314 
f 314/314/314 362/362/362 315/315/315 
f 362/362/362 363/363/363 315/315/315 
f 315/315/315 363/363/363 316/316/316 
f 363/363/363 364/364/364 316/316/316 
f 316/316/316 364/364/364 317/317/317 
f 364/364/364 365/365/365 317/317/317 
f 317/317/317 365/365/365 318/318/318 
f 365/365/365 366/366/366 318/318/318 
f 318/318/318 366/366/366 319/319/319 
f 366/366/366 367/367/367 319/319/319 
f 319/319/319 367/367/367 320/320/320 
f 367/367/367 368/368/368 320/320/320 
f 320/320/320 368/368/368 321/321/321 
f 368/368/368 369/369/369 321/321/321 
f 321/321/321 369/369/369 322/322/322 
f 369/369/369 370/370/370 322/322/322 
f 322/322/322 370/370/370 323/323/323 
f 370/370/370 371/371/371 323/323/323 
f 323/323/323 371/371/371 324/324/324 
f 371/371/371 372/372/372 324/324/324 
f 324/324/324 372/372/372 325/325/325 
f 372/372/372 373/373/373 325/325/325 
f 325/325/325 373/373/373 326/326/326 
f 373/373/373 374/374/374 326/326/326 
f 326/326/326 374/374/374 327/327/327 
f 374/374/374 375/375/375 327/327/327 
f 327/327/327 375/375/375 328/328/328 
f 375/375/375 376/376/376 328/328/328 
f 328/328/328 376/376/376 329/329/329 
f 376/376/376 377/377/377 329/329/329 
f 329/329/329 377/377/377 330/330/330 
f 377/377/377 378/378/378 330/330/330 
f 330/330/330 378/378/378 43/43/43 
f 378/378/378 41/41/41 43/43/43 
f 43/43/43 41/41/41 41/41/41 
f 41/41/41 373/373/373 41/41/41 
f 41/41/41 373/373/373 373/373/373 
f 373/373/373 379/379/379 373/373/373 
f 373/373/373 379/379/379 374/374/374 
f 379/379/379 380/380/380 374/374/374 
f 374/374/374 380/380/380 381/381/381 
f 380/380/380 382/382/382 381/381/381 
f 381/381/381 382/382/382 383/383/383 
f 382/382/382 384/384/384 383/383/383 
f 383/383/383 384/384/384 385/385/385 
f 384/384/384 386/386/386 385/385/385 
f 385/385/385 386/386/386 387/387/387 
f 386/386/386 388/388/388 387/387/387 
f 387/387/387 388/388/388 39/39/39 
f 388/388/388 389/389/389 39/39/39 
f 39/39/39 389/389/389 37/37/37 
f 389/389/389 390/390/390 37/37/37 
f 37/37/37 390/390/390 106/106/106 
f 390/390/390 391/391/391 106/106/106 
f 106/106/106 391/391/391 104/104/104 
f 391/391/391 392/392/392 104/104/104 
f 104/104/104 392/392/392 102/102/102 
f 392/392/392 393/393/393 102/102/102 
f 102/102/102 393/393/393 394/394/394 
f 393/393/393 395/395/395 394/394/394 
f 394/394/394 395/395/395 396/396/396 
f 395/395/395 397/397/397 396/396/396 
f 396/396/396 397/397/397 398/398/398 
f 397/397/397 399/399/399 398/398/398 
f 398/398/398 399/399/399 400/400/400 
f 399/399/399 401/401/401 400/400/400 
f 400/400/400 401/401/401 402/402/402 
f 401/401/401 403/403/403 402/402/402 
f 402/402/402 403/403/403 404/404/404 
f 403/403/403 405/405/405 404/404/404 
f 404/404/404 405/405/405 406/406/406 
f 405/405/405 407/407/407 406/406/406 
f 406/406/406 407/407/407 408/408/408 
f 407/407/407 409/409/409 408/408/408 
f 408/408/408 409/409/409 410/410/410 
f 409/409/409 410/410/410 410/410/410 
f 410/410/410 410/410/410 397/397/397 
f 410/410/410 397/397/397 397/397/397 
f 397/397/397 397/397/397 397/397/397 
f 397/397/397 395/395/395 397/397/397 
f 397/397/397 395/395/395 411/411/411 
f 395/395/395 393/393/393 411/411/411 
f 411/411/411 393/393/393 412/412/412 
f 393/393/393 413/413/413 412/412/412 
f 412/412/412 413/413/413 414/414/414 
f 413/413/413 415/415/415 414/414/414 
f 414/414/414 415/415/415 416/416/416 
f 415/415/415 417/417/417 416/416/416 
f 416/416/416 417/417/417 418/418/418 
f 417/417/417 386/386/386 418/418/418 
f 418/418/418 386/386/386 419/419/419 
f 386/386/386 384/384/384 419/419/419 
f 419/419/419 384/384/384 420/420/420 
f 384/384/384 382/382/382 420/420/420 
f 420/420/420 382/382/382 421/421/421 
f 382/382/382 422/422/422 421/421/421 
f 421/421/421 422/422/422 423/423/423 
f 422/422/422 424/424/424 423/423/423 
f 423/423/423 424/424/424 425/425/425 
f 424/424/424 379/379/379 425/425/425 
f 425/425/425 379/379/379 426/426/426 
f 379/379/379 372/372/372 426/426/426 
f 426/426/426 372/372/372 371/371/371 
f 372/372/372 371/371/371 371/371/371 
f 371/371/371 371/371/371 393/393/393 
f 371/371/371 393/393/393 393/393/393 
f 393/393/393 393/393/393 393/393/393 
f 393/393/393 392/392/392 393/393/393 
f 393/393/393 392/392/392 413/413/413 
f 392/392/392 391/391/391 413/413/413 
f 413/413/413 391/391/391 415/415/415 
f 391/391/391 390/390/390 415/415/415 
f 415/415/415 390/390/390 417/417/417 
f 390/390/390 388/388/388 417/417/417 
f 417/417/417 388/388/388 386/386/386 
f 388/388/388 386/386/386 386/386/386 
f 386/386/386 386/386/386 41/41/41 
f 386/386/386 41/41/41 41/41/41 
f 41/41/41 41/41/41 41/41/41 
f 41/41/41 378/378/378 41/41/41 
f 41/41/41 378/378/378 39/39/39 
f 378/378/378 387/387/387 39/39/39 
f 39/39/39 387/387/387 387/387/387 
f 387/387/387 378/378/378 387/387/387 
f 387/387/387 378/378/378 378/378/378 
f 378/378/378 377/377/377 378/378/378 
f 378/378/378 377/377/377 387/387/387 
f 377/377/377 385/385/385 387/387/387 
f 387/387/387 385/385/385 385/385/385 
f 385/385/385 377/377/377 385/385/385 
f 385/385/385 377/377/377 383/383/383 
f 377/377/377 376/376/376 383/383/383 
f 383/383/383 376/376/376 375/375/375 
f 376/376/376 375/375/375 375/375/375 
f 375/375/375 375/375/375 383/383/383 
f 375/375/375 383/383/383 383/383/383 
f 383/383/383 383/383/383 383/383/383 
f 383/383/383 375/375/375 383/383/383 
f 383/383/383 375/375/375 381/381/381 
f 375/375/375 374/374/374 381/381/381 
f 381/381/381 374/374/374 374/374/374 
f 374/374/374 382/382/382 374/374/374 
f 374/374/374 382/382/382 382/382/382 
f 382/382/382 380/380/380 382/382/382 
f 382/382/382 380/380/380 422/422/422 
f 380/380/380 379/379/379 422/422/422 
f 422/422/422 379/379/379 424/424/424 
f 379/379/379 424/424/424 424/424/424 
f 424/424/424 424/424/424 407/407/407 
f 424/424/424 407/407/407 407/407/407 
f 407/407/407 407/407/407 407/407/407 
f 407/407/407 405/405/405 407/407/407 
f 407/407/407 405/405/405 427/427/427 
f 405/405/405 428/428/428 427/427/427 
f 427/427/427 428/428/428 429/429/429 
f 428/428/428 430/430/430 429/429/429 
f 429/429/429 430/430/430 431/431/431 
f 430/430/430 432/432/432 431/431/431 
f 431/431/431 432/432/432 433/433/433 
f 432/432/432 434/434/434 433/433/433 
f 433/433/433 434/434/434 435/435/435 
f 434/434/434 436/436/436 435/435/435 
f 435/435/435 436/436/436 437/437/437 
f 436/436/436 438/438/438 437/437/437 
f 437/437/437 438/438/438 439/439/439 
f 438/438/438 440/440/440 439/439/439 
f 439/439/439 440/440/440 441/441/441 
f 440/440/440 442/442/442 441/441/441 
f 441/441/441 442/442/442 443/443/443 
f 442/442/442 444/444/444 443/443/443 
f 443/443/443 444/444/444 445/445/445 
f 444/444/444 446/446/446 445/445/445 
f 445/445/445 446/446/446 446/446/446 
f 446/446/446 405/405/405 446/446/446 
f 446/446/446 405/405/405 405/405/405 
f 405/405/405 403/403/403 405/405/405 
f 405/405/405 403/403/403 428/428/428 
f 403/403/403 447/447/447 428/428/428 
f 428/428/428 447/447/447 430/430/430 
f 447/447/447 448/448/448 430/430/430 
f 430/430/430 448/448/448 432/432/432 
f 448/448/448 449/449/449 432/432/432 
f 432/432/432 449/449/449 434/434/434 
f 449/449/449 450/450/450 434/434/434 
f 434/434/434 450/450/450 436/436/436 
f 450/450/450 451/451/451 436/436/436 
f 436/436/436 451/451/451 438/438/438 
f 451/451/451 452/452/452 438/438/438 
f 438/438/438 452/452/452 440/440/440 
f 452/452/452 453/453/453 440/440/440 
f 440/440/440 453/453/453 442/442/442 
f 453/453/453 454/454/454 442/442/442 
f 442/442/442 454/454/454 444/444/444 
f 454/454/454 455/455/455 444/444/444 
f 444/444/444 455/455/455 456/456/456 
f 455/455/455 457/457/457 456/456/456 
f 456/456/456 457/457/457 458/458/458 
f 457/457/457 459/459/459 458/458/458 
f 458/458/458 459/459/459 460/460/460 
f 459/459/459 461/461/461 460/460/460 
f 460/460/460 461/461/461 462/462/462 
f 461/461/461 463/463/463 462/462/462 
f 462/462/462 463/463/463 464/464/464 
f 463/463/463 465/465/465 464/464/464 
f 464/464/464 465/465/465 466/466/466 
f 465/465/465 467/467/467 466/466/466 
f 466/466/466 467/467/467 468/468/468 
f 467/467/467 469/469/469 468/468/468 
f 468/468/468 469/469/469 470/470/470 
f 469/469/469 471/471/471 470/470/470 
f 470/470/470 471/471/471 472/472/472 
f 471/471/471 473/473/473 472/472/472 
f 472/472/472 473/473/473 474/474/474 
f 473/473/473 475/475/475 474/474/474 
f 474/474/474 475/475/475 476/476/476 
f 475/475/475 477/477/477 476/476/476 
f 476/476/476 477/477/477 478/478/478 
f 477/477/477 479/479/479 478/478/478 
f 478/478/478 479/479/479 480/480/480 
f 479/479/479 481/481/481 480/480/480 
f 480/480/480 481/481/481 482/482/482 
f 481/481/481 483/483/483 482/482/482 
f 482/482/482 483/483/483 484/484/484 
f 483/483/483 485/485/485 484/484/484 
f 484/484/484 485/485/485 486/486/486 
f 485/485/485 487/487/487 486/486/486 
f 486/486/486 487/487/487 488/488/488 
f 487/487/487 489/489/489 488/488/488 
f 488/488/488 489/489/489 490/490/490 
f 489/489/489 491/491/491 490/490/490 
f 490/490/490 491/491/491 492/492/492 
f 491/491/491 493/493/493 492/492/492 
f 492/492/492 493/493/493 494/494/494 
f 493/493/493 495/495/495 494/494/494 
f 494/494/494 495/495/495 496/496/496 
f 495/495/495 497/497/497 496/496/496 
f 496/496/496 497/497/497 498/498/498 
f 497/497/497 499/499/499 498/498/498 
f 498/498/498 499/499/499 500/500/500 
f 499/499/499 501/501/501 500/500/500 
f 500/500/500 501/501/501 502/502/502 
f 501/501/501 503/503/503 502/502/502 
f 502/502/502 503/503/503 504/504/504 
f 503/503/503 505/505/505 504/504/504 
f 504/504/504 505/505/505 506/506/506 
f 505/505/505 507/507/507 506/506/506 
f 506/506/506 507/507/507 508/508/508 
f 507/507/507 509/509/509 508/508/508 
f 508/508/508 509/509/509 510/510/510 
f 509/509/509 511/511/511 510/510/510 
f 510/510/510 511/511/511 512/512/512 
f 511/511/511 513/513/513 512/512/512 
f 512/512/512 513/513/513 514/514/514 
f 513/513/513 515/515/515 514/514/514 
f 514/514/514 515/515/515 516/516/516 
f 515/515/515 517/517/517 516/516/516 
f 516/516/516 517/517/517 518/518/518 
f 517/517/517 519/519/519 518/518/518 
f 518/518/518 519/519/519 520/520/520 
f 519/519/519 521/521/521 520/520/520 
f 520/520/520 521/521/521 522/522/522 
f 521/521/521 523/523/523 522/522/522 
f 522/522/522 523/523/523 524/524/524 
f 523/523/523 525/525/525 524/524/524 
f 524/524/524 525/525/525 526/526/526 
f 525/525/525 527/527/527 526/526/526 
f 526/526/526 527/527/527 528/528/528 
f 527/527/527 529/529/529 528/528/528 
f 528/528/528 529/529/529 530/530/530 
f 529/529/529 531/531/531 530/530/530 
f 530/530/530 531/531/531 532/532/532 
f 531/531/531 533/533/533 532/532/532 
f 532/532/532 533/533/533 534/534/534 
f 533/533/533 535/535/535 534/534/534 
f 534/534/534 535/535/535 536/536/536 
f 535/535/535 537/537/537 536/536/536 
f 536/536/536 537/537/537 538/538/538 
f 537/537/537 539/539/539 538/538/538 
f 538/538/538 539/539/539 540/540/540 
f 539/539/539 541/541/541 540/540/540 
f 540/540/540 541/541/541 542/542/542 
f 541/541/541 543/543/543 542/542/542 
f 542/542/542 543/543/543 544/544/544 
f 543/543/543 545/545/545 544/544/544 
f 544/544/544 545/545/545 546/546/546 
f 545/545/545 547/547/547 546/546/546 
f 546/546/546 547/547/547 548/548/548 
f 547/547/547 549/549/549 548/548/548 
f 548/548/548 549/549/549 550/550/550 
f 549/549/549 551/551/551 550/550/550 
f 550/550/550 551/551/551 552/552/552 
f 551/551/551 553/553/553 552/552/552 
f 552/552/552 553/553/553 554/554/554 
f 553/553/553 555/555/555 554/554/554 
f 554/554/554 555/555/555 556/556/556 
f 555/555/555 557/557/557 556/556/556 
f 556/556/556 557/557/557 558/558/558 
f 557/557/557 559/559/559 558/558/558 
f 558/558/558 559/559/559 560/560/560 
f 559/559/559 561/561/561 560/560/560 
f 560/560/560 561/561/561 562/562/562 
f 561/561/561 563/563/563 562/562/562 
f 562/562/562 563/563/563 564/564/564 
f 563/563/563 565/565/565 564/564/564 
f 564/564/564 565/565/565 566/566/566 
f 565/565/565 567/567/567 566/566/566 
f 566/566/566 567/567/567 568/568/568 
f 567/567/567 569/569/569 568/568/568 
f 568/568/568 569/569/569 570/570/570 
f 569/569/569 571/571/571 570/570/570 
f 570/570/570 571/571/571 572/572/572 
f 571/571/571 573/573/573 572/572/572 
f 572/572/572 573/573/573 574/574/574 
f 573/573/573 575/575/575 574/574/574 
f 574/574/574 575/575/575 576/576/576 
f 575/575/575 577/577/577 576/576/576 
f 576/576/576 577/577/577 578/578/578 
f 577/577/577 579/579/579 578/578/578 
f 578/578/578 579/579/579 580/580/580 
f 579/579/579 581/581/581 580/580/580 
f 580/580/580 581/581/581 582/582/582 
f 581/581/581 583/583/583 582/582/582 
f 582/582/582 583/583/583 584/584/584 
f 583/583/583 585/585/585 584/584/584 
f 584/584/584 585/585/585 586/586/586 
f 585/585/585 587/587/587 586/586/586 
f 586/586/586 587/587/587 588/588/588 
f 587/587/587 589/589/589 588/588/588 
f 588/588/588 589/589/589 590/590/590 
f 589/589/589 591/591/591 590/590/590 
f 590/590/590 591/591/591 592/592/592 
f 591/591/591 593/593/593 592/592/592 
f 592/592/592 593/593/593 593/593/593 
f 593/593/593 444/444/444 593/593/593 
f 593/593/593 444/444/444 444/444/444 
f 444/444/444 456/456/456 444/444/444 
f 444/444/444 456/456/456 446/446/446 
f 456/456/456 458/458/458 446/446/446 
f 446/446/446 458/458/458 594/594/594 
f 458/458/458 460/460/460 594/594/594 
f 594/594/594 460/460/460 595/595/595 
f 460/460/460 462/462/462 595/595/595 
f 595/595/595 462/462/462 596/596/596 
f 462/462/462 464/464/464 596/596/596 
f 596/596/596 464/464/464 597/597/597 
f 464/464/464 466/466/466 597/597/597 
f 597/597/597 466/466/466 598/598/598 
f 466/466/466 468/468/468 598/598/598 
f 598/598/598 468/468/468 599/599/599 
f 468/468/468 470/470/470 599/599/599 
f 599/599/599 470/470/470 600/600/600 
f 470/470/470 472/472/472 600/600/600 
f 600/600/600 472/472/472 601/601/601 
f 472/472/472 474/474/474 601/601/601 
f 601/601/601 474/474/474 602/602/602 
f 474/474/474 476/476/476 602/602/602 
f 602/602/602 476/476/476 603/603/603 
f 476/476/476 604/604/604 603/603/603 
f 603/603/603 604/604/604 604/604/604 
f 604/604/604 476/476/476 604/604/604 
f 604/604/604 476/476/476 476/476/476 
f 476/476/476 478/478/478 476/476/476 
f 476/476/476 478/478/478 604/604/604 
f 478/478/478 480/480/480 604/604/604 
f 604/604/604 480/480/480 605/605/605 
f 480/480/480 482/482/482 605/605/605 
f 605/605/605 482/482/482 606/606/606 
f 482/482/482 484/484/484 606/606/606 
f 606/606/606 484/484/484 607/607/607 
f 484/484/484 486/486/486 607/607/607 
f 607/607/607 486/486/486 608/608/608 
f 486/486/486 488/488/488 608/608/608 
f 608/608/608 488/488/488 609/609/609 
f 488/488/488 490/490/490 609/609/609 
f 609/609/609 490/490/490 610/610/610 
f 490/490/490 492/492/492 610/610/610 
f 610/610/610 492/492/492 611/611/611 
f 492/492/492 494/494/494 611/611/611 
f 611/611/611 494/494/494 612/612/612 
f 494/494/494 496/496/496 612/612/612 
f 612/612/612 496/496/496 613/613/613 
f 496/496/496 498/498/498 613/613/613 
f 613/613/613 498/498/498 614/614/614 
f 498/498/498 500/500/500 614/614/614 
f 614/614/614 500/500/500 615/615/615 
f 500/500/500 616/616/616 615/615/615 
f 615/615/615 616/616/616 616/616/616 
f 616/616/616 500/500/500 616/616/616 
f 616/616/616 500/500/500 500/500/500 
f 500/500/500 502/502/502 500/500/500 
f 500/500/500 502/502/502 616/616/616 
f 502/502/502 504/504/504 616/616/616 
f 616/616/616 504/504/504 617/617/617 
f 504/504/504 506/506/506 617/617/617 
f 617/617/617 506/506/506 618/618/618 
f 506/506/506 508/508/508 618/618/618 
f 618/618/618 508/508/508 619/619/619 
f 508/508/508 510/510/510 619/619/619 
f 619/619/619 510/510/510 620/620/620 
f 510/510/510 512/512/512 620/620/620 
f 620/620/620 512/512/512 621/621/621 
f 512/512/512 514/514/514 621/621/621 
f 621/621/621 514/514/514 622/622/622 
f 514/514/514 516/516/516 622/622/622 
f 622/622/622 516/516/516 623/623/623 
f 516/516/516 518/518/518 623/623/623 
f 623/623/623 518/518/518 624/624/624 
f 518/518/518 520/520/520 624/624/624 
f 624/624/624 520/520/520 625/625/625 
f 520/520/520 522/522/522 625/625/625 
f 625/625/625 522/522/522 626/626/626 
f 522/522/522 627/627/627 626/626/626 
f 626/626/626 627/627/627 627/627/627 
f 627/627/627 522/522/522 627/627/627 
f 627/627/627 522/522/522 522/522/522 
f 522/522/522 524/524/524 522/522/522 
f 522/522/522 524/524/524 627/627/627 
f 524/524/524 526/526/526 627/627/627 
f 627/627/627 526/526/526 628/628/628 
f 526/526/526 528/528/528 628/628/628 
f 628/628/628 528/528/528 629/629/629 
f 528/528/528 530/530/530 629/629/629 
f 629/629/629 530/530/530 630/630/630 
f 530/530/530 532/532/532 630/630/630 
f 630/630/630 532/532/532 631/631/631 
f 532/532/532 534/534/534 631/631/631 
f 631/631/631 534/534/534 632/632/632 
f 534/534/534 536/536/536 632/632/632 
f 632/632/632 536/536/536 633/633/633 
f 536/536/536 538/538/538 633/633/633 
f 633/633/633 538/538/538 634/634/634 
f 538/538/538 540/540/540 634/634/634 
f 634/634/634 540/540/540 635/635/635 
f 540/540/540 542/542/542 635/635/635 
f 635/635/635 542/542/542 636/636/636 
f 542/542/542 544/544/544 636/636/636 
f 636/636/636 544/544/544 637/637/637 
f 544/544/544 638/638/638 637/637/637 
f 637/637/637 638/638/638 638/638/638 
f 638/638/638 544/544/544 638/638/638 
f 638/638/638 544/544/544 544/544/544 
f 544/544/544 546/546/546 544/544/544 
f 544/544/544 546/546/546 638/638/638 
f 546/546/546 548/548/548 638/638/638 
f 638/638/638 548/548/548 639/639/639 
f 548/548/548 550/550/550 639/639/639 
f 639/639/639 550/550/550 640/640/640 
f 550/550/550 552/552/552 640/640/640 
f 640/640/640 552/552/552 641/641/641 
f 552/552/552 554/554/554 641/641/641 
f 641/641/641 554/554/554 642/642/642 
f 554/554/554 556/556/556 642/642/642 
f 642/642/642 556/556/556 643/643/643 
f 556/556/556 558/558/558 643/643/643 
f 643/643/643 558/558/558 644/644/644 
f 558/558/558 560/560/560 644/644/644 
f 644/644/644 560/560/560 645/645/645 
f 560/560/560 562/562/562 645/645/645 
f 645/645/645 562/562/562 646/646/646 
f 562/562/562 564/564/564 646/646/646 
f 646/646/646 564/564/564 647/647/647 
f 564/564/564 566/566/566 647/647/647 
f 647/647/647 566/566/566 648/648/648 
f 566/566/566 649/649/649 648/648/648 
f 648/648/648 649/649/649 649/649/649 
f 649/649/649 566/566/566 649/649/649 
f 649/649/649 566/566/566 566/566/566 
f 566/566/566 568/568/568 566/566/566 
f 566/566/566 568/568/568 649/649/649 
f 568/568/568 570/570/570 649/649/649 
f 649/649/649 570/570/570 650/650/650 
f 570/570/570 572/572/572 650/650/650 
f 650/650/650 572/572/572 651/651/651 
f 572/572/572 574/574/574 651/651/651 
f 651/651/651 574/574/574 652/652/652 
f 574/574/574 576/576/576 652/652/652 
f 652/652/652 576/576/576 653/653/653 
f 576/576/576 578/578/578 653/653/653 
f 653/653/653 578/578/578 654/654/654 
f 578/578/578 580/580/580 654/654/654 
f 654/654/654 580/580/580 655/655/655 
f 580/580/580 582/582/582 655/655/655 
f 655/655/655 582/582/582 656/656/656 
f 582/582/582 584/584/584 656/656/656 
f 656/656/656 584/584/584 657/657/657 
f 584/584/584 586/586/586 657/657/657 
f 657/657/657 586/586/586 658/658/658 
f 586/586/586 588/588/588 658/658/658 
f 658/658/658 588/588/588 659/659/659 
f 588/588/588 590/590/590 659/659/659 
f 659/659/659 590/590/590 660/660/660 
f 590/590/590 661/661/661 660/660/660 
f 660/660/660 661/661/661 661/661/661 
f 661/661/661 403/403/403 661/661/661 
f 661/661/661 403/403/403 403/403/403 
f 403/403/403 401/401/401 403/403/403 
f 403/403/403 401/401/401 447/447/447 
f 401/401/401 662/662/662 447/447/447 
f 447/447/447 662/662/662 448/448/448 
f 662/662/662 663/663/663 448/448/448 
f 448/448/448 663/663/663 449/449/449 
f 663/663/663 664/664/664 449/449/449 
f 449/449/449 664/664/664 450/450/450 
f 664/664/664 665/665/665 450/450/450 
f 450/450/450 665/665/665 451/451/451 
f 665/665/665 666/666/666 451/451/451 
f 451/451/451 666/666/666 452/452/452 
f 666/666/666 667/667/667 452/452/452 
f 452/452/452 667/667/667 453/453/453 
f 667/667/667 668/668/668 453/453/453 
f 453/453/453 668/668/668 669/669/669 
f 668/668/668 670/670/670 669/669/669 
f 669/669/669 670/670/670 671/671/671 
f 670/670/670 672/672/672 671/671/671 
f 671/671/671 672/672/672 673/673/673 
f 672/672/672 674/674/674 673/673/673 
f 673/673/673 674/674/674 675/675/675 
f 674/674/674 676/676/676 675/675/675 
f 675/675/675 676/676/676 677/677/677 
f 676/676/676 678/678/678 677/677/677 
f 677/677/677 678/678/678 679/679/679 
f 678/678/678 680/680/680 679/679/679 
f 679/679/679 680/680/680 681/681/681 
f 680/680/680 682/682/682 681/681/681 
f 681/681/681 682/682/682 683/683/683 
f 682/682/682 684/684/684 683/683/683 
f 683/683/683 684/684/684 685/685/685 
f 684/684/684 686/686/686 685/685/685 
f 685/685/685 686/686/686 687/687/687 
f 686/686/686 688/688/688 687/687/687 
f 687/687/687 688/688/688 689/689/689 
f 688/688/688 690/690/690 689/689/689 
f 689/689/689 690/690/690 691/691/691 
f 690/690/690 692/692/692 691/691/691 
f 691/691/691 692/692/692 693/693/693 
f 692/692/692 694/694/694 693/693/693 
f 693/693/693 694/694/694 695/695/695 
f 694/694/694 696/696/696 695/695/695 
f 695/695/695 696/696/696 697/697/697 
f 696/696/696 698/698/698 697/697/697 
f 697/697/697 698/698/698 699/699/699 
f 698/698/698 700/700/700 699/699/699 
f 699/699/699 700/700/700 701/701/701 
f 700/700/700 702/702/702 701/701/701 
f 701/701/701 702/702/702 703/703/703 
f 702/702/702 704/704/704 703/703/703 
f 703/703/703 704/704/704 705/705/705 
f 704/704/704 706/706/706 705/705/705 
f 705/705/705 706/706/706 707/707/707 
f 706/706/706 708/708/708 707/707/707 
f 707/707/707 708/708/708 709/709/709 
f 708/708/708 710/710/710 709/709/709 
f 709/709/709 710/710/710 711/711/711 
f 710/710/710 712/712/712 711/711/711 
f 711/711/711 712/712/712 713/713/713 
f 712/712/712 355/355/355 713/713/713 
f 713/713/713 355/355/355 354/354/354 
f 355/355/355 354/354/354 354/354/354 
f 354/354/354 354/354/354 669/669/669 
f 354/354/354 669/669/669 669/669/669 
f 669/669/669 669/669/669 669/669/669 
f 669/669/669 671/671/671 669/669/669 
f 669/669/669 671/671/671 714/714/714 
f 671/671/671 715/715/715 714/714/714 
f 714/714/714 715/715/715 716/716/716 
f 715/715/715 717/717/717 716/716/716 
f 716/716/716 717/717/717 718/718/718 
f 717/717/717 719/719/719 718/718/718 
f 718/718/718 719/719/719 720/720/720 
f 719/719/719 721/721/721 720/720/720 
f 720/720/720 721/721/721 722/722/722 
f 721/721/721 681/681/681 722/722/722 
f 722/722/722 681/681/681 723/723/723 
f 681/681/681 683/683/683 723/723/723 
f 723/723/723 683/683/683 724/724/724 
f 683/683/683 685/685/685 724/724/724 
f 724/724/724 685/685/685 725/725/725 
f 685/685/685 687/687/687 725/725/725 
f 725/725/725 687/687/687 726/726/726 
f 687/687/687 689/689/689 726/726/726 
f 726/726/726 689/689/689 727/727/727 
f 689/689/689 691/691/691 727/727/727 
f 727/727/727 691/691/691 728/728/728 
f 691/691/691 693/693/693 728/728/728 
f 728/728/728 693/693/693 729/729/729 
f 693/693/693 730/730/730 729/729/729 
f 729/729/729 730/730/730 731/731/731 
f 730/730/730 732/732/732 731/731/731 
f 731/731/731 732/732/732 733/733/733 
f 732/732/732 734/734/734 733/733/733 
f 733/733/733 734/734/734 735/735/735 
f 734/734/734 736/736/736 735/735/735 
f 735/735/735 736/736/736 737/737/737 
f 736/736/736 738/738/738 737/737/737 
f 737/737/737 738/738/738 739/739/739 
f 738/738/738 740/740/740 739/739/739 
f 739/739/739 740/740/740 741/741/741 
f 740/740/740 742/742/742 741/741/741 
f 741/741/741 742/742/742 743/743/743 
f 742/742/742 709/709/709 743/743/743 
f 743/743/743 709/709/709 744/744/744 
f 709/709/709 711/711/711 744/744/744 
f 744/744/744 711/711/711 745/745/745 
f 711/711/711 713/713/713 745/745/745 
f 745/745/745 713/713/713 746/746/746 
f 713/713/713 354/354/354 746/746/746 
f 746/746/746 354/354/354 747/747/747 
f 354/354/354 353/353/353 747/747/747 
f 747/747/747 353/353/353 352/352/352 
f 353/353/353 352/352/352 352/352/352 
f 352/352/352 352/352/352 745/745/745 
f 352/352/352 745/745/745 745/745/745 
f 745/745/745 745/745/745 745/745/745 
f 745/745/745 748/748/748 745/745/745 
f 745/745/745 748/748/748 744/744/744 
f 748/748/748 749/749/749 744/744/744 
f 744/744/744 749/749/749 743/743/743 
f 749/749/749 750/750/750 743/743/743 
f 743/743/743 750/750/750 741/741/741 
f 750/750/750 751/751/751 741/741/741 
f 741/741/741 751/751/751 739/739/739 
f 751/751/751 752/752/752 739/739/739 
f 739/739/739 752/752/752 737/737/737 
f 752/752/752 753/753/753 737/737/737 
f 737/737/737 753/753/753 735/735/735 
f 753/753/753 754/754/754 735/735/735 
f 735/735/735 754/754/754 755/755/755 
f 754/754/754 756/756/756 755/755/755 
f 755/755/755 756/756/756 757/757/757 
f 756/756/756 758/758/758 757/757/757 
f 757/757/757 758/758/758 759/759/759 
f 758/758/758 760/760/760 759/759/759 
f 759/759/759 760/760/760 761/761/761 
f 760/760/760 762/762/762 761/761/761 
f 761/761/761 762/762/762 763/763/763 
f 762/762/762 764/764/764 763/763/763 
f 763/763/763 764/764/764 765/765/765 
f 764/764/764 473/473/473 765/765/765 
f 765/765/765 473/473/473 471/471/471 
f 473/473/473 471/471/471 471/471/471 
f 471/471/471 471/471/471 765/765/765 
f 471/471/471 765/765/765 765/765/765 
f 765/765/765 765/765/765 765/765/765 
f 765/765/765 471/471/471 765/765/765 
f 765/765/765 471/471/471 766/766/766 
f 471/471/471 469/469/469 766/766/766 
f 766/766/766 469/469/469 767/767/767 
f 469/469/469 467/467/467 767/767/767 
f 767/767/767 467/467/467 768/768/768 
f 467/467/467 465/465/465 768/768/768 
f 768/768/768 465/465/465 769/769/769 
f 465/465/465 463/463/463 769/769/769 
f 769/769/769 463/463/463 770/770/770 
f 463/463/463 461/461/461 770/770/770 
f 770/770/770 461/461/461 718/718/718 
f 461/461/461 459/459/459 718/718/718 
f 718/718/718 459/459/459 716/716/716 
f 459/459/459 457/457/457 716/716/716 
f 716/716/716 457/457/457 714/714/714 
f 457/457/457 455/455/455 714/714/714 
f 714/714/714 455/455/455 454/454/454 
f 455/455/455 454/454/454 454/454/454 
f 454/454/454 454/454/454 766/766/766 
f 454/454/454 766/766/766 766/766/766 
f 766/766/766 766/766/766 766/766/766 
f 766/766/766 767/767/767 766/766/766 
f 766/766/766 767/767/767 771/771/771 
f 767/767/767 768/768/768 771/771/771 
f 771/771/771 768/768/768 772/772/772 
f 768/768/768 769/769/769 772/772/772 
f 772/772/772 769/769/769 773/773/773 
f 769/769/769 720/720/720 773/773/773 
f 773/773/773 720/720/720 723/723/723 
f 720/720/720 722/722/722 723/723/723 
f 723/723/723 722/722/722 722/722/722 
f 722/722/722 771/771/771 722/722/722 
f 722/722/722 771/771/771 771/771/771 
f 771/771/771 772/772/772 771/771/771 
f 771/771/771 772/772/772 724/724/724 
f 772/772/772 773/773/773 724/724/724 
f 724/724/724 773/773/773 723/723/723 
f 773/773/773 723/723/723 723/723/723 
f 723/723/723 723/723/723 724/724/724 
f 723/723/723 724/724/724 724/724/724 
f 724/724/724 724/724/724 724/724/724 
f 724/724/724 725/725/725 724/724/724 
f 724/724/724 725/725/725 771/771/771 
f 725/725/725 726/726/726 771/771/771 
f 771/771/771 726/726/726 774/774/774 
f 726/726/726 727/727/727 774/774/774 
f 774/774/774 727/727/727 775/775/775 
f 727/727/727 728/728/728 775/775/775 
f 775/775/775 728/728/728 763/763/763 
f 728/728/728 729/729/729 763/763/763 
f 763/763/763 729/729/729 761/761/761 
f 729/729/729 731/731/731 761/761/761 
f 761/761/761 731/731/731 759/759/759 
f 731/731/731 757/757/757 759/759/759 
f 759/759/759 757/757/757 757/757/757 
f 757/757/757 763/763/763 757/757/757 
f 757/757/757 763/763/763 763/763/763 
f 763/763/763 765/765/765 763/763/763 
f 763/763/763 765/765/765 775/775/775 
f 765/765/765 766/766/766 775/775/775 
f 775/775/775 766/766/766 774/774/774 
f 766/766/766 771/771/771 774/774/774 
f 774/774/774 771/771/771 771/771/771 
f 771/771/771 735/735/735 771/771/771 
f 771/771/771 735/735/735 735/735/735 
f 735/735/735 755/755/755 735/735/735 
f 735/735/735 755/755/755 733/733/733 
f 755/755/755 757/757/757 733/733/733 
f 733/733/733 757/757/757 731/731/731 
f 757/757/757 731/731/731 731/731/731 
f 731/731/731 731/731/731 681/681/681 
f 731/731/731 681/681/681 681/681/681 
f 681/681/681 681/681/681 681/681/681 
f 681/681/681 721/721/721 681/681/681 
f 681/681/681 721/721/721 679/679/679 
f 721/721/721 677/677/677 679/679/679 
f 679/679/679 677/677/677 677/677/677 
f 677/677/677 721/721/721 677/677/677 
f 677/677/677 721/721/721 776/776/776 
f 721/721/721 719/719/719 776/776/776 
f 776/776/776 719/719/719 717/717/717 
f 719/719/719 717/717/717 717/717/717 
f 717/717/717 717/717/717 776/776/776 
f 717/717/717 776/776/776 776/776/776 
f 776/776/776 776/776/776 776/776/776 
f 776/776/776 717/717/717 776/776/776 
f 776/776/776 717/717/717 673/673/673 
f 717/717/717 715/715/715 673/673/673 
f 673/673/673 715/715/715 671/671/671 
f 715/715/715 671/671/671 671/671/671 
f 671/671/671 671/671/671 673/673/673 
f 671/671/671 673/673/673 673/673/673 
f 673/673/673 673/673/673 673/673/673 
f 673/673/673 675/675/675 673/673/673 
f 673/673/673 675/675/675 776/776/776 
f 675/675/675 677/677/677 776/776/776 
f 776/776/776 677/677/677 677/677/677 
f 677/677/677 769/769/769 677/677/677 
f 677/677/677 769/769/769 769/769/769 
f 769/769/769 770/770/770 769/769/769 
f 769/769/769 770/770/770 720/720/720 
f 770/770/770 718/718/718 720/720/720 
f 720/720/720 718/718/718 718/718/718 
f 718/718/718 453/453/453 718/718/718 
f 718/718/718 453/453/453 453/453/453 
f 453/453/453 669/669/669 453/453/453 
f 453/453/453 669/669/669 454/454/454 
f 669/669/669 714/714/714 454/454/454 
f 454/454/454 714/714/714 714/714/714 
f 714/714/714 694/694/694 714/714/714 
f 714/714/714 694/694/694 694/694/694 
f 694/694/694 692/692/692 694/694/694 
f 694/694/694 692/692/692 696/696/696 
f 692/692/692 777/777/777 696/696/696 
f 696/696/696 777/777/777 778/778/778 
f 777/777/777 779/779/779 778/778/778 
f 778/778/778 779/779/779 780/780/780 
f 779/779/779 781/781/781 780/780/780 
f 780/780/780 781/781/781 782/782/782 
f 781/781/781 783/783/783 782/782/782 
f 782/782/782 783/783/783 784/784/784 
f 783/783/783 785/785/785 784/784/784 
f 784/784/784 785/785/785 366/366/366 
f 785/785/785 786/786/786 366/366/366 
f 366/366/366 786/786/786 367/367/367 
f 786/786/786 787/787/787 367/367/367 
f 367/367/367 787/787/787 368/368/368 
f 787/787/787 369/369/369 368/368/368 
f 368/368/368 369/369/369 369/369/369 
f 369/369/369 778/778/778 369/369/369 
f 369/369/369 778/778/778 778/778/778 
f 778/778/778 780/780/780 778/778/778 
f 778/778/778 780/780/780 788/788/788 
f 780/780/780 789/789/789 788/788/788 
f 788/788/788 789/789/789 790/790/790 
f 789/789/789 791/791/791 790/790/790 
f 790/790/790 791/791/791 792/792/792 
f 791/791/791 793/793/793 792/792/792 
f 792/792/792 793/793/793 702/702/702 
f 793/793/793 794/794/794 702/702/702 
f 702/702/702 794/794/794 704/704/704 
f 794/794/794 795/795/795 704/704/704 
f 704/704/704 795/795/795 706/706/706 
f 795/795/795 796/796/796 706/706/706 
f 706/706/706 796/796/796 797/797/797 
f 796/796/796 357/357/357 797/797/797 
f 797/797/797 357/357/357 712/712/712 
f 357/357/357 356/356/356 712/712/712 
f 712/712/712 356/356/356 355/355/355 
f 356/356/356 355/355/355 355/355/355 
f 355/355/355 355/355/355 795/795/795 
f 355/355/355 795/795/795 795/795/795 
f 795/795/795 795/795/795 795/795/795 
f 795/795/795 794/794/794 795/795/795 
f 795/795/795 794/794/794 360/360/360 
f 794/794/794 793/793/793 360/360/360 
f 360/360/360 793/793/793 361/361/361 
f 793/793/793 791/791/791 361/361/361 
f 361/361/361 791/791/791 362/362/362 
f 791/791/791 363/363/363 362/362/362 
f 362/362/362 363/363/363 363/363/363 
f 363/363/363 360/360/360 363/363/363 
f 363/363/363 360/360/360 360/360/360 
f 360/360/360 359/359/359 360/360/360 
f 360/360/360 359/359/359 795/795/795 
f 359/359/359 358/358/358 795/795/795 
f 795/795/795 358/358/358 796/796/796 
f 358/358/358 357/357/357 796/796/796 
f 796/796/796 357/357/357 357/357/357 
f 357/357/357 706/706/706 357/357/357 
f 357/357/357 706/706/706 706/706/706 
f 706/706/706 797/797/797 706/706/706 
f 706/706/706 797/797/797 708/708/708 
f 797/797/797 712/712/712 708/708/708 
f 708/708/708 712/712/712 710/710/710 
f 712/712/712 710/710/710 710/710/710 
f 710/710/710 710/710/710 790/790/790 
f 710/710/710 790/790/790 790/790/790 
f 790/790/790 790/790/790 790/790/790 
f 790/790/790 792/792/792 790/790/790 
f 790/790/790 792/792/792 788/788/788 
f 792/792/792 700/700/700 788/788/788 
f 788/788/788 700/700/700 698/698/698 
f 700/700/700 698/698/698 698/698/698 
f 698/698/698 698/698/698 788/788/788 
f 698/698/698 788/788/788 788/788/788 
f 788/788/788 788/788/788 788/788/788 
f 788/788/788 698/698/698 788/788/788 
f 788/788/788 698/698/698 778/778/778 
f 698/698/698 696/696/696 778/778/778 
f 778/778/778 696/696/696 696/696/696 
f 696/696/696 692/692/692 696/696/696 
f 696/696/696 692/692/692 692/692/692 
f 692/692/692 690/690/690 692/692/692 
f 692/692/692 690/690/690 777/777/777 
f 690/690/690 798/798/798 777/777/777 
f 777/777/777 798/798/798 779/779/779 
f 798/798/798 799/799/799 779/779/779 
f 779/779/779 799/799/799 781/781/781 
f 799/799/799 800/800/800 781/781/781 
f 781/781/781 800/800/800 783/783/783 
f 800/800/800 801/801/801 783/783/783 
f 783/783/783 801/801/801 785/785/785 
f 801/801/801 786/786/786 785/785/785 
f 785/785/785 786/786/786 786/786/786 
f 786/786/786 801/801/801 786/786/786 
f 786/786/786 801/801/801 802/802/802 
f 801/801/801 803/803/803 802/802/802 
f 802/802/802 803/803/803 804/804/804 
f 803/803/803 805/805/805 804/804/804 
f 804/804/804 805/805/805 806/806/806 
f 805/805/805 807/807/807 806/806/806 
f 806/806/806 807/807/807 808/808/808 
f 807/807/807 680/680/680 808/808/808 
f 808/808/808 680/680/680 809/809/809 
f 680/680/680 678/678/678 809/809/809 
f 809/809/809 678/678/678 810/810/810 
f 678/678/678 676/676/676 810/810/810 
f 810/810/810 676/676/676 811/811/811 
f 676/676/676 812/812/812 811/811/811 
f 811/811/811 812/812/812 813/813/813 
f 812/812/812 814/814/814 813/813/813 
f 813/813/813 814/814/814 815/815/815 
f 814/814/814 816/816/816 815/815/815 
f 815/815/815 816/816/816 817/817/817 
f 816/816/816 818/818/818 817/817/817 
f 817/817/817 818/818/818 819/819/819 
f 818/818/818 820/820/820 819/819/819 
f 819/819/819 820/820/820 821/821/821 
f 820/820/820 666/666/666 821/821/821 
f 821/821/821 666/666/666 822/822/822 
f 666/666/666 665/665/665 822/822/822 
f 822/822/822 665/665/665 664/664/664 
f 665/665/665 664/664/664 664/664/664 
f 664/664/664 664/664/664 821/821/821 
f 664/664/664 821/821/821 821/821/821 
f 821/821/821 821/821/821 821/821/821 
f 821/821/821 823/823/823 821/821/821 
f 821/821/821 823/823/823 819/819/819 
f 823/823/823 824/824/824 819/819/819 
f 819/819/819 824/824/824 817/817/817 
f 824/824/824 825/825/825 817/817/817 
f 817/817/817 825/825/825 815/815/815 
f 825/825/825 826/826/826 815/815/815 
f 815/815/815 826/826/826 813/813/813 
f 826/826/826 827/827/827 813/813/813 
f 813/813/813 827/827/827 828/828/828 
f 827/827/827 423/423/423 828/828/828 
f 828/828/828 423/423/423 829/829/829 
f 423/423/423 425/425/425 829/829/829 
f 829/829/829 425/425/425 830/830/830 
f 425/425/425 426/426/426 830/830/830 
f 830/830/830 426/426/426 831/831/831 
f 426/426/426 371/371/371 831/831/831 
f 831/831/831 371/371/371 832/832/832 
f 371/371/371 370/370/370 832/832/832 
f 832/832/832 370/370/370 369/369/369 
f 370/370/370 369/369/369 369/369/369 
f 369/369/369 369/369/369 423/423/423 
f 369/369/369 423/423/423 423/423/423 
f 423/423/423 423/423/423 423/423/423 
f 423/423/423 827/827/827 423/423/423 
f 423/423/423 827/827/827 421/421/421 
f 827/827/827 833/833/833 421/421/421 
f 421/421/421 833/833/833 420/420/420 
f 833/833/833 834/834/834 420/420/420 
f 420/420/420 834/834/834 419/419/419 
f 834/834/834 835/835/835 419/419/419 
f 419/419/419 835/835/835 418/418/418 
f 835/835/835 416/416/416 418/418/418 
f 418/418/418 416/416/416 416/416/416 
f 416/416/416 835/835/835 416/416/416 
f 416/416/416 835/835/835 835/835/835 
f 835/835/835 836/836/836 835/835/835 
f 835/835/835 836/836/836 416/416/416 
f 836/836/836 837/837/837 416/416/416 
f 416/416/416 837/837/837 414/414/414 
f 837/837/837 838/838/838 414/414/414 
f 414/414/414 838/838/838 412/412/412 
f 838/838/838 839/839/839 412/412/412 
f 412/412/412 839/839/839 411/411/411 
f 839/839/839 840/840/840 411/411/411 
f 411/411/411 840/840/840 841/841/841 
f 840/840/840 842/842/842 841/841/841 
f 841/841/841 842/842/842 397/397/397 
f 842/842/842 399/399/399 397/397/397 
f 397/397/397 399/399/399 399/399/399 
f 399/399/399 837/837/837 399/399/399 
f 399/399/399 837/837/837 837/837/837 
f 837/837/837 843/843/843 837/837/837 
f 837/837/837 843/843/843 838/838/838 
f 843/843/843 844/844/844 838/838/838 
f 838/838/838 844/844/844 839/839/839 
f 844/844/844 845/845/845 839/839/839 
f 839/839/839 845/845/845 840/840/840 
f 845/845/845 846/846/846 840/840/840 
f 840/840/840 846/846/846 842/842/842 
f 846/846/846 663/663/663 842/842/842 
f 842/842/842 663/663/663 662/662/662 
f 663/663/663 662/662/662 662/662/662 
f 662/662/662 662/662/662 663/663/663 
f 662/662/662 663/663/663 663/663/663 
f 663/663/663 663/663/663 663/663/663 
f 663/663/663 846/846/846 663/663/663 
f 663/663/663 846/846/846 847/847/847 
f 846/846/846 845/845/845 847/847/847 
f 847/847/847 845/845/845 822/822/822 
f 845/845/845 848/848/848 822/822/822 
f 822/822/822 848/848/848 823/823/823 
f 848/848/848 849/849/849 823/823/823 
f 823/823/823 849/849/849 824/824/824 
f 849/849/849 850/850/850 824/824/824 
f 824/824/824 850/850/850 825/825/825 
f 850/850/850 836/836/836 825/825/825 
f 825/825/825 836/836/836 851/851/851 
f 836/836/836 834/834/834 851/851/851 
f 851/851/851 834/834/834 833/833/833 
f 834/834/834 833/833/833 833/833/833 
f 833/833/833 833/833/833 836/836/836 
f 833/833/833 836/836/836 836/836/836 
f 836/836/836 836/836/836 836/836/836 
f 836/836/836 850/850/850 836/836/836 
f 836/836/836 850/850/850 843/843/843 
f 850/850/850 849/849/849 843/843/843 
f 843/843/843 849/849/849 844/844/844 
f 849/849/849 848/848/848 844/844/844 
f 844/844/844 848/848/848 845/845/845 
f 848/848/848 845/845/845 845/845/845 
f 845/845/845 845/845/845 680/680/680 
f 845/845/845 680/680/680 680/680/680 
f 680/680/680 680/680/680 680/680/680 
f 680/680/680 807/807/807 680/680/680 
f 680/680/680 807/807/807 682/682/682 
f 807/807/807 852/852/852 682/682/682 
f 682/682/682 852/852/852 684/684/684 
f 852/852/852 853/853/853 684/684/684 
f 684/684/684 853/853/853 686/686/686 
f 853/853/853 854/854/854 686/686/686 
f 686/686/686 854/854/854 688/688/688 
f 854/854/854 690/690/690 688/688/688 
f 688/688/688 690/690/690 690/690/690 
f 690/690/690 807/807/807 690/690/690 
f 690/690/690 807/807/807 807/807/807 
f 807/807/807 805/805/805 807/807/807 
f 807/807/807 805/805/805 852/852/852 
f 805/805/805 855/855/855 852/852/852 
f 852/852/852 855/855/855 853/853/853 
f 855/855/855 854/854/854 853/853/853 
f 853/853/853 854/854/854 854/854/854 
f 854/854/854 805/805/805 854/854/854 
f 854/854/854 805/805/805 805/805/805 
f 805/805/805 803/803/803 805/805/805 
f 805/805/805 803/803/803 855/855/855 
f 803/803/803 856/856/856 855/855/855 
f 855/855/855 856/856/856 857/857/857 
f 856/856/856 800/800/800 857/857/857 
f 857/857/857 800/800/800 799/799/799 
f 800/800/800 799/799/799 799/799/799 
f 799/799/799 799/799/799 855/855/855 
f 799/799/799 855/855/855 855/855/855 
f 855/855/855 855/855/855 855/855/855 
f 855/855/855 857/857/857 855/855/855 
f 855/855/855 857/857/857 854/854/854 
f 857/857/857 799/799/799 854/854/854 
f 854/854/854 799/799/799 798/798/798 
f 799/799/799 798/798/798 798/798/798 
f 798/798/798 798/798/798 827/827/827 
f 798/798/798 827/827/827 827/827/827 
f 827/827/827 827/827/827 827/827/827 
f 827/827/827 826/826/826 827/827/827 
f 827/827/827 826/826/826 833/833/833 
f 826/826/826 851/851/851 833/833/833 
f 833/833/833 851/851/851 851/851/851 
f 851/851/851 813/813/813 851/851/851 
f 851/851/851 813/813/813 813/813/813 
f 813/813/813 828/828/828 813/813/813 
f 813/813/813 828/828/828 811/811/811 
f 828/828/828 858/858/858 811/811/811 
f 811/811/811 858/858/858 810/810/810 
f 858/858/858 809/809/809 810/810/810 
f 810/810/810 809/809/809 809/809/809 
f 809/809/809 828/828/828 809/809/809 
f 809/809/809 828/828/828 828/828/828 
f 828/828/828 829/829/829 828/828/828 
f 828/828/828 829/829/829 858/858/858 
f 829/829/829 859/859/859 858/858/858 
f 858/858/858 859/859/859 860/860/860 
f 859/859/859 861/861/861 860/860/860 
f 860/860/860 861/861/861 862/862/862 
f 861/861/861 863/863/863 862/862/862 
f 862/862/862 863/863/863 806/806/806 
f 863/863/863 804/804/804 806/806/806 
f 806/806/806 804/804/804 804/804/804 
f 804/804/804 859/859/859 804/804/804 
f 804/804/804 859/859/859 859/859/859 
f 859/859/859 830/830/830 859/859/859 
f 859/859/859 830/830/830 861/861/861 
f 830/830/830 864/864/864 861/861/861 
f 861/861/861 864/864/864 863/863/863 
f 864/864/864 865/865/865 863/863/863 
f 863/863/863 865/865/865 804/804/804 
f 865/865/865 866/866/866 804/804/804 
f 804/804/804 866/866/866 802/802/802 
f 866/866/866 787/787/787 802/802/802 
f 802/802/802 787/787/787 786/786/786 
f 787/787/787 786/786/786 786/786/786 
f 786/786/786 786/786/786 830/830/830 
f 786/786/786 830/830/830 830/830/830 
f 830/830/830 830/830/830 830/830/830 
f 830/830/830 831/831/831 830/830/830 
f 830/830/830 831/831/831 864/864/864 
f 831/831/831 832/832/832 864/864/864 
f 864/864/864 832/832/832 865/865/865 
f 832/832/832 867/867/867 865/865/865 
f 865/865/865 867/867/867 787/787/787 
f 867/867/867 369/369/369 787/787/787 
f 787/787/787 369/369/369 369/369/369 
f 369/369/369 399/399/399 369/369/369 
f 369/369/369 399/399/399 399/399/399 
f 399/399/399 842/842/842 399/399/399 
f 399/399/399 842/842/842 401/401/401 
f 842/842/842 662/662/662 401/401/401 
f 401/401/401 662/662/662 662/662/662 
f 662/662/662 822/822/822 662/662/662 
f 662/662/662 822/822/822 822/822/822 
f 822/822/822 664/664/664 822/822/822 
f 822/822/822 664/664/664 847/847/847 
f 664/664/664 663/663/663 847/847/847 
f 847/847/847 663/663/663 663/663/663 
f 663/663/663 800/800/800 663/663/663 
f 663/663/663 800/800/800 800/800/800 
f 800/800/800 856/856/856 800/800/800 
f 800/800/800 856/856/856 801/801/801 
f 856/856/856 803/803/803 801/801/801 
f 801/801/801 803/803/803 803/803/803 
f 803/803/803 858/858/858 803/803/803 
f 803/803/803 858/858/858 858/858/858 
f 858/858/858 860/860/860 858/858/858 
f 858/858/858 860/860/860 809/809/809 
f 860/860/860 862/862/862 809/809/809 
f 809/809/809 862/862/862 808/808/808 
f 862/862/862 806/806/806 808/808/808 
f 808/808/808 806/806/806 806/806/806 
f 806/806/806 814/814/814 806/806/806 
f 806/806/806 814/814/814 814/814/814 
f 814/814/814 812/812/812 814/814/814 
f 814/814/814 812/812/812 816/816/816 
f 812/812/812 674/674/674 816/816/816 
f 816/816/816 674/674/674 672/672/672 
f 674/674/674 672/672/672 672/672/672 
f 672/672/672 672/672/672 816/816/816 
f 672/672/672 816/816/816 816/816/816 
f 816/816/816 816/816/816 816/816/816 
f 816/816/816 672/672/672 816/816/816 
f 816/816/816 672/672/672 818/818/818 
f 672/672/672 670/670/670 818/818/818 
f 818/818/818 670/670/670 820/820/820 
f 670/670/670 667/667/667 820/820/820 
f 820/820/820 667/667/667 666/666/666 
f 667/667/667 666/666/666 666/666/666 
f 666/666/666 666/666/666 366/366/366 
f 666/666/666 366/366/366 366/366/366 
f 366/366/366 366/366/366 366/366/366 
f 366/366/366 365/365/365 366/366/366 
f 366/366/366 365/365/365 784/784/784 
f 365/365/365 364/364/364 784/784/784 
f 784/784/784 364/364/364 868/868/868 
f 364/364/364 363/363/363 868/868/868 
f 868/868/868 363/363/363 869/869/869 
f 363/363/363 791/791/791 869/869/869 
f 869/869/869 791/791/791 789/789/789 
f 791/791/791 789/789/789 789/789/789 
f 789/789/789 789/789/789 784/784/784 
f 789/789/789 784/784/784 784/784/784 
f 784/784/784 784/784/784 784/784/784 
f 784/784/784 868/868/868 784/784/784 
f 784/784/784 868/868/868 782/782/782 
f 868/868/868 869/869/869 782/782/782 
f 782/782/782 869/869/869 789/789/789 
f 869/869/869 789/789/789 789/789/789 
f 789/789/789 789/789/789 693/693/693 
f 789/789/789 693/693/693 693/693/693 
f 693/693/693 693/693/693 693/693/693 
f 693/693/693 695/695/695 693/693/693 
f 693/693/693 695/695/695 730/730/730 
f 695/695/695 870/870/870 730/730/730 
f 730/730/730 870/870/870 732/732/732 
f 870/870/870 734/734/734 732/732/732 
f 732/732/732 734/734/734 734/734/734 
f 734/734/734 695/695/695 734/734/734 
f 734/734/734 695/695/695 695/695/695 
f 695/695/695 697/697/697 695/695/695 
f 695/695/695 697/697/697 870/870/870 
f 697/697/697 871/871/871 870/870/870 
f 870/870/870 871/871/871 872/872/872 
f 871/871/871 873/873/873 872/872/872 
f 872/872/872 873/873/873 738/738/738 
f 873/873/873 874/874/874 738/738/738 
f 738/738/738 874/874/874 740/740/740 
f 874/874/874 875/875/875 740/740/740 
f 740/740/740 875/875/875 742/742/742 
f 875/875/875 707/707/707 742/742/742 
f 742/742/742 707/707/707 709/709/709 
f 707/707/707 709/709/709 709/709/709 
f 709/709/709 709/709/709 707/707/707 
f 709/709/709 707/707/707 707/707/707 
f 707/707/707 707/707/707 707/707/707 
f 707/707/707 875/875/875 707/707/707 
f 707/707/707 875/875/875 705/705/705 
f 875/875/875 876/876/876 705/705/705 
f 705/705/705 876/876/876 703/703/703 
f 876/876/876 877/877/877 703/703/703 
f 703/703/703 877/877/877 701/701/701 
f 877/877/877 699/699/699 701/701/701 
f 701/701/701 699/699/699 699/699/699 
f 699/699/699 875/875/875 699/699/699 
f 699/699/699 875/875/875 875/875/875 
f 875/875/875 874/874/874 875/875/875 
f 875/875/875 874/874/874 876/876/876 
f 874/874/874 873/873/873 876/876/876 
f 876/876/876 873/873/873 877/877/877 
f 873/873/873 699/699/699 877/877/877 
f 877/877/877 699/699/699 699/699/699 
f 699/699/699 873/873/873 699/699/699 
f 699/699/699 873/873/873 873/873/873 
f 873/873/873 871/871/871 873/873/873 
f 873/873/873 871/871/871 699/699/699 
f 871/871/871 697/697/697 699/699/699 
f 699/699/699 697/697/697 697/697/697 
f 697/697/697 738/738/738 697/697/697 
f 697/697/697 738/738/738 738/738/738 
f 738/738/738 736/736/736 738/738/738 
f 738/738/738 736/736/736 872/872/872 
f 736/736/736 734/734/734 872/872/872 
f 872/872/872 734/734/734 870/870/870 
f 734/734/734 870/870/870 870/870/870 
f 870/870/870 870/870/870 764/764/764 
f 870/870/870 764/764/764 764/764/764 
f 764/764/764 764/764/764 764/764/764 
f 764/764/764 762/762/762 764/764/764 
f 764/764/764 762/762/762 473/473/473 
f 762/762/762 475/475/475 473/473/473 
f 473/473/473 475/475/475 475/475/475 
f 475/475/475 762/762/762 475/475/475 
f 475/475/475 762/762/762 762/762/762 
f 762/762/762 760/760/760 762/762/762 
f 762/762/762 760/760/760 475/475/475 
f 760/760/760 477/477/477 475/475/475 
f 475/475/475 477/477/477 477/477/477 
f 477/477/477 760/760/760 477/477/477 
f 477/477/477 760/760/760 479/479/479 
f 760/760/760 758/758/758 479/479/479 
f 479/479/479 758/758/758 481/481/481 
f 758/758/758 756/756/756 481/481/481 
f 481/481/481 756/756/756 483/483/483 
f 756/756/756 878/878/878 483/483/483 
f 483/483/483 878/878/878 485/485/485 
f 878/878/878 879/879/879 485/485/485 
f 485/485/485 879/879/879 487/487/487 
f 879/879/879 880/880/880 487/487/487 
f 487/487/487 880/880/880 489/489/489 
f 880/880/880 881/881/881 489/489/489 
f 489/489/489 881/881/881 491/491/491 
f 881/881/881 882/882/882 491/491/491 
f 491/491/491 882/882/882 493/493/493 
f 882/882/882 883/883/883 493/493/493 
f 493/493/493 883/883/883 495/495/495 
f 883/883/883 884/884/884 495/495/495 
f 495/495/495 884/884/884 497/497/497 
f 884/884/884 885/885/885 497/497/497 
f 497/497/497 885/885/885 886/886/886 
f 885/885/885 887/887/887 886/886/886 
f 886/886/886 887/887/887 888/888/888 
f 887/887/887 889/889/889 888/888/888 
f 888/888/888 889/889/889 890/890/890 
f 889/889/889 891/891/891 890/890/890 
f 890/890/890 891/891/891 892/892/892 
f 891/891/891 893/893/893 892/892/892 
f 892/892/892 893/893/893 894/894/894 
f 893/893/893 895/895/895 894/894/894 
f 894/894/894 895/895/895 896/896/896 
f 895/895/895 897/897/897 896/896/896 
f 896/896/896 897/897/897 898/898/898 
f 897/897/897 899/899/899 898/898/898 
f 898/898/898 899/899/899 900/900/900 
f 899/899/899 901/901/901 900/900/900 
f 900/900/900 901/901/901 902/902/902 
f 901/901/901 903/903/903 902/902/902 
f 902/902/902 903/903/903 904/904/904 
f 903/903/903 905/905/905 904/904/904 
f 904/904/904 905/905/905 906/906/906 
f 905/905/905 907/907/907 906/906/906 
f 906/906/906 907/907/907 908/908/908 
f 907/907/907 909/909/909 908/908/908 
f 908/908/908 909/909/909 910/910/910 
f 909/909/909 911/911/911 910/910/910 
f 910/910/910 911/911/911 912/912/912 
f 911/911/911 913/913/913 912/912/912 
f 912/912/912 913/913/913 914/914/914 
f 913/913/913 915/915/915 914/914/914 
f 914/914/914 915/915/915 916/916/916 
f 915/915/915 917/917/917 916/916/916 
f 916/916/916 917/917/917 918/918/918 
f 917/917/917 919/919/919 918/918/918 
f 918/918/918 919/919/919 920/920/920 
f 919/919/919 921/921/921 920/920/920 
f 920/920/920 921/921/921 922/922/922 
f 921/921/921 923/923/923 922/922/922 
f 922/922/922 923/923/923 924/924/924 
f 923/923/923 925/925/925 924/924/924 
f 924/924/924 925/925/925 926/926/926 
f 925/925/925 927/927/927 926/926/926 
f 926/926/926 927/927/927 928/928/928 
f 927/927/927 333/333/333 928/928/928 
f 928/928/928 333/333/333 332/332/332 
f 333/333/333 332/332/332 332/332/332 
f 332/332/332 332/332/332 886/886/886 
f 332/332/332 886/886/886 886/886/886 
f 886/886/886 886/886/886 886/886/886 
f 886/886/886 888/888/888 886/886/886 
f 886/886/886 888/888/888 929/929/929 
f 888/888/888 930/930/930 929/929/929 
f 929/929/929 930/930/930 931/931/931 
f 930/930/930 932/932/932 931/931/931 
f 931/931/931 932/932/932 933/933/933 
f 932/932/932 934/934/934 933/933/933 
f 933/933/933 934/934/934 935/935/935 
f 934/934/934 936/936/936 935/935/935 
f 935/935/935 936/936/936 937/937/937 
f 936/936/936 898/898/898 937/937/937 
f 937/937/937 898/898/898 938/938/938 
f 898/898/898 900/900/900 938/938/938 
f 938/938/938 900/900/900 939/939/939 
f 900/900/900 902/902/902 939/939/939 
f 939/939/939 902/902/902 940/940/940 
f 902/902/902 904/904/904 940/940/940 
f 940/940/940 904/904/904 941/941/941 
f 904/904/904 906/906/906 941/941/941 
f 941/941/941 906/906/906 942/942/942 
f 906/906/906 908/908/908 942/942/942 
f 942/942/942 908/908/908 943/943/943 
f 908/908/908 910/910/910 943/943/943 
f 943/943/943 910/910/910 944/944/944 
f 910/910/910 945/945/945 944/944/944 
f 944/944/944 945/945/945 946/946/946 
f 945/945/945 947/947/947 946/946/946 
f 946/946/946 947/947/947 948/948/948 
f 947/947/947 949/949/949 948/948/948 
f 948/948/948 949/949/949 950/950/950 
f 949/949/949 951/951/951 950/950/950 
f 950/950/950 951/951/951 952/952/952 
f 951/951/951 953/953/953 952/952/952 
f 952/952/952 953/953/953 954/954/954 
f 953/953/953 955/955/955 954/954/954 
f 954/954/954 955/955/955 956/956/956 
f 955/955/955 957/957/957 956/956/956 
f 956/956/956 957/957/957 958/958/958 
f 957/957/957 959/959/959 958/958/958 
f 958/958/958 959/959/959 960/960/960 
f 959/959/959 961/961/961 960/960/960 
f 960/960/960 961/961/961 962/962/962 
f 961/961/961 963/963/963 962/962/962 
f 962/962/962 963/963/963 964/964/964 
f 963/963/963 965/965/965 964/964/964 
f 964/964/964 965/965/965 966/966/966 
f 965/965/965 967/967/967 966/966/966 
f 966/966/966 967/967/967 968/968/968 
f 967/967/967 969/969/969 968/968/968 
f 968/968/968 969/969/969 970/970/970 
f 969/969/969 971/971/971 970/970/970 
f 970/970/970 971/971/971 972/972/972 
f 971/971/971 973/973/973 972/972/972 
f 972/972/972 973/973/973 974/974/974 
f 973/973/973 975/975/975 974/974/974 
f 974/974/974 975/975/975 976/976/976 
f 975/975/975 977/977/977 976/976/976 
f 976/976/976 977/977/977 978/978/978 
f 977/977/977 979/979/979 978/978/978 
f 978/978/978 979/979/979 980/980/980 
f 979/979/979 980/980/980 980/980/980 
f 980/980/980 980/980/980 958/958/958 
f 980/980/980 958/958/958 958/958/958 
f 958/958/958 958/958/958 958/958/958 
f 958/958/958 981/981/981 958/958/958 
f 958/958/958 981/981/981 956/956/956 
f 981/981/981 982/982/982 956/956/956 
f 956/956/956 982/982/982 954/954/954 
f 982/982/982 983/983/983 954/954/954 
f 954/954/954 983/983/983 952/952/952 
f 983/983/983 984/984/984 952/952/952 
f 952/952/952 984/984/984 985/985/985 
f 984/984/984 986/986/986 985/985/985 
f 985/985/985 986/986/986 950/950/950 
f 986/986/986 987/987/987 950/950/950 
f 950/950/950 987/987/987 948/948/948 
f 987/987/987 988/988/988 948/948/948 
f 948/948/948 988/988/988 946/946/946 
f 988/988/988 989/989/989 946/946/946 
f 946/946/946 989/989/989 990/990/990 
f 989/989/989 991/991/991 990/990/990 
f 990/990/990 991/991/991 992/992/992 
f 991/991/991 521/521/521 992/992/992 
f 992/992/992 521/521/521 519/519/519 
f 521/521/521 519/519/519 519/519/519 
f 519/519/519 519/519/519 958/958/958 
f 519/519/519 958/958/958 958/958/958 
f 958/958/958 958/958/958 958/958/958 
f 958/958/958 993/993/993 958/958/958 
f 958/958/958 993/993/993 981/981/981 
f 993/993/993 994/994/994 981/981/981 
f 981/981/981 994/994/994 982/982/982 
f 994/994/994 995/995/995 982/982/982 
f 982/982/982 995/995/995 983/983/983 
f 995/995/995 996/996/996 983/983/983 
f 983/983/983 996/996/996 984/984/984 
f 996/996/996 997/997/997 984/984/984 
f 984/984/984 997/997/997 986/986/986 
f 997/997/997 998/998/998 986/986/986 
f 986/986/986 998/998/998 999/999/999 
f 998/998/998 531/531/531 999/999/999 
f 999/999/999 531/531/531 529/529/529 
f 531/531/531 529/529/529 529/529/529 
f 529/529/529 529/529/529 531/531/531 
f 529/529/529 531/531/531 531/531/531 
f 531/531/531 531/531/531 531/531/531 
f 531/531/531 998/998/998 531/531/531 
f 531/531/531 998/998/998 533/533/533 
f 998/998/998 1000/1000/1000 533/533/533 
f 533/533/533 1000/1000/1000 535/535/535 
f 1000/1000/1000 1001/1001/1001 535/535/535 
f 535/535/535 1001/1001/1001 537/537/537 
f 1001/1001/1001 1002/1002/1002 537/537/537 
f 537/537/537 1002/1002/1002 539/539/539 
f 1002/1002/1002 1003/1003/1003 539/539/539 
f 539/539/539 1003/1003/1003 541/541/541 
f 1003/1003/1003 1004/1004/1004 541/541/541 
f 541/541/541 1004/1004/1004 1005/1005/1005 
f 1004/1004/1004 1006/1006/1006 1005/1005/1005 
f 1005/1005/1005 1006/1006/1006 1007/1007/1007 
f 1006/1006/1006 1008/1008/1008 1007/1007/1007 
f 1007/1007/1007 1008/1008/1008 1009/1009/1009 
f 1008/1008/1008 1010/1010/1010 1009/1009/1009 
f 1009/1009/1009 1010/1010/1010 1011/1011/1011 
f 1010/1010/1010 1012/1012/1012 1011/1011/1011 
f 1011/1011/1011 1012/1012/1012 1013/1013/1013 
f 1012/1012/1012 1014/1014/1014 1013/1013/1013 
f 1013/1013/1013 1014/1014/1014 1015/1015/1015 
f 1014/1014/1014 1016/1016/1016 1015/1015/1015 
f 1015/1015/1015 1016/1016/1016 1017/1017/1017 
f 1016/1016/1016 1018/1018/1018 1017/1017/1017 
f 1017/1017/1017 1018/1018/1018 1019/1019/1019 
f 1018/1018/1018 1020/1020/1020 1019/1019/1019 
f 1019/1019/1019 1020/1020/1020 1021/1021/1021 
f 1020/1020/1020 1022/1022/1022 1021/1021/1021 
f 1021/1021/1021 1022/1022/1022 1023/1023/1023 
f 1022/1022/1022 1024/1024/1024 1023/1023/1023 
f 1023/1023/1023 1024/1024/1024 1025/1025/1025 
f 1024/1024/1024 1026/1026/1026 1025/1025/1025 
f 1025/1025/1025 1026/1026/1026 1027/1027/1027 
f 1026/1026/1026 1028/1028/1028 1027/1027/1027 
f 1027/1027/1027 1028/1028/1028 1029/1029/1029 
f 1028/1028/1028 1030/1030/1030 1029/1029/1029 
f 1029/1029/1029 1030/1030/1030 1031/1031/1031 
f 1030/1030/1030 1032/1032/1032 1031/1031/1031 
f 1031/1031/1031 1032/1032/1032 1033/1033/1033 
f 1032/1032/1032 1034/1034/1034 1033/1033/1033 
f 1033/1033/1033 1034/1034/1034 1035/1035/1035 
f 1034/1034/1034 1036/1036/1036 1035/1035/1035 
f 1035/1035/1035 1036/1036/1036 1037/1037/1037 
f 1036/1036/1036 1038/1038/1038 1037/1037/1037 
f 1037/1037/1037 1038/1038/1038 1039/1039/1039 
f 1038/1038/1038 1040/1040/1040 1039/1039/1039 
f 1039/1039/1039 1040/1040/1040 1041/1041/1041 
f 1040/1040/1040 1042/1042/1042 1041/1041/1041 
f 1041/1041/1041 1042/1042/1042 1043/1043/1043 
f 1042/1042/1042 1044/1044/1044 1043/1043/1043 
f 1043/1043/1043 1044/1044/1044 1045/1045/1045 
f 1044/1044/1044 1046/1046/1046 1045/1045/1045 
f 1045/1045/1045 1046/1046/1046 1047/1047/1047 
f 1046/1046/1046 1048/1048/1048 1047/1047/1047 
f 1047/1047/1047 1048/1048/1048 1049/1049/1049 
f 1048/1048/1048 1050/1050/1050 1049/1049/1049 
f 1049/1049/1049 1050/1050/1050 1051/1051/1051 
f 1050/1050/1050 1052/1052/1052 1051/1051/1051 
f 1051/1051/1051 1052/1052/1052 1053/1053/1053 
f 1052/1052/1052 1054/1054/1054 1053/1053/1053 
f 1053/1053/1053 1054/1054/1054 1055/1055/1055 
f 1054/1054/1054 1056/1056/1056 1055/1055/1055 
f 1055/1055/1055 1056/1056/1056 1057/1057/1057 
f 1056/1056/1056 1057/1057/1057 1057/1057/1057 
f 1057/1057/1057 1057/1057/1057 1005/1005/1005 
f 1057/1057/1057 1005/1005/1005 1005/1005/1005 
f 1005/1005/1005 1005/1005/1005 1005/1005/1005 
f 1005/1005/1005 1007/1007/1007 1005/1005/1005 
f 1005/1005/1005 1007/1007/1007 1058/1058/1058 
f 1007/1007/1007 1059/1059/1059 1058/1058/1058 
f 1058/1058/1058 1059/1059/1059 1060/1060/1060 
f 1059/1059/1059 1061/1061/1061 1060/1060/1060 
f 1060/1060/1060 1061/1061/1061 1062/1062/1062 
f 1061/1061/1061 1063/1063/1063 1062/1062/1062 
f 1062/1062/1062 1063/1063/1063 1064/1064/1064 
f 1063/1063/1063 1065/1065/1065 1064/1064/1064 
f 1064/1064/1064 1065/1065/1065 1066/1066/1066 
f 1065/1065/1065 1017/1017/1017 1066/1066/1066 
f 1066/1066/1066 1017/1017/1017 1067/1067/1067 
f 1017/1017/1017 1019/1019/1019 1067/1067/1067 
f 1067/1067/1067 1019/1019/1019 1068/1068/1068 
f 1019/1019/1019 1021/1021/1021 1068/1068/1068 
f 1068/1068/1068 1021/1021/1021 1069/1069/1069 
f 1021/1021/1021 1023/1023/1023 1069/1069/1069 
f 1069/1069/1069 1023/1023/1023 1070/1070/1070 
f 1023/1023/1023 1025/1025/1025 1070/1070/1070 
f 1070/1070/1070 1025/1025/1025 1071/1071/1071 
f 1025/1025/1025 1027/1027/1027 1071/1071/1071 
f 1071/1071/1071 1027/1027/1027 1072/1072/1072 
f 1027/1027/1027 1029/1029/1029 1072/1072/1072 
f 1072/1072/1072 1029/1029/1029 1073/1073/1073 
f 1029/1029/1029 1074/1074/1074 1073/1073/1073 
f 1073/1073/1073 1074/1074/1074 1075/1075/1075 
f 1074/1074/1074 1076/1076/1076 1075/1075/1075 
f 1075/1075/1075 1076/1076/1076 1077/1077/1077 
f 1076/1076/1076 1078/1078/1078 1077/1077/1077 
f 1077/1077/1077 1078/1078/1078 1079/1079/1079 
f 1078/1078/1078 1080/1080/1080 1079/1079/1079 
f 1079/1079/1079 1080/1080/1080 1081/1081/1081 
f 1080/1080/1080 1082/1082/1082 1081/1081/1081 
f 1081/1081/1081 1082/1082/1082 1083/1083/1083 
f 1082/1082/1082 1084/1084/1084 1083/1083/1083 
f 1083/1083/1083 1084/1084/1084 1085/1085/1085 
f 1084/1084/1084 1086/1086/1086 1085/1085/1085 
f 1085/1085/1085 1086/1086/1086 1087/1087/1087 
f 1086/1086/1086 1045/1045/1045 1087/1087/1087 
f 1087/1087/1087 1045/1045/1045 1088/1088/1088 
f 1045/1045/1045 1047/1047/1047 1088/1088/1088 
f 1088/1088/1088 1047/1047/1047 1089/1089/1089 
f 1047/1047/1047 1049/1049/1049 1089/1089/1089 
f 1089/1089/1089 1049/1049/1049 1090/1090/1090 
f 1049/1049/1049 1051/1051/1051 1090/1090/1090 
f 1090/1090/1090 1051/1051/1051 1091/1091/1091 
f 1051/1051/1051 1092/1092/1092 1091/1091/1091 
f 1091/1091/1091 1092/1092/1092 1093/1093/1093 
f 1092/1092/1092 1094/1094/1094 1093/1093/1093 
f 1093/1093/1093 1094/1094/1094 1095/1095/1095 
f 1094/1094/1094 1096/1096/1096 1095/1095/1095 
f 1095/1095/1095 1096/1096/1096 1097/1097/1097 
f 1096/1096/1096 1098/1098/1098 1097/1097/1097 
f 1097/1097/1097 1098/1098/1098 1099/1099/1099 
f 1098/1098/1098 1099/1099/1099 1099/1099/1099 
f 1099/1099/1099 1099/1099/1099 1099/1099/1099 
f 1099/1099/1099 1100/1100/1100 1099/1099/1099 
f 1099/1099/1099 1100/1100/1100 1097/1097/1097 
f 1100/1100/1100 1101/1101/1101 1097/1097/1097 
f 1097/1097/1097 1101/1101/1101 1095/1095/1095 
f 1101/1101/1101 1102/1102/1102 1095/1095/1095 
f 1095/1095/1095 1102/1102/1102 1093/1093/1093 
f 1102/1102/1102 1103/1103/1103 1093/1093/1093 
f 1093/1093/1093 1103/1103/1103 1091/1091/1091 
f 1103/1103/1103 1104/1104/1104 1091/1091/1091 
f 1091/1091/1091 1104/1104/1104 1105/1105/1105 
f 1104/1104/1104 1106/1106/1106 1105/1105/1105 
f 1105/1105/1105 1106/1106/1106 1107/1107/1107 
f 1106/1106/1106 1108/1108/1108 1107/1107/1107 
f 1107/1107/1107 1108/1108/1108 1109/1109/1109 
f 1108/1108/1108 1110/1110/1110 1109/1109/1109 
f 1109/1109/1109 1110/1110/1110 1111/1111/1111 
f 1110/1110/1110 1112/1112/1112 1111/1111/1111 
f 1111/1111/1111 1112/1112/1112 1113/1113/1113 
f 1112/1112/1112 1114/1114/1114 1113/1113/1113 
f 1113/1113/1113 1114/1114/1114 1115/1115/1115 
f 1114/1114/1114 1116/1116/1116 1115/1115/1115 
f 1115/1115/1115 1116/1116/1116 1117/1117/1117 
f 1116/1116/1116 1118/1118/1118 1117/1117/1117 
f 1117/1117/1117 1118/1118/1118 1119/1119/1119 
f 1118/1118/1118 1120/1120/1120 1119/1119/1119 
f 1119/1119/1119 1120/1120/1120 1121/1121/1121 
f 1120/1120/1120 1122/1122/1122 1121/1121/1121 
f 1121/1121/1121 1122/1122/1122 1079/1079/1079 
f 1122/1122/1122 1123/1123/1123 1079/1079/1079 
f 1079/1079/1079 1123/1123/1123 1077/1077/1077 
f 1123/1123/1123 1124/1124/1124 1077/1077/1077 
f 1077/1077/1077 1124/1124/1124 1075/1075/1075 
f 1124/1124/1124 1125/1125/1125 1075/1075/1075 
f 1075/1075/1075 1125/1125/1125 1126/1126/1126 
f 1125/1125/1125 1127/1127/1127 1126/1126/1126 
f 1126/1126/1126 1127/1127/1127 1128/1128/1128 
f 1127/1127/1127 565/565/565 1128/1128/1128 
f 1128/1128/1128 565/565/565 563/563/563 
f 565/565/565 563/563/563 563/563/563 
f 563/563/563 563/563/563 1105/1105/1105 
f 563/563/563 1105/1105/1105 1105/1105/1105 
f 1105/1105/1105 1105/1105/1105 1105/1105/1105 
f 1105/1105/1105 1107/1107/1107 1105/1105/1105 
f 1105/1105/1105 1107/1107/1107 1089/1089/1089 
f 1107/1107/1107 1129/1129/1129 1089/1089/1089 
f 1089/1089/1089 1129/1129/1129 1088/1088/1088 
f 1129/1129/1129 1111/1111/1111 1088/1088/1088 
f 1088/1088/1088 1111/1111/1111 1087/1087/1087 
f 1111/1111/1111 1113/1113/1113 1087/1087/1087 
f 1087/1087/1087 1113/1113/1113 1085/1085/1085 
f 1113/1113/1113 1115/1115/1115 1085/1085/1085 
f 1085/1085/1085 1115/1115/1115 1083/1083/1083 
f 1115/1115/1115 1117/1117/1117 1083/1083/1083 
f 1083/1083/1083 1117/1117/1117 1081/1081/1081 
f 1117/1117/1117 1121/1121/1121 1081/1081/1081 
f 1081/1081/1081 1121/1121/1121 1079/1079/1079 
f 1121/1121/1121 1079/1079/1079 1079/1079/1079 
f 1079/1079/1079 1079/1079/1079 1111/1111/1111 
f 1079/1079/1079 1111/1111/1111 1111/1111/1111 
f 1111/1111/1111 1111/1111/1111 1111/1111/1111 
f 1111/1111/1111 1129/1129/1129 1111/1111/1111 
f 1111/1111/1111 1129/1129/1129 1109/1109/1109 
f 1129/1129/1129 1107/1107/1107 1109/1109/1109 
f 1109/1109/1109 1107/1107/1107 1107/1107/1107 
f 1107/1107/1107 756/756/756 1107/1107/1107 
f 1107/1107/1107 756/756/756 756/756/756 
f 756/756/756 754/754/754 756/756/756 
f 756/756/756 754/754/754 878/878/878 
f 754/754/754 1130/1130/1130 878/878/878 
f 878/878/878 1130/1130/1130 879/879/879 
f 1130/1130/1130 880/880/880 879/879/879 
f 879/879/879 880/880/880 880/880/880 
f 880/880/880 754/754/754 880/880/880 
f 880/880/880 754/754/754 754/754/754 
f 754/754/754 753/753/753 754/754/754 
f 754/754/754 753/753/753 1130/1130/1130 
f 753/753/753 1131/1131/1131 1130/1130/1130 
f 1130/1130/1130 1131/1131/1131 1132/1132/1132 
f 1131/1131/1131 752/752/752 1132/1132/1132 
f 1132/1132/1132 752/752/752 1133/1133/1133 
f 752/752/752 751/751/751 1133/1133/1133 
f 1133/1133/1133 751/751/751 1134/1134/1134 
f 751/751/751 750/750/750 1134/1134/1134 
f 1134/1134/1134 750/750/750 1135/1135/1135 
f 750/750/750 749/749/749 1135/1135/1135 
f 1135/1135/1135 749/749/749 1136/1136/1136 
f 749/749/749 1137/1137/1137 1136/1136/1136 
f 1136/1136/1136 1137/1137/1137 1138/1138/1138 
f 1137/1137/1137 1139/1139/1139 1138/1138/1138 
f 1138/1138/1138 1139/1139/1139 1140/1140/1140 
f 1139/1139/1139 1141/1141/1141 1140/1140/1140 
f 1140/1140/1140 1141/1141/1141 1142/1142/1142 
f 1141/1141/1141 747/747/747 1142/1142/1142 
f 1142/1142/1142 747/747/747 1143/1143/1143 
f 747/747/747 352/352/352 1143/1143/1143 
f 1143/1143/1143 352/352/352 351/351/351 
f 352/352/352 351/351/351 351/351/351 
f 351/351/351 351/351/351 1143/1143/1143 
f 351/351/351 1143/1143/1143 1143/1143/1143 
f 1143/1143/1143 1143/1143/1143 1143/1143/1143 
f 1143/1143/1143 351/351/351 1143/1143/1143 
f 1143/1143/1143 351/351/351 1144/1144/1144 
f 351/351/351 1145/1145/1145 1144/1144/1144 
f 1144/1144/1144 1145/1145/1145 1146/1146/1146 
f 1145/1145/1145 1147/1147/1147 1146/1146/1146 
f 1146/1146/1146 1147/1147/1147 1148/1148/1148 
f 1147/1147/1147 1149/1149/1149 1148/1148/1148 
f 1148/1148/1148 1149/1149/1149 1150/1150/1150 
f 1149/1149/1149 1151/1151/1151 1150/1150/1150 
f 1150/1150/1150 1151/1151/1151 1152/1152/1152 
f 1151/1151/1151 1153/1153/1153 1152/1152/1152 
f 1152/1152/1152 1153/1153/1153 1154/1154/1154 
f 1153/1153/1153 1155/1155/1155 1154/1154/1154 
f 1154/1154/1154 1155/1155/1155 1156/1156/1156 
f 1155/1155/1155 1157/1157/1157 1156/1156/1156 
f 1156/1156/1156 1157/1157/1157 897/897/897 
f 1157/1157/1157 1158/1158/1158 897/897/897 
f 897/897/897 1158/1158/1158 899/899/899 
f 1158/1158/1158 1159/1159/1159 899/899/899 
f 899/899/899 1159/1159/1159 901/901/901 
f 1159/1159/1159 1160/1160/1160 901/901/901 
f 901/901/901 1160/1160/1160 903/903/903 
f 1160/1160/1160 1161/1161/1161 903/903/903 
f 903/903/903 1161/1161/1161 905/905/905 
f 1161/1161/1161 907/907/907 905/905/905 
f 905/905/905 907/907/907 907/907/907 
f 907/907/907 1144/1144/1144 907/907/907 
f 907/907/907 1144/1144/1144 1144/1144/1144 
f 1144/1144/1144 1146/1146/1146 1144/1144/1144 
f 1144/1144/1144 1146/1146/1146 1142/1142/1142 
f 1146/1146/1146 1162/1162/1162 1142/1142/1142 
f 1142/1142/1142 1162/1162/1162 1140/1140/1140 
f 1162/1162/1162 1163/1163/1163 1140/1140/1140 
f 1140/1140/1140 1163/1163/1163 1138/1138/1138 
f 1163/1163/1163 1164/1164/1164 1138/1138/1138 
f 1138/1138/1138 1164/1164/1164 1136/1136/1136 
f 1164/1164/1164 1165/1165/1165 1136/1136/1136 
f 1136/1136/1136 1165/1165/1165 1166/1166/1166 
f 1165/1165/1165 1167/1167/1167 1166/1166/1166 
f 1166/1166/1166 1167/1167/1167 1168/1168/1168 
f 1167/1167/1167 1169/1169/1169 1168/1168/1168 
f 1168/1168/1168 1169/1169/1169 1170/1170/1170 
f 1169/1169/1169 1171/1171/1171 1170/1170/1170 
f 1170/1170/1170 1171/1171/1171 1172/1172/1172 
f 1171/1171/1171 1173/1173/1173 1172/1172/1172 
f 1172/1172/1172 1173/1173/1173 1174/1174/1174 
f 1173/1173/1173 880/880/880 1174/1174/1174 
f 1174/1174/1174 880/880/880 1130/1130/1130 
f 880/880/880 1130/1130/1130 1130/1130/1130 
f 1130/1130/1130 1130/1130/1130 1174/1174/1174 
f 1130/1130/1130 1174/1174/1174 1174/1174/1174 
f 1174/1174/1174 1174/1174/1174 1174/1174/1174 
f 1174/1174/1174 1132/1132/1132 1174/1174/1174 
f 1174/1174/1174 1132/1132/1132 1172/1172/1172 
f 1132/1132/1132 1133/1133/1133 1172/1172/1172 
f 1172/1172/1172 1133/1133/1133 1175/1175/1175 
f 1133/1133/1133 1134/1134/1134 1175/1175/1175 
f 1175/1175/1175 1134/1134/1134 1176/1176/1176 
f 1134/1134/1134 1135/1135/1135 1176/1176/1176 
f 1176/1176/1176 1135/1135/1135 1136/1136/1136 
f 1135/1135/1135 1136/1136/1136 1136/1136/1136 
f 1136/1136/1136 1136/1136/1136 1136/1136/1136 
f 1136/1136/1136 1166/1166/1166 1136/1136/1136 
f 1136/1136/1136 1166/1166/1166 1176/1176/1176 
f 1166/1166/1166 1168/1168/1168 1176/1176/1176 
f 1176/1176/1176 1168/1168/1168 1175/1175/1175 
f 1168/1168/1168 1170/1170/1170 1175/1175/1175 
f 1175/1175/1175 1170/1170/1170 1172/1172/1172 
f 1170/1170/1170 1172/1172/1172 1172/1172/1172 
f 1172/1172/1172 1172/1172/1172 898/898/898 
f 1172/1172/1172 898/898/898 898/898/898 
f 898/898/898 898/898/898 898/898/898 
f 898/898/898 936/936/936 898/898/898 
f 898/898/898 936/936/936 896/896/896 
f 936/936/936 894/894/894 896/896/896 
f 896/896/896 894/894/894 894/894/894 
f 894/894/894 936/936/936 894/894/894 
f 894/894/894 936/936/936 1177/1177/1177 
f 936/936/936 934/934/934 1177/1177/1177 
f 1177/1177/1177 934/934/934 932/932/932 
f 934/934/934 932/932/932 932/932/932 
f 932/932/932 932/932/932 1177/1177/1177 
f 932/932/932 1177/1177/1177 1177/1177/1177 
f 1177/1177/1177 1177/1177/1177 1177/1177/1177 
f 1177/1177/1177 932/932/932 1177/1177/1177 
f 1177/1177/1177 932/932/932 890/890/890 
f 932/932/932 930/930/930 890/890/890 
f 890/890/890 930/930/930 888/888/888 
f 930/930/930 888/888/888 888/888/888 
f 888/888/888 888/888/888 890/890/890 
f 888/888/888 890/890/890 890/890/890 
f 890/890/890 890/890/890 890/890/890 
f 890/890/890 892/892/892 890/890/890 
f 890/890/890 892/892/892 1177/1177/1177 
f 892/892/892 894/894/894 1177/1177/1177 
f 1177/1177/1177 894/894/894 894/894/894 
f 894/894/894 1075/1075/1075 894/894/894 
f 894/894/894 1075/1075/1075 1075/1075/1075 
f 1075/1075/1075 1126/1126/1126 1075/1075/1075 
f 1075/1075/1075 1126/1126/1126 1073/1073/1073 
f 1126/1126/1126 1178/1178/1178 1073/1073/1073 
f 1073/1073/1073 1178/1178/1178 1072/1072/1072 
f 1178/1178/1178 1179/1179/1179 1072/1072/1072 
f 1072/1072/1072 1179/1179/1179 1071/1071/1071 
f 1179/1179/1179 1180/1180/1180 1071/1071/1071 
f 1071/1071/1071 1180/1180/1180 1070/1070/1070 
f 1180/1180/1180 1181/1181/1181 1070/1070/1070 
f 1070/1070/1070 1181/1181/1181 1069/1069/1069 
f 1181/1181/1181 1068/1068/1068 1069/1069/1069 
f 1069/1069/1069 1068/1068/1068 1068/1068/1068 
f 1068/1068/1068 1181/1181/1181 1068/1068/1068 
f 1068/1068/1068 1181/1181/1181 1181/1181/1181 
f 1181/1181/1181 1180/1180/1180 1181/1181/1181 
f 1181/1181/1181 1180/1180/1180 1182/1182/1182 
f 1180/1180/1180 1179/1179/1179 1182/1182/1182 
f 1182/1182/1182 1179/1179/1179 1183/1183/1183 
f 1179/1179/1179 1178/1178/1178 1183/1183/1183 
f 1183/1183/1183 1178/1178/1178 1184/1184/1184 
f 1178/1178/1178 1128/1128/1128 1184/1184/1184 
f 1184/1184/1184 1128/1128/1128 563/563/563 
f 1128/1128/1128 563/563/563 563/563/563 
f 563/563/563 563/563/563 1184/1184/1184 
f 563/563/563 1184/1184/1184 1184/1184/1184 
f 1184/1184/1184 1184/1184/1184 1184/1184/1184 
f 1184/1184/1184 563/563/563 1184/1184/1184 
f 1184/1184/1184 563/563/563 1183/1183/1183 
f 563/563/563 561/561/561 1183/1183/1183 
f 1183/1183/1183 561/561/561 1182/1182/1182 
f 561/561/561 559/559/559 1182/1182/1182 
f 1182/1182/1182 559/559/559 1185/1185/1185 
f 559/559/559 557/557/557 1185/1185/1185 
f 1185/1185/1185 557/557/557 1186/1186/1186 
f 557/557/557 555/555/555 1186/1186/1186 
f 1186/1186/1186 555/555/555 1187/1187/1187 
f 555/555/555 553/553/553 1187/1187/1187 
f 1187/1187/1187 553/553/553 1188/1188/1188 
f 553/553/553 551/551/551 1188/1188/1188 
f 1188/1188/1188 551/551/551 1062/1062/1062 
f 551/551/551 549/549/549 1062/1062/1062 
f 1062/1062/1062 549/549/549 1060/1060/1060 
f 549/549/549 547/547/547 1060/1060/1060 
f 1060/1060/1060 547/547/547 1058/1058/1058 
f 547/547/547 545/545/545 1058/1058/1058 
f 1058/1058/1058 545/545/545 543/543/543 
f 545/545/545 543/543/543 543/543/543 
f 543/543/543 543/543/543 1182/1182/1182 
f 543/543/543 1182/1182/1182 1182/1182/1182 
f 1182/1182/1182 1182/1182/1182 1182/1182/1182 
f 1182/1182/1182 1185/1185/1185 1182/1182/1182 
f 1182/1182/1182 1185/1185/1185 1181/1181/1181 
f 1185/1185/1185 1186/1186/1186 1181/1181/1181 
f 1181/1181/1181 1186/1186/1186 1189/1189/1189 
f 1186/1186/1186 1187/1187/1187 1189/1189/1189 
f 1189/1189/1189 1187/1187/1187 1190/1190/1190 
f 1187/1187/1187 1064/1064/1064 1190/1190/1190 
f 1190/1190/1190 1064/1064/1064 1067/1067/1067 
f 1064/1064/1064 1066/1066/1066 1067/1067/1067 
f 1067/1067/1067 1066/1066/1066 1066/1066/1066 
f 1066/1066/1066 1181/1181/1181 1066/1066/1066 
f 1066/1066/1066 1181/1181/1181 1181/1181/1181 
f 1181/1181/1181 1189/1189/1189 1181/1181/1181 
f 1181/1181/1181 1189/1189/1189 1068/1068/1068 
f 1189/1189/1189 1190/1190/1190 1068/1068/1068 
f 1068/1068/1068 1190/1190/1190 1067/1067/1067 
f 1190/1190/1190 1067/1067/1067 1067/1067/1067 
f 1067/1067/1067 1067/1067/1067 1030/1030/1030 
f 1067/1067/1067 1030/1030/1030 1030/1030/1030 
f 1030/1030/1030 1030/1030/1030 1030/1030/1030 
f 1030/1030/1030 1028/1028/1028 1030/1030/1030 
f 1030/1030/1030 1028/1028/1028 1032/1032/1032 
f 1028/1028/1028 1191/1191/1191 1032/1032/1032 
f 1032/1032/1032 1191/1191/1191 1192/1192/1192 
f 1191/1191/1191 1193/1193/1193 1192/1192/1192 
f 1192/1192/1192 1193/1193/1193 1194/1194/1194 
f 1193/1193/1193 1195/1195/1195 1194/1194/1194 
f 1194/1194/1194 1195/1195/1195 1196/1196/1196 
f 1195/1195/1195 1197/1197/1197 1196/1196/1196 
f 1196/1196/1196 1197/1197/1197 1198/1198/1198 
f 1197/1197/1197 1199/1199/1199 1198/1198/1198 
f 1198/1198/1198 1199/1199/1199 1200/1200/1200 
f 1199/1199/1199 1201/1201/1201 1200/1200/1200 
f 1200/1200/1200 1201/1201/1201 1202/1202/1202 
f 1201/1201/1201 1203/1203/1203 1202/1202/1202 
f 1202/1202/1202 1203/1203/1203 1204/1204/1204 
f 1203/1203/1203 1205/1205/1205 1204/1204/1204 
f 1204/1204/1204 1205/1205/1205 1206/1206/1206 
f 1205/1205/1205 1207/1207/1207 1206/1206/1206 
f 1206/1206/1206 1207/1207/1207 1208/1208/1208 
f 1207/1207/1207 978/978/978 1208/1208/1208 
f 1208/1208/1208 978/978/978 980/980/980 
f 978/978/978 980/980/980 980/980/980 
f 980/980/980 980/980/980 1192/1192/1192 
f 980/980/980 1192/1192/1192 1192/1192/1192 
f 1192/1192/1192 1192/1192/1192 1192/1192/1192 
f 1192/1192/1192 1194/1194/1194 1192/1192/1192 
f 1192/1192/1192 1194/1194/1194 1209/1209/1209 
f 1194/1194/1194 1210/1210/1210 1209/1209/1209 
f 1209/1209/1209 1210/1210/1210 1211/1211/1211 
f 1210/1210/1210 1212/1212/1212 1211/1211/1211 
f 1211/1211/1211 1212/1212/1212 1213/1213/1213 
f 1212/1212/1212 1214/1214/1214 1213/1213/1213 
f 1213/1213/1213 1214/1214/1214 1038/1038/1038 
f 1214/1214/1214 1215/1215/1215 1038/1038/1038 
f 1038/1038/1038 1215/1215/1215 1040/1040/1040 
f 1215/1215/1215 1216/1216/1216 1040/1040/1040 
f 1040/1040/1040 1216/1216/1216 1042/1042/1042 
f 1216/1216/1216 1217/1217/1217 1042/1042/1042 
f 1042/1042/1042 1217/1217/1217 1218/1218/1218 
f 1217/1217/1217 1219/1219/1219 1218/1218/1218 
f 1218/1218/1218 1219/1219/1219 1048/1048/1048 
f 1219/1219/1219 1220/1220/1220 1048/1048/1048 
f 1048/1048/1048 1220/1220/1220 1050/1050/1050 
f 1220/1220/1220 1221/1221/1221 1050/1050/1050 
f 1050/1050/1050 1221/1221/1221 1052/1052/1052 
f 1221/1221/1221 1222/1222/1222 1052/1052/1052 
f 1052/1052/1052 1222/1222/1222 1054/1054/1054 
f 1222/1222/1222 1223/1223/1223 1054/1054/1054 
f 1054/1054/1054 1223/1223/1223 1056/1056/1056 
f 1223/1223/1223 1056/1056/1056 1056/1056/1056 
f 1056/1056/1056 1056/1056/1056 1221/1221/1221 
f 1056/1056/1056 1221/1221/1221 1221/1221/1221 
f 1221/1221/1221 1221/1221/1221 1221/1221/1221 
f 1221/1221/1221 1220/1220/1220 1221/1221/1221 
f 1221/1221/1221 1220/1220/1220 1224/1224/1224 
f 1220/1220/1220 1219/1219/1219 1224/1224/1224 
f 1224/1224/1224 1219/1219/1219 1225/1225/1225 
f 1219/1219/1219 1226/1226/1226 1225/1225/1225 
f 1225/1225/1225 1226/1226/1226 1227/1227/1227 
f 1226/1226/1226 1228/1228/1228 1227/1227/1227 
f 1227/1227/1227 1228/1228/1228 1229/1229/1229 
f 1228/1228/1228 1230/1230/1230 1229/1229/1229 
f 1229/1229/1229 1230/1230/1230 1231/1231/1231 
f 1230/1230/1230 1232/1232/1232 1231/1231/1231 
f 1231/1231/1231 1232/1232/1232 1233/1233/1233 
f 1232/1232/1232 1234/1234/1234 1233/1233/1233 
f 1233/1233/1233 1234/1234/1234 1235/1235/1235 
f 1234/1234/1234 1236/1236/1236 1235/1235/1235 
f 1235/1235/1235 1236/1236/1236 1237/1237/1237 
f 1236/1236/1236 1238/1238/1238 1237/1237/1237 
f 1237/1237/1237 1238/1238/1238 1239/1239/1239 
f 1238/1238/1238 1240/1240/1240 1239/1239/1239 
f 1239/1239/1239 1240/1240/1240 1241/1241/1241 
f 1240/1240/1240 1200/1200/1200 1241/1241/1241 
f 1241/1241/1241 1200/1200/1200 1242/1242/1242 
f 1200/1200/1200 1202/1202/1202 1242/1242/1242 
f 1242/1242/1242 1202/1202/1202 1243/1243/1243 
f 1202/1202/1202 1204/1204/1204 1243/1243/1243 
f 1243/1243/1243 1204/1204/1204 1206/1206/1206 
f 1204/1204/1204 1206/1206/1206 1206/1206/1206 
f 1206/1206/1206 1206/1206/1206 1206/1206/1206 
f 1206/1206/1206 1244/1244/1244 1206/1206/1206 
f 1206/1206/1206 1244/1244/1244 1243/1243/1243 
f 1244/1244/1244 1245/1245/1245 1243/1243/1243 
f 1243/1243/1243 1245/1245/1245 1242/1242/1242 
f 1245/1245/1245 1246/1246/1246 1242/1242/1242 
f 1242/1242/1242 1246/1246/1246 1241/1241/1241 
f 1246/1246/1246 1247/1247/1247 1241/1241/1241 
f 1241/1241/1241 1247/1247/1247 1239/1239/1239 
f 1247/1247/1247 1248/1248/1248 1239/1239/1239 
f 1239/1239/1239 1248/1248/1248 1237/1237/1237 
f 1248/1248/1248 1249/1249/1249 1237/1237/1237 
f 1237/1237/1237 1249/1249/1249 1235/1235/1235 
f 1249/1249/1249 1250/1250/1250 1235/1235/1235 
f 1235/1235/1235 1250/1250/1250 1233/1233/1233 
f 1250/1250/1250 1251/1251/1251 1233/1233/1233 
f 1233/1233/1233 1251/1251/1251 1231/1231/1231 
f 1251/1251/1251 1252/1252/1252 1231/1231/1231 
f 1231/1231/1231 1252/1252/1252 1229/1229/1229 
f 1252/1252/1252 1253/1253/1253 1229/1229/1229 
f 1229/1229/1229 1253/1253/1253 1227/1227/1227 
f 1253/1253/1253 1254/1254/1254 1227/1227/1227 
f 1227/1227/1227 1254/1254/1254 1225/1225/1225 
f 1254/1254/1254 1255/1255/1255 1225/1225/1225 
f 1225/1225/1225 1255/1255/1255 1224/1224/1224 
f 1255/1255/1255 1256/1256/1256 1224/1224/1224 
f 1224/1224/1224 1256/1256/1256 1221/1221/1221 
f 1256/1256/1256 1222/1222/1222 1221/1221/1221 
f 1221/1221/1221 1222/1222/1222 1222/1222/1222 
f 1222/1222/1222 1244/1244/1244 1222/1222/1222 
f 1222/1222/1222 1244/1244/1244 1244/1244/1244 
f 1244/1244/1244 1257/1257/1257 1244/1244/1244 
f 1244/1244/1244 1257/1257/1257 1245/1245/1245 
f 1257/1257/1257 1258/1258/1258 1245/1245/1245 
f 1245/1245/1245 1258/1258/1258 1246/1246/1246 
f 1258/1258/1258 1259/1259/1259 1246/1246/1246 
f 1246/1246/1246 1259/1259/1259 1247/1247/1247 
f 1259/1259/1259 1260/1260/1260 1247/1247/1247 
f 1247/1247/1247 1260/1260/1260 1248/1248/1248 
f 1260/1260/1260 1261/1261/1261 1248/1248/1248 
f 1248/1248/1248 1261/1261/1261 1249/1249/1249 
f 1261/1261/1261 1262/1262/1262 1249/1249/1249 
f 1249/1249/1249 1262/1262/1262 1250/1250/1250 
f 1262/1262/1262 1263/1263/1263 1250/1250/1250 
f 1250/1250/1250 1263/1263/1263 1251/1251/1251 
f 1263/1263/1263 1264/1264/1264 1251/1251/1251 
f 1251/1251/1251 1264/1264/1264 1252/1252/1252 
f 1264/1264/1264 1265/1265/1265 1252/1252/1252 
f 1252/1252/1252 1265/1265/1265 1253/1253/1253 
f 1265/1265/1265 1266/1266/1266 1253/1253/1253 
f 1253/1253/1253 1266/1266/1266 1254/1254/1254 
f 1266/1266/1266 1267/1267/1267 1254/1254/1254 
f 1254/1254/1254 1267/1267/1267 1255/1255/1255 
f 1267/1267/1267 1268/1268/1268 1255/1255/1255 
f 1255/1255/1255 1268/1268/1268 1256/1256/1256 
f 1268/1268/1268 1269/1269/1269 1256/1256/1256 
f 1256/1256/1256 1269/1269/1269 1222/1222/1222 
f 1269/1269/1269 1223/1223/1223 1222/1222/1222 
f 1222/1222/1222 1223/1223/1223 1223/1223/1223 
f 1223/1223/1223 1257/1257/1257 1223/1223/1223 
f 1223/1223/1223 1257/1257/1257 1257/1257/1257 
f 1257/1257/1257 1244/1244/1244 1257/1257/1257 
f 1257/1257/1257 1244/1244/1244 1270/1270/1270 
f 1244/1244/1244 1208/1208/1208 1270/1270/1270 
f 1270/1270/1270 1208/1208/1208 980/980/980 
f 1208/1208/1208 980/980/980 980/980/980 
f 980/980/980 980/980/980 946/946/946 
f 980/980/980 946/946/946 946/946/946 
f 946/946/946 946/946/946 946/946/946 
f 946/946/946 990/990/990 946/946/946 
f 946/946/946 990/990/990 944/944/944 
f 990/990/990 1271/1271/1271 944/944/944 
f 944/944/944 1271/1271/1271 943/943/943 
f 1271/1271/1271 1272/1272/1272 943/943/943 
f 943/943/943 1272/1272/1272 942/942/942 
f 1272/1272/1272 1273/1273/1273 942/942/942 
f 942/942/942 1273/1273/1273 941/941/941 
f 1273/1273/1273 1274/1274/1274 941/941/941 
f 941/941/941 1274/1274/1274 940/940/940 
f 1274/1274/1274 939/939/939 940/940/940 
f 940/940/940 939/939/939 939/939/939 
f 939/939/939 1274/1274/1274 939/939/939 
f 939/939/939 1274/1274/1274 1274/1274/1274 
f 1274/1274/1274 1273/1273/1273 1274/1274/1274 
f 1274/1274/1274 1273/1273/1273 1275/1275/1275 
f 1273/1273/1273 1272/1272/1272 1275/1275/1275 
f 1275/1275/1275 1272/1272/1272 1276/1276/1276 
f 1272/1272/1272 1271/1271/1271 1276/1276/1276 
f 1276/1276/1276 1271/1271/1271 1277/1277/1277 
f 1271/1271/1271 992/992/992 1277/1277/1277 
f 1277/1277/1277 992/992/992 519/519/519 
f 992/992/992 519/519/519 519/519/519 
f 519/519/519 519/519/519 1277/1277/1277 
f 519/519/519 1277/1277/1277 1277/1277/1277 
f 1277/1277/1277 1277/1277/1277 1277/1277/1277 
f 1277/1277/1277 519/519/519 1277/1277/1277 
f 1277/1277/1277 519/519/519 1276/1276/1276 
f 519/519/519 517/517/517 1276/1276/1276 
f 1276/1276/1276 517/517/517 1275/1275/1275 
f 517/517/517 515/515/515 1275/1275/1275 
f 1275/1275/1275 515/515/515 1278/1278/1278 
f 515/515/515 513/513/513 1278/1278/1278 
f 1278/1278/1278 513/513/513 1279/1279/1279 
f 513/513/513 511/511/511 1279/1279/1279 
f 1279/1279/1279 511/511/511 1280/1280/1280 
f 511/511/511 509/509/509 1280/1280/1280 
f 1280/1280/1280 509/509/509 1281/1281/1281 
f 509/509/509 507/507/507 1281/1281/1281 
f 1281/1281/1281 507/507/507 933/933/933 
f 507/507/507 505/505/505 933/933/933 
f 933/933/933 505/505/505 931/931/931 
f 505/505/505 503/503/503 931/931/931 
f 931/931/931 503/503/503 929/929/929 
f 503/503/503 501/501/501 929/929/929 
f 929/929/929 501/501/501 499/499/499 
f 501/501/501 499/499/499 499/499/499 
f 499/499/499 499/499/499 1275/1275/1275 
f 499/499/499 1275/1275/1275 1275/1275/1275 
f 1275/1275/1275 1275/1275/1275 1275/1275/1275 
f 1275/1275/1275 1278/1278/1278 1275/1275/1275 
f 1275/1275/1275 1278/1278/1278 1274/1274/1274 
f 1278/1278/1278 1279/1279/1279 1274/1274/1274 
f 1274/1274/1274 1279/1279/1279 1282/1282/1282 
f 1279/1279/1279 1280/1280/1280 1282/1282/1282 
f 1282/1282/1282 1280/1280/1280 1283/1283/1283 
f 1280/1280/1280 935/935/935 1283/1283/1283 
f 1283/1283/1283 935/935/935 938/938/938 
f 935/935/935 937/937/937 938/938/938 
f 938/938/938 937/937/937 937/937/937 
f 937/937/937 1274/1274/1274 937/937/937 
f 937/937/937 1274/1274/1274 1274/1274/1274 
f 1274/1274/1274 1282/1282/1282 1274/1274/1274 
f 1274/1274/1274 1282/1282/1282 939/939/939 
f 1282/1282/1282 1283/1283/1283 939/939/939 
f 939/939/939 1283/1283/1283 938/938/938 
f 1283/1283/1283 938/938/938 938/938/938 
f 938/938/938 938/938/938 880/880/880 
f 938/938/938 880/880/880 880/880/880 
f 880/880/880 880/880/880 880/880/880 
f 880/880/880 1173/1173/1173 880/880/880 
f 880/880/880 1173/1173/1173 881/881/881 
f 1173/1173/1173 1171/1171/1171 881/881/881 
f 881/881/881 1171/1171/1171 882/882/882 
f 1171/1171/1171 883/883/883 882/882/882 
f 882/882/882 883/883/883 883/883/883 
f 883/883/883 1171/1171/1171 883/883/883 
f 883/883/883 1171/1171/1171 1284/1284/1284 
f 1171/1171/1171 1169/1169/1169 1284/1284/1284 
f 1284/1284/1284 1169/1169/1169 1285/1285/1285 
f 1169/1169/1169 1167/1167/1167 1285/1285/1285 
f 1285/1285/1285 1167/1167/1167 1286/1286/1286 
f 1167/1167/1167 1165/1165/1165 1286/1286/1286 
f 1286/1286/1286 1165/1165/1165 1287/1287/1287 
f 1165/1165/1165 1288/1288/1288 1287/1287/1287 
f 1287/1287/1287 1288/1288/1288 1289/1289/1289 
f 1288/1288/1288 1290/1290/1290 1289/1289/1289 
f 1289/1289/1289 1290/1290/1290 1291/1291/1291 
f 1290/1290/1290 1148/1148/1148 1291/1291/1291 
f 1291/1291/1291 1148/1148/1148 1150/1150/1150 
f 1148/1148/1148 1150/1150/1150 1150/1150/1150 
f 1150/1150/1150 1150/1150/1150 883/883/883 
f 1150/1150/1150 883/883/883 883/883/883 
f 883/883/883 883/883/883 883/883/883 
f 883/883/883 1284/1284/1284 883/883/883 
f 883/883/883 1284/1284/1284 1292/1292/1292 
f 1284/1284/1284 1285/1285/1285 1292/1292/1292 
f 1292/1292/1292 1285/1285/1285 1293/1293/1293 
f 1285/1285/1285 1286/1286/1286 1293/1293/1293 
f 1293/1293/1293 1286/1286/1286 1294/1294/1294 
f 1286/1286/1286 1287/1287/1287 1294/1294/1294 
f 1294/1294/1294 1287/1287/1287 1295/1295/1295 
f 1287/1287/1287 1289/1289/1289 1295/1295/1295 
f 1295/1295/1295 1289/1289/1289 1296/1296/1296 
f 1289/1289/1289 1297/1297/1297 1296/1296/1296 
f 1296/1296/1296 1297/1297/1297 893/893/893 
f 1297/1297/1297 1298/1298/1298 893/893/893 
f 893/893/893 1298/1298/1298 895/895/895 
f 1298/1298/1298 1156/1156/1156 895/895/895 
f 895/895/895 1156/1156/1156 897/897/897 
f 1156/1156/1156 897/897/897 897/897/897 
f 897/897/897 897/897/897 1294/1294/1294 
f 897/897/897 1294/1294/1294 1294/1294/1294 
f 1294/1294/1294 1294/1294/1294 1294/1294/1294 
f 1294/1294/1294 889/889/889 1294/1294/1294 
f 1294/1294/1294 889/889/889 1293/1293/1293 
f 889/889/889 887/887/887 1293/1293/1293 
f 1293/1293/1293 887/887/887 1292/1292/1292 
f 887/887/887 884/884/884 1292/1292/1292 
f 1292/1292/1292 884/884/884 883/883/883 
f 884/884/884 883/883/883 883/883/883 
f 883/883/883 883/883/883 889/889/889 
f 883/883/883 889/889/889 889/889/889 
f 889/889/889 889/889/889 889/889/889 
f 889/889/889 1294/1294/1294 889/889/889 
f 889/889/889 1294/1294/1294 891/891/891 
f 1294/1294/1294 1296/1296/1296 891/891/891 
f 891/891/891 1296/1296/1296 893/893/893 
f 1296/1296/1296 893/893/893 893/893/893 
f 893/893/893 893/893/893 1165/1165/1165 
f 893/893/893 1165/1165/1165 1165/1165/1165 
f 1165/1165/1165 1165/1165/1165 1165/1165/1165 
f 1165/1165/1165 1164/1164/1164 1165/1165/1165 
f 1165/1165/1165 1164/1164/1164 1288/1288/1288 
f 1164/1164/1164 1163/1163/1163 1288/1288/1288 
f 1288/1288/1288 1163/1163/1163 1290/1290/1290 
f 1163/1163/1163 1162/1162/1162 1290/1290/1290 
f 1290/1290/1290 1162/1162/1162 1148/1148/1148 
f 1162/1162/1162 1146/1146/1146 1148/1148/1148 
f 1148/1148/1148 1146/1146/1146 1146/1146/1146 
f 1146/1146/1146 929/929/929 1146/1146/1146 
f 1146/1146/1146 929/929/929 929/929/929 
f 929/929/929 499/499/499 929/929/929 
f 929/929/929 499/499/499 886/886/886 
f 499/499/499 497/497/497 886/886/886 
f 886/886/886 497/497/497 497/497/497 
f 497/497/497 910/910/910 497/497/497 
f 497/497/497 910/910/910 910/910/910 
f 910/910/910 912/912/912 910/910/910 
f 910/910/910 912/912/912 945/945/945 
f 912/912/912 1299/1299/1299 945/945/945 
f 945/945/945 1299/1299/1299 947/947/947 
f 1299/1299/1299 949/949/949 947/947/947 
f 947/947/947 949/949/949 949/949/949 
f 949/949/949 912/912/912 949/949/949 
f 949/949/949 912/912/912 912/912/912 
f 912/912/912 914/914/914 912/912/912 
f 912/912/912 914/914/914 1299/1299/1299 
f 914/914/914 1300/1300/1300 1299/1299/1299 
f 1299/1299/1299 1300/1300/1300 1301/1301/1301 
f 1300/1300/1300 1302/1302/1302 1301/1301/1301 
f 1301/1301/1301 1302/1302/1302 953/953/953 
f 1302/1302/1302 1303/1303/1303 953/953/953 
f 953/953/953 1303/1303/1303 955/955/955 
f 1303/1303/1303 1304/1304/1304 955/955/955 
f 955/955/955 1304/1304/1304 957/957/957 
f 1304/1304/1304 924/924/924 957/957/957 
f 957/957/957 924/924/924 959/959/959 
f 924/924/924 926/926/926 959/959/959 
f 959/959/959 926/926/926 961/961/961 
f 926/926/926 928/928/928 961/961/961 
f 961/961/961 928/928/928 1305/1305/1305 
f 928/928/928 332/332/332 1305/1305/1305 
f 1305/1305/1305 332/332/332 1306/1306/1306 
f 332/332/332 331/331/331 1306/1306/1306 
f 1306/1306/1306 331/331/331 1307/1307/1307 
f 331/331/331 283/283/283 1307/1307/1307 
f 1307/1307/1307 283/283/283 1308/1308/1308 
f 283/283/283 188/188/188 1308/1308/1308 
f 1308/1308/1308 188/188/188 1309/1309/1309 
f 188/188/188 187/187/187 1309/1309/1309 
f 1309/1309/1309 187/187/187 1310/1310/1310 
f 187/187/187 1310/1310/1310 1310/1310/1310 
f 1310/1310/1310 1310/1310/1310 961/961/961 
f 1310/1310/1310 961/961/961 961/961/961 
f 961/961/961 961/961/961 961/961/961 
f 961/961/961 1305/1305/1305 961/961/961 
f 961/961/961 1305/1305/1305 963/963/963 
f 1305/1305/1305 1306/1306/1306 963/963/963 
f 963/963/963 1306/1306/1306 965/965/965 
f 1306/1306/1306 1311/1311/1311 965/965/965 
f 965/965/965 1311/1311/1311 1312/1312/1312 
f 1311/1311/1311 1313/1313/1313 1312/1312/1312 
f 1312/1312/1312 1313/1313/1313 971/971/971 
f 1313/1313/1313 1314/1314/1314 971/971/971 
f 971/971/971 1314/1314/1314 973/973/973 
f 1314/1314/1314 1315/1315/1315 973/973/973 
f 973/973/973 1315/1315/1315 975/975/975 
f 1315/1315/1315 1316/1316/1316 975/975/975 
f 975/975/975 1316/1316/1316 977/977/977 
f 1316/1316/1316 1317/1317/1317 977/977/977 
f 977/977/977 1317/1317/1317 979/979/979 
f 1317/1317/1317 979/979/979 979/979/979 
f 979/979/979 979/979/979 1311/1311/1311 
f 979/979/979 1311/1311/1311 1311/1311/1311 
f 1311/1311/1311 1311/1311/1311 1311/1311/1311 
f 1311/1311/1311 1307/1307/1307 1311/1311/1311 
f 1311/1311/1311 1307/1307/1307 1313/1313/1313 
f 1307/1307/1307 1308/1308/1308 1313/1313/1313 
f 1313/1313/1313 1308/1308/1308 1318/1318/1318 
f 1308/1308/1308 1309/1309/1309 1318/1318/1318 
f 1318/1318/1318 1309/1309/1309 1319/1319/1319 
f 1309/1309/1309 1310/1310/1310 1319/1319/1319 
f 1319/1319/1319 1310/1310/1310 1320/1320/1320 
f 1310/1310/1310 1320/1320/1320 1320/1320/1320 
f 1320/1320/1320 1320/1320/1320 1320/1320/1320 
f 1320/1320/1320 1316/1316/1316 1320/1320/1320 
f 1320/1320/1320 1316/1316/1316 1319/1319/1319 
f 1316/1316/1316 1315/1315/1315 1319/1319/1319 
f 1319/1319/1319 1315/1315/1315 1318/1318/1318 
f 1315/1315/1315 1314/1314/1314 1318/1318/1318 
f 1318/1318/1318 1314/1314/1314 1313/1313/1313 
f 1314/1314/1314 1313/1313/1313 1313/1313/1313 
f 1313/1313/1313 1313/1313/1313 914/914/914 
f 1313/1313/1313 914/914/914 914/914/914 
f 914/914/914 914/914/914 914/914/914 
f 914/914/914 916/916/916 914/914/914 
f 914/914/914 916/916/916 1300/1300/1300 
f 916/916/916 1302/1302/1302 1300/1300/1300 
f 1300/1300/1300 1302/1302/1302 1302/1302/1302 
f 1302/1302/1302 916/916/916 1302/1302/1302 
f 1302/1302/1302 916/916/916 916/916/916 
f 916/916/916 1321/1321/1321 916/916/916 
f 916/916/916 1321/1321/1321 1302/1302/1302 
f 1321/1321/1321 1322/1322/1322 1302/1302/1302 
f 1302/1302/1302 1322/1322/1322 1303/1303/1303 
f 1322/1322/1322 1304/1304/1304 1303/1303/1303 
f 1303/1303/1303 1304/1304/1304 1304/1304/1304 
f 1304/1304/1304 916/916/916 1304/1304/1304 
f 1304/1304/1304 916/916/916 916/916/916 
f 916/916/916 918/918/918 916/916/916 
f 916/916/916 918/918/918 1321/1321/1321 
f 918/918/918 920/920/920 1321/1321/1321 
f 1321/1321/1321 920/920/920 1322/1322/1322 
f 920/920/920 922/922/922 1322/1322/1322 
f 1322/1322/1322 922/922/922 1304/1304/1304 
f 922/922/922 924/924/924 1304/1304/1304 
f 1304/1304/1304 924/924/924 924/924/924 
f 924/924/924 1219/1219/1219 924/924/924 
f 924/924/924 1219/1219/1219 1219/1219/1219 
f 1219/1219/1219 1217/1217/1217 1219/1219/1219 
f 1219/1219/1219 1217/1217/1217 1226/1226/1226 
f 1217/1217/1217 1216/1216/1216 1226/1226/1226 
f 1226/1226/1226 1216/1216/1216 1228/1228/1228 
f 1216/1216/1216 1230/1230/1230 1228/1228/1228 
f 1228/1228/1228 1230/1230/1230 1230/1230/1230 
f 1230/1230/1230 1216/1216/1216 1230/1230/1230 
f 1230/1230/1230 1216/1216/1216 1216/1216/1216 
f 1216/1216/1216 1215/1215/1215 1216/1216/1216 
f 1216/1216/1216 1215/1215/1215 1230/1230/1230 
f 1215/1215/1215 1214/1214/1214 1230/1230/1230 
f 1230/1230/1230 1214/1214/1214 1232/1232/1232 
f 1214/1214/1214 1212/1212/1212 1232/1232/1232 
f 1232/1232/1232 1212/1212/1212 1234/1234/1234 
f 1212/1212/1212 1236/1236/1236 1234/1234/1234 
f 1234/1234/1234 1236/1236/1236 1236/1236/1236 
f 1236/1236/1236 1212/1212/1212 1236/1236/1236 
f 1236/1236/1236 1212/1212/1212 1212/1212/1212 
f 1212/1212/1212 1323/1323/1323 1212/1212/1212 
f 1212/1212/1212 1323/1323/1323 1236/1236/1236 
f 1323/1323/1323 1324/1324/1324 1236/1236/1236 
f 1236/1236/1236 1324/1324/1324 1238/1238/1238 
f 1324/1324/1324 1198/1198/1198 1238/1238/1238 
f 1238/1238/1238 1198/1198/1198 1240/1240/1240 
f 1198/1198/1198 1200/1200/1200 1240/1240/1240 
f 1240/1240/1240 1200/1200/1200 1200/1200/1200 
f 1200/1200/1200 1198/1198/1198 1200/1200/1200 
f 1200/1200/1200 1198/1198/1198 1198/1198/1198 
f 1198/1198/1198 1324/1324/1324 1198/1198/1198 
f 1198/1198/1198 1324/1324/1324 1196/1196/1196 
f 1324/1324/1324 1323/1323/1323 1196/1196/1196 
f 1196/1196/1196 1323/1323/1323 1210/1210/1210 
f 1323/1323/1323 1212/1212/1212 1210/1210/1210 
f 1210/1210/1210 1212/1212/1212 1212/1212/1212 
f 1212/1212/1212 1299/1299/1299 1212/1212/1212 
f 1212/1212/1212 1299/1299/1299 1299/1299/1299 
f 1299/1299/1299 1301/1301/1301 1299/1299/1299 
f 1299/1299/1299 1301/1301/1301 949/949/949 
f 1301/1301/1301 951/951/951 949/949/949 
f 949/949/949 951/951/951 951/951/951 
f 951/951/951 1051/1051/1051 951/951/951 
f 951/951/951 1051/1051/1051 1051/1051/1051 
f 1051/1051/1051 1053/1053/1053 1051/1051/1051 
f 1051/1051/1051 1053/1053/1053 1092/1092/1092 
f 1053/1053/1053 1094/1094/1094 1092/1092/1092 
f 1092/1092/1092 1094/1094/1094 1094/1094/1094 
f 1094/1094/1094 1053/1053/1053 1094/1094/1094 
f 1094/1094/1094 1053/1053/1053 1053/1053/1053 
f 1053/1053/1053 1055/1055/1055 1053/1053/1053 
f 1053/1053/1053 1055/1055/1055 1094/1094/1094 
f 1055/1055/1055 1096/1096/1096 1094/1094/1094 
f 1094/1094/1094 1096/1096/1096 1096/1096/1096 
f 1096/1096/1096 1055/1055/1055 1096/1096/1096 
f 1096/1096/1096 1055/1055/1055 1055/1055/1055 
f 1055/1055/1055 1057/1057/1057 1055/1055/1055 
f 1055/1055/1055 1057/1057/1057 1096/1096/1096 
f 1057/1057/1057 1098/1098/1098 1096/1096/1096 
f 1096/1096/1096 1098/1098/1098 1098/1098/1098 
f 1098/1098/1098 351/351/351 1098/1098/1098 
f 1098/1098/1098 351/351/351 351/351/351 
f 351/351/351 350/350/350 351/351/351 
f 351/351/351 350/350/350 1145/1145/1145 
f 350/350/350 349/349/349 1145/1145/1145 
f 1145/1145/1145 349/349/349 1325/1325/1325 
f 349/349/349 348/348/348 1325/1325/1325 
f 1325/1325/1325 348/348/348 1326/1326/1326 
f 348/348/348 1327/1327/1327 1326/1326/1326 
f 1326/1326/1326 1327/1327/1327 1328/1328/1328 
f 1327/1327/1327 1329/1329/1329 1328/1328/1328 
f 1328/1328/1328 1329/1329/1329 1330/1330/1330 
f 1329/1329/1329 1331/1331/1331 1330/1330/1330 
f 1330/1330/1330 1331/1331/1331 1332/1332/1332 
f 1331/1331/1331 1333/1333/1333 1332/1332/1332 
f 1332/1332/1332 1333/1333/1333 1158/1158/1158 
f 1333/1333/1333 1159/1159/1159 1158/1158/1158 
f 1158/1158/1158 1159/1159/1159 1159/1159/1159 
f 1159/1159/1159 1158/1158/1158 1159/1159/1159 
f 1159/1159/1159 1158/1158/1158 1158/1158/1158 
f 1158/1158/1158 1157/1157/1157 1158/1158/1158 
f 1158/1158/1158 1157/1157/1157 1332/1332/1332 
f 1157/1157/1157 1155/1155/1155 1332/1332/1332 
f 1332/1332/1332 1155/1155/1155 1330/1330/1330 
f 1155/1155/1155 1153/1153/1153 1330/1330/1330 
f 1330/1330/1330 1153/1153/1153 1328/1328/1328 
f 1153/1153/1153 1151/1151/1151 1328/1328/1328 
f 1328/1328/1328 1151/1151/1151 1326/1326/1326 
f 1151/1151/1151 1325/1325/1325 1326/1326/1326 
f 1326/1326/1326 1325/1325/1325 1325/1325/1325 
f 1325/1325/1325 1151/1151/1151 1325/1325/1325 
f 1325/1325/1325 1151/1151/1151 1151/1151/1151 
f 1151/1151/1151 1149/1149/1149 1151/1151/1151 
f 1151/1151/1151 1149/1149/1149 1325/1325/1325 
f 1149/1149/1149 1145/1145/1145 1325/1325/1325 
f 1325/1325/1325 1145/1145/1145 1145/1145/1145 
f 1145/1145/1145 1045/1045/1045 1145/1145/1145 
f 1145/1145/1145 1045/1045/1045 1045/1045/1045 
f 1045/1045/1045 1086/1086/1086 1045/1045/1045 
f 1045/1045/1045 1086/1086/1086 1043/1043/1043 
f 1086/1086/1086 1334/1334/1334 1043/1043/1043 
f 1043/1043/1043 1334/1334/1334 1041/1041/1041 
f 1334/1334/1334 1335/1335/1335 1041/1041/1041 
f 1041/1041/1041 1335/1335/1335 1039/1039/1039 
f 1335/1335/1335 1336/1336/1336 1039/1039/1039 
f 1039/1039/1039 1336/1336/1336 1037/1037/1037 
f 1336/1336/1336 1035/1035/1035 1037/1037/1037 
f 1037/1037/1037 1035/1035/1035 1035/1035/1035 
f 1035/1035/1035 1086/1086/1086 1035/1035/1035 
f 1035/1035/1035 1086/1086/1086 1086/1086/1086 
f 1086/1086/1086 1084/1084/1084 1086/1086/1086 
f 1086/1086/1086 1084/1084/1084 1334/1334/1334 
f 1084/1084/1084 1337/1337/1337 1334/1334/1334 
f 1334/1334/1334 1337/1337/1337 1335/1335/1335 
f 1337/1337/1337 1338/1338/1338 1335/1335/1335 
f 1335/1335/1335 1338/1338/1338 1336/1336/1336 
f 1338/1338/1338 1035/1035/1035 1336/1336/1336 
f 1336/1336/1336 1035/1035/1035 1035/1035/1035 
f 1035/1035/1035 1337/1337/1337 1035/1035/1035 
f 1035/1035/1035 1337/1337/1337 1337/1337/1337 
f 1337/1337/1337 1082/1082/1082 1337/1337/1337 
f 1337/1337/1337 1082/1082/1082 1338/1338/1338 
f 1082/1082/1082 1339/1339/1339 1338/1338/1338 
f 1338/1338/1338 1339/1339/1339 1340/1340/1340 
f 1339/1339/1339 1341/1341/1341 1340/1340/1340 
f 1340/1340/1340 1341/1341/1341 1033/1033/1033 
f 1341/1341/1341 1031/1031/1031 1033/1033/1033 
f 1033/1033/1033 1031/1031/1031 1031/1031/1031 
f 1031/1031/1031 1082/1082/1082 1031/1031/1031 
f 1031/1031/1031 1082/1082/1082 1082/1082/1082 
f 1082/1082/1082 1080/1080/1080 1082/1082/1082 
f 1082/1082/1082 1080/1080/1080 1339/1339/1339 
f 1080/1080/1080 1078/1078/1078 1339/1339/1339 
f 1339/1339/1339 1078/1078/1078 1341/1341/1341 
f 1078/1078/1078 1076/1076/1076 1341/1341/1341 
f 1341/1341/1341 1076/1076/1076 1074/1074/1074 
f 1076/1076/1076 1074/1074/1074 1074/1074/1074 
f 1074/1074/1074 1074/1074/1074 1341/1341/1341 
f 1074/1074/1074 1341/1341/1341 1341/1341/1341 
f 1341/1341/1341 1341/1341/1341 1341/1341/1341 
f 1341/1341/1341 1074/1074/1074 1341/1341/1341 
f 1341/1341/1341 1074/1074/1074 1031/1031/1031 
f 1074/1074/1074 1029/1029/1029 1031/1031/1031 
f 1031/1031/1031 1029/1029/1029 1029/1029/1029 
f 1029/1029/1029 747/747/747 1029/1029/1029 
f 1029/1029/1029 747/747/747 747/747/747 
f 747/747/747 1141/1141/1141 747/747/747 
f 747/747/747 1141/1141/1141 746/746/746 
f 1141/1141/1141 745/745/745 746/746/746 
f 746/746/746 745/745/745 745/745/745 
f 745/745/745 1141/1141/1141 745/745/745 
f 745/745/745 1141/1141/1141 1141/1141/1141 
f 1141/1141/1141 1139/1139/1139 1141/1141/1141 
f 1141/1141/1141 1139/1139/1139 745/745/745 
f 1139/1139/1139 748/748/748 745/745/745 
f 745/745/745 748/748/748 748/748/748 
f 748/748/748 1139/1139/1139 748/748/748 
f 748/748/748 1139/1139/1139 1139/1139/1139 
f 1139/1139/1139 1137/1137/1137 1139/1139/1139 
f 1139/1139/1139 1137/1137/1137 748/748/748 
f 1137/1137/1137 749/749/749 748/748/748 
f 748/748/748 749/749/749 749/749/749 
f 749/749/749 1033/1033/1033 749/749/749 
f 749/749/749 1033/1033/1033 1033/1033/1033 
f 1033/1033/1033 1035/1035/1035 1033/1033/1033 
f 1033/1033/1033 1035/1035/1035 1340/1340/1340 
f 1035/1035/1035 1338/1338/1338 1340/1340/1340 
f 1340/1340/1340 1338/1338/1338 1338/1338/1338 
f 1338/1338/1338 348/348/348 1338/1338/1338 
f 1338/1338/1338 348/348/348 348/348/348 
f 348/348/348 347/347/347 348/348/348 
f 348/348/348 347/347/347 1327/1327/1327 
f 347/347/347 346/346/346 1327/1327/1327 
f 1327/1327/1327 346/346/346 1342/1342/1342 
f 346/346/346 1343/1343/1343 1342/1342/1342 
f 1342/1342/1342 1343/1343/1343 1329/1329/1329 
f 1343/1343/1343 1344/1344/1344 1329/1329/1329 
f 1329/1329/1329 1344/1344/1344 1331/1331/1331 
f 1344/1344/1344 1345/1345/1345 1331/1331/1331 
f 1331/1331/1331 1345/1345/1345 1346/1346/1346 
f 1345/1345/1345 1347/1347/1347 1346/1346/1346 
f 1346/1346/1346 1347/1347/1347 1348/1348/1348 
f 1347/1347/1347 1349/1349/1349 1348/1348/1348 
f 1348/1348/1348 1349/1349/1349 1350/1350/1350 
f 1349/1349/1349 1351/1351/1351 1350/1350/1350 
f 1350/1350/1350 1351/1351/1351 1161/1161/1161 
f 1351/1351/1351 1352/1352/1352 1161/1161/1161 
f 1161/1161/1161 1352/1352/1352 907/907/907 
f 1352/1352/1352 1353/1353/1353 907/907/907 
f 907/907/907 1353/1353/1353 909/909/909 
f 1353/1353/1353 913/913/913 909/909/909 
f 909/909/909 913/913/913 911/911/911 
f 913/913/913 911/911/911 911/911/911 
f 911/911/911 911/911/911 1331/1331/1331 
f 911/911/911 1331/1331/1331 1331/1331/1331 
f 1331/1331/1331 1331/1331/1331 1331/1331/1331 
f 1331/1331/1331 1346/1346/1346 1331/1331/1331 
f 1331/1331/1331 1346/1346/1346 1333/1333/1333 
f 1346/1346/1346 1354/1354/1354 1333/1333/1333 
f 1333/1333/1333 1354/1354/1354 1159/1159/1159 
f 1354/1354/1354 1160/1160/1160 1159/1159/1159 
f 1159/1159/1159 1160/1160/1160 1160/1160/1160 
f 1160/1160/1160 1346/1346/1346 1160/1160/1160 
f 1160/1160/1160 1346/1346/1346 1346/1346/1346 
f 1346/1346/1346 1348/1348/1348 1346/1346/1346 
f 1346/1346/1346 1348/1348/1348 1354/1354/1354 
f 1348/1348/1348 1350/1350/1350 1354/1354/1354 
f 1354/1354/1354 1350/1350/1350 1161/1161/1161 
f 1350/1350/1350 1161/1161/1161 1161/1161/1161 
f 1161/1161/1161 1161/1161/1161 346/346/346 
f 1161/1161/1161 346/346/346 346/346/346 
f 346/346/346 346/346/346 346/346/346 
f 346/346/346 345/345/345 346/346/346 
f 346/346/346 345/345/345 1343/1343/1343 
f 345/345/345 344/344/344 1343/1343/1343 
f 1343/1343/1343 344/344/344 1355/1355/1355 
f 344/344/344 343/343/343 1355/1355/1355 
f 1355/1355/1355 343/343/343 1356/1356/1356 
f 343/343/343 1357/1357/1357 1356/1356/1356 
f 1356/1356/1356 1357/1357/1357 1358/1358/1358 
f 1357/1357/1357 1359/1359/1359 1358/1358/1358 
f 1358/1358/1358 1359/1359/1359 1360/1360/1360 
f 1359/1359/1359 1361/1361/1361 1360/1360/1360 
f 1360/1360/1360 1361/1361/1361 1362/1362/1362 
f 1361/1361/1361 1363/1363/1363 1362/1362/1362 
f 1362/1362/1362 1363/1363/1363 1353/1353/1353 
f 1363/1363/1363 913/913/913 1353/1353/1353 
f 1353/1353/1353 913/913/913 913/913/913 
f 913/913/913 1353/1353/1353 913/913/913 
f 913/913/913 1353/1353/1353 1353/1353/1353 
f 1353/1353/1353 1352/1352/1352 1353/1353/1353 
f 1353/1353/1353 1352/1352/1352 1362/1362/1362 
f 1352/1352/1352 1351/1351/1351 1362/1362/1362 
f 1362/1362/1362 1351/1351/1351 1360/1360/1360 
f 1351/1351/1351 1349/1349/1349 1360/1360/1360 
f 1360/1360/1360 1349/1349/1349 1358/1358/1358 
f 1349/1349/1349 1347/1347/1347 1358/1358/1358 
f 1358/1358/1358 1347/1347/1347 1356/1356/1356 
f 1347/1347/1347 1355/1355/1355 1356/1356/1356 
f 1356/1356/1356 1355/1355/1355 1355/1355/1355 
f 1355/1355/1355 1347/1347/1347 1355/1355/1355 
f 1355/1355/1355 1347/1347/1347 1347/1347/1347 
f 1347/1347/1347 1345/1345/1345 1347/1347/1347 
f 1347/1347/1347 1345/1345/1345 1355/1355/1355 
f 1345/1345/1345 1343/1343/1343 1355/1355/1355 
f 1355/1355/1355 1343/1343/1343 1343/1343/1343 
f 1343/1343/1343 913/913/913 1343/1343/1343 
f 1343/1343/1343 913/913/913 913/913/913 
f 913/913/913 1363/1363/1363 913/913/913 
f 913/913/913 1363/1363/1363 915/915/915 
f 1363/1363/1363 1364/1364/1364 915/915/915 
f 915/915/915 1364/1364/1364 917/917/917 
f 1364/1364/1364 1365/1365/1365 917/917/917 
f 917/917/917 1365/1365/1365 919/919/919 
f 1365/1365/1365 1366/1366/1366 919/919/919 
f 919/919/919 1366/1366/1366 1367/1367/1367 
f 1366/1366/1366 337/337/337 1367/1367/1367 
f 1367/1367/1367 337/337/337 1368/1368/1368 
f 337/337/337 336/336/336 1368/1368/1368 
f 1368/1368/1368 336/336/336 335/335/335 
f 336/336/336 335/335/335 335/335/335 
f 335/335/335 335/335/335 919/919/919 
f 335/335/335 919/919/919 919/919/919 
f 919/919/919 919/919/919 919/919/919 
f 919/919/919 1367/1367/1367 919/919/919 
f 919/919/919 1367/1367/1367 921/921/921 
f 1367/1367/1367 1368/1368/1368 921/921/921 
f 921/921/921 1368/1368/1368 923/923/923 
f 1368/1368/1368 1369/1369/1369 923/923/923 
f 923/923/923 1369/1369/1369 927/927/927 
f 1369/1369/1369 335/335/335 927/927/927 
f 927/927/927 335/335/335 334/334/334 
f 335/335/335 334/334/334 334/334/334 
f 334/334/334 334/334/334 1363/1363/1363 
f 334/334/334 1363/1363/1363 1363/1363/1363 
f 1363/1363/1363 1363/1363/1363 1363/1363/1363 
f 1363/1363/1363 1361/1361/1361 1363/1363/1363 
f 1363/1363/1363 1361/1361/1361 1364/1364/1364 
f 1361/1361/1361 1370/1370/1370 1364/1364/1364 
f 1364/1364/1364 1370/1370/1370 1371/1371/1371 
f 1370/1370/1370 1372/1372/1372 1371/1371/1371 
f 1371/1371/1371 1372/1372/1372 1365/1365/1365 
f 1372/1372/1372 1366/1366/1366 1365/1365/1365 
f 1365/1365/1365 1366/1366/1366 1366/1366/1366 
f 1366/1366/1366 1361/1361/1361 1366/1366/1366 
f 1366/1366/1366 1361/1361/1361 1361/1361/1361 
f 1361/1361/1361 1359/1359/1359 1361/1361/1361 
f 1361/1361/1361 1359/1359/1359 1370/1370/1370 
f 1359/1359/1359 1373/1373/1373 1370/1370/1370 
f 1370/1370/1370 1373/1373/1373 1372/1372/1372 
f 1373/1373/1373 340/340/340 1372/1372/1372 
f 1372/1372/1372 340/340/340 339/339/339 
f 340/340/340 339/339/339 339/339/339 
f 339/339/339 339/339/339 340/340/340 
f 339/339/339 340/340/340 340/340/340 
f 340/340/340 340/340/340 340/340/340 
f 340/340/340 1373/1373/1373 340/340/340 
f 340/340/340 1373/1373/1373 1374/1374/1374 
f 1373/1373/1373 1359/1359/1359 1374/1374/1374 
f 1374/1374/1374 1359/1359/1359 1357/1357/1357 
f 1359/1359/1359 1357/1357/1357 1357/1357/1357 
f 1357/1357/1357 1357/1357/1357 340/340/340 
f 1357/1357/1357 340/340/340 340/340/340 
f 340/340/340 340/340/340 340/340/340 
f 340/340/340 1374/1374/1374 340/340/340 
f 340/340/340 1374/1374/1374 341/341/341 
f 1374/1374/1374 1357/1357/1357 341/341/341 
f 341/341/341 1357/1357/1357 342/342/342 
f 1357/1357/1357 343/343/343 342/342/342 
f 342/342/342 343/343/343 343/343/343 
f 343/343/343 978/978/978 343/343/343 
f 343/343/343 978/978/978 978/978/978 
f 978/978/978 1207/1207/1207 978/978/978 
f 978/978/978 1207/1207/1207 976/976/976 
f 1207/1207/1207 1375/1375/1375 976/976/976 
f 976/976/976 1375/1375/1375 974/974/974 
f 1375/1375/1375 1376/1376/1376 974/974/974 
f 974/974/974 1376/1376/1376 1377/1377/1377 
f 1376/1376/1376 1378/1378/1378 1377/1377/1377 
f 1377/1377/1377 1378/1378/1378 1379/1379/1379 
f 1378/1378/1378 1380/1380/1380 1379/1379/1379 
f 1379/1379/1379 1380/1380/1380 1381/1381/1381 
f 1380/1380/1380 1382/1382/1382 1381/1381/1381 
f 1381/1381/1381 1382/1382/1382 1383/1383/1383 
f 1382/1382/1382 1384/1384/1384 1383/1383/1383 
f 1383/1383/1383 1384/1384/1384 1385/1385/1385 
f 1384/1384/1384 1014/1014/1014 1385/1385/1385 
f 1385/1385/1385 1014/1014/1014 1012/1012/1012 
f 1014/1014/1014 1012/1012/1012 1012/1012/1012 
f 1012/1012/1012 1012/1012/1012 974/974/974 
f 1012/1012/1012 974/974/974 974/974/974 
f 974/974/974 974/974/974 974/974/974 
f 974/974/974 1377/1377/1377 974/974/974 
f 974/974/974 1377/1377/1377 972/972/972 
f 1377/1377/1377 1379/1379/1379 972/972/972 
f 972/972/972 1379/1379/1379 970/970/970 
f 1379/1379/1379 1386/1386/1386 970/970/970 
f 970/970/970 1386/1386/1386 968/968/968 
f 1386/1386/1386 1387/1387/1387 968/968/968 
f 968/968/968 1387/1387/1387 1388/1388/1388 
f 1387/1387/1387 1389/1389/1389 1388/1388/1388 
f 1388/1388/1388 1389/1389/1389 1390/1390/1390 
f 1389/1389/1389 1391/1391/1391 1390/1390/1390 
f 1390/1390/1390 1391/1391/1391 1392/1392/1392 
f 1391/1391/1391 1393/1393/1393 1392/1392/1392 
f 1392/1392/1392 1393/1393/1393 1394/1394/1394 
f 1393/1393/1393 1395/1395/1395 1394/1394/1394 
f 1394/1394/1394 1395/1395/1395 1396/1396/1396 
f 1395/1395/1395 1397/1397/1397 1396/1396/1396 
f 1396/1396/1396 1397/1397/1397 1398/1398/1398 
f 1397/1397/1397 1002/1002/1002 1398/1398/1398 
f 1398/1398/1398 1002/1002/1002 1001/1001/1001 
f 1002/1002/1002 1001/1001/1001 1001/1001/1001 
f 1001/1001/1001 1001/1001/1001 1379/1379/1379 
f 1001/1001/1001 1379/1379/1379 1379/1379/1379 
f 1379/1379/1379 1379/1379/1379 1379/1379/1379 
f 1379/1379/1379 1381/1381/1381 1379/1379/1379 
f 1379/1379/1379 1381/1381/1381 1386/1386/1386 
f 1381/1381/1381 1383/1383/1383 1386/1386/1386 
f 1386/1386/1386 1383/1383/1383 1387/1387/1387 
f 1383/1383/1383 1399/1399/1399 1387/1387/1387 
f 1387/1387/1387 1399/1399/1399 1389/1389/1389 
f 1399/1399/1399 1400/1400/1400 1389/1389/1389 
f 1389/1389/1389 1400/1400/1400 1401/1401/1401 
f 1400/1400/1400 1402/1402/1402 1401/1401/1401 
f 1401/1401/1401 1402/1402/1402 1391/1391/1391 
f 1402/1402/1402 1393/1393/1393 1391/1391/1391 
f 1391/1391/1391 1393/1393/1393 1393/1393/1393 
f 1393/1393/1393 1383/1383/1383 1393/1393/1393 
f 1393/1393/1393 1383/1383/1383 1383/1383/1383 
f 1383/1383/1383 1385/1385/1385 1383/1383/1383 
f 1383/1383/1383 1385/1385/1385 1399/1399/1399 
f 1385/1385/1385 1012/1012/1012 1399/1399/1399 
f 1399/1399/1399 1012/1012/1012 1400/1400/1400 
f 1012/1012/1012 1010/1010/1010 1400/1400/1400 
f 1400/1400/1400 1010/1010/1010 1402/1402/1402 
f 1010/1010/1010 1008/1008/1008 1402/1402/1402 
f 1402/1402/1402 1008/1008/1008 1403/1403/1403 
f 1008/1008/1008 1006/1006/1006 1403/1403/1403 
f 1403/1403/1403 1006/1006/1006 1404/1404/1404 
f 1006/1006/1006 1003/1003/1003 1404/1404/1404 
f 1404/1404/1404 1003/1003/1003 1002/1002/1002 
f 1003/1003/1003 1002/1002/1002 1002/1002/1002 
f 1002/1002/1002 1002/1002/1002 1002/1002/1002 
f 1002/1002/1002 1397/1397/1397 1002/1002/1002 
f 1002/1002/1002 1397/1397/1397 1404/1404/1404 
f 1397/1397/1397 1395/1395/1395 1404/1404/1404 
f 1404/1404/1404 1395/1395/1395 1403/1403/1403 
f 1395/1395/1395 1393/1393/1393 1403/1403/1403 
f 1403/1403/1403 1393/1393/1393 1402/1402/1402 
f 1393/1393/1393 1402/1402/1402 1402/1402/1402 
f 1402/1402/1402 1402/1402/1402 1207/1207/1207 
f 1402/1402/1402 1207/1207/1207 1207/1207/1207 
f 1207/1207/1207 1207/1207/1207 1207/1207/1207 
f 1207/1207/1207 1205/1205/1205 1207/1207/1207 
f 1207/1207/1207 1205/1205/1205 1375/1375/1375 
f 1205/1205/1205 1376/1376/1376 1375/1375/1375 
f 1375/1375/1375 1376/1376/1376 1376/1376/1376 
f 1376/1376/1376 1205/1205/1205 1376/1376/1376 
f 1376/1376/1376 1205/1205/1205 1405/1405/1405 
f 1205/1205/1205 1203/1203/1203 1405/1405/1405 
f 1405/1405/1405 1203/1203/1203 1406/1406/1406 
f 1203/1203/1203 1407/1407/1407 1406/1406/1406 
f 1406/1406/1406 1407/1407/1407 1408/1408/1408 
f 1407/1407/1407 1409/1409/1409 1408/1408/1408 
f 1408/1408/1408 1409/1409/1409 1410/1410/1410 
f 1409/1409/1409 1411/1411/1411 1410/1410/1410 
f 1410/1410/1410 1411/1411/1411 1412/1412/1412 
f 1411/1411/1411 1413/1413/1413 1412/1412/1412 
f 1412/1412/1412 1413/1413/1413 1414/1414/1414 
f 1413/1413/1413 1415/1415/1415 1414/1414/1414 
f 1414/1414/1414 1415/1415/1415 1416/1416/1416 
f 1415/1415/1415 1417/1417/1417 1416/1416/1416 
f 1416/1416/1416 1417/1417/1417 1026/1026/1026 
f 1417/1417/1417 1191/1191/1191 1026/1026/1026 
f 1026/1026/1026 1191/1191/1191 1028/1028/1028 
f 1191/1191/1191 1028/1028/1028 1028/1028/1028 
f 1028/1028/1028 1028/1028/1028 1026/1026/1026 
f 1028/1028/1028 1026/1026/1026 1026/1026/1026 
f 1026/1026/1026 1026/1026/1026 1026/1026/1026 
f 1026/1026/1026 1024/1024/1024 1026/1026/1026 
f 1026/1026/1026 1024/1024/1024 1416/1416/1416 
f 1024/1024/1024 1022/1022/1022 1416/1416/1416 
f 1416/1416/1416 1022/1022/1022 1418/1418/1418 
f 1022/1022/1022 1020/1020/1020 1418/1418/1418 
f 1418/1418/1418 1020/1020/1020 1419/1419/1419 
f 1020/1020/1020 1018/1018/1018 1419/1419/1419 
f 1419/1419/1419 1018/1018/1018 1420/1420/1420 
f 1018/1018/1018 1016/1016/1016 1420/1420/1420 
f 1420/1420/1420 1016/1016/1016 1421/1421/1421 
f 1016/1016/1016 1384/1384/1384 1421/1421/1421 
f 1421/1421/1421 1384/1384/1384 1422/1422/1422 
f 1384/1384/1384 1382/1382/1382 1422/1422/1422 
f 1422/1422/1422 1382/1382/1382 1380/1380/1380 
f 1382/1382/1382 1380/1380/1380 1380/1380/1380 
f 1380/1380/1380 1380/1380/1380 1419/1419/1419 
f 1380/1380/1380 1419/1419/1419 1419/1419/1419 
f 1419/1419/1419 1419/1419/1419 1419/1419/1419 
f 1419/1419/1419 1420/1420/1420 1419/1419/1419 
f 1419/1419/1419 1420/1420/1420 1423/1423/1423 
f 1420/1420/1420 1424/1424/1424 1423/1423/1423 
f 1423/1423/1423 1424/1424/1424 1408/1408/1408 
f 1424/1424/1424 1425/1425/1425 1408/1408/1408 
f 1408/1408/1408 1425/1425/1425 1406/1406/1406 
f 1425/1425/1425 1378/1378/1378 1406/1406/1406 
f 1406/1406/1406 1378/1378/1378 1376/1376/1376 
f 1378/1378/1378 1376/1376/1376 1376/1376/1376 
f 1376/1376/1376 1376/1376/1376 1420/1420/1420 
f 1376/1376/1376 1420/1420/1420 1420/1420/1420 
f 1420/1420/1420 1420/1420/1420 1420/1420/1420 
f 1420/1420/1420 1421/1421/1421 1420/1420/1420 
f 1420/1420/1420 1421/1421/1421 1424/1424/1424 
f 1421/1421/1421 1422/1422/1422 1424/1424/1424 
f 1424/1424/1424 1422/1422/1422 1425/1425/1425 
f 1422/1422/1422 1380/1380/1380 1425/1425/1425 
f 1425/1425/1425 1380/1380/1380 1378/1378/1378 
f 1380/1380/1380 1378/1378/1378 1378/1378/1378 
f 1378/1378/1378 1378/1378/1378 1407/1407/1407 
f 1378/1378/1378 1407/1407/1407 1407/1407/1407 
f 1407/1407/1407 1407/1407/1407 1407/1407/1407 
f 1407/1407/1407 1203/1203/1203 1407/1407/1407 
f 1407/1407/1407 1203/1203/1203 1409/1409/1409 
f 1203/1203/1203 1201/1201/1201 1409/1409/1409 
f 1409/1409/1409 1201/1201/1201 1411/1411/1411 
f 1201/1201/1201 1199/1199/1199 1411/1411/1411 
f 1411/1411/1411 1199/1199/1199 1197/1197/1197 
f 1199/1199/1199 1197/1197/1197 1197/1197/1197 
f 1197/1197/1197 1197/1197/1197 1411/1411/1411 
f 1197/1197/1197 1411/1411/1411 1411/1411/1411 
f 1411/1411/1411 1411/1411/1411 1411/1411/1411 
f 1411/1411/1411 1197/1197/1197 1411/1411/1411 
f 1411/1411/1411 1197/1197/1197 1413/1413/1413 
f 1197/1197/1197 1195/1195/1195 1413/1413/1413 
f 1413/1413/1413 1195/1195/1195 1415/1415/1415 
f 1195/1195/1195 1193/1193/1193 1415/1415/1415 
f 1415/1415/1415 1193/1193/1193 1417/1417/1417 
f 1193/1193/1193 1191/1191/1191 1417/1417/1417 
f 1417/1417/1417 1191/1191/1191 1191/1191/1191 
f 1191/1191/1191 1408/1408/1408 1191/1191/1191 
f 1191/1191/1191 1408/1408/1408 1408/1408/1408 
f 1408/1408/1408 1410/1410/1410 1408/1408/1408 
f 1408/1408/1408 1410/1410/1410 1423/1423/1423 
f 1410/1410/1410 1426/1426/1426 1423/1423/1423 
f 1423/1423/1423 1426/1426/1426 1419/1419/1419 
f 1426/1426/1426 1418/1418/1418 1419/1419/1419 
f 1419/1419/1419 1418/1418/1418 1418/1418/1418 
f 1418/1418/1418 1410/1410/1410 1418/1418/1418 
f 1418/1418/1418 1410/1410/1410 1410/1410/1410 
f 1410/1410/1410 1412/1412/1412 1410/1410/1410 
f 1410/1410/1410 1412/1412/1412 1426/1426/1426 
f 1412/1412/1412 1414/1414/1414 1426/1426/1426 
f 1426/1426/1426 1414/1414/1414 1416/1416/1416 
f 1414/1414/1414 1416/1416/1416 1416/1416/1416 
f 1416/1416/1416 1416/1416/1416 337/337/337 
f 1416/1416/1416 337/337/337 337/337/337 
f 337/337/337 337/337/337 337/337/337 
f 337/337/337 1366/1366/1366 337/337/337 
f 337/337/337 1366/1366/1366 338/338/338 
f 1366/1366/1366 1372/1372/1372 338/338/338 
f 338/338/338 1372/1372/1372 339/339/339 
f 1372/1372/1372 339/339/339 339/339/339 
f 339/339/339 339/339/339 968/968/968 
f 339/339/339 968/968/968 968/968/968 
f 968/968/968 968/968/968 968/968/968 
f 968/968/968 1388/1388/1388 968/968/968 
f 968/968/968 1388/1388/1388 966/966/966 
f 1388/1388/1388 1427/1427/1427 966/966/966 
f 966/966/966 1427/1427/1427 964/964/964 
f 1427/1427/1427 1428/1428/1428 964/964/964 
f 964/964/964 1428/1428/1428 962/962/962 
f 1428/1428/1428 1429/1429/1429 962/962/962 
f 962/962/962 1429/1429/1429 960/960/960 
f 1429/1429/1429 958/958/958 960/960/960 
f 960/960/960 958/958/958 958/958/958 
f 958/958/958 1429/1429/1429 958/958/958 
f 958/958/958 1429/1429/1429 993/993/993 
f 1429/1429/1429 1428/1428/1428 993/993/993 
f 993/993/993 1428/1428/1428 1430/1430/1430 
f 1428/1428/1428 1427/1427/1427 1430/1430/1430 
f 1430/1430/1430 1427/1427/1427 1390/1390/1390 
f 1427/1427/1427 1388/1388/1388 1390/1390/1390 
f 1390/1390/1390 1388/1388/1388 1388/1388/1388 
f 1388/1388/1388 1430/1430/1430 1388/1388/1388 
f 1388/1388/1388 1430/1430/1430 1430/1430/1430 
f 1430/1430/1430 1392/1392/1392 1430/1430/1430 
f 1430/1430/1430 1392/1392/1392 993/993/993 
f 1392/1392/1392 1431/1431/1431 993/993/993 
f 993/993/993 1431/1431/1431 994/994/994 
f 1431/1431/1431 1432/1432/1432 994/994/994 
f 994/994/994 1432/1432/1432 995/995/995 
f 1432/1432/1432 1433/1433/1433 995/995/995 
f 995/995/995 1433/1433/1433 996/996/996 
f 1433/1433/1433 1398/1398/1398 996/996/996 
f 996/996/996 1398/1398/1398 1434/1434/1434 
f 1398/1398/1398 1000/1000/1000 1434/1434/1434 
f 1434/1434/1434 1000/1000/1000 998/998/998 
f 1000/1000/1000 998/998/998 998/998/998 
f 998/998/998 998/998/998 1398/1398/1398 
f 998/998/998 1398/1398/1398 1398/1398/1398 
f 1398/1398/1398 1398/1398/1398 1398/1398/1398 
f 1398/1398/1398 1433/1433/1433 1398/1398/1398 
f 1398/1398/1398 1433/1433/1433 1396/1396/1396 
f 1433/1433/1433 1432/1432/1432 1396/1396/1396 
f 1396/1396/1396 1432/1432/1432 1394/1394/1394 
f 1432/1432/1432 1431/1431/1431 1394/1394/1394 
f 1394/1394/1394 1431/1431/1431 1392/1392/1392 
f 1431/1431/1431 1392/1392/1392 1392/1392/1392 
f 1392/1392/1392 1392/1392/1392 996/996/996 
f 1392/1392/1392 996/996/996 996/996/996 
f 996/996/996 996/996/996 996/996/996 
f 996/996/996 1434/1434/1434 996/996/996 
f 996/996/996 1434/1434/1434 997/997/997 
f 1434/1434/1434 998/998/998 997/997/997 
f 997/997/997 998/998/998 998/998/998 
f 998/998/998 1017/1017/1017 998/998/998 
f 998/998/998 1017/1017/1017 1017/1017/1017 
f 1017/1017/1017 1065/1065/1065 1017/1017/1017 
f 1017/1017/1017 1065/1065/1065 1015/1015/1015 
f 1065/1065/1065 1013/1013/1013 1015/1015/1015 
f 1015/1015/1015 1013/1013/1013 1013/1013/1013 
f 1013/1013/1013 1065/1065/1065 1013/1013/1013 
f 1013/1013/1013 1065/1065/1065 1435/1435/1435 
f 1065/1065/1065 1063/1063/1063 1435/1435/1435 
f 1435/1435/1435 1063/1063/1063 1061/1061/1061 
f 1063/1063/1063 1061/1061/1061 1061/1061/1061 
f 1061/1061/1061 1061/1061/1061 1061/1061/1061 
f 1061/1061/1061 1009/1009/1009 1061/1061/1061 
f 1061/1061/1061 1009/1009/1009 1435/1435/1435 
f 1009/1009/1009 1011/1011/1011 1435/1435/1435 
f 1435/1435/1435 1011/1011/1011 1013/1013/1013 
f 1011/1011/1011 1013/1013/1013 1013/1013/1013 
f 1013/1013/1013 1013/1013/1013 1061/1061/1061 
f 1013/1013/1013 1061/1061/1061 1061/1061/1061 
f 1061/1061/1061 1061/1061/1061 1061/1061/1061 
f 1061/1061/1061 1059/1059/1059 1061/1061/1061 
f 1061/1061/1061 1059/1059/1059 1009/1009/1009 
f 1059/1059/1059 1007/1007/1007 1009/1009/1009 
f 1009/1009/1009 1007/1007/1007 1007/1007/1007 
f 1007/1007/1007 1032/1032/1032 1007/1007/1007 
f 1007/1007/1007 1032/1032/1032 1032/1032/1032 
f 1032/1032/1032 1192/1192/1192 1032/1032/1032 
f 1032/1032/1032 1192/1192/1192 1034/1034/1034 
f 1192/1192/1192 1209/1209/1209 1034/1034/1034 
f 1034/1034/1034 1209/1209/1209 1036/1036/1036 
f 1209/1209/1209 1213/1213/1213 1036/1036/1036 
f 1036/1036/1036 1213/1213/1213 1038/1038/1038 
f 1213/1213/1213 1038/1038/1038 1038/1038/1038 
f 1038/1038/1038 1038/1038/1038 1046/1046/1046 
f 1038/1038/1038 1046/1046/1046 1046/1046/1046 
f 1046/1046/1046 1046/1046/1046 1046/1046/1046 
f 1046/1046/1046 1044/1044/1044 1046/1046/1046 
f 1046/1046/1046 1044/1044/1044 1048/1048/1048 
f 1044/1044/1044 1218/1218/1218 1048/1048/1048 
f 1048/1048/1048 1218/1218/1218 1218/1218/1218 
f 1218/1218/1218 933/933/933 1218/1218/1218 
f 1218/1218/1218 933/933/933 933/933/933 
f 933/933/933 935/935/935 933/933/933 
f 933/933/933 935/935/935 1281/1281/1281 
f 935/935/935 1280/1280/1280 1281/1281/1281 
f 1281/1281/1281 1280/1280/1280 1280/1280/1280 
f 1280/1280/1280 521/521/521 1280/1280/1280 
f 1280/1280/1280 521/521/521 521/521/521 
f 521/521/521 991/991/991 521/521/521 
f 521/521/521 991/991/991 523/523/523 
f 991/991/991 525/525/525 523/523/523 
f 523/523/523 525/525/525 525/525/525 
f 525/525/525 991/991/991 525/525/525 
f 525/525/525 991/991/991 1436/1436/1436 
f 991/991/991 989/989/989 1436/1436/1436 
f 1436/1436/1436 989/989/989 988/988/988 
f 989/989/989 988/988/988 988/988/988 
f 988/988/988 988/988/988 988/988/988 
f 988/988/988 1437/1437/1437 988/988/988 
f 988/988/988 1437/1437/1437 1436/1436/1436 
f 1437/1437/1437 527/527/527 1436/1436/1436 
f 1436/1436/1436 527/527/527 525/525/525 
f 527/527/527 525/525/525 525/525/525 
f 525/525/525 525/525/525 988/988/988 
f 525/525/525 988/988/988 988/988/988 
f 988/988/988 988/988/988 988/988/988 
f 988/988/988 987/987/987 988/988/988 
f 988/988/988 987/987/987 1437/1437/1437 
f 987/987/987 986/986/986 1437/1437/1437 
f 1437/1437/1437 986/986/986 999/999/999 
f 986/986/986 999/999/999 999/999/999 
f 999/999/999 999/999/999 999/999/999 
f 999/999/999 529/529/529 999/999/999 
f 999/999/999 529/529/529 1437/1437/1437 
f 529/529/529 527/527/527 1437/1437/1437 
f 1437/1437/1437 527/527/527 527/527/527 
f 527/527/527 1062/1062/1062 527/527/527 
f 527/527/527 1062/1062/1062 1062/1062/1062 
f 1062/1062/1062 1064/1064/1064 1062/1062/1062 
f 1062/1062/1062 1064/1064/1064 1188/1188/1188 
f 1064/1064/1064 1187/1187/1187 1188/1188/1188 
f 1188/1188/1188 1187/1187/1187 1187/1187/1187 
f 1187/1187/1187 541/541/541 1187/1187/1187 
f 1187/1187/1187 541/541/541 541/541/541 
f 541/541/541 1005/1005/1005 541/541/541 
f 541/541/541 1005/1005/1005 543/543/543 
f 1005/1005/1005 1058/1058/1058 543/543/543 
f 543/543/543 1058/1058/1058 1058/1058/1058 
f 1058/1058/1058 1091/1091/1091 1058/1058/1058 
f 1058/1058/1058 1091/1091/1091 1091/1091/1091 
f 1091/1091/1091 1105/1105/1105 1091/1091/1091 
f 1091/1091/1091 1105/1105/1105 1090/1090/1090 
f 1105/1105/1105 1089/1089/1089 1090/1090/1090 
f 1090/1090/1090 1089/1089/1089 1089/1089/1089 
f 1089/1089/1089 965/965/965 1089/1089/1089 
f 1089/1089/1089 965/965/965 965/965/965 
f 965/965/965 1312/1312/1312 965/965/965 
f 965/965/965 1312/1312/1312 967/967/967 
f 1312/1312/1312 971/971/971 967/967/967 
f 967/967/967 971/971/971 969/969/969 
f 971/971/971 969/969/969 969/969/969 
f 969/969/969 969/969/969 1099/1099/1099 
f 969/969/969 1099/1099/1099 1099/1099/1099 
f 1099/1099/1099 1099/1099/1099 1099/1099/1099 
f 1099/1099/1099 1438/1438/1438 1099/1099/1099 
f 1099/1099/1099 1438/1438/1438 1100/1100/1100 
f 1438/1438/1438 1439/1439/1439 1100/1100/1100 
f 1100/1100/1100 1439/1439/1439 1440/1440/1440 
f 1439/1439/1439 1441/1441/1441 1440/1440/1440 
f 1440/1440/1440 1441/1441/1441 1442/1442/1442 
f 1441/1441/1441 1443/1443/1443 1442/1442/1442 
f 1442/1442/1442 1443/1443/1443 1444/1444/1444 
f 1443/1443/1443 1445/1445/1445 1444/1444/1444 
f 1444/1444/1444 1445/1445/1445 1446/1446/1446 
f 1445/1445/1445 1447/1447/1447 1446/1446/1446 
f 1446/1446/1446 1447/1447/1447 1448/1448/1448 
f 1447/1447/1447 1448/1448/1448 1448/1448/1448 
f 1448/1448/1448 1448/1448/1448 1446/1446/1446 
f 1448/1448/1448 1446/1446/1446 1446/1446/1446 
f 1446/1446/1446 1446/1446/1446 1446/1446/1446 
f 1446/1446/1446 1449/1449/1449 1446/1446/1446 
f 1446/1446/1446 1449/1449/1449 1444/1444/1444 
f 1449/1449/1449 1450/1450/1450 1444/1444/1444 
f 1444/1444/1444 1450/1450/1450 1442/1442/1442 
f 1450/1450/1450 1451/1451/1451 1442/1442/1442 
f 1442/1442/1442 1451/1451/1451 1440/1440/1440 
f 1451/1451/1451 1101/1101/1101 1440/1440/1440 
f 1440/1440/1440 1101/1101/1101 1100/1100/1100 
f 1101/1101/1101 1100/1100/1100 1100/1100/1100 
f 1100/1100/1100 1100/1100/1100 1101/1101/1101 
f 1100/1100/1100 1101/1101/1101 1101/1101/1101 
f 1101/1101/1101 1101/1101/1101 1101/1101/1101 
f 1101/1101/1101 1451/1451/1451 1101/1101/1101 
f 1101/1101/1101 1451/1451/1451 1102/1102/1102 
f 1451/1451/1451 1450/1450/1450 1102/1102/1102 
f 1102/1102/1102 1450/1450/1450 1452/1452/1452 
f 1450/1450/1450 1453/1453/1453 1452/1452/1452 
f 1452/1452/1452 1453/1453/1453 1104/1104/1104 
f 1453/1453/1453 1454/1454/1454 1104/1104/1104 
f 1104/1104/1104 1454/1454/1454 1106/1106/1106 
f 1454/1454/1454 1455/1455/1455 1106/1106/1106 
f 1106/1106/1106 1455/1455/1455 1108/1108/1108 
f 1455/1455/1455 1456/1456/1456 1108/1108/1108 
f 1108/1108/1108 1456/1456/1456 1110/1110/1110 
f 1456/1456/1456 1457/1457/1457 1110/1110/1110 
f 1110/1110/1110 1457/1457/1457 1458/1458/1458 
f 1457/1457/1457 1459/1459/1459 1458/1458/1458 
f 1458/1458/1458 1459/1459/1459 1460/1460/1460 
f 1459/1459/1459 1461/1461/1461 1460/1460/1460 
f 1460/1460/1460 1461/1461/1461 1462/1462/1462 
f 1461/1461/1461 1463/1463/1463 1462/1462/1462 
f 1462/1462/1462 1463/1463/1463 1464/1464/1464 
f 1463/1463/1463 1465/1465/1465 1464/1464/1464 
f 1464/1464/1464 1465/1465/1465 1466/1466/1466 
f 1465/1465/1465 1467/1467/1467 1466/1466/1466 
f 1466/1466/1466 1467/1467/1467 1120/1120/1120 
f 1467/1467/1467 1468/1468/1468 1120/1120/1120 
f 1120/1120/1120 1468/1468/1468 1469/1469/1469 
f 1468/1468/1468 575/575/575 1469/1469/1469 
f 1469/1469/1469 575/575/575 573/573/573 
f 575/575/575 573/573/573 573/573/573 
f 573/573/573 573/573/573 1457/1457/1457 
f 573/573/573 1457/1457/1457 1457/1457/1457 
f 1457/1457/1457 1457/1457/1457 1457/1457/1457 
f 1457/1457/1457 1456/1456/1456 1457/1457/1457 
f 1457/1457/1457 1456/1456/1456 1470/1470/1470 
f 1456/1456/1456 1455/1455/1455 1470/1470/1470 
f 1470/1470/1470 1455/1455/1455 1471/1471/1471 
f 1455/1455/1455 1454/1454/1454 1471/1471/1471 
f 1471/1471/1471 1454/1454/1454 1472/1472/1472 
f 1454/1454/1454 1453/1453/1453 1472/1472/1472 
f 1472/1472/1472 1453/1453/1453 1473/1473/1473 
f 1453/1453/1453 1450/1450/1450 1473/1473/1473 
f 1473/1473/1473 1450/1450/1450 1449/1449/1449 
f 1450/1450/1450 1449/1449/1449 1449/1449/1449 
f 1449/1449/1449 1449/1449/1449 1472/1472/1472 
f 1449/1449/1449 1472/1472/1472 1472/1472/1472 
f 1472/1472/1472 1472/1472/1472 1472/1472/1472 
f 1472/1472/1472 1474/1474/1474 1472/1472/1472 
f 1472/1472/1472 1474/1474/1474 1471/1471/1471 
f 1474/1474/1474 1475/1475/1475 1471/1471/1471 
f 1471/1471/1471 1475/1475/1475 1470/1470/1470 
f 1475/1475/1475 1476/1476/1476 1470/1470/1470 
f 1470/1470/1470 1476/1476/1476 1457/1457/1457 
f 1476/1476/1476 1477/1477/1477 1457/1457/1457 
f 1457/1457/1457 1477/1477/1477 1459/1459/1459 
f 1477/1477/1477 1478/1478/1478 1459/1459/1459 
f 1459/1459/1459 1478/1478/1478 1461/1461/1461 
f 1478/1478/1478 1479/1479/1479 1461/1461/1461 
f 1461/1461/1461 1479/1479/1479 1463/1463/1463 
f 1479/1479/1479 1480/1480/1480 1463/1463/1463 
f 1463/1463/1463 1480/1480/1480 1481/1481/1481 
f 1480/1480/1480 583/583/583 1481/1481/1481 
f 1481/1481/1481 583/583/583 581/581/581 
f 583/583/583 581/581/581 581/581/581 
f 581/581/581 581/581/581 1480/1480/1480 
f 581/581/581 1480/1480/1480 1480/1480/1480 
f 1480/1480/1480 1480/1480/1480 1480/1480/1480 
f 1480/1480/1480 1479/1479/1479 1480/1480/1480 
f 1480/1480/1480 1479/1479/1479 1482/1482/1482 
f 1479/1479/1479 1478/1478/1478 1482/1482/1482 
f 1482/1482/1482 1478/1478/1478 1483/1483/1483 
f 1478/1478/1478 1477/1477/1477 1483/1483/1483 
f 1483/1483/1483 1477/1477/1477 1484/1484/1484 
f 1477/1477/1477 1476/1476/1476 1484/1484/1484 
f 1484/1484/1484 1476/1476/1476 1485/1485/1485 
f 1476/1476/1476 1475/1475/1475 1485/1485/1485 
f 1485/1485/1485 1475/1475/1475 1486/1486/1486 
f 1475/1475/1475 1487/1487/1487 1486/1486/1486 
f 1486/1486/1486 1487/1487/1487 1488/1488/1488 
f 1487/1487/1487 1489/1489/1489 1488/1488/1488 
f 1488/1488/1488 1489/1489/1489 1490/1490/1490 
f 1489/1489/1489 1491/1491/1491 1490/1490/1490 
f 1490/1490/1490 1491/1491/1491 1491/1491/1491 
f 1491/1491/1491 1489/1489/1489 1491/1491/1491 
f 1491/1491/1491 1489/1489/1489 1489/1489/1489 
f 1489/1489/1489 1487/1487/1487 1489/1489/1489 
f 1489/1489/1489 1487/1487/1487 1492/1492/1492 
f 1487/1487/1487 1474/1474/1474 1492/1492/1492 
f 1492/1492/1492 1474/1474/1474 1493/1493/1493 
f 1474/1474/1474 1472/1472/1472 1493/1493/1493 
f 1493/1493/1493 1472/1472/1472 1449/1449/1449 
f 1472/1472/1472 1473/1473/1473 1449/1449/1449 
f 1449/1449/1449 1473/1473/1473 1473/1473/1473 
f 1473/1473/1473 1449/1449/1449 1473/1473/1473 
f 1473/1473/1473 1449/1449/1449 1449/1449/1449 
f 1449/1449/1449 1446/1446/1446 1449/1449/1449 
f 1449/1449/1449 1446/1446/1446 1493/1493/1493 
f 1446/1446/1446 1494/1494/1494 1493/1493/1493 
f 1493/1493/1493 1494/1494/1494 1492/1492/1492 
f 1494/1494/1494 1495/1495/1495 1492/1492/1492 
f 1492/1492/1492 1495/1495/1495 1491/1491/1491 
f 1495/1495/1495 1491/1491/1491 1491/1491/1491 
f 1491/1491/1491 1491/1491/1491 1495/1495/1495 
f 1491/1491/1491 1495/1495/1495 1495/1495/1495 
f 1495/1495/1495 1495/1495/1495 1495/1495/1495 
f 1495/1495/1495 1494/1494/1494 1495/1495/1495 
f 1495/1495/1495 1494/1494/1494 1448/1448/1448 
f 1494/1494/1494 1446/1446/1446 1448/1448/1448 
f 1448/1448/1448 1446/1446/1446 1446/1446/1446 
f 1446/1446/1446 1120/1120/1120 1446/1446/1446 
f 1446/1446/1446 1120/1120/1120 1120/1120/1120 
f 1120/1120/1120 1469/1469/1469 1120/1120/1120 
f 1120/1120/1120 1469/1469/1469 1122/1122/1122 
f 1469/1469/1469 1496/1496/1496 1122/1122/1122 
f 1122/1122/1122 1496/1496/1496 1123/1123/1123 
f 1496/1496/1496 1124/1124/1124 1123/1123/1123 
f 1123/1123/1123 1124/1124/1124 1124/1124/1124 
f 1124/1124/1124 1469/1469/1469 1124/1124/1124 
f 1124/1124/1124 1469/1469/1469 1469/1469/1469 
f 1469/1469/1469 573/573/573 1469/1469/1469 
f 1469/1469/1469 573/573/573 1496/1496/1496 
f 573/573/573 571/571/571 1496/1496/1496 
f 1496/1496/1496 571/571/571 1497/1497/1497 
f 571/571/571 569/569/569 1497/1497/1497 
f 1497/1497/1497 569/569/569 1127/1127/1127 
f 569/569/569 567/567/567 1127/1127/1127 
f 1127/1127/1127 567/567/567 565/565/565 
f 567/567/567 565/565/565 565/565/565 
f 565/565/565 565/565/565 1127/1127/1127 
f 565/565/565 1127/1127/1127 1127/1127/1127 
f 1127/1127/1127 1127/1127/1127 1127/1127/1127 
f 1127/1127/1127 1125/1125/1125 1127/1127/1127 
f 1127/1127/1127 1125/1125/1125 1497/1497/1497 
f 1125/1125/1125 1124/1124/1124 1497/1497/1497 
f 1497/1497/1497 1124/1124/1124 1496/1496/1496 
f 1124/1124/1124 1496/1496/1496 1496/1496/1496 
f 1496/1496/1496 1496/1496/1496 1102/1102/1102 
f 1496/1496/1496 1102/1102/1102 1102/1102/1102 
f 1102/1102/1102 1102/1102/1102 1102/1102/1102 
f 1102/1102/1102 1452/1452/1452 1102/1102/1102 
f 1102/1102/1102 1452/1452/1452 1103/1103/1103 
f 1452/1452/1452 1104/1104/1104 1103/1103/1103 
f 1103/1103/1103 1104/1104/1104 1104/1104/1104 
f 1104/1104/1104 1490/1490/1490 1104/1104/1104 
f 1104/1104/1104 1490/1490/1490 1490/1490/1490 
f 1490/1490/1490 1498/1498/1498 1490/1490/1490 
f 1490/1490/1490 1498/1498/1498 1488/1488/1488 
f 1498/1498/1498 1499/1499/1499 1488/1488/1488 
f 1488/1488/1488 1499/1499/1499 1500/1500/1500 
f 1499/1499/1499 1501/1501/1501 1500/1500/1500 
f 1500/1500/1500 1501/1501/1501 1502/1502/1502 
f 1501/1501/1501 1503/1503/1503 1502/1502/1502 
f 1502/1502/1502 1503/1503/1503 1504/1504/1504 
f 1503/1503/1503 1505/1505/1505 1504/1504/1504 
f 1504/1504/1504 1505/1505/1505 1506/1506/1506 
f 1505/1505/1505 587/587/587 1506/1506/1506 
f 1506/1506/1506 587/587/587 1507/1507/1507 
f 587/587/587 585/585/585 1507/1507/1507 
f 1507/1507/1507 585/585/585 1480/1480/1480 
f 585/585/585 583/583/583 1480/1480/1480 
f 1480/1480/1480 583/583/583 583/583/583 
f 583/583/583 1504/1504/1504 583/583/583 
f 583/583/583 1504/1504/1504 1504/1504/1504 
f 1504/1504/1504 1483/1483/1483 1504/1504/1504 
f 1504/1504/1504 1483/1483/1483 1502/1502/1502 
f 1483/1483/1483 1484/1484/1484 1502/1502/1502 
f 1502/1502/1502 1484/1484/1484 1500/1500/1500 
f 1484/1484/1484 1486/1486/1486 1500/1500/1500 
f 1500/1500/1500 1486/1486/1486 1488/1488/1488 
f 1486/1486/1486 1488/1488/1488 1488/1488/1488 
f 1488/1488/1488 1488/1488/1488 1483/1483/1483 
f 1488/1488/1488 1483/1483/1483 1483/1483/1483 
f 1483/1483/1483 1483/1483/1483 1483/1483/1483 
f 1483/1483/1483 1504/1504/1504 1483/1483/1483 
f 1483/1483/1483 1504/1504/1504 1482/1482/1482 
f 1504/1504/1504 1507/1507/1507 1482/1482/1482 
f 1482/1482/1482 1507/1507/1507 1480/1480/1480 
f 1507/1507/1507 1480/1480/1480 1480/1480/1480 
f 1480/1480/1480 1480/1480/1480 587/587/587 
f 1480/1480/1480 587/587/587 587/587/587 
f 587/587/587 587/587/587 587/587/587 
f 587/587/587 1505/1505/1505 587/587/587 
f 587/587/587 1505/1505/1505 589/589/589 
f 1505/1505/1505 1508/1508/1508 589/589/589 
f 589/589/589 1508/1508/1508 591/591/591 
f 1508/1508/1508 593/593/593 591/591/591 
f 591/591/591 593/593/593 593/593/593 
f 593/593/593 1508/1508/1508 593/593/593 
f 593/593/593 1508/1508/1508 1509/1509/1509 
f 1508/1508/1508 1510/1510/1510 1509/1509/1509 
f 1509/1509/1509 1510/1510/1510 1511/1511/1511 
f 1510/1510/1510 1501/1501/1501 1511/1511/1511 
f 1511/1511/1511 1501/1501/1501 1512/1512/1512 
f 1501/1501/1501 1499/1499/1499 1512/1512/1512 
f 1512/1512/1512 1499/1499/1499 1498/1498/1498 
f 1499/1499/1499 1498/1498/1498 1498/1498/1498 
f 1498/1498/1498 1498/1498/1498 1501/1501/1501 
f 1498/1498/1498 1501/1501/1501 1501/1501/1501 
f 1501/1501/1501 1501/1501/1501 1501/1501/1501 
f 1501/1501/1501 1510/1510/1510 1501/1501/1501 
f 1501/1501/1501 1510/1510/1510 1503/1503/1503 
f 1510/1510/1510 1508/1508/1508 1503/1503/1503 
f 1503/1503/1503 1508/1508/1508 1505/1505/1505 
f 1508/1508/1508 1505/1505/1505 1505/1505/1505 
f 1505/1505/1505 1505/1505/1505 1120/1120/1120 
f 1505/1505/1505 1120/1120/1120 1120/1120/1120 
f 1120/1120/1120 1120/1120/1120 1120/1120/1120 
f 1120/1120/1120 1118/1118/1118 1120/1120/1120 
f 1120/1120/1120 1118/1118/1118 1466/1466/1466 
f 1118/1118/1118 1464/1464/1464 1466/1466/1466 
f 1466/1466/1466 1464/1464/1464 1464/1464/1464 
f 1464/1464/1464 1118/1118/1118 1464/1464/1464 
f 1464/1464/1464 1118/1118/1118 1118/1118/1118 
f 1118/1118/1118 1116/1116/1116 1118/1118/1118 
f 1118/1118/1118 1116/1116/1116 1464/1464/1464 
f 1116/1116/1116 1513/1513/1513 1464/1464/1464 
f 1464/1464/1464 1513/1513/1513 1462/1462/1462 
f 1513/1513/1513 1460/1460/1460 1462/1462/1462 
f 1462/1462/1462 1460/1460/1460 1460/1460/1460 
f 1460/1460/1460 1116/1116/1116 1460/1460/1460 
f 1460/1460/1460 1116/1116/1116 1116/1116/1116 
f 1116/1116/1116 1114/1114/1114 1116/1116/1116 
f 1116/1116/1116 1114/1114/1114 1513/1513/1513 
f 1114/1114/1114 1514/1514/1514 1513/1513/1513 
f 1513/1513/1513 1514/1514/1514 1460/1460/1460 
f 1514/1514/1514 1458/1458/1458 1460/1460/1460 
f 1460/1460/1460 1458/1458/1458 1458/1458/1458 
f 1458/1458/1458 1114/1114/1114 1458/1458/1458 
f 1458/1458/1458 1114/1114/1114 1114/1114/1114 
f 1114/1114/1114 1112/1112/1112 1114/1114/1114 
f 1114/1114/1114 1112/1112/1112 1514/1514/1514 
f 1112/1112/1112 1110/1110/1110 1514/1514/1514 
f 1514/1514/1514 1110/1110/1110 1458/1458/1458 
f 1110/1110/1110 1458/1458/1458 1458/1458/1458 
f 1458/1458/1458 1458/1458/1458 1447/1447/1447 
f 1458/1458/1458 1447/1447/1447 1447/1447/1447 
f 1447/1447/1447 1447/1447/1447 1447/1447/1447 
f 1447/1447/1447 1445/1445/1445 1447/1447/1447 
f 1447/1447/1447 1445/1445/1445 1515/1515/1515 
f 1445/1445/1445 1443/1443/1443 1515/1515/1515 
f 1515/1515/1515 1443/1443/1443 1516/1516/1516 
f 1443/1443/1443 1517/1517/1517 1516/1516/1516 
f 1516/1516/1516 1517/1517/1517 1518/1518/1518 
f 1517/1517/1517 1519/1519/1519 1518/1518/1518 
f 1518/1518/1518 1519/1519/1519 1520/1520/1520 
f 1519/1519/1519 1521/1521/1521 1520/1520/1520 
f 1520/1520/1520 1521/1521/1521 1521/1521/1521 
f 1521/1521/1521 1443/1443/1443 1521/1521/1521 
f 1521/1521/1521 1443/1443/1443 1443/1443/1443 
f 1443/1443/1443 1441/1441/1441 1443/1443/1443 
f 1443/1443/1443 1441/1441/1441 1517/1517/1517 
f 1441/1441/1441 1522/1522/1522 1517/1517/1517 
f 1517/1517/1517 1522/1522/1522 1519/1519/1519 
f 1522/1522/1522 1523/1523/1523 1519/1519/1519 
f 1519/1519/1519 1523/1523/1523 1521/1521/1521 
f 1523/1523/1523 1521/1521/1521 1521/1521/1521 
f 1521/1521/1521 1521/1521/1521 1523/1523/1523 
f 1521/1521/1521 1523/1523/1523 1523/1523/1523 
f 1523/1523/1523 1523/1523/1523 1523/1523/1523 
f 1523/1523/1523 1522/1522/1522 1523/1523/1523 
f 1523/1523/1523 1522/1522/1522 1524/1524/1524 
f 1522/1522/1522 1439/1439/1439 1524/1524/1524 
f 1524/1524/1524 1439/1439/1439 1438/1438/1438 
f 1439/1439/1439 1438/1438/1438 1438/1438/1438 
f 1438/1438/1438 1438/1438/1438 1289/1289/1289 
f 1438/1438/1438 1289/1289/1289 1289/1289/1289 
f 1289/1289/1289 1289/1289/1289 1289/1289/1289 
f 1289/1289/1289 1291/1291/1291 1289/1289/1289 
f 1289/1289/1289 1291/1291/1291 1297/1297/1297 
f 1291/1291/1291 1525/1525/1525 1297/1297/1297 
f 1297/1297/1297 1525/1525/1525 1298/1298/1298 
f 1525/1525/1525 1156/1156/1156 1298/1298/1298 
f 1298/1298/1298 1156/1156/1156 1156/1156/1156 
f 1156/1156/1156 1291/1291/1291 1156/1156/1156 
f 1156/1156/1156 1291/1291/1291 1291/1291/1291 
f 1291/1291/1291 1150/1150/1150 1291/1291/1291 
f 1291/1291/1291 1150/1150/1150 1525/1525/1525 
f 1150/1150/1150 1152/1152/1152 1525/1525/1525 
f 1525/1525/1525 1152/1152/1152 1154/1154/1154 
f 1152/1152/1152 1154/1154/1154 1154/1154/1154 
f 1154/1154/1154 1154/1154/1154 575/575/575 
f 1154/1154/1154 575/575/575 575/575/575 
f 575/575/575 575/575/575 575/575/575 
f 575/575/575 1468/1468/1468 575/575/575 
f 575/575/575 1468/1468/1468 577/577/577 
f 1468/1468/1468 1467/1467/1467 577/577/577 
f 577/577/577 1467/1467/1467 579/579/579 
f 1467/1467/1467 1526/1526/1526 579/579/579 
f 579/579/579 1526/1526/1526 581/581/581 
f 1526/1526/1526 1481/1481/1481 581/581/581 
f 581/581/581 1481/1481/1481 1481/1481/1481 
f 1481/1481/1481 1467/1467/1467 1481/1481/1481 
f 1481/1481/1481 1467/1467/1467 1467/1467/1467 
f 1467/1467/1467 1465/1465/1465 1467/1467/1467 
f 1467/1467/1467 1465/1465/1465 1526/1526/1526 
f 1465/1465/1465 1463/1463/1463 1526/1526/1526 
f 1526/1526/1526 1463/1463/1463 1481/1481/1481 
f 1463/1463/1463 1481/1481/1481 1481/1481/1481 
f 1481/1481/1481 1481/1481/1481 1527/1527/1527 
f 1481/1481/1481 1527/1527/1527 1527/1527/1527 
f 1527/1527/1527 1527/1527/1527 1527/1527/1527 
f 1527/1527/1527 1528/1528/1528 1527/1527/1527 
f 1527/1527/1527 1528/1528/1528 1529/1529/1529 
f 1528/1528/1528 1530/1530/1530 1529/1529/1529 
f 1529/1529/1529 1530/1530/1530 1531/1531/1531 
f 1530/1530/1530 1531/1531/1531 1531/1531/1531 
f 1531/1531/1531 1531/1531/1531 1531/1531/1531 
f 1531/1531/1531 1532/1532/1532 1531/1531/1531 
f 1531/1531/1531 1532/1532/1532 1529/1529/1529 
f 1532/1532/1532 1533/1533/1533 1529/1529/1529 
f 1529/1529/1529 1533/1533/1533 1534/1534/1534 
f 1533/1533/1533 1534/1534/1534 1534/1534/1534 
f 1534/1534/1534 1534/1534/1534 1534/1534/1534 
f 1534/1534/1534 1535/1535/1535 1534/1534/1534 
f 1534/1534/1534 1535/1535/1535 1529/1529/1529 
f 1535/1535/1535 1536/1536/1536 1529/1529/1529 
f 1529/1529/1529 1536/1536/1536 1537/1537/1537 
f 1536/1536/1536 1537/1537/1537 1537/1537/1537 
f 1537/1537/1537 1537/1537/1537 1537/1537/1537 
f 1537/1537/1537 1538/1538/1538 1537/1537/1537 
f 1537/1537/1537 1538/1538/1538 1529/1529/1529 
f 1538/1538/1538 1539/1539/1539 1529/1529/1529 
f 1529/1529/1529 1539/1539/1539 1540/1540/1540 
f 1539/1539/1539 1540/1540/1540 1540/1540/1540 
f 1540/1540/1540 1540/1540/1540 1540/1540/1540 
f 1540/1540/1540 1541/1541/1541 1540/1540/1540 
f 1540/1540/1540 1541/1541/1541 1529/1529/1529 
f 1541/1541/1541 1542/1542/1542 1529/1529/1529 
f 1529/1529/1529 1542/1542/1542 1543/1543/1543 
f 1542/1542/1542 1543/1543/1543 1543/1543/1543 
f 1543/1543/1543 1543/1543/1543 1544/1544/1544 
f 1543/1543/1543 1544/1544/1544 1544/1544/1544 
f 1544/1544/1544 1544/1544/1544 1544/1544/1544 
f 1544/1544/1544 1545/1545/1545 1544/1544/1544 
f 1544/1544/1544 1545/1545/1545 1546/1546/1546 
f 1545/1545/1545 1547/1547/1547 1546/1546/1546 
f 1546/1546/1546 1547/1547/1547 1548/1548/1548 
f 1547/1547/1547 1548/1548/1548 1548/1548/1548 
f 1548/1548/1548 1548/1548/1548 1548/1548/1548 
f 1548/1548/1548 1549/1549/1549 1548/1548/1548 
f 1548/1548/1548 1549/1549/1549 1546/1546/1546 
f 1549/1549/1549 1550/1550/1550 1546/1546/1546 
f 1546/1546/1546 1550/1550/1550 1551/1551/1551 
f 1550/1550/1550 1551/1551/1551 1551/1551/1551 
f 1551/1551/1551 1551/1551/1551 1551/1551/1551 
f 1551/1551/1551 1552/1552/1552 1551/1551/1551 
f 1551/1551/1551 1552/1552/1552 1546/1546/1546 
f 1552/1552/1552 1553/1553/1553 1546/1546/1546 
f 1546/1546/1546 1553/1553/1553 1554/1554/1554 
f 1553/1553/1553 1554/1554/1554 1554/1554/1554 
f 1554/1554/1554 1554/1554/1554 1554/1554/1554 
f 1554/1554/1554 1555/1555/1555 1554/1554/1554 
f 1554/1554/1554 1555/1555/1555 1546/1546/1546 
f 1555/1555/1555 1556/1556/1556 1546/1546/1546 
f 1546/1546/1546 1556/1556/1556 1557/1557/1557 
f 1556/1556/1556 1557/1557/1557 1557/1557/1557 
f 1557/1557/1557 1557/1557/1557 1557/1557/1557 
f 1557/1557/1557 1558/1558/1558 1557/1557/1557 
f 1557/1557/1557 1558/1558/1558 1546/1546/1546 
f 1558/1558/1558 1559/1559/1559 1546/1546/1546 
f 1546/1546/1546 1559/1559/1559 1560/1560/1560 
f 1559/1559/1559 1560/1560/1560 1560/1560/1560 
f 1560/1560/1560 1560/1560/1560 408/408/408 
f 1560/1560/1560 408/408/408 408/408/408 
f 408/408/408 408/408/408 408/408/408 
f 408/408/408 410/410/410 408/408/408 
f 408/408/408 410/410/410 1561/1561/1561 
f 410/410/410 1562/1562/1562 1561/1561/1561 
f 1561/1561/1561 1562/1562/1562 1563/1563/1563 
f 1562/1562/1562 1564/1564/1564 1563/1563/1563 
f 1563/1563/1563 1564/1564/1564 1565/1565/1565 
f 1564/1564/1564 1566/1566/1566 1565/1565/1565 
f 1565/1565/1565 1566/1566/1566 1567/1567/1567 
f 1566/1566/1566 82/82/82 1567/1567/1567 
f 1567/1567/1567 82/82/82 83/83/83 
f 82/82/82 83/83/83 83/83/83 
f 83/83/83 83/83/83 83/83/83 
f 83/83/83 85/85/85 83/83/83 
f 83/83/83 85/85/85 1567/1567/1567 
f 85/85/85 1568/1568/1568 1567/1567/1567 
f 1567/1567/1567 1568/1568/1568 1565/1565/1565 
f 1568/1568/1568 1569/1569/1569 1565/1565/1565 
f 1565/1565/1565 1569/1569/1569 1563/1563/1563 
f 1569/1569/1569 1570/1570/1570 1563/1563/1563 
f 1563/1563/1563 1570/1570/1570 1561/1561/1561 
f 1570/1570/1570 1571/1571/1571 1561/1561/1561 
f 1561/1561/1561 1571/1571/1571 408/408/408 
f 1571/1571/1571 1572/1572/1572 408/408/408 
f 408/408/408 1572/1572/1572 406/406/406 
f 1572/1572/1572 404/404/404 406/406/406 
f 406/406/406 404/404/404 404/404/404 
f 404/404/404 85/85/85 404/404/404 
f 404/404/404 85/85/85 85/85/85 
f 85/85/85 87/87/87 85/85/85 
f 85/85/85 87/87/87 1568/1568/1568 
f 87/87/87 88/88/88 1568/1568/1568 
f 1568/1568/1568 88/88/88 1569/1569/1569 
f 88/88/88 1573/1573/1573 1569/1569/1569 
f 1569/1569/1569 1573/1573/1573 1570/1570/1570 
f 1573/1573/1573 1574/1574/1574 1570/1570/1570 
f 1570/1570/1570 1574/1574/1574 1575/1575/1575 
f 1574/1574/1574 92/92/92 1575/1575/1575 
f 1575/1575/1575 92/92/92 1576/1576/1576 
f 92/92/92 94/94/94 1576/1576/1576 
f 1576/1576/1576 94/94/94 1577/1577/1577 
f 94/94/94 96/96/96 1577/1577/1577 
f 1577/1577/1577 96/96/96 1578/1578/1578 
f 96/96/96 98/98/98 1578/1578/1578 
f 1578/1578/1578 98/98/98 1579/1579/1579 
f 98/98/98 100/100/100 1579/1579/1579 
f 1579/1579/1579 100/100/100 102/102/102 
f 100/100/100 102/102/102 102/102/102 
f 102/102/102 102/102/102 102/102/102 
f 102/102/102 394/394/394 102/102/102 
f 102/102/102 394/394/394 1579/1579/1579 
f 394/394/394 396/396/396 1579/1579/1579 
f 1579/1579/1579 396/396/396 1578/1578/1578 
f 396/396/396 398/398/398 1578/1578/1578 
f 1578/1578/1578 398/398/398 1577/1577/1577 
f 398/398/398 400/400/400 1577/1577/1577 
f 1577/1577/1577 400/400/400 1580/1580/1580 
f 400/400/400 402/402/402 1580/1580/1580 
f 1580/1580/1580 402/402/402 1581/1581/1581 
f 402/402/402 404/404/404 1581/1581/1581 
f 1581/1581/1581 404/404/404 1572/1572/1572 
f 404/404/404 1572/1572/1572 1572/1572/1572 
f 1572/1572/1572 1572/1572/1572 1577/1577/1577 
f 1572/1572/1572 1577/1577/1577 1577/1577/1577 
f 1577/1577/1577 1577/1577/1577 1577/1577/1577 
f 1577/1577/1577 1580/1580/1580 1577/1577/1577 
f 1577/1577/1577 1580/1580/1580 1576/1576/1576 
f 1580/1580/1580 1581/1581/1581 1576/1576/1576 
f 1576/1576/1576 1581/1581/1581 1575/1575/1575 
f 1581/1581/1581 1571/1571/1571 1575/1575/1575 
f 1575/1575/1575 1571/1571/1571 1570/1570/1570 
f 1571/1571/1571 1570/1570/1570 1570/1570/1570 
f 1570/1570/1570 1570/1570/1570 88/88/88 
f 1570/1570/1570 88/88/88 88/88/88 
f 88/88/88 88/88/88 88/88/88 
f 88/88/88 90/90/90 88/88/88 
f 88/88/88 90/90/90 1573/1573/1573 
f 90/90/90 92/92/92 1573/1573/1573 
f 1573/1573/1573 92/92/92 1574/1574/1574 
f 8/8/8 6/6/6 4/4/4 
f 163/163/163 168/168/168 165/165/165 
f 16/16/16 14/14/14 48/48/48 
f 1581/1581/1581 1572/1572/1572 1571/1571/1571 
f 17/17/17 89/89/89 15/15/15 
f 160/160/160 179/179/179 158/158/158 
f 133/133/133 142/142/142 135/135/135 
f 150/150/150 148/148/148 147/147/147 
f 27/27/27 29/29/29 31/31/31 
f 33/33/33 35/35/35 105/105/105 
f 121/121/121 34/34/34 32/32/32 
f 843/843/843 837/837/837 836/836/836 
f 411/411/411 841/841/841 397/397/397 
f 670/670/670 668/668/668 667/667/667 
f 823/823/823 821/821/821 822/822/822 
f 825/825/825 851/851/851 826/826/826 
f 674/674/674 812/812/812 676/676/676 
f 390/390/390 389/389/389 388/388/388 
f 173/173/173 44/44/44 42/42/42 
f 836/836/836 835/835/835 834/834/834 
f 830/830/830 859/859/859 829/829/829 
f 379/379/379 373/373/373 372/372/372 
f 854/854/854 798/798/798 690/690/690 
f 787/787/787 866/866/866 865/865/865 
f 369/369/369 867/867/867 832/832/832 
f 782/782/782 789/789/789 780/780/780 
f 700/700/700 792/792/792 702/702/702 
f 752/752/752 1131/1131/1131 753/753/753 
f 1132/1132/1132 1174/1174/1174 1130/1130/1130 
f 887/887/887 885/885/885 884/884/884 
f 1294/1294/1294 1295/1295/1295 1296/1296/1296 
f 1142/1142/1142 1143/1143/1143 1144/1144/1144 
f 1525/1525/1525 1154/1154/1154 1156/1156/1156 
f 1149/1149/1149 1147/1147/1147 1145/1145/1145 
f 1271/1271/1271 990/990/990 992/992/992 
f 1327/1327/1327 1342/1342/1342 1329/1329/1329 
f 1161/1161/1161 1160/1160/1160 1354/1354/1354 
f 1345/1345/1345 1344/1344/1344 1343/1343/1343 
f 1364/1364/1364 1371/1371/1371 1365/1365/1365 
f 1398/1398/1398 1001/1001/1001 1000/1000/1000 
f 952/952/952 985/985/985 950/950/950 
f 1301/1301/1301 953/953/953 951/951/951 
f 1006/1006/1006 1004/1004/1004 1003/1003/1003 
f 1389/1389/1389 1401/1401/1401 1391/1391/1391 
f 1392/1392/1392 1430/1430/1430 1390/1390/1390 
f 927/927/927 925/925/925 923/923/923 
f 335/335/335 1369/1369/1369 1368/1368/1368 
f 927/927/927 334/334/334 333/333/333 
f 1307/1307/1307 1311/1311/1311 1306/1306/1306 
f 1316/1316/1316 1320/1320/1320 1317/1317/1317 
f 1016/1016/1016 1014/1014/1014 1384/1384/1384 
f 1178/1178/1178 1126/1126/1126 1128/1128/1128 
f 1376/1376/1376 1405/1405/1405 1406/1406/1406 
f 1416/1416/1416 1418/1418/1418 1426/1426/1426 
f 1208/1208/1208 1244/1244/1244 1206/1206/1206 
f 1196/1196/1196 1210/1210/1210 1194/1194/1194 
f 1209/1209/1209 1211/1211/1211 1213/1213/1213 
f 1117/1117/1117 1119/1119/1119 1121/1121/1121 
f 1082/1082/1082 1337/1337/1337 1084/1084/1084 
f 1504/1504/1504 1506/1506/1506 1507/1507/1507 
f 590/590/590 592/592/592 661/661/661 
f 1484/1484/1484 1485/1485/1485 1486/1486/1486 
f 1218/1218/1218 1044/1044/1044 1042/1042/1042 
f 1474/1474/1474 1487/1487/1487 1475/1475/1475 
f 1491/1491/1491 1489/1489/1489 1492/1492/1492 
f 1439/1439/1439 1522/1522/1522 1441/1441/1441 
f 1546/1546/1546 1560/1560/1560 1544/1544/1544 
f 1529/1529/1529 1543/1543/1543 1527/1527/1527 

