mtllib model_3.mtl
o model_3
v 0.14087100327014923 0.531445324420929 0.49184471368789673 
v 0.11442648619413376 0.5747265219688416 0.49394145607948303 
v 0.1349344700574875 0.5275694131851196 0.4932425320148468 
v 0.10848996043205261 0.5708506107330322 0.4953393042087555 
v 0.1300773173570633 0.5243394374847412 0.49708661437034607 
v 0.10363280028104782 0.5676206350326538 0.4991833567619324 
v 0.12683922052383423 0.5224015116691589 0.5030274391174316 
v 0.10093438625335693 0.5656827092170715 0.5051241517066956 
v 0.12575985491275787 0.5217555165290833 0.509667158126831 
v 0.09985501319169998 0.5643907189369202 0.5117639303207397 
v 0.12683922052383423 0.5217555165290833 0.5166563391685486 
v 0.10093438625335693 0.5650367140769958 0.5187531113624573 
v 0.13061700761318207 0.5236935019493103 0.5225971937179565 
v 0.1041724905371666 0.5663287043571472 0.5246939659118652 
v 0.13547416031360626 0.526923418045044 0.526441216468811 
v 0.10956932604312897 0.5695586204528809 0.5285379886627197 
v 0.1414106786251068 0.5301533341407776 0.5278390645980835 
v 0.11550585180521011 0.5727885365486145 0.5299358367919922 
v 0.14734721183776855 0.5340293049812317 0.526441216468811 
v 0.12090269476175308 0.5766645073890686 0.5285379886627197 
v 0.15220436453819275 0.5366132259368896 0.5225971937179565 
v 0.12575985491275787 0.5798944234848022 0.5246939659118652 
v 0.15544246137142181 0.5391972064971924 0.5166563391685486 
v 0.12899795174598694 0.582478404045105 0.5187531113624573 
v 0.15652184188365936 0.5398432016372681 0.5100166201591492 
v 0.1300773173570633 0.5831243991851807 0.5121133923530579 
v 0.15490278601646423 0.5398432016372681 0.5030274391174316 
v 0.12899795174598694 0.582478404045105 0.5051241517066956 
v 0.15166467428207397 0.537905216217041 0.49708661437034607 
v 0.1252201646566391 0.5811864137649536 0.4991833567619324 
v 0.1462678462266922 0.5346753001213074 0.4932425320148468 
v 0.12036300450563431 0.57795649766922 0.4953393042087555 
v 0.14087100327014923 0.531445324420929 0.49184471368789673 
v 0.11442648619413376 0.5747265219688416 0.49394145607948303 
v 0.1063312217593193 0.6121938228607178 0.500930666923523 
v 0.10956932604312897 0.6141318082809448 0.5068714618682861 
v 0.11064869910478592 0.6147778034210205 0.5135112404823303 
v 0.09499786049127579 0.6373873353004456 0.5082693099975586 
v 0.09661690890789032 0.6373873353004456 0.5149090886116028 
v 0.08366449922323227 0.6548290252685547 0.5093176960945129 
v 0.08474386483430862 0.6548290252685547 0.5159574151039124 
v 0.07448986917734146 0.6703327298164368 0.5170058012008667 
v 0.08420418202877045 0.654183030128479 0.5229466557502747 
v 0.0734105035662651 0.6690407991409302 0.5236455798149109 
v 0.07017239928245544 0.6671028137207031 0.5295863747596741 
v 0.059378717094659805 0.6826065182685852 0.5302852988243103 
v 0.05452156066894531 0.6787306070327759 0.5341293811798096 
v 0.04264851287007332 0.6948803067207336 0.5344788432121277 
v 0.04912472143769264 0.6748546957969666 0.535527229309082 
v 0.03725167363882065 0.6910043954849243 0.5358766317367554 
v 0.043188195675611496 0.6709787249565125 0.5341293811798096 
v 0.03185483068227768 0.6871284246444702 0.5344788432121277 
v 0.026997676119208336 0.6838985085487366 0.5306347608566284 
v 0.014584943652153015 0.7000482082366943 0.5309842228889465 
v 0.011346840299665928 0.6974642276763916 0.5250434279441833 
v -0.001065892050974071 0.7136139273643494 0.5257422924041748 
v 0.010267471894621849 0.6968182325363159 0.5184036493301392 
v -0.0021452601067721844 0.7129679322242737 0.5187531113624573 
v -0.001065892050974071 0.714259922504425 0.5117639303207397 
v -0.014018308371305466 0.7297636270523071 0.5121133923530579 
v 0.0016325280303135514 0.7168439030647278 0.5061725378036499 
v -0.011319887824356556 0.7323476076126099 0.506521999835968 
v -0.0064627318643033504 0.7362235188484192 0.5026779770851135 
v -0.019415147602558136 0.7510812282562256 0.5030274391174316 
v -0.014557992108166218 0.7556031942367554 0.5016295909881592 
v -0.03290724754333496 0.7659389972686768 0.5033769011497498 
v -0.028050091117620468 0.7704609036445618 0.5019790530204773 
v -0.04693903028964996 0.7801507115364075 0.5037263631820679 
v -0.04262156039476395 0.7853186130523682 0.5023285150527954 
v -0.0625898689031601 0.7950084209442139 0.504075825214386 
v -0.05827239528298378 0.8001763224601746 0.5026779770851135 
v -0.07985975593328476 0.8092201948165894 0.504075825214386 
v -0.07554228603839874 0.81438809633255 0.5026779770851135 
v -0.09874869883060455 0.8240779042243958 0.504075825214386 
v -0.09497090429067612 0.8298918008804321 0.5026779770851135 
v -0.12033605575561523 0.8389356136322021 0.504075825214386 
v -0.1165582686662674 0.8447495102882385 0.5030274391174316 
v -0.14354246854782104 0.8537933230400085 0.5044252872467041 
v -0.1397646814584732 0.8596072196960449 0.5030274391174316 
v -0.1678282469511032 0.868005096912384 0.5051241517066956 
v -0.16512982547283173 0.8738189935684204 0.5037263631820679 
v -0.19427275657653809 0.8809248208999634 0.5058230757713318 
v -0.1915743499994278 0.8873847126960754 0.5047747492790222 
v -0.2217966467142105 0.8925526142120361 0.5075703859329224 
v -0.2196379154920578 0.8990125060081482 0.5061725378036499 
v -0.24878084659576416 0.9093483090400696 0.5079198479652405 
v -0.023732619360089302 0.7472053170204163 0.5068714618682861 
v -0.037224721163511276 0.7620630264282227 0.5072209239006042 
v -0.05125650390982628 0.7762748003005981 0.5075703859329224 
v -0.06636765599250793 0.7904865145683289 0.5075703859329224 
v -0.0836375430226326 0.8046982288360596 0.5079198479652405 
v -0.10252648591995239 0.8195559978485107 0.5079198479652405 
v -0.1235741600394249 0.8344137072563171 0.5079198479652405 
v -0.14624089002609253 0.8486254215240479 0.5082693099975586 
v -0.1705266684293747 0.8628371953964233 0.5086187720298767 
v -0.196431502699852 0.8757569193840027 0.509667158126831 
v -0.22395537793636322 0.8873847126960754 0.5110650062561035 
v -0.25093957781791687 0.9028884172439575 0.5093176960945129 
v -0.2525586485862732 0.8970745205879211 0.5131617784500122 
v -0.2806222140789032 0.9112862944602966 0.5110650062561035 
v -0.28170156478881836 0.9054723978042603 0.5149090886116028 
v -0.3113842010498047 0.917100191116333 0.5131617784500122 
v -0.31246355175971985 0.9112862944602966 0.5166563391685486 
v -0.34322553873062134 0.9209761023521423 0.5145596265792847 
v -0.34322553873062134 0.915162205696106 0.5184036493301392 
v -0.3750669062137604 0.921622097492218 0.5156079530715942 
v -0.3750669062137604 0.9158082008361816 0.5194520354270935 
v -0.4074479341506958 0.9203301072120667 0.5163068771362305 
v -0.4069082736968994 0.9145162105560303 0.5198014974594116 
v -0.4398289918899536 0.915162205696106 0.5163068771362305 
v -0.43874961137771606 0.9099943041801453 0.5198014974594116 
v -0.47167032957077026 0.9080563187599182 0.5159574151039124 
v -0.47005128860473633 0.9022424221038818 0.5194520354270935 
v -0.5029720067977905 0.8977205157279968 0.5152584910392761 
v -0.5008133053779602 0.8919066190719604 0.5187531113624573 
v -0.5326546430587769 0.8841547966003418 0.5142101645469666 
v -0.5299562215805054 0.8789868950843811 0.518054187297821 
v -0.5612578988075256 0.8686510920524597 0.5131617784500122 
v -0.558019757270813 0.863483190536499 0.5166563391685486 
v -0.5877023935317993 0.8499174118041992 0.5117639303207397 
v -0.5844643115997314 0.8453955054283142 0.5156079530715942 
v -0.6125278472900391 0.8298918008804321 0.5107155442237854 
v -0.6087501049041748 0.8253698945045471 0.5142101645469666 
v -0.6346548795700073 0.807928204536438 0.5093176960945129 
v -0.6303374171257019 0.8040522933006287 0.5131617784500122 
v -0.6540835499763489 0.7846726179122925 0.5082693099975586 
v -0.6492263674736023 0.7814427018165588 0.5121133923530579 
v -0.6708137392997742 0.7601251006126404 0.5075703859329224 
v -0.6659565567970276 0.756895124912262 0.5114144682884216 
v -0.684845507144928 0.7342855930328369 0.5068714618682861 
v -0.6799883842468262 0.7317016124725342 0.5107155442237854 
v -0.6967185735702515 0.7071540951728821 0.506521999835968 
v -0.6913217306137085 0.7045701146125793 0.5103660821914673 
v -0.7064328789710999 0.6787306070327759 0.506521999835968 
v -0.7010360360145569 0.6767926216125488 0.5100166201591492 
v -0.7139884829521179 0.6490151286125183 0.506521999835968 
v -0.708591639995575 0.6477231979370117 0.5100166201591492 
v -0.7199249863624573 0.6180077195167542 0.506521999835968 
v -0.7145281434059143 0.6167157292366028 0.5103660821914673 
v -0.7242424488067627 0.5857083201408386 0.5068714618682861 
v -0.7183059453964233 0.5850623250007629 0.5107155442237854 
v -0.7274805307388306 0.5527629256248474 0.5072209239006042 
v -0.7215440273284912 0.5521169304847717 0.5110650062561035 
v -0.7290996313095093 0.5178796052932739 0.5075703859329224 
v -0.7237027883529663 0.5178796052932739 0.5114144682884216 
v -0.7307186722755432 0.48235023021698 0.5079198479652405 
v -0.7247821092605591 0.4817042648792267 0.5117639303207397 
v -0.7312583327293396 0.4461749196052551 0.5086187720298767 
v -0.7253218293190002 0.4461749196052551 0.512462854385376 
v -0.7312583327293396 0.41064557433128357 0.5089682340621948 
v -0.7253218293190002 0.41064557433128357 0.5128123164176941 
v -0.7307186722755432 0.3764082193374634 0.5093176960945129 
v -0.7247821092605591 0.3764082193374634 0.5131617784500122 
v -0.730178952217102 0.34475478529930115 0.5100166201591492 
v -0.7242424488067627 0.34475478529930115 0.5138607025146484 
v -0.7290996313095093 0.31568533182144165 0.5103660821914673 
v -0.7231630682945251 0.31633132696151733 0.5142101645469666 
v -0.7280202507972717 0.2885538339614868 0.5107155442237854 
v -0.7220836877822876 0.2891998291015625 0.5142101645469666 
v -0.7269408702850342 0.26206833124160767 0.5107155442237854 
v -0.7210043668746948 0.26271432638168335 0.5142101645469666 
v -0.7253218293190002 0.23493683338165283 0.5103660821914673 
v -0.7193852663040161 0.23493683338165283 0.5138607025146484 
v -0.7237027883529663 0.20457540452480316 0.5093176960945129 
v -0.7177662253379822 0.20522138476371765 0.5131617784500122 
v -0.7220836877822876 0.17163001000881195 0.5079198479652405 
v -0.7161471843719482 0.17163001000881195 0.5117639303207397 
v -0.7204646468162537 0.1361006796360016 0.5058230757713318 
v -0.7145281434059143 0.1361006796360016 0.509667158126831 
v -0.7193852663040161 0.09992534667253494 0.5030274391174316 
v -0.7134487628936768 0.09927935898303986 0.5068714618682861 
v -0.7183059453964233 0.06439600884914398 0.4995328187942505 
v -0.7129091024398804 0.0637500211596489 0.5033769011497498 
v -0.7188456058502197 0.03145062178373337 0.4956887662410736 
v -0.7129091024398804 0.030804632231593132 0.4991833567619324 
v -0.7199249863624573 0.0023811599239706993 0.4911457896232605 
v -0.7139884829521179 0.0010891839629039168 0.49464038014411926 
v -0.7220836877822876 -0.024104347452521324 0.48555442690849304 
v -0.7166869044303894 -0.025396324694156647 0.4893984794616699 
v -0.7258614897727966 -0.048005905002355576 0.4799630641937256 
v -0.7199249863624573 -0.049943868070840836 0.48310819268226624 
v -0.730178952217102 -0.07126147300004959 0.4733233153820038 
v -0.7247821092605591 -0.07384542375802994 0.4764684736728668 
v -0.7361155152320862 -0.09451703727245331 0.46633413434028625 
v -0.7307186722755432 -0.09645500034093857 0.4694792628288269 
v -0.7431313991546631 -0.11777260899543762 0.4586459994316101 
v -0.7377345561981201 -0.12035655975341797 0.46144166588783264 
v -0.7512266635894775 -0.14167416095733643 0.449909508228302 
v -0.7458298206329346 -0.14490410685539246 0.45270517468452454 
v -0.7604013085365295 -0.16492973268032074 0.44012463092803955 
v -0.7550044655799866 -0.16880565881729126 0.4429202973842621 
v -0.7701156139373779 -0.18818530440330505 0.42894190549850464 
v -0.7652584314346313 -0.19206123054027557 0.43138810992240906 
v -0.7809092998504639 -0.210148885846138 0.41566240787506104 
v -0.7760521173477173 -0.21402482688426971 0.41810864210128784 
v -0.791702926158905 -0.23082050681114197 0.40028616786003113 
v -0.7868458032608032 -0.23534242808818817 0.4023829400539398 
v -0.8030363321304321 -0.24955415725708008 0.38316264748573303 
v -0.7981791496276855 -0.2540760636329651 0.38525938987731934 
v -0.8143696784973145 -0.2663498520851135 0.3646412491798401 
v -0.810052216053009 -0.27087175846099854 0.36603909730911255 
v -0.8257030248641968 -0.2805615961551666 0.34437257051467896 
v -0.8213855624198914 -0.2863754630088806 0.3454209566116333 
v -0.8364967107772827 -0.29348134994506836 0.3230555057525635 
v -0.8321792483329773 -0.29864925146102905 0.3237544298171997 
v -0.8467507362365723 -0.30317115783691406 0.30069008469581604 
v -0.8429729342460632 -0.30898505449295044 0.30138900876045227 
v -0.8564650416374207 -0.3109230101108551 0.2779751718044281 
v -0.8526872396469116 -0.3167369067668915 0.2783246338367462 
v -0.8656396865844727 -0.3167369067668915 0.25491082668304443 
v -0.8618618845939636 -0.32255080342292786 0.25491082668304443 
v -0.8737348914146423 -0.3206128478050232 0.23184646666049957 
v -0.8699571490287781 -0.32642674446105957 0.23149700462818146 
v -0.880750834941864 -0.32319679856300354 0.20913155376911163 
v -0.876973032951355 -0.3290106952190399 0.2087821066379547 
v -0.8866873383522034 -0.3244887590408325 0.1864166557788849 
v -0.8834492564201355 -0.3303026556968689 0.18606719374656677 
v -0.89154452085495 -0.3251347541809082 0.16405121982097626 
v -0.8883063793182373 -0.3309486508369446 0.16370175778865814 
v -0.8953222632408142 -0.3244887590408325 0.14028793573379517 
v -0.89154452085495 -0.3303026556968689 0.13993847370147705 
v -0.8969413042068481 -0.32319679856300354 0.11512681841850281 
v -0.8931635618209839 -0.3290106952190399 0.11477735638618469 
v -0.8969413042068481 -0.3212588131427765 0.08751948177814484 
v -0.8937032222747803 -0.32707270979881287 0.08717001974582672 
v -0.8947826027870178 -0.31867486238479614 0.05641753971576691 
v -0.89154452085495 -0.3244887590408325 0.05641753971576691 
v -0.8883063793182373 -0.3154449462890625 0.020772619172930717 
v -0.8850682973861694 -0.3212588131427765 0.020772619172930717 
v -0.875353991985321 -0.3102770447731018 -0.02116258069872856 
v -0.8721158504486084 -0.3160909116268158 -0.02046366035938263 
v -0.853226900100708 -0.30317115783691406 -0.07008697837591171 
v -0.8499888181686401 -0.3096310496330261 -0.06938806176185608 
v -0.8197665214538574 -0.29412734508514404 -0.12774787843227386 
v -0.8165284395217896 -0.29994121193885803 -0.1266995072364807 
v -0.556400716304779 0.8602532148361206 0.5225971937179565 
v -0.5823055505752563 0.8421655893325806 0.5211993455886841 
v -0.6060516834259033 0.8227859139442444 0.5201509594917297 
v -0.6276389956474304 0.8014683127403259 0.5187531113624573 
v -0.6465279459953308 0.7788587212562561 0.518054187297821 
v -0.6627184748649597 0.7549571990966797 0.5170058012008667 
v -0.6762105822563171 0.7297636270523071 0.5166563391685486 
v -0.6880836486816406 0.703278124332428 0.5163068771362305 
v -0.6972582340240479 0.6755006313323975 0.5159574151039124 
v -0.7048138380050659 0.6464312076568604 0.5159574151039124 
v -0.7107503414154053 0.6160697340965271 0.5159574151039124 
v -0.7145281434059143 0.5844163298606873 0.5163068771362305 
v -0.7091313004493713 0.6160697340965271 0.5229466557502747 
v -0.7134487628936768 0.5844163298606873 0.5232961177825928 
v -0.7145281434059143 0.5844163298606873 0.5299358367919922 
v -0.7172265648841858 0.551470935344696 0.5306347608566284 
v -0.7183059453964233 0.5850623250007629 0.5358766317367554 
v -0.7210043668746948 0.5521169304847717 0.5362260937690735 
v -0.7269408702850342 0.5527629256248474 0.5404196381568909 
v -0.7231630682945251 0.5178796052932739 0.5369250178337097 
v -0.7290996313095093 0.5185256004333496 0.540769100189209 
v -0.7242424488067627 0.48235023021698 0.5372744798660278 
v -0.730178952217102 0.48235023021698 0.5411185622215271 
v -0.7247821092605591 0.4461749196052551 0.537623941898346 
v -0.7307186722755432 0.4461749196052551 0.5414680242538452 
v -0.7253218293190002 0.41064557433128357 0.5379734039306641 
v -0.7307186722755432 0.41064557433128357 0.5421669483184814 
v -0.7247821092605591 0.37705421447753906 0.5386723279953003 
v -0.7307186722755432 0.37705421447753906 0.5425164103507996 
v -0.7242424488067627 0.34475478529930115 0.5390217900276184 
v -0.7296392917633057 0.34475478529930115 0.5428658723831177 
v -0.7231630682945251 0.31633132696151733 0.5393712520599365 
v -0.7285599112510681 0.31568533182144165 0.5435647964477539 
v -0.7220836877822876 0.2891998291015625 0.5397207140922546 
v -0.7274805307388306 0.2885538339614868 0.5435647964477539 
v -0.7204646468162537 0.26206833124160767 0.5397207140922546 
v -0.7264012098312378 0.26206833124160767 0.5435647964477539 
v -0.7247821092605591 0.23429085314273834 0.5432153344154358 
v -0.7334170937538147 0.261422336101532 0.5453121066093445 
v -0.7317980527877808 0.23364485800266266 0.5446131825447083 
v -0.7388139367103577 0.23364485800266266 0.5435647964477539 
v -0.7366551756858826 0.203283429145813 0.5425164103507996 
v -0.7442107796669006 0.23299887776374817 0.5397207140922546 
v -0.7425916790962219 0.203283429145813 0.5386723279953003 
v -0.7469092011451721 0.203283429145813 0.5330809950828552 
v -0.740972638130188 0.1690460592508316 0.5372744798660278 
v -0.7452901005744934 0.1696920543909073 0.5316831469535828 
v -0.739353597164154 0.13351672887802124 0.5351777672767639 
v -0.7436710596084595 0.13416270911693573 0.5295863747596741 
v -0.7382742166519165 0.09669540822505951 0.532382071018219 
v -0.7420520186424255 0.0973413959145546 0.5267906785011292 
v -0.7415123581886292 0.06181205436587334 0.5232961177825928 
v -0.7436710596084595 0.09798738360404968 0.5201509594917297 
v -0.7431313991546631 0.06310403347015381 0.5166563391685486 
v -0.7415123581886292 0.0637500211596489 0.5100166201591492 
v -0.7420520186424255 0.03145062178373337 0.5058230757713318 
v -0.7377345561981201 0.06439600884914398 0.504075825214386 
v -0.7382742166519165 0.032096609473228455 0.5002317428588867 
v -0.7323377132415771 0.06504199653863907 0.4998822808265686 
v -0.7323377132415771 0.032096609473228455 0.4960382282733917 
v -0.7253218293190002 0.032096609473228455 0.49464038014411926 
v -0.7269408702850342 0.0030271480791270733 0.48974794149398804 
v -0.7334170937538147 0.13287073373794556 0.5390217900276184 
v -0.7350361347198486 0.1690460592508316 0.5411185622215271 
v -0.7285599112510681 0.1690460592508316 0.5421669483184814 
v -0.730178952217102 0.203283429145813 0.543914258480072 
v -0.7231630682945251 0.203283429145813 0.5425164103507996 
v -0.7188456058502197 0.23429085314273834 0.5393712520599365 
v -0.7150678038597107 0.23429085314273834 0.5334304571151733 
v -0.7166869044303894 0.26271432638168335 0.5337799191474915 
v -0.7156075239181519 0.26271432638168335 0.5271401405334473 
v -0.7166869044303894 0.2891998291015625 0.5271401405334473 
v -0.7183059453964233 0.2891998291015625 0.5201509594917297 
v -0.7193852663040161 0.31633132696151733 0.5198014974594116 
v -0.7183059453964233 0.2891998291015625 0.5337799191474915 
v -0.7177662253379822 0.31633132696151733 0.5267906785011292 
v -0.7188456058502197 0.34475478529930115 0.526441216468811 
v -0.7204646468162537 0.34475478529930115 0.5194520354270935 
v -0.7210043668746948 0.3764082193374634 0.5191025733947754 
v -0.7193852663040161 0.31633132696151733 0.5334304571151733 
v -0.7204646468162537 0.34475478529930115 0.5330809950828552 
v -0.7210043668746948 0.37705421447753906 0.5327315330505371 
v -0.7193852663040161 0.3764082193374634 0.5257422924041748 
v -0.7199249863624573 0.41064557433128357 0.5253928303718567 
v -0.7215440273284912 0.41064557433128357 0.5184036493301392 
v -0.7199249863624573 0.4461749196052551 0.5250434279441833 
v -0.7215440273284912 0.4461749196052551 0.518054187297821 
v -0.7210043668746948 0.4817042648792267 0.5177047252655029 
v -0.7210043668746948 0.41064557433128357 0.532382071018219 
v -0.7210043668746948 0.4461749196052551 0.5316831469535828 
v -0.7204646468162537 0.4817042648792267 0.5313336849212646 
v -0.7193852663040161 0.4817042648792267 0.5243445038795471 
v -0.7183059453964233 0.5172336101531982 0.523995041847229 
v -0.7193852663040161 0.5172336101531982 0.5173552632331848 
v -0.7161471843719482 0.551470935344696 0.5236455798149109 
v -0.7177662253379822 0.551470935344696 0.5166563391685486 
v -0.7193852663040161 0.5172336101531982 0.5309842228889465 
v -0.0016055760206654668 0.7407454252243042 0.5012801289558411 
v 0.011346840299665928 0.7245957255363464 0.500930666923523 
v 0.005950000137090683 0.7200738191604614 0.5023285150527954 
v 0.014045259915292263 0.70069420337677 0.5058230757713318 
v 0.011346840299665928 0.6981102228164673 0.5114144682884216 
v 0.023219887167215347 0.6819605231285095 0.5110650062561035 
v 0.02268020436167717 0.6806685328483582 0.518054187297821 
v 0.03509293496608734 0.6664568185806274 0.5107155442237854 
v 0.034013569355010986 0.6651648283004761 0.5173552632331848 
v 0.04480724781751633 0.649661123752594 0.5166563391685486 
v 0.03563262149691582 0.6658108234405518 0.5243445038795471 
v 0.04642629995942116 0.6503071188926697 0.5236455798149109 
v 0.04966440424323082 0.6522451043128967 0.5295863747596741 
v 0.05991839990019798 0.6373873353004456 0.5285379886627197 
v 0.06477555632591248 0.640617311000824 0.532382071018219 
v 0.076108917593956 0.6231756210327148 0.5313336849212646 
v 0.07071208208799362 0.6444932222366333 0.5337799191474915 
v 0.08204544335603714 0.6270515322685242 0.5327315330505371 
v 0.076108917593956 0.6483691334724426 0.532382071018219 
v 0.08744228631258011 0.6309275031089783 0.5313336849212646 
v 0.0922994390130043 0.6341574192047119 0.5274896025657654 
v 0.10687090456485748 0.6115478277206421 0.526441216468811 
v 0.11010900884866714 0.6134858131408691 0.5205004215240479 
v 0.05668029561638832 0.6354494094848633 0.5225971937179565 
v 0.0712517648935318 0.6199457049369812 0.5274896025657654 
v 0.090140700340271 0.600566029548645 0.5299358367919922 
v 0.09607722610235214 0.6044420003890991 0.5313336849212646 
v 0.10201375186443329 0.6076719164848328 0.5302852988243103 
v 0.0852835476398468 0.5979821085929871 0.5260917544364929 
v 0.06747397780418396 0.6186537146568298 0.5215488076210022 
v 0.06639460474252701 0.6180077195167542 0.5149090886116028 
v 0.05506124347448349 0.6348034143447876 0.5159574151039124 
v 0.06747397780418396 0.6192997097969055 0.5079198479652405 
v 0.05614061281085014 0.636095404624939 0.5089682340621948 
v 0.059378717094659805 0.6386793255805969 0.5033769011497498 
v 0.04912472143769264 0.6535370349884033 0.504075825214386 
v 0.05344219133257866 0.6567670106887817 0.5002317428588867 
v 0.04264851287007332 0.6722707152366638 0.500930666923523 
v 0.059378717094659805 0.6606429219245911 0.49883389472961426 
v 0.04804535210132599 0.6761466264724731 0.4995328187942505 
v 0.0642358735203743 0.6419093012809753 0.4995328187942505 
v 0.07071208208799362 0.6212376356124878 0.5023285150527954 
v 0.08150576055049896 0.5966901183128357 0.506521999835968 
v 0.08042639493942261 0.5953981280326843 0.5135112404823303 
v 0.08204544335603714 0.59604412317276 0.5205004215240479 
v 0.08474386483430862 0.5986281037330627 0.500930666923523 
v 0.07502955198287964 0.6244676113128662 0.49848443269729614 
v 0.08096607774496078 0.6283435225486755 0.49708661437034607 
v 0.06963270902633667 0.6457852125167847 0.498134970664978 
v 0.09553754329681396 0.6057339310646057 0.4956887662410736 
v 0.08960101753473282 0.6018580198287964 0.49708661437034607 
v -0.703194797039032 0.6457852125167847 0.5229466557502747 
v -0.6961789131164551 0.6748546957969666 0.5229466557502747 
v -0.6864645481109619 0.7026321291923523 0.5229466557502747 
v -0.6972582340240479 0.6755006313323975 0.5295863747596741 
v -0.6880836486816406 0.703278124332428 0.5299358367919922 
v -0.6913217306137085 0.7045701146125793 0.5358766317367554 
v -0.6799883842468262 0.7310556173324585 0.5362260937690735 
v -0.684845507144928 0.7336395978927612 0.5400701761245728 
v -0.6708137392997742 0.7594791054725647 0.540769100189209 
v -0.6907820701599121 0.7368695139884949 0.5414680242538452 
v -0.6762105822563171 0.7627090215682983 0.5421669483184814 
v -0.6967185735702515 0.7394534945487976 0.5404196381568909 
v -0.6821470856666565 0.7665849924087524 0.540769100189209 
v -0.6864645481109619 0.7691689133644104 0.5372744798660278 
v -0.6691946983337402 0.7950084209442139 0.5379734039306641 
v -0.6897026896476746 0.7717528939247131 0.5313336849212646 
v -0.6718931198120117 0.7975924015045166 0.532382071018219 
v -0.6729725003242493 0.798884391784668 0.5253928303718567 
v -0.6513851284980774 0.8221399188041687 0.5334304571151733 
v -0.6524645090103149 0.8234319090843201 0.526441216468811 
v -0.6276389956474304 0.8453955054283142 0.5344788432121277 
v -0.628718376159668 0.8466874957084656 0.5274896025657654 
v -0.6022738814353943 0.8686510920524597 0.5288874506950378 
v -0.6276389956474304 0.8460415005683899 0.520849883556366 
v -0.6017341613769531 0.8673591017723083 0.5222477316856384 
v -0.5995754599571228 0.8647751212120056 0.5163068771362305 
v -0.570972204208374 0.8841547966003418 0.5173552632331848 
v -0.5682737827301025 0.8796328902244568 0.5135112404823303 
v -0.5385911464691162 0.8957825899124146 0.5145596265792847 
v -0.5644959807395935 0.8738189935684204 0.5117639303207397 
v -0.5358927249908447 0.8899686932563782 0.5131617784500122 
v -0.6659565567970276 0.7562491297721863 0.5365755558013916 
v -0.6540835499763489 0.7840266227722168 0.5414680242538452 
v -0.6492263674736023 0.7807967066764832 0.537623941898346 
v -0.6346548795700073 0.8066362142562866 0.5425164103507996 
v -0.6303374171257019 0.803406298160553 0.5383228659629822 
v -0.6125278472900391 0.8285998106002808 0.5435647964477539 
v -0.6087501049041748 0.8247238993644714 0.5397207140922546 
v -0.5882421135902405 0.8486254215240479 0.5449626445770264 
v -0.5844643115997314 0.8447495102882385 0.540769100189209 
v -0.5612578988075256 0.8673591017723083 0.5460109710693359 
v -0.5585594773292542 0.8621912002563477 0.5421669483184814 
v -0.5304958820343018 0.8783408999443054 0.5432153344154358 
v -0.556400716304779 0.8596072196960449 0.5362260937690735 
v -0.5288768410682678 0.875110924243927 0.5372744798660278 
v -0.5277974605560303 0.8738189935684204 0.5302852988243103 
v -0.4991942346096039 0.8867387175559998 0.5313336849212646 
v -0.5283371806144714 0.8757569193840027 0.5236455798149109 
v -0.4991942346096039 0.8886767029762268 0.5246939659118652 
v -0.4689719080924988 0.8983665108680725 0.5253928303718567 
v -0.4382099211215973 0.9061183929443359 0.5257422924041748 
v -0.40636858344078064 0.910640299320221 0.5253928303718567 
v -0.3750669062137604 0.9119322896003723 0.5250434279441833 
v -0.34322553873062134 0.9112862944602966 0.523995041847229 
v -0.31246355175971985 0.9074103236198425 0.5225971937179565 
v -0.28224125504493713 0.9015964269638062 0.520849883556366 
v -0.2530983090400696 0.8931986093521118 0.5187531113624573 
v -0.22503475844860077 0.8835088014602661 0.5170058012008667 
v -0.40636858344078064 0.9087023138999939 0.532382071018219 
v -0.4376702606678009 0.9041804075241089 0.532382071018219 
v -0.4689719080924988 0.8970745205879211 0.5320326089859009 
v -0.4689719080924988 0.8977205157279968 0.5390217900276184 
v -0.4991942346096039 0.8880307078361511 0.5383228659629822 
v -0.47005128860473633 0.9015964269638062 0.5449626445770264 
v -0.5008133053779602 0.8912606239318848 0.5442637205123901 
v -0.47167032957077026 0.9067643880844116 0.5488066673278809 
v -0.5029720067977905 0.8964285254478455 0.5481077432632446 
v -0.5051307678222656 0.9022424221038818 0.5498550534248352 
v -0.5326546430587769 0.8828628063201904 0.5474088191986084 
v -0.5358927249908447 0.8886767029762268 0.5488066673278809 
v -0.5650357007980347 0.872527003288269 0.5477582812309265 
v -0.5920198559761047 0.8537933230400085 0.546360433101654 
v -0.6173850297927856 0.8337677121162415 0.5453121066093445 
v -0.6395120620727539 0.8111581206321716 0.543914258480072 
v -0.6443692445755005 0.8156800270080566 0.5428658723831177 
v -0.6643375158309937 0.7917785048484802 0.5418174862861633 
v -0.6486867070198059 0.8195559978485107 0.5390217900276184 
v 0.14033131301403046 0.5320913195610046 0.4803125262260437 
v 0.13061700761318207 0.5256314277648926 0.4827587306499481 
v 0.11442648619413376 0.5747265219688416 0.48240926861763 
v 0.10471217334270477 0.5689126253128052 0.4845060408115387 
v 0.09499786049127579 0.6063799262046814 0.4841565787792206 
v 0.0852835476398468 0.600566029548645 0.4862533509731293 
v 0.0712517648935318 0.6225296258926392 0.48765116930007935 
v 0.07772797346115112 0.5947521328926086 0.49254360795021057 
v 0.06315650045871735 0.6173617243766785 0.49394145607948303 
v 0.07233113050460815 0.5908762216567993 0.5023285150527954 
v 0.05829934775829315 0.6134858131408691 0.5037263631820679 
v 0.05668029561638832 0.6115478277206421 0.5149090886116028 
v 0.045346930623054504 0.6283435225486755 0.5159574151039124 
v 0.04750566929578781 0.6296355128288269 0.5271401405334473 
v 0.03563262149691582 0.6432012319564819 0.5166563391685486 
v 0.037791356444358826 0.6438472270965576 0.5278390645980835 
v 0.026997676119208336 0.6593509316444397 0.5285379886627197 
v 0.043188195675611496 0.6477231979370117 0.537623941898346 
v 0.03185483068227768 0.6625809073448181 0.5383228659629822 
v 0.05074377357959747 0.6528910994529724 0.543914258480072 
v 0.039950091391801834 0.6677488088607788 0.5446131825447083 
v 0.04912472143769264 0.6742087006568909 0.5470593571662903 
v 0.03725167363882065 0.6903584003448486 0.5474088191986084 
v 0.04642629995942116 0.6974642276763916 0.5453121066093445 
v 0.03347388282418251 0.714259922504425 0.5456615686416626 
v 0.05398187413811684 0.703278124332428 0.5390217900276184 
v 0.04102946072816849 0.7200738191604614 0.5393712520599365 
v 0.05883903056383133 0.707800030708313 0.5295863747596741 
v 0.04588661715388298 0.7245957255363464 0.5299358367919922 
v 0.04750566929578781 0.7258877158164978 0.5187531113624573 
v 0.03293420001864433 0.7413914203643799 0.5302852988243103 
v 0.034553252160549164 0.7426834106445312 0.5191025733947754 
v 0.019442100077867508 0.7575411200523376 0.5306347608566284 
v 0.02106115221977234 0.7594791054725647 0.5194520354270935 
v 0.005410315934568644 0.7736908197402954 0.5309842228889465 
v 0.0070293680764734745 0.7749828100204468 0.5198014974594116 
v -0.00862146820873022 0.7891945242881775 0.5313336849212646 
v -0.00700241606682539 0.7911325097084045 0.5201509594917297 
v -0.02211356721818447 0.8059902191162109 0.5205004215240479 
v -0.00862146820873022 0.7891945242881775 0.5089682340621948 
v -0.023732619360089302 0.8046982288360596 0.5093176960945129 
v -0.012938939966261387 0.7853186130523682 0.4991833567619324 
v -0.028050091117620468 0.8001763224601746 0.4995328187942505 
v -0.019954832270741463 0.7788587212562561 0.4928930699825287 
v -0.03452629968523979 0.7937164306640625 0.4932425320148468 
v -0.04262156039476395 0.7853186130523682 0.4907963275909424 
v -0.05827239528298378 0.8001763224601746 0.4911457896232605 
v 0.05344219133257866 0.6322194337844849 0.5365755558013916 
v 0.061537452042102814 0.6373873353004456 0.5432153344154358 
v 0.06045808270573616 0.6587049961090088 0.546360433101654 
v 0.05829934775829315 0.6813145279884338 0.5446131825447083 
v 0.06585492193698883 0.6871284246444702 0.5383228659629822 
v 0.07071208208799362 0.6910043954849243 0.5288874506950378 
v 0.06045808270573616 0.7090920209884644 0.518054187297821 
v 0.05829934775829315 0.7084460258483887 0.5068714618682861 
v 0.04588661715388298 0.7252417206764221 0.5072209239006042 
v 0.05290250852704048 0.7045701146125793 0.4974360466003418 
v 0.04048977419734001 0.7213658094406128 0.4977855086326599 
v 0.045346930623054504 0.6994022130966187 0.4907963275909424 
v 0.03293420001864433 0.7155519127845764 0.4914952516555786 
v 0.023759571835398674 0.7090920209884644 0.4890490174293518 
v 0.011346840299665928 0.7252417206764221 0.4893984794616699 
v 0.07233113050460815 0.6929423213005066 0.5177047252655029 
v 0.08366449922323227 0.6767926216125488 0.5170058012008667 
v 0.08204544335603714 0.6755006313323975 0.5281885266304016 
v 0.09283912181854248 0.6599969267845154 0.5274896025657654 
v 0.07718829065561295 0.6709787249565125 0.537623941898346 
v 0.08798196911811829 0.6554750204086304 0.5369250178337097 
v 0.06963270902633667 0.6658108234405518 0.5442637205123901 
v 0.07988670468330383 0.6503071188926697 0.5432153344154358 
v 0.07071208208799362 0.6438472270965576 0.5453121066093445 
v 0.07287081331014633 0.6205917000770569 0.5421669483184814 
v 0.0642358735203743 0.6154237985610962 0.535527229309082 
v 0.05883903056383133 0.6121938228607178 0.5260917544364929 
v 0.07071208208799362 0.589584231376648 0.5135112404823303 
v 0.09122007340192795 0.5598688125610352 0.5005812048912048 
v 0.09661690890789032 0.5637447237968445 0.4911457896232605 
v 0.12252174317836761 0.5204635262489319 0.4890490174293518 
v -0.6751312017440796 0.7291176319122314 0.5232961177825928 
v -0.6762105822563171 0.7297636270523071 0.5302852988243103 
v -0.6616390943527222 0.754311203956604 0.523995041847229 
v -0.6627184748649597 0.754311203956604 0.5309842228889465 
v -0.6454485654830933 0.7775667309761047 0.5246939659118652 
v -0.6465279459953308 0.7782127261161804 0.5316831469535828 
v -0.6276389956474304 0.8008223176002502 0.5327315330505371 
v -0.6265596747398376 0.8001763224601746 0.5257422924041748 
v -0.6060516834259033 0.8221399188041687 0.5337799191474915 
v -0.6055119633674622 0.821493923664093 0.5267906785011292 
v -0.5823055505752563 0.8415195941925049 0.5348283052444458 
v -0.5812261700630188 0.8408735990524292 0.5281885266304016 
v -0.5558610558509827 0.8589612245559692 0.529236912727356 
v -0.6594803929328918 0.7879025936126709 0.5428658723831177 
v 0.04588661715388298 0.6509531140327454 0.5100166201591492 
v 0.038331039249897 0.6683948040008545 0.5047747492790222 
v 0.0313151478767395 0.6877744197845459 0.5016295909881592 
v 0.03671198710799217 0.6922963261604309 0.5002317428588867 
v 0.02645799145102501 0.6845445036888123 0.5051241517066956 
v 0.01890241540968418 0.7039241194725037 0.5019790530204773 
v 0.024299256503582 0.7084460258483887 0.5005812048912048 
v 0.15544246137142181 0.5391972064971924 0.5166563391685486 
v 0.15652184188365936 0.5398432016372681 0.5100166201591492 
v 0.16461709141731262 0.5443651080131531 0.5211993455886841 
v 0.16623614728450775 0.5463030338287354 0.5100166201591492 
v 0.16407741606235504 0.5450111031532288 0.49848443269729614 
v 0.16623614728450775 0.5463030338287354 0.5100166201591492 
v 0.15490278601646423 0.5398432016372681 0.5030274391174316 
v 0.15652184188365936 0.5398432016372681 0.5100166201591492 
v 0.15490278601646423 0.5398432016372681 0.5030274391174316 
v 0.15166467428207397 0.537905216217041 0.49708661437034607 
v 0.16407741606235504 0.5450111031532288 0.49848443269729614 
v 0.15868057310581207 0.542427122592926 0.4890490174293518 
v 0.1462678462266922 0.5346753001213074 0.4932425320148468 
v 0.15004563331604004 0.5372592210769653 0.4827587306499481 
v 0.1462678462266922 0.5346753001213074 0.4932425320148468 
v 0.14087100327014923 0.531445324420929 0.49184471368789673 
v 0.15004563331604004 0.5372592210769653 0.4827587306499481 
v 0.14033131301403046 0.5320913195610046 0.4803125262260437 
v 0.13061700761318207 0.5256314277648926 0.4827587306499481 
v 0.14033131301403046 0.5320913195610046 0.4803125262260437 
v 0.1349344700574875 0.5275694131851196 0.4932425320148468 
v 0.14087100327014923 0.531445324420929 0.49184471368789673 
v 0.1300773173570633 0.5243394374847412 0.49708661437034607 
v 0.12683922052383423 0.5224015116691589 0.5030274391174316 
v 0.12252174317836761 0.5204635262489319 0.4890490174293518 
v 0.11766459047794342 0.5172336101531982 0.49848443269729614 
v 0.12575985491275787 0.5217555165290833 0.509667158126831 
v 0.11550585180521011 0.5152956247329712 0.509667158126831 
v 0.12575985491275787 0.5217555165290833 0.509667158126831 
v 0.12683922052383423 0.5217555165290833 0.5166563391685486 
v 0.11550585180521011 0.5152956247329712 0.509667158126831 
v 0.11766459047794342 0.5165876150131226 0.5211993455886841 
v 0.13061700761318207 0.5236935019493103 0.5225971937179565 
v 0.12360110878944397 0.5191715359687805 0.5306347608566284 
v 0.13547416031360626 0.526923418045044 0.526441216468811 
v 0.13169637322425842 0.5243394374847412 0.5369250178337097 
v 0.1414106786251068 0.5301533341407776 0.5278390645980835 
v 0.1414106786251068 0.5295073390007019 0.5393712520599365 
v 0.14734721183776855 0.5340293049812317 0.526441216468811 
v 0.1511249989271164 0.535967230796814 0.5372744798660278 
v 0.15220436453819275 0.5366132259368896 0.5225971937179565 
v 0.15922026336193085 0.5411351323127747 0.5306347608566284 
v 0.12252174317836761 0.5204635262489319 0.4890490174293518 
v 0.13061700761318207 0.5256314277648926 0.4827587306499481 
v 0.1300773173570633 0.5243394374847412 0.49708661437034607 
v 0.1349344700574875 0.5275694131851196 0.4932425320148468 
v -0.8316395878791809 -0.32255080342292786 -0.13997897505760193 
v -0.8257030248641968 -0.3219048082828522 -0.13613492250442505 
v -0.8316395878791809 -0.3341785967350006 -0.14207574725151062 
v -0.8219252824783325 -0.33288660645484924 -0.13578546047210693 
v -0.8203061819076538 -0.31867486238479614 -0.13229085505008698 
v -0.8138300180435181 -0.32771870493888855 -0.12949517369270325 
v -0.8170680999755859 -0.31350696086883545 -0.12914572656154633 
v -0.8084331750869751 -0.3193208575248718 -0.12460274249315262 
v -0.8159887194633484 -0.3070470988750458 -0.12739841639995575 
v -0.8062744140625 -0.30833905935287476 -0.12110813707113266 
v -0.8159887194633484 -0.3070470988750458 -0.12739841639995575 
v -0.8165284395217896 -0.29994121193885803 -0.1266995072364807 
v -0.8062744140625 -0.30833905935287476 -0.12110813707113266 
v -0.8078934550285339 -0.2973572611808777 -0.12040922045707703 
v -0.8197665214538574 -0.29412734508514404 -0.12774787843227386 
v -0.8127506375312805 -0.2870214581489563 -0.12180706113576889 
v -0.824623703956604 -0.28960540890693665 -0.12984463572502136 
v -0.820845901966095 -0.27926960587501526 -0.12565112113952637 
v -0.8305602073669434 -0.287667453289032 -0.13333924114704132 
v -0.8300204873085022 -0.27603965997695923 -0.13124248385429382 
v -0.8364967107772827 -0.287667453289032 -0.1371832937002182 
v -0.8397348523139954 -0.2766856551170349 -0.13753275573253632 
v -0.8413538932800293 -0.290897399187088 -0.14102736115455627 
v -0.8478301167488098 -0.2818535566329956 -0.1434735804796219 
v -0.8445919752120972 -0.2960653007030487 -0.14382304251194 
v -0.8537666201591492 -0.290897399187088 -0.14871548116207123 
v 0.11766459047794342 0.5172336101531982 0.49848443269729614 
v 0.11550585180521011 0.5152956247329712 0.509667158126831 
v 0.08960101753473282 0.5585768222808838 0.5117639303207397 
v 0.09175975620746613 0.5592228174209595 0.5229466557502747 
v 0.07287081331014633 0.5902302265167236 0.5246939659118652 
v 0.07880733907222748 0.5928142070770264 0.5344788432121277 
v 0.09769628196954727 0.5618067383766174 0.5327315330505371 
v 0.10579153895378113 0.5669746994972229 0.5390217900276184 
v 0.08690260350704193 0.5979821085929871 0.540769100189209 
v 0.09661690890789032 0.6037960052490234 0.5432153344154358 
v 0.08204544335603714 0.6264055967330933 0.5442637205123901 
v 0.09175975620746613 0.6328654289245605 0.5421669483184814 
v 0.0993153303861618 0.6380333304405212 0.5358766317367554 
v 0.10471217334270477 0.6419093012809753 0.526441216468811 
v 0.09445817768573761 0.6612889170646667 0.5159574151039124 
v 0.0922994390130043 0.6606429219245911 0.5047747492790222 
v 0.08150576055049896 0.6761466264724731 0.5058230757713318 
v 0.08690260350704193 0.6574130058288574 0.4953393042087555 
v 0.076108917593956 0.6729167103767395 0.4960382282733917 
v 0.07880733907222748 0.6522451043128967 0.4886995553970337 
v 0.06855334341526031 0.6677488088607788 0.48974794149398804 
v 0.05883903056383133 0.6612889170646667 0.48730170726776123 
v 0.04804535210132599 0.6767926216125488 0.48800063133239746 
v -0.8445919752120972 -0.2960653007030487 -0.14382304251194 
v -0.8462110161781311 -0.30317115783691406 -0.1459197998046875 
v -0.8537666201591492 -0.290897399187088 -0.14871548116207123 
v -0.8559253215789795 -0.3012332022190094 -0.15186062455177307 
v -0.8543062806129456 -0.31286099553108215 -0.15290899574756622 
v -0.8559253215789795 -0.3012332022190094 -0.15186062455177307 
v -0.8451316952705383 -0.3096310496330261 -0.14661872386932373 
v -0.8462110161781311 -0.30317115783691406 -0.1459197998046875 
v 0.11766459047794342 0.5165876150131226 0.5211993455886841 
v 0.12360110878944397 0.5191715359687805 0.5306347608566284 
v 0.13169637322425842 0.5243394374847412 0.5369250178337097 
v 0.1414106786251068 0.5295073390007019 0.5393712520599365 
v 0.11550585180521011 0.5727885365486145 0.5414680242538452 
v 0.1252201646566391 0.5786024332046509 0.5390217900276184 
v 0.10579153895378113 0.6096099019050598 0.540769100189209 
v 0.11388680338859558 0.6154237985610962 0.5344788432121277 
v 0.13331542909145355 0.5837703347206116 0.5327315330505371 
v 0.13817258179187775 0.5876463055610657 0.5232961177825928 
v 0.11928363889455795 0.6192997097969055 0.5250434279441833 
v 0.12090269476175308 0.6205917000770569 0.5135112404823303 
v 0.1063312217593193 0.6438472270965576 0.5149090886116028 
v 0.1041724905371666 0.6432012319564819 0.5037263631820679 
v 0.09823596477508545 0.6399713158607483 0.49429091811180115 
v 0.090140700340271 0.6354494094848633 0.48765116930007935 
v 0.06963270902633667 0.6464312076568604 0.4866028130054474 
v 0.15922026336193085 0.5411351323127747 0.5306347608566284 
v 0.15544246137142181 0.5391972064971924 0.5166563391685486 
v 0.15220436453819275 0.5366132259368896 0.5225971937179565 
v -0.8451316952705383 -0.3096310496330261 -0.14661872386932373 
v -0.8418935537338257 -0.3160909116268158 -0.14557033777236938 
v -0.8543062806129456 -0.31286099553108215 -0.15290899574756622 
v -0.8489094376564026 -0.32319679856300354 -0.15116170048713684 
v -0.8370364308357239 -0.3206128478050232 -0.14312411844730377 
v -0.8413538932800293 -0.3303026556968689 -0.14766709506511688 
v -0.8316395878791809 -0.32255080342292786 -0.13997897505760193 
v 0.02807704359292984 0.7368695139884949 0.5397207140922546 
v 0.020521467551589012 0.7304096221923828 0.5460109710693359 
v 0.007569051813334227 0.7472053170204163 0.546360433101654 
v 0.01188652403652668 0.7233037948608398 0.5484572052955627 
v -0.001065892050974071 0.7394534945487976 0.5488066673278809 
v 0.0032515800558030605 0.7161979079246521 0.5460109710693359 
v -0.009700835682451725 0.7323476076126099 0.546360433101654 
v -0.017256412655115128 0.7258877158164978 0.5400701761245728 
v -0.0296691432595253 0.7413914203643799 0.5404196381568909 
v -0.03452629968523979 0.7368695139884949 0.5306347608566284 
v -0.04747871682047844 0.7510812282562256 0.5309842228889465 
v -0.04909776896238327 0.749789297580719 0.5198014974594116 
v -0.0625898689031601 0.7640010118484497 0.5201509594917297 
v -0.04747871682047844 0.7517272233963013 0.5082693099975586 
v -0.060970816761255264 0.7659389972686768 0.5086187720298767 
v -0.05665334314107895 0.7704609036445618 0.4991833567619324 
v -0.0717644989490509 0.7846726179122925 0.4995328187942505 
v -0.06582797318696976 0.7917785048484802 0.4932425320148468 
v -0.08255817741155624 0.8059902191162109 0.4932425320148468 
v -0.05827239528298378 0.8001763224601746 0.4911457896232605 
v -0.07554228603839874 0.8150340914726257 0.4911457896232605 
v 0.024838939309120178 0.7071540951728821 0.5481077432632446 
v 0.02807704359292984 0.6838985085487366 0.5453121066093445 
v 0.020521467551589012 0.6787306070327759 0.5386723279953003 
v 0.015124628320336342 0.6748546957969666 0.529236912727356 
v 0.024838939309120178 0.6580590009689331 0.5173552632331848 
v 0.02645799145102501 0.6599969267845154 0.5061725378036499 
v 0.03725167363882065 0.645139217376709 0.5054736137390137 
v 0.0313151478767395 0.6638728976249695 0.49638769030570984 
v 0.04210882633924484 0.6490151286125183 0.4960382282733917 
v 0.03887072578072548 0.6696867346763611 0.49009740352630615 
v 0.04966440424323082 0.6548290252685547 0.48974794149398804 
v 0.05883903056383133 0.6612889170646667 0.48730170726776123 
v 0.05991839990019798 0.6399713158607483 0.4886995553970337 
v 0.06963270902633667 0.6464312076568604 0.4866028130054474 
v 0.08042639493942261 0.6289895176887512 0.48555442690849304 
v 0.01566431112587452 0.7000482082366943 0.5456615686416626 
v 0.008108736015856266 0.694234311580658 0.5390217900276184 
v 0.0032515800558030605 0.6910043954849243 0.5295863747596741 
v 0.0010928439442068338 0.689712405204773 0.5184036493301392 
v 0.013505576178431511 0.6742087006568909 0.5177047252655029 
v 0.015124628320336342 0.6755006313323975 0.506521999835968 
v 0.019981784746050835 0.6800225973129272 0.49708661437034607 
v 0.027537360787391663 0.6858364343643188 0.4907963275909424 
v 0.04804535210132599 0.6767926216125488 0.48800063133239746 
v -0.004303995985537767 0.7103840112686157 0.5397207140922546 
v -0.009161151945590973 0.7065081000328064 0.5299358367919922 
v -0.02211356721818447 0.7220118045806885 0.5302852988243103 
v -0.011319887824356556 0.7058621048927307 0.5187531113624573 
v -0.009700835682451725 0.7071540951728821 0.5072209239006042 
v 0.0027118960861116648 0.6916503310203552 0.5068714618682861 
v 0.007569051813334227 0.6955263018608093 0.4974360466003418 
v -0.023732619360089302 0.7207198143005371 0.5191025733947754 
v -0.03614535182714462 0.7355775237083435 0.5194520354270935 
v -0.03452629968523979 0.7375155091285706 0.5079198479652405 
v -0.043161243200302124 0.7562491297721863 0.49883389472961426 
v -0.050177134573459625 0.7775667309761047 0.4928930699825287 
v -0.04262156039476395 0.7853186130523682 0.4907963275909424 
v -0.028050091117620468 0.7711068987846375 0.49044686555862427 
v -0.03614535182714462 0.763355016708374 0.49254360795021057 
v -0.030208827927708626 0.7420374155044556 0.49848443269729614 
v -0.02211356721818447 0.7226577997207642 0.5075703859329224 
v -0.014557992108166218 0.7562491297721863 0.49009740352630615 
v -0.023192936554551125 0.7484973073005676 0.49219414591789246 
v -0.017256412655115128 0.7271797060966492 0.498134970664978 
v -0.004843680188059807 0.7116760015487671 0.4977855086326599 
v -0.010240520350635052 0.7336395978927612 0.49184471368789673 
v 0.0027118960861116648 0.7174898982048035 0.4914952516555786 
v 0.015124628320336342 0.7019861936569214 0.4911457896232605 
v 0.011346840299665928 0.7252417206764221 0.4893984794616699 
v 0.023759571835398674 0.7090920209884644 0.4890490174293518 
v 0.036172304302453995 0.6922963261604309 0.4886995553970337 
v -0.0016055760206654668 0.7407454252243042 0.48974794149398804 
v 0.036172304302453995 0.6922963261604309 0.4886995553970337 
v 0.0572199784219265 0.6832525134086609 0.49044686555862427 
v 0.06531523913145065 0.6884204149246216 0.49673715233802795 
v 0.07071208208799362 0.6916503310203552 0.506521999835968 
v 0.08042639493942261 0.6289895176887512 0.48555442690849304 
v 0.10471217334270477 0.6121938228607178 0.4862533509731293 
v 0.09499786049127579 0.6063799262046814 0.4841565787792206 
v 0.12414079904556274 0.5805404186248779 0.4848555028438568 
v 0.11442648619413376 0.5747265219688416 0.48240926861763 
v 0.14033131301403046 0.5320913195610046 0.4803125262260437 
v 0.15004563331604004 0.5372592210769653 0.4827587306499481 
v 0.132236048579216 0.5857083201408386 0.4911457896232605 
v 0.15868057310581207 0.542427122592926 0.4890490174293518 
v 0.13763289153575897 0.5882923007011414 0.5005812048912048 
v 0.16407741606235504 0.5450111031532288 0.49848443269729614 
v 0.13979163765907288 0.5889382362365723 0.5121133923530579 
v 0.16623614728450775 0.5463030338287354 0.5100166201591492 
v 0.16461709141731262 0.5443651080131531 0.5211993455886841 
v 0.15922026336193085 0.5411351323127747 0.5306347608566284 
v 0.1511249989271164 0.535967230796814 0.5372744798660278 
v 0.1182042732834816 0.6199457049369812 0.5023285150527954 
v 0.11280743032693863 0.6173617243766785 0.4928930699825287 
v 0.014584943652153015 0.7530192136764526 0.5400701761245728 
v -0.005923048127442598 0.7627090215682983 0.5470593571662903 
v -0.014557992108166218 0.7549571990966797 0.549156129360199 
v -0.019954832270741463 0.7775667309761047 0.5474088191986084 
v -0.028050091117620468 0.7698149085044861 0.5495055913925171 
v -0.03452629968523979 0.7924244999885559 0.5477582812309265 
v -0.04208187758922577 0.7846726179122925 0.5498550534248352 
v -0.050177134573459625 0.8072822093963623 0.5477582812309265 
v -0.0577327124774456 0.798884391784668 0.5502045154571533 
v -0.06798670440912247 0.8227859139442444 0.5481077432632446 
v -0.07500260323286057 0.8137421011924744 0.5502045154571533 
v -0.09443122148513794 0.8285998106002808 0.5502045154571533 
v -0.08255817741155624 0.8053442239761353 0.5477582812309265 
v -0.10144711285829544 0.8202019929885864 0.5477582812309265 
v -0.10684395581483841 0.812450110912323 0.5414680242538452 
v -0.12735195457935333 0.8266618251800537 0.5414680242538452 
v -0.13112974166870117 0.8221399188041687 0.5316831469535828 
v -0.15325677394866943 0.8357056975364685 0.5320326089859009 
v -0.1327487826347351 0.8202019929885864 0.5205004215240479 
v -0.15433615446090698 0.8344137072563171 0.5205004215240479 
v -0.13166941702365875 0.8221399188041687 0.5093176960945129 
v -0.1537964642047882 0.8363516926765442 0.5093176960945129 
v -0.15055836737155914 0.8421655893325806 0.4998822808265686 
v -0.1748441457748413 0.8557313084602356 0.5005812048912048 
v -0.1705266684293747 0.8641291260719299 0.49429091811180115 
v -0.196431502699852 0.877048909664154 0.4953393042087555 
v -0.16512982547283173 0.8744649887084961 0.49219414591789246 
v -0.19211402535438538 0.8873847126960754 0.4932425320148468 
v -0.1397646814584732 0.8602532148361206 0.4914952516555786 
v -0.14570119976997375 0.8505634069442749 0.4935919940471649 
v -0.1278916299343109 0.8279538154602051 0.4998822808265686 
v -0.11116142570972443 0.807928204536438 0.5093176960945129 
v -0.11224079877138138 0.8059902191162109 0.5205004215240479 
v -0.09281217306852341 0.7937164306640625 0.5089682340621948 
v -0.09389153867959976 0.7917785048484802 0.5205004215240479 
v -0.07608196884393692 0.7795047163963318 0.5089682340621948 
v -0.07770101726055145 0.7775667309761047 0.5201509594917297 
v -0.07608196884393692 0.7795047163963318 0.5316831469535828 
v -0.060970816761255264 0.7652930021286011 0.5313336849212646 
v -0.05665334314107895 0.7698149085044861 0.540769100189209 
v -0.04262156039476395 0.7556031942367554 0.540769100189209 
v -0.022653251886367798 0.7472053170204163 0.5467098951339722 
v -0.09227249026298523 0.7930704951286316 0.5316831469535828 
v -0.0717644989490509 0.7840266227722168 0.5411185622215271 
v -0.050177134573459625 0.7762748003005981 0.5474088191986084 
v -0.03614535182714462 0.7620630264282227 0.5470593571662903 
v -0.06528829038143158 0.7911325097084045 0.5477582812309265 
v -0.08849470317363739 0.7982383966445923 0.5414680242538452 
v -0.11116142570972443 0.807928204536438 0.5316831469535828 
v -0.7344964742660522 0.2885538339614868 0.5453121066093445 
v -0.735575795173645 0.31568533182144165 0.5449626445770264 
v -0.7366551756858826 0.34475478529930115 0.5446131825447083 
v -0.7425916790962219 0.31568533182144165 0.5435647964477539 
v -0.7436710596084595 0.34475478529930115 0.5432153344154358 
v -0.7490679025650024 0.34410881996154785 0.5393712520599365 
v -0.75014728307724 0.3764082193374634 0.5390217900276184 
v -0.753925085067749 0.3764082193374634 0.5330809950828552 
v -0.75014728307724 0.41064557433128357 0.5383228659629822 
v -0.7544647455215454 0.41064557433128357 0.5327315330505371 
v -0.75014728307724 0.4468209147453308 0.5379734039306641 
v -0.7544647455215454 0.4468209147453308 0.532382071018219 
v -0.7533853650093079 0.48364222049713135 0.5316831469535828 
v -0.755544126033783 0.4468209147453308 0.5253928303718567 
v -0.7550044655799866 0.48364222049713135 0.5250434279441833 
v -0.753925085067749 0.48364222049713135 0.518054187297821 
v -0.753925085067749 0.5198175311088562 0.5243445038795471 
v -0.7523060441017151 0.5198175311088562 0.5177047252655029 
v -0.75014728307724 0.5553469061851501 0.5170058012008667 
v -0.746369481086731 0.5547009110450745 0.5114144682884216 
v -0.7431313991546631 0.5889382362365723 0.5110650062561035 
v -0.7377345561981201 0.5882923007011414 0.5068714618682861 
v -0.7334170937538147 0.6205917000770569 0.5068714618682861 
v -0.7312583327293396 0.58700031042099 0.5054736137390137 
v -0.7264012098312378 0.6192997097969055 0.5051241517066956 
v -0.7442107796669006 0.3764082193374634 0.5428658723831177 
v -0.744750440120697 0.41064557433128357 0.5421669483184814 
v -0.7442107796669006 0.4468209147453308 0.5418174862861633 
v -0.7496076226234436 0.48364222049713135 0.537623941898346 
v -0.7436710596084595 0.48299622535705566 0.5414680242538452 
v -0.748528242111206 0.5198175311088562 0.5369250178337097 
v -0.7425916790962219 0.5191715359687805 0.540769100189209 
v -0.746369481086731 0.5547009110450745 0.5365755558013916 
v -0.7404329776763916 0.5547009110450745 0.5404196381568909 
v -0.7431313991546631 0.5889382362365723 0.5362260937690735 
v -0.7371948957443237 0.5882923007011414 0.5400701761245728 
v -0.7382742166519165 0.6218836307525635 0.5358766317367554 
v -0.7328773736953735 0.6205917000770569 0.5397207140922546 
v -0.7323377132415771 0.6535370349884033 0.5358766317367554 
v -0.7269408702850342 0.6522451043128967 0.5397207140922546 
v -0.7242424488067627 0.6845445036888123 0.5358766317367554 
v -0.7188456058502197 0.6826065182685852 0.5397207140922546 
v -0.7139884829521179 0.714259922504425 0.5362260937690735 
v -0.7091313004493713 0.7116760015487671 0.5397207140922546 
v -0.7015756964683533 0.7420374155044556 0.5365755558013916 
v -0.7048138380050659 0.7439754009246826 0.5306347608566284 
v -0.7177662253379822 0.7155519127845764 0.5302852988243103 
v -0.7280202507972717 0.6858364343643188 0.5299358367919922 
v -0.7361155152320862 0.6548290252685547 0.5299358367919922 
v -0.7425916790962219 0.6225296258926392 0.5302852988243103 
v -0.7469092011451721 0.589584231376648 0.5306347608566284 
v -0.7436710596084595 0.6231756210327148 0.5232961177825928 
v -0.748528242111206 0.589584231376648 0.5236455798149109 
v -0.7469092011451721 0.589584231376648 0.5166563391685486 
v -0.7388139367103577 0.6218836307525635 0.5107155442237854 
v -0.7425916790962219 0.6225296258926392 0.5166563391685486 
v -0.7361155152320862 0.6548290252685547 0.5163068771362305 
v -0.7377345561981201 0.6554750204086304 0.5232961177825928 
v -0.7290996313095093 0.6864824295043945 0.5232961177825928 
v -0.7188456058502197 0.7161979079246521 0.5236455798149109 
v -0.7064328789710999 0.7446213960647583 0.523995041847229 
v -0.6907820701599121 0.772398829460144 0.5246939659118652 
v -0.7269408702850342 0.6522451043128967 0.506521999835968 
v -0.7328773736953735 0.654183030128479 0.5103660821914673 
v -0.7193852663040161 0.6826065182685852 0.506521999835968 
v -0.7247821092605591 0.6845445036888123 0.5103660821914673 
v -0.7091313004493713 0.7123219966888428 0.5068714618682861 
v -0.7145281434059143 0.714259922504425 0.5107155442237854 
v -0.6967185735702515 0.7400994300842285 0.5072209239006042 
v -0.7015756964683533 0.7426834106445312 0.5110650062561035 
v -0.6821470856666565 0.7672309279441833 0.5079198479652405 
v -0.6864645481109619 0.7698149085044861 0.5117639303207397 
v -0.6643375158309937 0.7930704951286316 0.5086187720298767 
v -0.6691946983337402 0.7963004112243652 0.512462854385376 
v -0.6443692445755005 0.816972017288208 0.509667158126831 
v -0.6486867070198059 0.8208479285240173 0.5135112404823303 
v -0.6211628317832947 0.8395816087722778 0.5107155442237854 
v -0.6254802942276001 0.8434575200080872 0.5149090886116028 
v -0.5957976579666138 0.8608992099761963 0.5121133923530579 
v -0.7204646468162537 0.6509531140327454 0.5051241517066956 
v -0.7129091024398804 0.6806685328483582 0.5051241517066956 
v -0.703194797039032 0.70973801612854 0.5054736137390137 
v -0.6907820701599121 0.7375155091285706 0.5058230757713318 
v -0.6762105822563171 0.7640010118484497 0.5061725378036499 
v -0.6589406728744507 0.7885485291481018 0.5072209239006042 
v -0.6395120620727539 0.812450110912323 0.5082693099975586 
v -0.6168453097343445 0.8350597023963928 0.5093176960945129 
v -0.5920198559761047 0.8557313084602356 0.5107155442237854 
v -0.6254802942276001 0.8428115248680115 0.5400701761245728 
v -0.6217024922370911 0.8382896184921265 0.543914258480072 
v -0.6017341613769531 0.8673591017723083 0.5358766317367554 
v -0.5995754599571228 0.8641291260719299 0.5414680242538452 
v -0.5963373184204102 0.8596072196960449 0.5453121066093445 
v -0.5682737827301025 0.8783408999443054 0.546360433101654 
v -0.5715118646621704 0.8828628063201904 0.5428658723831177 
v -0.5731309056282043 0.8867387175559998 0.5369250178337097 
v -0.5742102861404419 0.8880307078361511 0.5302852988243103 
v -0.5731309056282043 0.8873847126960754 0.5232961177825928 
v -0.5434483289718628 0.9048264026641846 0.5313336849212646 
v -0.5429086089134216 0.9035344123840332 0.5383228659629822 
v -0.5412895679473877 0.8996585011482239 0.543914258480072 
v -0.5099878907203674 0.9138702154159546 0.5449626445770264 
v -0.5391308665275574 0.8944905996322632 0.5477582812309265 
v -0.5078291893005371 0.9087023138999939 0.5488066673278809 
v -0.4732894003391266 0.9132242202758789 0.5505539774894714 
v -0.4398289918899536 0.9138702154159546 0.549156129360199 
v -0.43874961137771606 0.9087023138999939 0.5453121066093445 
v -0.4376702606678009 0.9054723978042603 0.5393712520599365 
v -0.47706717252731323 0.9248520135879517 0.5456615686416626 
v -0.4754481315612793 0.9190381169319153 0.5495055913925171 
v -0.4409083425998688 0.9203301072120667 0.5509034395217896 
v -0.4074479341506958 0.9254980087280273 0.5509034395217896 
v -0.4069082736968994 0.9190381169319153 0.549156129360199 
v -0.3745272159576416 0.9203301072120667 0.5488066673278809 
v -0.40636858344078064 0.9132242202758789 0.5453121066093445 
v -0.3745272159576416 0.915162205696106 0.5446131825447083 
v -0.40636858344078064 0.9099943041801453 0.5393712520599365 
v -0.3745272159576416 0.9112862944602966 0.5386723279953003 
v -0.3745272159576416 0.910640299320221 0.5316831469535828 
v -0.7339567542076111 0.5534089207649231 0.5058230757713318 
v -0.740972638130188 0.5540549159049988 0.5072209239006042 
v -0.7361155152320862 0.5185256004333496 0.5061725378036499 
v -0.7431313991546631 0.5191715359687805 0.5079198479652405 
v -0.7371948957443237 0.48235023021698 0.5068714618682861 
v -0.7442107796669006 0.48299622535705566 0.5082693099975586 
v -0.7382742166519165 0.4461749196052551 0.5072209239006042 
v -0.744750440120697 0.4461749196052551 0.5086187720298767 
v -0.7382742166519165 0.41064557433128357 0.5075703859329224 
v -0.744750440120697 0.41064557433128357 0.5093176960945129 
v -0.7377345561981201 0.3764082193374634 0.5082693099975586 
v -0.744750440120697 0.3764082193374634 0.509667158126831 
v -0.7371948957443237 0.34475478529930115 0.5086187720298767 
v -0.7436710596084595 0.34410881996154785 0.5100166201591492 
v -0.7361155152320862 0.31568533182144165 0.5089682340621948 
v -0.7431313991546631 0.31503936648368835 0.5103660821914673 
v -0.7350361347198486 0.2885538339614868 0.5093176960945129 
v -0.7420520186424255 0.2885538339614868 0.5107155442237854 
v -0.7339567542076111 0.26206833124160767 0.5093176960945129 
v -0.7404329776763916 0.261422336101532 0.5107155442237854 
v -0.7323377132415771 0.23429085314273834 0.5089682340621948 
v -0.7388139367103577 0.23429085314273834 0.5103660821914673 
v -0.7307186722755432 0.20457540452480316 0.5079198479652405 
v -0.7371948957443237 0.20457540452480316 0.509667158126831 
v -0.7290996313095093 0.17163001000881195 0.506521999835968 
v -0.735575795173645 0.17098402976989746 0.5082693099975586 
v -0.7274805307388306 0.1361006796360016 0.5044252872467041 
v -0.7339567542076111 0.1361006796360016 0.5061725378036499 
v -0.7258614897727966 0.09992534667253494 0.5019790530204773 
v -0.7328773736953735 0.09992534667253494 0.5033769011497498 
v -0.7253218293190002 0.06504199653863907 0.49848443269729614 
v -0.748528242111206 0.5198175311088562 0.5117639303207397 
v -0.75014728307724 0.48299622535705566 0.5121133923530579 
v -0.7506869435310364 0.4468209147453308 0.5128123164176941 
v -0.7506869435310364 0.41064557433128357 0.5131617784500122 
v -0.75014728307724 0.3764082193374634 0.5135112404823303 
v -0.7496076226234436 0.34410881996154785 0.5142101645469666 
v -0.748528242111206 0.31503936648368835 0.5145596265792847 
v -0.7474488615989685 0.2879078686237335 0.5145596265792847 
v -0.746369481086731 0.261422336101532 0.5149090886116028 
v -0.744750440120697 0.23364485800266266 0.5142101645469666 
v -0.7431313991546631 0.20392940938472748 0.5135112404823303 
v -0.7415123581886292 0.17098402976989746 0.5121133923530579 
v -0.7398933172225952 0.1354546844959259 0.5100166201591492 
v -0.7388139367103577 0.09992534667253494 0.5072209239006042 
v -0.7544647455215454 0.4468209147453308 0.5184036493301392 
v -0.7544647455215454 0.41064557433128357 0.5191025733947754 
v -0.753925085067749 0.3764082193374634 0.5194520354270935 
v -0.7533853650093079 0.34410881996154785 0.5198014974594116 
v -0.7523060441017151 0.31503936648368835 0.5205004215240479 
v -0.7512266635894775 0.2879078686237335 0.5205004215240479 
v -0.75014728307724 0.261422336101532 0.5205004215240479 
v -0.748528242111206 0.23364485800266266 0.5201509594917297 
v -0.7469092011451721 0.20392940938472748 0.5194520354270935 
v -0.7452901005744934 0.17033803462982178 0.518054187297821 
v -0.7436710596084595 0.1348087042570114 0.5159574151039124 
v -0.7425916790962219 0.09927935898303986 0.5131617784500122 
v -0.7512266635894775 0.2607763707637787 0.5274896025657654 
v -0.7528457045555115 0.2879078686237335 0.5274896025657654 
v -0.753925085067749 0.31503936648368835 0.5271401405334473 
v -0.7523060441017151 0.31503936648368835 0.5341293811798096 
v -0.7550044655799866 0.34410881996154785 0.5267906785011292 
v -0.7533853650093079 0.34410881996154785 0.5337799191474915 
v -0.755544126033783 0.3764082193374634 0.526441216468811 
v -0.755544126033783 0.41064557433128357 0.5257422924041748 
v -0.748528242111206 0.31503936648368835 0.5397207140922546 
v -0.7474488615989685 0.2879078686237335 0.5400701761245728 
v -0.7512266635894775 0.2879078686237335 0.5344788432121277 
v -0.7458298206329346 0.261422336101532 0.5400701761245728 
v -0.7496076226234436 0.2607763707637787 0.5344788432121277 
v -0.748528242111206 0.23299887776374817 0.5337799191474915 
v -0.7496076226234436 0.23364485800266266 0.5271401405334473 
v -0.7479885220527649 0.203283429145813 0.5260917544364929 
v -0.746369481086731 0.1696920543909073 0.5246939659118652 
v -0.7398933172225952 0.261422336101532 0.543914258480072 
v -0.7415123581886292 0.2879078686237335 0.543914258480072 
v -0.7280202507972717 0.6858364343643188 0.5163068771362305 
v -0.7177662253379822 0.7155519127845764 0.5166563391685486 
v -0.7053534984588623 0.7446213960647583 0.5170058012008667 
v -0.6897026896476746 0.7717528939247131 0.5177047252655029 
v -0.6718931198120117 0.7982383966445923 0.5184036493301392 
v -0.6513851284980774 0.8227859139442444 0.5194520354270935 
v -0.7371948957443237 0.3764082193374634 0.543914258480072 
v -0.7377345561981201 0.41064557433128357 0.5435647964477539 
v -0.7377345561981201 0.4468209147453308 0.5432153344154358 
v -0.7371948957443237 0.48299622535705566 0.5425164103507996 
v -0.735575795173645 0.5185256004333496 0.5421669483184814 
v -0.7334170937538147 0.5534089207649231 0.5418174862861633 
v -0.7307186722755432 0.58700031042099 0.5414680242538452 
v -0.7237027883529663 0.5863543152809143 0.5400701761245728 
v -0.7264012098312378 0.6192997097969055 0.5411185622215271 
v -0.7193852663040161 0.6180077195167542 0.5397207140922546 
v -0.7139884829521179 0.6490151286125183 0.5393712520599365 
v -0.7139884829521179 0.6167157292366028 0.535527229309082 
v -0.7080519199371338 0.647077202796936 0.535527229309082 
v -0.7102106809616089 0.6160697340965271 0.5299358367919922 
v -0.7048138380050659 0.6464312076568604 0.5295863747596741 
v -0.7204646468162537 0.6503071188926697 0.5411185622215271 
v -0.7123693823814392 0.6806685328483582 0.5411185622215271 
v -0.7026550769805908 0.7090920209884644 0.5411185622215271 
v -0.7064328789710999 0.6780846118927002 0.5393712520599365 
v -0.7010360360145569 0.6767926216125488 0.535527229309082 
v -0.6967185735702515 0.7065081000328064 0.5397207140922546 
v -0.7523060441017151 0.5198175311088562 0.5313336849212646 
v -0.75014728307724 0.5553469061851501 0.5309842228889465 
v -0.7517663240432739 0.5553469061851501 0.523995041847229 
v -0.744750440120697 0.13416270911693573 0.5225971937179565 
v 0.005410315934568644 0.7736908197402954 0.5086187720298767 
v 0.0005531599745154381 0.7698149085044861 0.49883389472961426 
v 0.014045259915292263 0.754311203956604 0.49848443269729614 
v 0.0070293680764734745 0.7478513121604919 0.49219414591789246 
v 0.019981784746050835 0.7323476076126099 0.49184471368789673 
v -0.0016055760206654668 0.7407454252243042 0.48974794149398804 
v -0.014557992108166218 0.7562491297721863 0.49009740352630615 
v -0.0064627318643033504 0.763355016708374 0.49254360795021057 
v -0.028050091117620468 0.7711068987846375 0.49044686555862427 
v 0.09553754329681396 0.6367413997650146 0.5218982696533203 
v 0.08096607774496078 0.651599109172821 0.5285379886627197 
v 0.06585492193698883 0.6632269024848938 0.5334304571151733 
v 0.05991839990019798 0.6593509316444397 0.5348283052444458 
v 0.05452156066894531 0.6554750204086304 0.5334304571151733 
v 0.03887072578072548 0.6677488088607788 0.5299358367919922 
v 0.023759571835398674 0.6813145279884338 0.5246939659118652 
v 0.027537360787391663 0.7381615042686462 0.498134970664978 
v 0.032394517213106155 0.7420374155044556 0.5079198479652405 
v 0.01890241540968418 0.7581871151924133 0.5082693099975586 
v -0.824623703956604 -0.28960540890693665 -0.12984463572502136 
v -0.858623743057251 -0.29864925146102905 -0.07183428108692169 
v -0.880750834941864 -0.3057551085948944 -0.02221095934510231 
v -0.8937032222747803 -0.3109230101108551 0.01972424052655697 
v -0.9001794457435608 -0.31415295600891113 0.05606808140873909 
v -0.9023381471633911 -0.3167369067668915 0.08751948177814484 
v -0.9023381471633911 -0.31867486238479614 0.11547628045082092 
v -0.9007191061973572 -0.3199668526649475 0.1409868597984314 
v -0.8969413042068481 -0.3206128478050232 0.1647501438856125 
v -0.8920841813087463 -0.3199668526649475 0.18746504187583923 
v -0.886147677898407 -0.31867486238479614 0.20983047783374786 
v -0.8791317343711853 -0.3160909116268158 0.23289483785629272 
v -0.8710365295410156 -0.31221500039100647 0.2559592127799988 
v -0.8618618845939636 -0.3064011037349701 0.27867409586906433 
v -0.8521475791931152 -0.29929524660110474 0.30138900876045227 
v -0.8418935537338257 -0.28895941376686096 0.3234049677848816 
v -0.8310998678207397 -0.2766856551170349 0.34472203254699707 
v -0.8203061819076538 -0.2624739110469818 0.3646412491798401 
v -0.8089728355407715 -0.24567823112010956 0.38351210951805115 
v -0.7976394891738892 -0.22694458067417145 0.40028616786003113 
v -0.7868458032608032 -0.20691895484924316 0.4153129458427429 
v -0.7765917778015137 -0.18495535850524902 0.4285924434661865 
v -0.7668774724006653 -0.1623457819223404 0.43977516889572144 
v -0.7577028870582581 -0.13909021019935608 0.44921058416366577 
v -0.7496076226234436 -0.11518865823745728 0.4579470753669739 
v -0.7425916790962219 -0.09193308651447296 0.4652857482433319 
v -0.7371948957443237 -0.06932350993156433 0.47227492928504944 
v -0.7323377132415771 -0.0467139296233654 0.47891467809677124 
v -0.7290996313095093 -0.02281237207353115 0.4845060408115387 
v -0.7269408702850342 0.0030271480791270733 0.48974794149398804 
v -0.7253218293190002 0.032096609473228455 0.49464038014411926 
v -0.7253218293190002 0.06504199653863907 0.49848443269729614 
v -0.7258614897727966 0.09992534667253494 0.5019790530204773 
v -0.7274805307388306 0.1361006796360016 0.5044252872467041 
v -0.7290996313095093 0.17163001000881195 0.506521999835968 
v -0.7307186722755432 0.20457540452480316 0.5079198479652405 
v -0.7323377132415771 0.23429085314273834 0.5089682340621948 
v -0.7339567542076111 0.26206833124160767 0.5093176960945129 
v -0.7350361347198486 0.2885538339614868 0.5093176960945129 
v -0.7361155152320862 0.31568533182144165 0.5089682340621948 
v -0.7371948957443237 0.34475478529930115 0.5086187720298767 
v -0.7377345561981201 0.3764082193374634 0.5082693099975586 
v -0.7382742166519165 0.41064557433128357 0.5075703859329224 
v -0.7382742166519165 0.4461749196052551 0.5072209239006042 
v -0.7371948957443237 0.48235023021698 0.5068714618682861 
v -0.7361155152320862 0.5185256004333496 0.5061725378036499 
v -0.7339567542076111 0.5534089207649231 0.5058230757713318 
v -0.7312583327293396 0.58700031042099 0.5054736137390137 
v -0.7264012098312378 0.6192997097969055 0.5051241517066956 
v -0.7204646468162537 0.6509531140327454 0.5051241517066956 
v -0.7129091024398804 0.6806685328483582 0.5051241517066956 
v -0.703194797039032 0.70973801612854 0.5054736137390137 
v -0.6907820701599121 0.7375155091285706 0.5058230757713318 
v -0.6762105822563171 0.7640010118484497 0.5061725378036499 
v -0.6589406728744507 0.7885485291481018 0.5072209239006042 
v -0.6395120620727539 0.812450110912323 0.5082693099975586 
v -0.6168453097343445 0.8350597023963928 0.5093176960945129 
v -0.5920198559761047 0.8557313084602356 0.5107155442237854 
v -0.5644959807395935 0.8738189935684204 0.5117639303207397 
v -0.5358927249908447 0.8899686932563782 0.5131617784500122 
v -0.5051307678222656 0.9035344123840332 0.5138607025146484 
v -0.47382909059524536 0.9145162105560303 0.5145596265792847 
v -0.4409083425998688 0.9222680926322937 0.5149090886116028 
v -0.40852731466293335 0.9267899990081787 0.5149090886116028 
v -0.37560659646987915 0.928727924823761 0.5145596265792847 
v -0.34268587827682495 0.9274359941482544 0.5135112404823303 
v -0.3108445107936859 0.9235600233078003 0.5117639303207397 
v -0.27954283356666565 0.9177461266517639 0.5100166201591492 
v 0.09553754329681396 0.6057339310646057 0.4956887662410736 
v 0.10093438625335693 0.6096099019050598 0.49708661437034607 
v 0.08096607774496078 0.6283435225486755 0.49708661437034607 
v 0.08690260350704193 0.6322194337844849 0.49848443269729614 
v 0.06963270902633667 0.6457852125167847 0.498134970664978 
v 0.07556923478841782 0.649661123752594 0.4995328187942505 
v 0.059378717094659805 0.6606429219245911 0.49883389472961426 
v 0.06477555632591248 0.6645188331604004 0.5002317428588867 
v 0.04804535210132599 0.6761466264724731 0.4995328187942505 
v 0.05398187413811684 0.6800225973129272 0.500930666923523 
v 0.03671198710799217 0.6922963261604309 0.5002317428588867 
v 0.04210882633924484 0.696172297000885 0.5016295909881592 
v 0.024299256503582 0.7084460258483887 0.5005812048912048 
v 0.02969609573483467 0.7123219966888428 0.5019790530204773 
v 0.011346840299665928 0.7245957255363464 0.500930666923523 
v 0.016743680462241173 0.7291176319122314 0.5023285150527954 
v -0.0016055760206654668 0.7407454252243042 0.5012801289558411 
v 0.0037912640254944563 0.7452673316001892 0.5026779770851135 
v -0.014557992108166218 0.7556031942367554 0.5016295909881592 
v -0.009700835682451725 0.7601251006126404 0.5030274391174316 
v -0.028050091117620468 0.7704609036445618 0.5019790530204773 
v -0.023192936554551125 0.7756288051605225 0.5033769011497498 
v -0.04262156039476395 0.7853186130523682 0.5023285150527954 
v -0.037764403969049454 0.7904865145683289 0.5037263631820679 
v -0.05827239528298378 0.8001763224601746 0.5026779770851135 
v -0.05341523885726929 0.8046982288360596 0.504075825214386 
v -0.07554228603839874 0.81438809633255 0.5026779770851135 
v -0.07122480869293213 0.8202019929885864 0.504075825214386 
v -0.09497090429067612 0.8298918008804321 0.5026779770851135 
v -0.0906534343957901 0.8350597023963928 0.5044252872467041 
v -0.1165582686662674 0.8447495102882385 0.5030274391174316 
v -0.11278048157691956 0.8505634069442749 0.5044252872467041 
v -0.1397646814584732 0.8596072196960449 0.5030274391174316 
v -0.13652656972408295 0.8654211163520813 0.5047747492790222 
v -0.16512982547283173 0.8738189935684204 0.5037263631820679 
v -0.16189172863960266 0.8796328902244568 0.5051241517066956 
v -0.1915743499994278 0.8873847126960754 0.5047747492790222 
v -0.1888759285211563 0.8931986093521118 0.5061725378036499 
v -0.2196379154920578 0.8990125060081482 0.5061725378036499 
v -0.2174791693687439 0.9054723978042603 0.5075703859329224 
v -0.24878084659576416 0.9093483090400696 0.5079198479652405 
v -0.24716179072856903 0.9158082008361816 0.509667158126831 
v -0.27954283356666565 0.9177461266517639 0.5100166201591492 
v -0.2779237926006317 0.924206018447876 0.5114144682884216 
v -0.3108445107936859 0.9235600233078003 0.5117639303207397 
v -0.30976513028144836 0.930665910243988 0.5135112404823303 
v -0.34268587827682495 0.9274359941482544 0.5135112404823303 
v -0.3421461880207062 0.9338958263397217 0.5149090886116028 
v -0.37560659646987915 0.928727924823761 0.5145596265792847 
v -0.37560659646987915 0.935187816619873 0.5159574151039124 
v -0.40852731466293335 0.9267899990081787 0.5149090886116028 
v -0.4090670049190521 0.9332498908042908 0.5166563391685486 
v -0.4409083425998688 0.9222680926322937 0.5149090886116028 
v -0.4425274133682251 0.9280819892883301 0.5166563391685486 
v -0.47382909059524536 0.9145162105560303 0.5145596265792847 
v -0.4754481315612793 0.9203301072120667 0.5163068771362305 
v -0.5051307678222656 0.9035344123840332 0.5138607025146484 
v -0.5078291893005371 0.9099943041801453 0.5156079530715942 
v 0.09175975620746613 0.6354494094848633 0.5023285150527954 
v 0.08042639493942261 0.6528910994529724 0.5033769011497498 
v 0.06963270902633667 0.6677488088607788 0.504075825214386 
v 0.05883903056383133 0.6832525134086609 0.5047747492790222 
v 0.046965982764959335 0.6994022130966187 0.5054736137390137 
v 0.034013569355010986 0.7161979079246521 0.5058230757713318 
v 0.02106115221977234 0.7323476076126099 0.5061725378036499 
v 0.008108736015856266 0.7484973073005676 0.506521999835968 
v -0.005383363924920559 0.7640010118484497 0.5068714618682861 
v -0.01887546479701996 0.7795047163963318 0.5072209239006042 
v -0.03344693034887314 0.7943624258041382 0.5075703859329224 
v -0.04963745176792145 0.8092201948165894 0.5079198479652405 
v -0.06744702160358429 0.8240779042243958 0.5082693099975586 
v -0.08741533011198044 0.8395816087722778 0.5082693099975586 
v -0.1095423772931099 0.8550853133201599 0.5082693099975586 
v -0.13328847289085388 0.870589017868042 0.5086187720298767 
v -0.15919330716133118 0.8848007917404175 0.5089682340621948 
v -0.18617750704288483 0.8983665108680725 0.5100166201591492 
v -0.2153204381465912 0.910640299320221 0.5117639303207397 
v -0.24500305950641632 0.9209761023521423 0.5135112404823303 
v -0.2763047218322754 0.9293739199638367 0.5156079530715942 
v -0.3086857795715332 0.9358338117599487 0.5173552632331848 
v -0.3416064977645874 0.9397097229957581 0.5191025733947754 
v -0.37560659646987915 0.9403557181358337 0.5201509594917297 
v -0.4096066653728485 0.9384177923202515 0.5205004215240479 
v -0.44360676407814026 0.9338958263397217 0.520849883556366 
v -0.47706717252731323 0.926144003868103 0.5205004215240479 
v -0.509448230266571 0.915162205696106 0.5198014974594116 
v -0.5412895679473877 0.9009504914283752 0.5187531113624573 
v 0.07287081331014633 0.6696867346763611 0.5100166201591492 
v 0.06207713484764099 0.6851904988288879 0.5107155442237854 
v 0.04966440424323082 0.7019861936569214 0.5114144682884216 
v 0.03725167363882065 0.7181358933448792 0.5117639303207397 
v 0.024299256503582 0.7349315285682678 0.5121133923530579 
v 0.010807155631482601 0.7510812282562256 0.512462854385376 
v -0.0021452601067721844 0.7665849924087524 0.5128123164176941 
v -0.016177043318748474 0.7820886969566345 0.5131617784500122 
v -0.030748512595891953 0.7969464063644409 0.5135112404823303 
v -0.04693903028964996 0.8118041157722473 0.5138607025146484 
v -0.0647486075758934 0.8273078203201294 0.5138607025146484 
v -0.08525659888982773 0.8428115248680115 0.5142101645469666 
v -0.10738363862037659 0.8583152890205383 0.5142101645469666 
v -0.13112974166870117 0.8731729984283447 0.5145596265792847 
v -0.15703456103801727 0.8880307078361511 0.5149090886116028 
v -0.1845584511756897 0.9015964269638062 0.5159574151039124 
v -0.21370138227939606 0.9138702154159546 0.5177047252655029 
v -0.24392369389533997 0.924206018447876 0.5194520354270935 
v -0.27522537112236023 0.9332498908042908 0.5215488076210022 
v -0.30814608931541443 0.9397097229957581 0.5232961177825928 
v -0.34106680750846863 0.9429396986961365 0.5250434279441833 
v -0.37560659646987915 0.9442316889762878 0.5260917544364929 
v -0.4096066653728485 0.9422937035560608 0.526441216468811 
v -0.44414645433425903 0.9371258020401001 0.5267906785011292 
v -0.4781465530395508 0.9293739199638367 0.526441216468811 
v -0.511067271232605 0.9183921217918396 0.5257422924041748 
v -0.5429086089134216 0.9041804075241089 0.5246939659118652 
v -0.4096066653728485 0.9435856938362122 0.5334304571151733 
v -0.3750669062137604 0.9455236196517944 0.5330809950828552 
v -0.4096066653728485 0.9416477084159851 0.5404196381568909 
v -0.3750669062137604 0.9435856938362122 0.5397207140922546 
v -0.4090670049190521 0.9377717971801758 0.5460109710693359 
v -0.3750669062137604 0.9397097229957581 0.5453121066093445 
v -0.40852731466293335 0.9319579005241394 0.5495055913925171 
v -0.3745272159576416 0.9338958263397217 0.549156129360199 
v -0.3745272159576416 0.9274359941482544 0.5502045154571533 
v -0.3421461880207062 0.919684112071991 0.5477582812309265 
v -0.34268587827682495 0.9145162105560303 0.5435647964477539 
v -0.34322553873062134 0.910640299320221 0.537623941898346 
v -0.34322553873062134 0.9093483090400696 0.5309842228889465 
v -0.31246355175971985 0.9061183929443359 0.529236912727356 
v -0.44414645433425903 0.9384177923202515 0.5334304571151733 
v -0.4781465530395508 0.9300199151039124 0.5330809950828552 
v -0.5116069316864014 0.9190381169319153 0.532382071018219 
v -0.4781465530395508 0.928727924823761 0.5400701761245728 
v -0.511067271232605 0.9177461266517639 0.5393712520599365 
v -0.44414645433425903 0.9364798069000244 0.5404196381568909 
v -0.4430670738220215 0.9326038956642151 0.5460109710693359 
v -0.4419877231121063 0.9274359941482544 0.5498550534248352 
v -0.2827809453010559 0.9003044962882996 0.5274896025657654 
v -0.25363799929618835 0.8919066190719604 0.5253928303718567 
v -0.2530983090400696 0.8931986093521118 0.532382071018219 
v -0.224495068192482 0.8828628063201904 0.5306347608566284 
v -0.22341570258140564 0.8867387175559998 0.5365755558013916 
v -0.19589181244373322 0.875110924243927 0.5351777672767639 
v -0.22125697135925293 0.8919066190719604 0.5404196381568909 
v -0.1937330812215805 0.8802788257598877 0.5390217900276184 
v -0.19049496948719025 0.8860927224159241 0.5404196381568909 
v -0.16405045986175537 0.8731729984283447 0.5393712520599365 
v -0.18779656291007996 0.8925526142120361 0.5393712520599365 
v -0.1608123630285263 0.8789868950843811 0.5383228659629822 
v -0.1586536169052124 0.8841547966003418 0.5344788432121277 
v -0.1327487826347351 0.8699430227279663 0.5337799191474915 
v -0.13112974166870117 0.8731729984283447 0.5281885266304016 
v -0.10684395581483841 0.8576692938804626 0.5278390645980835 
v -0.1305900514125824 0.8744649887084961 0.5211993455886841 
v -0.10630427300930023 0.8589612245559692 0.5211993455886841 
v -0.16998697817325592 0.8621912002563477 0.5341293811798096 
v -0.16728855669498444 0.8673591017723083 0.5379734039306641 
v -0.14300277829170227 0.8531473278999329 0.537623941898346 
v -0.13922499120235443 0.8589612245559692 0.5390217900276184 
v -0.13598689436912537 0.8647751212120056 0.537623941898346 
v -0.10900269448757172 0.8544393181800842 0.5337799191474915 
v -0.08471690863370895 0.8421655893325806 0.5278390645980835 
v -0.08417722582817078 0.8434575200080872 0.520849883556366 
v -0.06420891731977463 0.8279538154602051 0.520849883556366 
v -0.04585966467857361 0.8130961060523987 0.520849883556366 
v -0.030208827927708626 0.7975924015045166 0.5205004215240479 
v -0.0647486075758934 0.8266618251800537 0.5278390645980835 
v -0.08741533011198044 0.8389356136322021 0.5334304571151733 
v -0.11224079877138138 0.8499174118041992 0.537623941898346 
v -0.11601858586072922 0.8441035151481628 0.5386723279953003 
v -0.11979637295007706 0.8382896184921265 0.5372744798660278 
v -0.14570119976997375 0.8479794263839722 0.5334304571151733 
v -0.17214572429656982 0.8589612245559692 0.5281885266304016 
v -0.19751086831092834 0.8718810081481934 0.529236912727356 
v -0.1726853996515274 0.8576692938804626 0.5211993455886841 
v -0.1985902339220047 0.870589017868042 0.5222477316856384 
v -0.19805055856704712 0.8718810081481934 0.5156079530715942 
v -0.17214572429656982 0.8589612245559692 0.5145596265792847 
v -0.14785994589328766 0.8453955054283142 0.5138607025146484 
v -0.148939311504364 0.8441035151481628 0.520849883556366 
v -0.14785994589328766 0.8453955054283142 0.5278390645980835 
v -0.12303447723388672 0.8337677121162415 0.5334304571151733 
v -0.09874869883060455 0.8234319090843201 0.5372744798660278 
v -0.09443122148513794 0.8292458057403564 0.5386723279953003 
v -0.07985975593328476 0.8085741996765137 0.5372744798660278 
v -0.07554228603839874 0.8137421011924744 0.5386723279953003 
v -0.0625898689031601 0.7943624258041382 0.5369250178337097 
v -0.0577327124774456 0.7995303273200989 0.5383228659629822 
v -0.04693903028964996 0.7801507115364075 0.5369250178337097 
v -0.04208187758922577 0.7846726179122925 0.5383228659629822 
v -0.03290724754333496 0.7652930021286011 0.5365755558013916 
v -0.028050091117620468 0.7698149085044861 0.5379734039306641 
v -0.014557992108166218 0.7549571990966797 0.537623941898346 
v -0.023192936554551125 0.7749828100204468 0.5365755558013916 
v -0.009161151945590973 0.7601251006126404 0.5362260937690735 
v -0.004843680188059807 0.7640010118484497 0.532382071018219 
v 0.008108736015856266 0.7478513121604919 0.5320326089859009 
v 0.011346840299665928 0.7510812282562256 0.5260917544364929 
v 0.021600836887955666 0.7317016124725342 0.5316831469535828 
v 0.024299256503582 0.7342855930328369 0.5257422924041748 
v 0.034553252160549164 0.7155519127845764 0.5313336849212646 
v 0.03725167363882065 0.7181358933448792 0.5253928303718567 
v 0.050204087048769 0.7013401985168457 0.5250434279441833 
v 0.038331039249897 0.7187818288803101 0.5187531113624573 
v 0.05128345638513565 0.7026321291923523 0.518054187297821 
v 0.06315650045871735 0.6858364343643188 0.5177047252655029 
v -0.0906534343957901 0.8344137072563171 0.5372744798660278 
v -0.06744702160358429 0.8240779042243958 0.5334304571151733 
v -0.04963745176792145 0.8085741996765137 0.5334304571151733 
v -0.04693903028964996 0.8118041157722473 0.5274896025657654 
v -0.03344693034887314 0.7937164306640625 0.5330809950828552 
v -0.030748512595891953 0.7969464063644409 0.5271401405334473 
v -0.016177043318748474 0.7814427018165588 0.5267906785011292 
v -0.01509767584502697 0.7827346920967102 0.5201509594917297 
v -0.001065892050974071 0.7672309279441833 0.5198014974594116 
v 0.01188652403652668 0.7517272233963013 0.5194520354270935 
v -0.0021452601067721844 0.7665849924087524 0.526441216468811 
v -0.01887546479701996 0.7788587212562561 0.5327315330505371 
v -0.037764403969049454 0.7898405194282532 0.5369250178337097 
v -0.05341523885726929 0.8046982288360596 0.5372744798660278 
v 0.025378623977303505 0.7355775237083435 0.5191025733947754 
v -0.22557443380355835 0.8822168111801147 0.5236455798149109 
v 0.052362825721502304 0.6341574192047119 0.4949898421764374 
v 0.046965982764959335 0.6302815079689026 0.5047747492790222 
v -0.07122480869293213 0.8195559978485107 0.5372744798660278 
v -0.026970723643898964 0.7446213960647583 0.512462854385376 
v -0.01509767584502697 0.7284716963768005 0.5191025733947754 
v -0.02751040831208229 0.7433294057846069 0.5194520354270935 
v -0.014018308371305466 0.7291176319122314 0.5260917544364929 
v -0.026431040838360786 0.7446213960647583 0.526441216468811 
v -0.010780204087495804 0.7317016124725342 0.5316831469535828 
v -0.023732619360089302 0.7465593218803406 0.5320326089859009 
v -0.0064627318643033504 0.7355775237083435 0.535527229309082 
v -0.019415147602558136 0.7504352927207947 0.5362260937690735 
v -0.03992313891649246 0.758833110332489 0.5128123164176941 
v -0.041002508252859116 0.7581871151924133 0.5198014974594116 
v -0.03992313891649246 0.758833110332489 0.5267906785011292 
v -0.037224721163511276 0.761417031288147 0.532382071018219 
v -0.05395492538809776 0.7730448246002197 0.5131617784500122 
v -0.05449460819363594 0.772398829460144 0.5201509594917297 
v -0.06906607747077942 0.7872565984725952 0.5135112404823303 
v -0.07014544308185577 0.7866106033325195 0.5205004215240479 
v -0.08687564730644226 0.8008223176002502 0.5205004215240479 
v -0.0857962816953659 0.8014683127403259 0.5274896025657654 
v -0.10522490739822388 0.8150340914726257 0.5205004215240479 
v -0.1046852171421051 0.8163260221481323 0.5274896025657654 
v -0.12519320845603943 0.8305377960205078 0.5274896025657654 
v -0.10198680311441422 0.8189100027084351 0.5334304571151733 
v -0.08309786021709442 0.8046982288360596 0.5330809950828552 
v -0.06636765599250793 0.7898405194282532 0.5330809950828552 
v -0.06906607747077942 0.7872565984725952 0.5271401405334473 
v -0.05125650390982628 0.7756288051605225 0.5327315330505371 
v -0.05395492538809776 0.7730448246002197 0.5271401405334473 
v 0.0021722118835896254 0.7161979079246521 0.5313336849212646 
v 0.019442100077867508 0.703278124332428 0.5348283052444458 
v 0.024838939309120178 0.7071540951728821 0.5362260937690735 
v 0.030235780403017998 0.7116760015487671 0.5351777672767639 
v 0.046965982764959335 0.698756217956543 0.5306347608566284 
v 0.06207713484764099 0.6851904988288879 0.5243445038795471 
v 0.006489683873951435 0.7194278240203857 0.5351777672767639 
v 0.01188652403652668 0.7239497303962708 0.5369250178337097 
v 0.01728336326777935 0.7284716963768005 0.535527229309082 
v -0.001065892050974071 0.7400994300842285 0.5372744798660278 
v 0.0037912640254944563 0.7439754009246826 0.5358766317367554 
v -0.12627257406711578 0.8298918008804321 0.5205004215240479 
v -0.1257328987121582 0.8311837911605835 0.5138607025146484 
v -0.1046852171421051 0.8163260221481323 0.5138607025146484 
v -0.0857962816953659 0.8021143078804016 0.5135112404823303 
v -0.1165582686662674 0.8453955054283142 0.4914952516555786 
v -0.12303447723388672 0.8357056975364685 0.4935919940471649 
v -0.10738363862037659 0.8130961060523987 0.4995328187942505 
v -0.09497090429067612 0.8298918008804321 0.4911457896232605 
v -0.10198680311441422 0.8208479285240173 0.4932425320148468 
v -0.08849470317363739 0.798884391784668 0.4995328187942505 
v -0.7172265648841858 0.26271432638168335 0.5201509594917297 
v -0.7156075239181519 0.23493683338165283 0.5198014974594116 
v -0.7139884829521179 0.23493683338165283 0.526441216468811 
v -0.7139884829521179 0.20457540452480316 0.5187531113624573 
v -0.7123693823814392 0.20457540452480316 0.5257422924041748 
v -0.7123693823814392 0.17098402976989746 0.5173552632331848 
v -0.7107503414154053 0.17098402976989746 0.5243445038795471 
v -0.7107503414154053 0.1354546844959259 0.5152584910392761 
v -0.7091313004493713 0.1348087042570114 0.5218982696533203 
v -0.7080519199371338 0.09798738360404968 0.5191025733947754 
v -0.7102106809616089 0.13416270911693573 0.5288874506950378 
v -0.7091313004493713 0.0973413959145546 0.5260917544364929 
v -0.7129091024398804 0.09669540822505951 0.5320326089859009 
v -0.708591639995575 0.06116606667637825 0.5225971937179565 
v -0.7123693823814392 0.05987409129738808 0.5285379886627197 
v -0.708591639995575 0.026928704231977463 0.5184036493301392 
v -0.7123693823814392 0.026282716542482376 0.5243445038795471 
v -0.7102106809616089 -0.0034327320754528046 0.5135112404823303 
v -0.7139884829521179 -0.0040787202306091785 0.5194520354270935 
v -0.7123693823814392 -0.03056422807276249 0.5079198479652405 
v -0.7161471843719482 -0.031210215762257576 0.5138607025146484 
v -0.7161471843719482 -0.055757761001586914 0.5019790530204773 
v -0.7199249863624573 -0.056403748691082 0.5075703859329224 
v -0.7210043668746948 -0.07965931296348572 0.4949898421764374 
v -0.7247821092605591 -0.08095128834247589 0.500930666923523 
v -0.7269408702850342 -0.10356087237596512 0.48765116930007935 
v -0.7307186722755432 -0.10485284775495529 0.4932425320148468 
v -0.7344964742660522 -0.1287544071674347 0.47926414012908936 
v -0.7382742166519165 -0.12940038740634918 0.4852049648761749 
v -0.7431313991546631 -0.15330195426940918 0.47017818689346313 
v -0.7469092011451721 -0.15459392964839935 0.4757695496082306 
v -0.7528457045555115 -0.17849548161029816 0.45969438552856445 
v -0.7566235065460205 -0.17978745698928833 0.4652857482433319 
v -0.7674171924591064 -0.20433500409126282 0.45305463671684265 
v -0.7625600099563599 -0.17978745698928833 0.4694792628288269 
v -0.7728140354156494 -0.20433500409126282 0.45689868927001953 
v -0.7792901992797852 -0.20239703357219696 0.4589954614639282 
v -0.7906236052513123 -0.22629858553409576 0.44466760754585266 
v -0.797099769115448 -0.22306865453720093 0.44431814551353455 
v -0.8084331750869751 -0.24503225088119507 0.4278935194015503 
v -0.8019569516181946 -0.21854673326015472 0.44222137331962585 
v -0.8132902979850769 -0.24051032960414886 0.4257967472076416 
v -0.8159887194633484 -0.23534242808818817 0.4219526946544647 
v -0.8251633644104004 -0.25988996028900146 0.40727537870407104 
v -0.8278617858886719 -0.25472205877304077 0.4037807881832123 
v -0.8375760912895203 -0.2779776453971863 0.3870067000389099 
v -0.8397348523139954 -0.2728097140789032 0.38386157155036926 
v -0.8494491577148438 -0.29412734508514404 0.3649907112121582 
v -0.8516078591346741 -0.28831344842910767 0.3625445067882538 
v -0.8613221645355225 -0.30769309401512146 0.34192636609077454 
v -0.8629412651062012 -0.3012332022190094 0.33982959389686584 
v -0.8742746114730835 -0.3115690052509308 0.31606632471084595 
v -0.86240154504776 -0.295419305562973 0.3363350033760071 
v -0.873195230960846 -0.3057551085948944 0.313270628452301 
v -0.8699571490287781 -0.3005872070789337 0.30977603793144226 
v -0.8802111148834229 -0.30898505449295044 0.2863622307777405 
v -0.8650999665260315 -0.29800325632095337 0.3062814474105835 
v -0.8748142719268799 -0.3057551085948944 0.28321707248687744 
v -0.858623743057251 -0.2973572611808777 0.3034857511520386 
v -0.8683381080627441 -0.3051091134548187 0.280770868062973 
v -0.8618618845939636 -0.3064011037349701 0.27867409586906433 
v -0.8710365295410156 -0.31221500039100647 0.2559592127799988 
v -0.8521475791931152 -0.29929524660110474 0.30138900876045227 
v -0.8483697772026062 -0.287667453289032 0.3255017399787903 
v -0.8548460006713867 -0.287667453289032 0.32864686846733093 
v -0.8597031235694885 -0.290897399187088 0.3324909508228302 
v -0.8483697772026062 -0.2779776453971863 0.3541574478149414 
v -0.8510681986808777 -0.2824995517730713 0.3587004542350769 
v -0.8397348523139954 -0.2676418125629425 0.3796680271625519 
v -0.8278617858886719 -0.25020015239715576 0.39923781156539917 
v -0.8165284395217896 -0.23082050681114197 0.4167107939720154 
v -0.8051950335502625 -0.210148885846138 0.4324364960193634 
v -0.8046553730964661 -0.21402482688426971 0.43767839670181274 
v -0.7944013476371765 -0.18753930926322937 0.44606542587280273 
v -0.7938616871833801 -0.1914152354001999 0.4516567885875702 
v -0.7836077213287354 -0.16815967857837677 0.4631889760494232 
v -0.7906236052513123 -0.1959371566772461 0.4561997652053833 
v -0.7803695797920227 -0.1720356047153473 0.46808141469955444 
v -0.7857664227485657 -0.1998130828142166 0.4586459994316101 
v -0.7749727368354797 -0.17526553571224213 0.47087711095809937 
v -0.7690362334251404 -0.17784948647022247 0.4712265729904175 
v -0.759321928024292 -0.15330195426940918 0.48171037435531616 
v -0.7528457045555115 -0.15459392964839935 0.4799630641937256 
v -0.7091313004493713 0.09863337129354477 0.512462854385376 
v -0.708591639995575 0.06245804578065872 0.5089682340621948 
v -0.7091313004493713 0.02951265685260296 0.5047747492790222 
v -0.7102106809616089 -0.0008487799786962569 0.5002317428588867 
v -0.7123693823814392 -0.027334287762641907 0.49464038014411926 
v -0.7161471843719482 -0.05252781882882118 0.4886995553970337 
v -0.7210043668746948 -0.0757833868265152 0.4820598065853119 
v -0.7269408702850342 -0.0996849462389946 0.47472116351127625 
v -0.7193852663040161 -0.07836733758449554 0.4883500933647156 
v -0.7258614897727966 -0.10226889699697495 0.48101145029067993 
v -0.7339567542076111 -0.1235864982008934 0.466683566570282 
v -0.7328773736953735 -0.12617045640945435 0.47297385334968567 
v -0.7415123581886292 -0.15136398375034332 0.46388790011405945 
v -0.7512266635894775 -0.1759115308523178 0.45340409874916077 
v -0.7614806294441223 -0.1998130828142166 0.4415224492549896 
v -0.7630996704101562 -0.20304302871227264 0.4474632740020752 
v -0.7744330763816833 -0.22629858553409576 0.43348488211631775 
v -0.7782108783721924 -0.22759056091308594 0.4387267827987671 
v -0.7841473817825317 -0.22759056091308594 0.44257083535194397 
v -0.802496612071991 -0.2482621818780899 0.4278935194015503 
v -0.8149093389511108 -0.2682878077030182 0.4090226888656616 
v -0.820845901966095 -0.26505786180496216 0.4090226888656616 
v -0.8332586288452148 -0.283145546913147 0.3884045481681824 
v -0.7960204482078552 -0.25020015239715576 0.4257967472076416 
v -0.7900838851928711 -0.24955415725708008 0.4219526946544647 
v -0.7857664227485657 -0.24761620163917542 0.4170602560043335 
v -0.7722743153572083 -0.22306865453720093 0.4275440573692322 
v -0.7728140354156494 -0.21854673326015472 0.42230215668678284 
v -0.7620203495025635 -0.1959371566772461 0.43593108654022217 
v -0.7841473817825317 -0.23986433446407318 0.4065764546394348 
v -0.7836077213287354 -0.24438625574111938 0.41146889328956604 
v -0.7954807281494141 -0.26441189646720886 0.3932969868183136 
v -0.7981791496276855 -0.2682878077030182 0.39853888750076294 
v -0.802496612071991 -0.27022576332092285 0.40308186411857605 
v -0.8084331750869751 -0.27022576332092285 0.40692591667175293 
v -0.820845901966095 -0.28895941376686096 0.38595831394195557 
v -0.8273221254348755 -0.2870214581489563 0.38805508613586426 
v -0.8391951322555542 -0.30317115783691406 0.36603909730911255 
v -0.8451316952705383 -0.29929524660110474 0.36638855934143066 
v -0.857004702091217 -0.31286099553108215 0.3429747521877289 
v -0.8332586288452148 -0.3051091134548187 0.36394232511520386 
v -0.8516078591346741 -0.3167369067668915 0.34227582812309265 
v -0.8683381080627441 -0.3238427937030792 0.31851252913475037 
v -0.8721158504486084 -0.31802889704704285 0.3178136348724365 
v -0.8845285773277283 -0.3199668526649475 0.2916041314601898 
v -0.8834492564201355 -0.31350696086883545 0.28950735926628113 
v -0.8926238417625427 -0.3199668526649475 0.265045166015625 
v -0.8893857598304749 -0.3147989511489868 0.2625989317893982 
v -0.8974810242652893 -0.31867486238479614 0.2388356626033783 
v -0.8839889168739319 -0.3109230101108551 0.2601527273654938 
v -0.8920841813087463 -0.3154449462890625 0.23638944327831268 
v -0.8775126934051514 -0.3102770447731018 0.25770649313926697 
v -0.8856079578399658 -0.31415295600891113 0.23429268598556519 
v -0.8791317343711853 -0.3160909116268158 0.23289483785629272 
v -0.886147677898407 -0.31867486238479614 0.20983047783374786 
v -0.8418935537338257 -0.28895941376686096 0.3234049677848816 
v -0.8375760912895203 -0.27539369463920593 0.34681880474090576 
v -0.8435125946998596 -0.27539369463920593 0.3503133952617645 
v -0.8310998678207397 -0.2766856551170349 0.34472203254699707 
v -0.8267824053764343 -0.26053595542907715 0.3667380213737488 
v -0.8327189087867737 -0.26118195056915283 0.37023261189460754 
v -0.8370364308357239 -0.2631199061870575 0.37477558851242065 
v -0.8203061819076538 -0.2624739110469818 0.3646412491798401 
v -0.815449059009552 -0.2437402606010437 0.38560885190963745 
v -0.8213855624198914 -0.24438625574111938 0.3891034722328186 
v -0.8257030248641968 -0.24632422626018524 0.39399591088294983 
v -0.8143696784973145 -0.22759056091308594 0.41146889328956604 
v -0.8089728355407715 -0.24567823112010956 0.38351210951805115 
v -0.8041157126426697 -0.22565260529518127 0.4023829400539398 
v -0.810052216053009 -0.22565260529518127 0.4062269926071167 
v -0.7976394891738892 -0.22694458067417145 0.40028616786003113 
v -0.7933220267295837 -0.2049809843301773 0.4174097180366516 
v -0.7992585301399231 -0.2049809843301773 0.4216032326221466 
v -0.8035759925842285 -0.20691895484924316 0.42684513330459595 
v -0.7868458032608032 -0.20691895484924316 0.4153129458427429 
v -0.7830680012702942 -0.18366338312625885 0.4303397536277771 
v -0.7890045046806335 -0.18366338312625885 0.4345332682132721 
v -0.7927823066711426 -0.18495535850524902 0.43977516889572144 
v -0.7830680012702942 -0.1616997867822647 0.4513073265552521 
v -0.7846870422363281 -0.16428373754024506 0.45724815130233765 
v -0.7755124568939209 -0.14102818071842194 0.4673824906349182 
v -0.7744330763816833 -0.14425811171531677 0.4733233153820038 
v -0.7711949348449707 -0.1474880576133728 0.478215754032135 
v -0.7657980918884277 -0.15071798861026764 0.48136091232299805 
v -0.7571631669998169 -0.12552446126937866 0.49044686555862427 
v -0.7506869435310364 -0.128108412027359 0.4911457896232605 
v -0.7431313991546631 -0.10356087237596512 0.4991833567619324 
v -0.7442107796669006 -0.12940038740634918 0.4890490174293518 
v -0.7366551756858826 -0.10485284775495529 0.4974360466003418 
v -0.7496076226234436 -0.10162290930747986 0.49848443269729614 
v -0.7371948957443237 -0.07965931296348572 0.506521999835968 
v -0.7307186722755432 -0.08095128834247589 0.5047747492790222 
v -0.7258614897727966 -0.056403748691082 0.5117639303207397 
v -0.7220836877822876 -0.031210215762257576 0.5177047252655029 
v -0.7193852663040161 -0.0040787202306091785 0.5232961177825928 
v -0.7183059453964233 0.026282716542482376 0.5281885266304016 
v -0.7183059453964233 0.05987409129738808 0.532382071018219 
v -0.7188456058502197 0.09604942053556442 0.5358766317367554 
v -0.7199249863624573 0.13351672887802124 0.5386723279953003 
v -0.7139884829521179 0.13351672887802124 0.5348283052444458 
v -0.7215440273284912 0.1696920543909073 0.540769100189209 
v -0.7156075239181519 0.1696920543909073 0.5369250178337097 
v -0.7172265648841858 0.20392940938472748 0.5383228659629822 
v -0.7134487628936768 0.20392940938472748 0.532382071018219 
v -0.7323377132415771 -0.055757761001586914 0.5135112404823303 
v -0.7436710596084595 -0.07772134989500046 0.5058230757713318 
v -0.7496076226234436 -0.0757833868265152 0.5023285150527954 
v -0.755544126033783 -0.09903895854949951 0.4949898421764374 
v -0.759321928024292 -0.09645500034093857 0.49009740352630615 
v -0.7663378119468689 -0.11971057206392288 0.4820598065853119 
v -0.7604013085365295 -0.09387104958295822 0.48345765471458435 
v -0.7674171924591064 -0.11712662130594254 0.4757695496082306 
v -0.7657980918884277 -0.11518865823745728 0.4694792628288269 
v -0.7738933563232422 -0.1384442299604416 0.4610922336578369 
v -0.7701156139373779 -0.13715225458145142 0.45515140891075134 
v -0.7787505388259888 -0.16040781140327454 0.445715993642807 
v -0.7641790509223938 -0.1377982348203659 0.4513073265552521 
v -0.7733536958694458 -0.16105380654335022 0.4415224492549896 
v -0.7668774724006653 -0.1623457819223404 0.43977516889572144 
v -0.7765917778015137 -0.18495535850524902 0.4285924434661865 
v -0.7625600099563599 -0.12294051051139832 0.48730170726776123 
v -0.7145281434059143 -0.05446578562259674 0.4953393042087555 
v -0.7112900614738464 -0.029272252693772316 0.5012801289558411 
v -0.708591639995575 -0.0021407559979707003 0.5068714618682861 
v -0.7075122594833374 0.028220679610967636 0.5117639303207397 
v -0.7075122594833374 0.06181205436587334 0.5156079530715942 
v -0.7960204482078552 -0.2592439651489258 0.3887540102005005 
v -0.8073537945747375 -0.2766856551170349 0.3691842257976532 
v -0.8073537945747375 -0.2818535566329956 0.3733777701854706 
v -0.819226861000061 -0.2973572611808777 0.3520607054233551 
v -0.8224649429321289 -0.3018791973590851 0.3562542200088501 
v -0.8337982892990112 -0.3154449462890625 0.33318987488746643 
v -0.8267824053764343 -0.30446314811706543 0.3604477345943451 
v -0.8386554718017578 -0.31802889704704285 0.3370339274406433 
v -0.8451316952705383 -0.31867486238479614 0.34017905592918396 
v -0.8564650416374207 -0.3296566605567932 0.31571686267852783 
v -0.8629412651062012 -0.32771870493888855 0.3178136348724365 
v -0.8667190074920654 -0.33805450797080994 0.2909052073955536 
v -0.873195230960846 -0.33676254749298096 0.2926524877548218 
v -0.8764333128929138 -0.344514399766922 0.2653946280479431 
v -0.8829095363616943 -0.34257644414901733 0.2674913704395294 
v -0.8856079578399658 -0.349036306142807 0.24023349583148956 
v -0.8920841813087463 -0.34709835052490234 0.24198080599308014 
v -0.8996397256851196 -0.3503282964229584 0.2168196737766266 
v -0.9050365686416626 -0.34645235538482666 0.21786805987358093 
v -0.9120525121688843 -0.347744345664978 0.1934058666229248 
v -0.9088143706321716 -0.339992493391037 0.21821752190589905 
v -0.9152905941009521 -0.34193044900894165 0.19375531375408173 
v -0.9098937511444092 -0.3335326015949249 0.21786805987358093 
v -0.9163699746131897 -0.3348245620727539 0.1934058666229248 
v -0.9152905941009521 -0.32836470007896423 0.19270694255828857 
v -0.9217668175697327 -0.3354705572128296 0.16894365847110748 
v -0.920147716999054 -0.3290106952190399 0.16859419643878937 
v -0.9255445599555969 -0.3348245620727539 0.143433079123497 
v -0.923925518989563 -0.32836470007896423 0.1430836170911789 
v -0.9271636605262756 -0.3335326015949249 0.11582574248313904 
v -0.9255445599555969 -0.32707270979881287 0.11582574248313904 
v -0.9271636605262756 -0.33159464597702026 0.08542271703481674 
v -0.9255445599555969 -0.3251347541809082 0.08577217906713486 
v -0.9233858585357666 -0.32255080342292786 0.05222402140498161 
v -0.9190683960914612 -0.3167369067668915 0.05327240005135536 
v -0.9163699746131897 -0.31867486238479614 0.01378342043608427 
v -0.9125921726226807 -0.31286099553108215 0.01518126018345356 
v -0.8991000652313232 -0.30769309401512146 -0.028850700706243515 
v -0.9066556692123413 -0.3096310496330261 0.01692855916917324 
v -0.8931635618209839 -0.30446314811706543 -0.02675393968820572 
v -0.9001794457435608 -0.30898505449295044 0.01867586001753807 
v -0.8872269988059998 -0.30381715297698975 -0.024307720363140106 
v -0.880750834941864 -0.3057551085948944 -0.02221095934510231 
v -0.858623743057251 -0.29864925146102905 -0.07183428108692169 
v -0.9206874370574951 -0.34257644414901733 0.16894365847110748 
v -0.9169096350669861 -0.3483903110027313 0.16859419643878937 
v -0.9066556692123413 -0.35226625204086304 0.19235748052597046 
v -0.8931635618209839 -0.35226625204086304 0.21542184054851532 
v -0.8866873383522034 -0.35097426176071167 0.21367454528808594 
v -0.8791317343711853 -0.3483903110027313 0.23813673853874207 
v -0.8737348914146423 -0.3451603949069977 0.23603998124599457 
v -0.8704968094825745 -0.3438684046268463 0.2629483938217163 
v -0.8650999665260315 -0.3406384587287903 0.2605021893978119 
v -0.8607825040817261 -0.33740854263305664 0.28810951113700867 
v -0.8553856611251831 -0.3341785967350006 0.284964382648468 
v -0.8499888181686401 -0.3290106952190399 0.3129211664199829 
v -0.8451316952705383 -0.3257807493209839 0.30942657589912415 
v -0.8812904953956604 -0.347744345664978 0.21192723512649536 
v -0.8931635618209839 -0.3529122471809387 0.18956179916858673 
v -0.8996397256851196 -0.3535582423210144 0.1913090944290161 
v -0.9115127921104431 -0.3529122471809387 0.16789528727531433 
v -0.9206874370574951 -0.347744345664978 0.14273415505886078 
v -0.9244652390480042 -0.34193044900894165 0.1430836170911789 
v -0.9260842800140381 -0.3406384587287903 0.11547628045082092 
v -0.9260842800140381 -0.3387005031108856 0.08507326245307922 
v -0.923925518989563 -0.3361165523529053 0.051175639033317566 
v -0.9250048995018005 -0.3290106952190399 0.05152510106563568 
v -0.9169096350669861 -0.33224061131477356 0.01203611958771944 
v -0.9179890155792236 -0.3251347541809082 0.012735039927065372 
v -0.9044969081878662 -0.3199668526649475 -0.03234529867768288 
v -0.9028778672218323 -0.31350696086883545 -0.030947459861636162 
v -0.8758936524391174 -0.3005872070789337 -0.0805707797408104 
v -0.8704968094825745 -0.2973572611808777 -0.07742563635110855 
v -0.8645603060722351 -0.2967112958431244 -0.07462996244430542 
v -0.824623703956604 -0.28960540890693665 -0.12984463572502136 
v -0.9228461384773254 -0.344514399766922 0.08472380042076111 
v -0.9228461384773254 -0.34645235538482666 0.11512681841850281 
v -0.9174492955207825 -0.35097426176071167 0.11477735638618469 
v -0.9152905941009521 -0.35226625204086304 0.14203524589538574 
v -0.9050365686416626 -0.3542042076587677 0.16684690117835999 
v -0.8985604047775269 -0.3535582423210144 0.16579851508140564 
v -0.8926238417625427 -0.3496823012828827 0.1647501438856125 
v -0.8872269988059998 -0.3496823012828827 0.18816396594047546 
v -0.8834492564201355 -0.3438684046268463 0.18711557984352112 
v -0.8775126934051514 -0.34257644414901733 0.21017993986606598 
v -0.8699571490287781 -0.3393464982509613 0.23394322395324707 
v -0.8613221645355225 -0.3354705572128296 0.2580559551715851 
v -0.8521475791931152 -0.3290106952190399 0.2821686863899231 
v -0.8418935537338257 -0.3212588131427765 0.3059319853782654 
v -0.8510681986808777 -0.32319679856300354 0.2797224819660187 
v -0.8408141732215881 -0.3147989511489868 0.30313628911972046 
v -0.8310998678207397 -0.3109230101108551 0.32934579253196716 
v -0.8305602073669434 -0.30446314811706543 0.3262006640434265 
v -0.819226861000061 -0.292189359664917 0.3482166528701782 
v -0.8791317343711853 -0.33224061131477356 0.2937008738517761 
v -0.8829095363616943 -0.32642674446105957 0.293351411819458 
v -0.8926238417625427 -0.33288660645484924 0.26819029450416565 
v -0.8937032222747803 -0.32642674446105957 0.2671419084072113 
v -0.9012588262557983 -0.33740854263305664 0.2430291771888733 
v -0.9023381471633911 -0.3303026556968689 0.24233025312423706 
v -0.9012588262557983 -0.3238427937030792 0.2409324198961258 
v -0.9050365686416626 -0.3212588131427765 0.2150723785161972 
v -0.8991000652313232 -0.31802889704704285 0.21332508325576782 
v -0.8926238417625427 -0.3167369067668915 0.21157777309417725 
v -0.8920841813087463 -0.3199668526649475 0.18746504187583923 
v -0.9109731316566467 -0.32255080342292786 0.19165855646133423 
v -0.9163699746131897 -0.32319679856300354 0.16789528727531433 
v -0.9196080565452576 -0.32255080342292786 0.14273415505886078 
v -0.9055762887001038 -0.3193208575248718 0.19026072323322296 
v -0.9104334115982056 -0.3199668526649475 0.16684690117835999 
v -0.9136715531349182 -0.3193208575248718 0.14238469302654266 
v -0.9217668175697327 -0.3212588131427765 0.11617519706487656 
v -0.9158302545547485 -0.31802889704704285 0.11582574248313904 
v -0.9217668175697327 -0.3193208575248718 0.08647110313177109 
v -0.9158302545547485 -0.3160909116268158 0.0868205577135086 
v -0.9136715531349182 -0.31350696086883545 0.05432077869772911 
v -0.9066556692123413 -0.31286099553108215 0.05536916106939316 
v -0.9088143706321716 -0.3154449462890625 0.08717001974582672 
v -0.9088143706321716 -0.31738290190696716 0.11582574248313904 
v -0.9071953296661377 -0.31802889704704285 0.14168578386306763 
v -0.9034175276756287 -0.31867486238479614 0.16579851508140564 
v -0.8985604047775269 -0.31867486238479614 0.1888628751039505 
v -0.9001794457435608 -0.31415295600891113 0.05606808140873909 
v -0.9023381471633911 -0.3167369067668915 0.08751948177814484 
v -0.9023381471633911 -0.31867486238479614 0.11547628045082092 
v -0.9007191061973572 -0.3199668526649475 0.1409868597984314 
v -0.8969413042068481 -0.3206128478050232 0.1647501438856125 
v -0.8937032222747803 -0.3109230101108551 0.01972424052655697 
v -0.8888460993766785 -0.3387005031108856 0.26819029450416565 
v -0.8974810242652893 -0.34322240948677063 0.2430291771888733 
v -0.8602428436279297 -0.3290106952190399 0.2559592127799988 
v -0.8683381080627441 -0.33288660645484924 0.2325453758239746 
v -0.8758936524391174 -0.3354705572128296 0.20913155376911163 
v -0.8818301558494568 -0.33740854263305664 0.1864166557788849 
v -0.8872269988059998 -0.33740854263305664 0.16335229575634003 
v -0.8904651403427124 -0.33740854263305664 0.13993847370147705 
v -0.8926238417625427 -0.3361165523529053 0.11442790180444717 
v -0.8926238417625427 -0.3341785967350006 0.0868205577135086 
v -0.8904651403427124 -0.33159464597702026 0.055718619376420975 
v -0.8839889168739319 -0.32836470007896423 0.0204231608659029 
v -0.8710365295410156 -0.32319679856300354 -0.02116258069872856 
v -0.8856079578399658 -0.3348245620727539 0.019374780356884003 
v -0.8726555705070496 -0.3296566605567932 -0.022560419514775276 
v -0.8764333128929138 -0.3354705572128296 -0.024657180532813072 
v -0.8543062806129456 -0.32836470007896423 -0.0742805004119873 
v -0.8818301558494568 -0.3387005031108856 -0.027103399857878685 
v -0.8597031235694885 -0.33159464597702026 -0.07707618176937103 
v -0.8656396865844727 -0.33224061131477356 -0.08022131770849228 
v -0.8257030248641968 -0.3219048082828522 -0.13613492250442505 
v -0.8316395878791809 -0.32255080342292786 -0.13997897505760193 
v -0.8883063793182373 -0.344514399766922 0.16405121982097626 
v -0.8920841813087463 -0.3438684046268463 0.13993847370147705 
v -0.8964016437530518 -0.3496823012828827 0.14028793573379517 
v -0.8942428827285767 -0.34257644414901733 0.11442790180444717 
v -0.8980206847190857 -0.3483903110027313 0.11407843977212906 
v -0.8980206847190857 -0.34645235538482666 0.08577217906713486 
v -0.9039572477340698 -0.35162025690078735 0.11442790180444717 
v -0.9039572477340698 -0.3496823012828827 0.08542271703481674 
v -0.9104334115982056 -0.3529122471809387 0.11442790180444717 
v -0.9109731316566467 -0.35097426176071167 0.08507326245307922 
v -0.9174492955207825 -0.349036306142807 0.08472380042076111 
v -0.9206874370574951 -0.34193044900894165 0.05082618072628975 
v -0.9017984867095947 -0.3529122471809387 0.14063739776611328 
v -0.9088143706321716 -0.3542042076587677 0.1413363218307495 
v -0.8942428827285767 -0.3406384587287903 0.08612164109945297 
v -0.8920841813087463 -0.33805450797080994 0.05501969903707504 
v -0.8958619832992554 -0.3438684046268463 0.053971320390701294 
v -0.8893857598304749 -0.339992493391037 0.017627479508519173 
v -0.9017984867095947 -0.34709835052490234 0.052922941744327545 
v -0.8953222632408142 -0.3438684046268463 0.015880180522799492 
v -0.9082747101783752 -0.3483903110027313 0.0518745593726635 
v -0.9017984867095947 -0.344514399766922 0.014482339844107628 
v -0.9082747101783752 -0.34257644414901733 0.013084500096738338 
v -0.8883063793182373 -0.3393464982509613 -0.02920016087591648 
v -0.8947826027870178 -0.33740854263305664 -0.03129692003130913 
v -0.8721158504486084 -0.3303026556968689 -0.08301699906587601 
v -0.8370364308357239 -0.3206128478050232 -0.14312411844730377 
v -0.9152905941009521 -0.34645235538482666 0.051175639033317566 
v -0.9136715531349182 -0.33805450797080994 0.012385579757392406 
v -0.9001794457435608 -0.33288660645484924 -0.03234529867768288 
v -0.9034175276756287 -0.32707270979881287 -0.03304421901702881 
v -0.8812904953956604 -0.31286099553108215 -0.08476430177688599 
v -0.8796714544296265 -0.3064011037349701 -0.08301699906587601 
v -0.8445919752120972 -0.2960653007030487 -0.14382304251194 
v -0.8413538932800293 -0.290897399187088 -0.14102736115455627 
v -0.8494491577148438 -0.3167369067668915 -0.07008697837591171 
v -0.8505284786224365 -0.32319679856300354 -0.07148481905460358 
v -0.8170680999755859 -0.31350696086883545 -0.12914572656154633 
v -0.8203061819076538 -0.31867486238479614 -0.13229085505008698 
v -0.8159887194633484 -0.3070470988750458 -0.12739841639995575 
v -0.8462110161781311 -0.30317115783691406 -0.1459197998046875 
v -0.8451316952705383 -0.3096310496330261 -0.14661872386932373 
v -0.8802111148834229 -0.3193208575248718 -0.08546321839094162 
v -0.8418935537338257 -0.3160909116268158 -0.14557033777236938 
v -0.876973032951355 -0.3257807493209839 -0.08476430177688599 
v -0.8364967107772827 -0.287667453289032 -0.1371832937002182 
v -0.8305602073669434 -0.287667453289032 -0.13333924114704132 
v -0.7269408702850342 0.13287073373794556 0.5400701761245728 
v -0.7323377132415771 0.09604942053556442 0.5362260937690735 
v -0.7253218293190002 0.09604942053556442 0.5372744798660278 
v -0.7247821092605591 0.05987409129738808 0.5337799191474915 
v -0.7253218293190002 0.026282716542482376 0.5299358367919922 
v -0.7264012098312378 -0.0040787202306091785 0.5250434279441833 
v -0.7285599112510681 -0.03056422807276249 0.5194520354270935 
v -0.7388139367103577 -0.05446578562259674 0.512462854385376 
v -0.744750440120697 -0.05252781882882118 0.5089682340621948 
v -0.748528242111206 -0.05058985576033592 0.5037263631820679 
v -0.7533853650093079 -0.07319943606853485 0.49708661437034607 
v -0.7544647455215454 -0.07126147300004959 0.49044686555862427 
v -0.735575795173645 -0.029918240383267403 0.5184036493301392 
v -0.7415123581886292 -0.027980275452136993 0.5149090886116028 
v -0.7452901005744934 -0.026042312383651733 0.5093176960945129 
v -0.75014728307724 -0.04865189269185066 0.49708661437034607 
v -0.748528242111206 -0.0467139296233654 0.49044686555862427 
v -0.7528457045555115 -0.06932350993156433 0.4841565787792206 
v -0.744750440120697 -0.04606793820858002 0.4845060408115387 
v -0.7490679025650024 -0.06867752224206924 0.478215754032135 
v -0.739353597164154 -0.04606793820858002 0.4806619882583618 
v -0.7436710596084595 -0.06867752224206924 0.47402223944664 
v -0.7371948957443237 -0.06932350993156433 0.47227492928504944 
v -0.7425916790962219 -0.09193308651447296 0.4652857482433319 
v -0.7323377132415771 -0.0467139296233654 0.47891467809677124 
v -0.735575795173645 -0.022166384384036064 0.4862533509731293 
v -0.7415123581886292 -0.022166384384036064 0.49044686555862427 
v -0.7452901005744934 -0.023458359763026237 0.4960382282733917 
v -0.746369481086731 -0.02475033514201641 0.5030274391174316 
v -0.7442107796669006 0.0010891839629039168 0.5082693099975586 
v -0.7431313991546631 -0.00020279199816286564 0.5149090886116028 
v -0.7388139367103577 -0.0014947679592296481 0.5201509594917297 
v -0.7334170937538147 -0.0027867439202964306 0.523995041847229 
v -0.7317980527877808 0.026928704231977463 0.5285379886627197 
v -0.7290996313095093 -0.02281237207353115 0.4845060408115387 
v -0.7334170937538147 0.0036731360014528036 0.4914952516555786 
v -0.739353597164154 0.0030271480791270733 0.4953393042087555 
v -0.7431313991546631 0.0023811599239706993 0.5012801289558411 
v -0.7431313991546631 0.030158644542098045 0.5128123164176941 
v -0.7415123581886292 0.028866667300462723 0.5194520354270935 
v -0.7377345561981201 0.06116606667637825 0.5288874506950378 
v -0.7317980527877808 0.06052007898688316 0.5327315330505371 
v -0.7377345561981201 0.02757469192147255 0.5250434279441833 
v -0.8149093389511108 -0.28831344842910767 0.3824637234210968 
v -0.810052216053009 -0.2863754630088806 0.3779207468032837 
v -0.7425916790962219 -0.1481340378522873 0.45759761333465576 
v -0.7517663240432739 -0.17268158495426178 0.4474632740020752 
v -0.7577028870582581 -0.13909021019935608 0.44921058416366577 
v -0.7560837864875793 -0.1138966828584671 0.45969438552856445 
v -0.7620203495025635 -0.1138966828584671 0.46353843808174133 
v -0.7496076226234436 -0.11518865823745728 0.4579470753669739 
v -0.7496076226234436 -0.09128709882497787 0.4670330286026001 
v -0.7550044655799866 -0.09128709882497787 0.4712265729904175 
v -0.7587822079658508 -0.09193308651447296 0.47716736793518066 
v -0.7118297219276428 0.17033803462982178 0.5309842228889465 
v -0.7857664227485657 -0.2011050581932068 0.4058775305747986 
v -0.7755124568939209 -0.17978745698928833 0.41845810413360596 
v -0.7755124568939209 -0.20627295970916748 0.4062269926071167 
v -0.7652584314346313 -0.18430937826633453 0.4191570281982422 
v -0.7571631669998169 -0.1907692551612854 0.4233505427837372 
v -0.7469092011451721 -0.1675136834383011 0.4348827302455902 
v -0.7415123581886292 -0.17397356033325195 0.44257083535194397 
v -0.7323377132415771 -0.14942601323127747 0.45270517468452454 
v -0.7307186722755432 -0.15459392964839935 0.4628395140171051 
v -0.7220836877822876 -0.12940038740634918 0.4719254672527313 
v -0.7242424488067627 -0.1326303333044052 0.48240926861763 
v -0.7145281434059143 -0.10485284775495529 0.4799630641937256 
v -0.7166869044303894 -0.10743679851293564 0.4907963275909424 
v -0.7080519199371338 -0.0803053006529808 0.48765116930007935 
v -0.7107503414154053 -0.08288925886154175 0.49848443269729614 
v -0.703194797039032 -0.055757761001586914 0.49464038014411926 
v -0.7058932185173035 -0.05834171175956726 0.5054736137390137 
v -0.6999566555023193 -0.03056422807276249 0.500930666923523 
v -0.7021154165267944 -0.0325021930038929 0.5117639303207397 
v -0.6972582340240479 -0.0027867439202964306 0.506521999835968 
v -0.699416995048523 -0.005370696075260639 0.5173552632331848 
v -0.6983376145362854 0.02563672885298729 0.5225971937179565 
v -0.7042741179466248 0.024344751611351967 0.5320326089859009 
v -0.7042741179466248 0.0585821159183979 0.5362260937690735 
v -0.7134487628936768 0.05793612822890282 0.5428658723831177 
v -0.7139884829521179 0.09475744515657425 0.546360433101654 
v -0.7247821092605591 0.0585821159183979 0.5453121066093445 
v -0.7253218293190002 0.09475744515657425 0.5488066673278809 
v -0.7361155152320862 0.05922810360789299 0.5432153344154358 
v -0.7366551756858826 0.09540343284606934 0.5467098951339722 
v -0.746369481086731 0.09604942053556442 0.540769100189209 
v -0.7474488615989685 0.13287073373794556 0.5435647964477539 
v -0.753925085067749 0.13351672887802124 0.5341293811798096 
v -0.755544126033783 0.1690460592508316 0.5362260937690735 
v -0.7582425475120544 0.1696920543909073 0.5250434279441833 
v -0.7598615884780884 0.2026374340057373 0.526441216468811 
v -0.7577028870582581 0.203283429145813 0.5152584910392761 
v -0.7614806294441223 0.23299887776374817 0.5271401405334473 
v -0.759321928024292 0.23299887776374817 0.5159574151039124 
v -0.7630996704101562 0.2607763707637787 0.5274896025657654 
v -0.7609409689903259 0.2607763707637787 0.5163068771362305 
v -0.7620203495025635 0.28726187348365784 0.5163068771362305 
v -0.7560837864875793 0.2879078686237335 0.506521999835968 
v -0.7571631669998169 0.31503936648368835 0.506521999835968 
v -0.7474488615989685 0.31503936648368835 0.4998822808265686 
v -0.748528242111206 0.34410881996154785 0.4995328187942505 
v -0.7361155152320862 0.31568533182144165 0.4974360466003418 
v -0.7371948957443237 0.34410881996154785 0.49708661437034607 
v -0.7571631669998169 0.2026374340057373 0.537623941898346 
v -0.7490679025650024 0.16840007901191711 0.5456615686416626 
v -0.7377345561981201 0.13222475349903107 0.5495055913925171 
v -0.7264012098312378 0.13222475349903107 0.5516023635864258 
v -0.7156075239181519 0.13222475349903107 0.549156129360199 
v -0.7048138380050659 0.09540343284606934 0.5397207140922546 
v -0.697797954082489 0.05987409129738808 0.5267906785011292 
v -0.6956391930580139 0.06116606667637825 0.5156079530715942 
v -0.6961789131164551 0.02757469192147255 0.5114144682884216 
v -0.6983376145362854 0.06310403347015381 0.5044252872467041 
v -0.6983376145362854 0.02951265685260296 0.5002317428588867 
v -0.7048138380050659 0.03145062178373337 0.4911457896232605 
v -0.7058932185173035 0.001735172001644969 0.4862533509731293 
v -0.7156075239181519 0.0036731360014528036 0.4803125262260437 
v -0.7177662253379822 -0.022166384384036064 0.47507062554359436 
v -0.7269408702850342 0.005611099768429995 0.4785652160644531 
v -0.7290996313095093 -0.020228419452905655 0.4733233153820038 
v -0.7258614897727966 0.034034572541713715 0.48310819268226624 
v -0.7145281434059143 0.03274259716272354 0.4852049648761749 
v -0.7048138380050659 0.06439600884914398 0.4949898421764374 
v -0.6988772749900818 0.09927935898303986 0.5079198479652405 
v -0.6961789131164551 0.09798738360404968 0.5191025733947754 
v -0.6999566555023193 0.1361006796360016 0.5107155442237854 
v -0.697797954082489 0.1348087042570114 0.5218982696533203 
v -0.6988772749900818 0.17098402976989746 0.523995041847229 
v -0.7010360360145569 0.17033803462982178 0.5351777672767639 
v -0.703194797039032 0.20457540452480316 0.5369250178337097 
v -0.7091313004493713 0.20392940938472748 0.546360433101654 
v -0.7107503414154053 0.23429085314273834 0.5474088191986084 
v -0.7188456058502197 0.203283429145813 0.5530002117156982 
v -0.7204646468162537 0.23364485800266266 0.5536991357803345 
v -0.7312583327293396 0.23364485800266266 0.5561453104019165 
v -0.7328773736953735 0.261422336101532 0.5568442344665527 
v -0.7425916790962219 0.23299887776374817 0.5540485978126526 
v -0.7442107796669006 0.2607763707637787 0.5547475218772888 
v -0.753925085067749 0.2607763707637787 0.5484572052955627 
v -0.755544126033783 0.2879078686237335 0.5484572052955627 
v -0.7620203495025635 0.28726187348365784 0.5390217900276184 
v -0.7630996704101562 0.31503936648368835 0.5386723279953003 
v -0.7641790509223938 0.28726187348365784 0.5274896025657654 
v -0.7652584314346313 0.31439337134361267 0.5274896025657654 
v -0.7630996704101562 0.31439337134361267 0.5159574151039124 
v -0.7577028870582581 0.34410881996154785 0.5058230757713318 
v -0.7490679025650024 0.3757622241973877 0.4991833567619324 
v -0.7377345561981201 0.3764082193374634 0.49673715233802795 
v -0.7523060441017151 0.23299887776374817 0.5481077432632446 
v -0.740972638130188 0.2026374340057373 0.5533496737480164 
v -0.7296392917633057 0.2026374340057373 0.555446445941925 
v -0.7166869044303894 0.1690460592508316 0.5512529015541077 
v -0.7075122594833374 0.1696920543909073 0.5449626445770264 
v -0.7058932185173035 0.13287073373794556 0.5428658723831177 
v -0.699416995048523 0.13416270911693573 0.5330809950828552 
v -0.6983376145362854 0.09669540822505951 0.5302852988243103 
v -0.7587822079658508 0.23299887776374817 0.5386723279953003 
v -0.7506869435310364 0.2026374340057373 0.5470593571662903 
v -0.739353597164154 0.16840007901191711 0.5516023635864258 
v -0.7280202507972717 0.16840007901191711 0.5536991357803345 
v -0.7604013085365295 0.2607763707637787 0.5390217900276184 
v -0.7350361347198486 0.2885538339614868 0.4977855086326599 
v -0.746369481086731 0.2879078686237335 0.5002317428588867 
v -0.7544647455215454 0.261422336101532 0.506521999835968 
v -0.7339567542076111 0.26206833124160767 0.4977855086326599 
v -0.7452901005744934 0.261422336101532 0.5002317428588867 
v -0.7528457045555115 0.23364485800266266 0.5061725378036499 
v -0.7323377132415771 0.23493683338165283 0.4974360466003418 
v -0.7436710596084595 0.23429085314273834 0.4998822808265686 
v -0.7512266635894775 0.20392940938472748 0.5054736137390137 
v -0.7560837864875793 0.17033803462982178 0.5138607025146484 
v -0.7544647455215454 0.1354546844959259 0.5117639303207397 
v -0.7566235065460205 0.13416270911693573 0.5229466557502747 
v -0.7550044655799866 0.09863337129354477 0.5201509594917297 
v -0.7528457045555115 0.0973413959145546 0.5313336849212646 
v -0.7523060441017151 0.06181205436587334 0.5281885266304016 
v -0.7458298206329346 0.06052007898688316 0.5372744798660278 
v -0.7523060441017151 0.028866667300462723 0.523995041847229 
v -0.7458298206329346 0.026928704231977463 0.5334304571151733 
v -0.7469092011451721 -0.0027867439202964306 0.5285379886627197 
v -0.7371948957443237 -0.004724707920104265 0.5344788432121277 
v -0.7398933172225952 -0.031210215762257576 0.5288874506950378 
v -0.7264012098312378 -0.006016684230417013 0.5362260937690735 
v -0.7285599112510681 -0.033148180693387985 0.5306347608566284 
v -0.7177662253379822 -0.03444015607237816 0.5281885266304016 
v -0.7323377132415771 -0.05898769944906235 0.5246939659118652 
v -0.7210043668746948 -0.059633687138557434 0.5218982696533203 
v -0.7371948957443237 -0.08288925886154175 0.5177047252655029 
v -0.7264012098312378 -0.08482722193002701 0.5149090886116028 
v -0.7323377132415771 -0.10872877389192581 0.5072209239006042 
v -0.7166869044303894 -0.08482722193002701 0.5082693099975586 
v -0.7231630682945251 -0.1093747615814209 0.5005812048912048 
v -0.7361155152320862 0.02563672885298729 0.5393712520599365 
v -0.7247821092605591 0.024344751611351967 0.5411185622215271 
v -0.7139884829521179 0.02369876392185688 0.5386723279953003 
v -0.7058932185173035 -0.0066626719199121 0.5271401405334473 
v -0.7150678038597107 -0.0066626719199121 0.5337799191474915 
v -0.7080519199371338 -0.03444015607237816 0.5215488076210022 
v -0.7118297219276428 -0.059633687138557434 0.5152584910392761 
v -0.7544647455215454 0.06310403347015381 0.5170058012008667 
v -0.7544647455215454 0.030804632231593132 0.5131617784500122 
v -0.7533853650093079 -0.00020279199816286564 0.5194520354270935 
v -0.755544126033783 0.0023811599239706993 0.5086187720298767 
v -0.755544126033783 -0.026042312383651733 0.5142101645469666 
v -0.7577028870582581 -0.023458359763026237 0.5033769011497498 
v -0.7614806294441223 -0.0467139296233654 0.4977855086326599 
v -0.7587822079658508 -0.04412997514009476 0.4866028130054474 
v -0.7657980918884277 -0.06867752224206924 0.4914952516555786 
v -0.7636393904685974 -0.0660935714840889 0.4803125262260437 
v -0.7690362334251404 -0.08805716037750244 0.4736727774143219 
v -0.7571631669998169 -0.06480158865451813 0.47087711095809937 
v -0.7625600099563599 -0.08676518499851227 0.46423736214637756 
v -0.7479885220527649 -0.06480158865451813 0.46423736214637756 
v -0.7533853650093079 -0.08676518499851227 0.45759761333465576 
v -0.7425916790962219 -0.08870314806699753 0.4544524848461151 
v -0.7496076226234436 -0.11131272464990616 0.4471138119697571 
v -0.7604013085365295 -0.1093747615814209 0.4502589702606201 
v -0.7695758938789368 -0.10872877389192581 0.45689868927001953 
v -0.7760521173477173 -0.11066673696041107 0.46633413434028625 
v -0.7717346549034119 -0.09128709882497787 0.4845060408115387 
v -0.7695758938789368 -0.0951630249619484 0.4949898421764374 
v -0.7636393904685974 -0.07255344837903976 0.5019790530204773 
v -0.7577028870582581 -0.07642937451601028 0.5107155442237854 
v -0.7587822079658508 -0.049943868070840836 0.5082693099975586 
v -0.7528457045555115 -0.05317380651831627 0.5173552632331848 
v -0.7490679025650024 -0.02862626314163208 0.5232961177825928 
v -0.7479885220527649 -0.0803053006529808 0.5163068771362305 
v -0.7544647455215454 -0.1042068600654602 0.5086187720298767 
v -0.7436710596084595 -0.10743679851293564 0.5100166201591492 
v -0.7398933172225952 -0.13456828892230988 0.49883389472961426 
v -0.7307186722755432 -0.13456828892230988 0.49184471368789673 
v -0.7328773736953735 -0.15846985578536987 0.4733233153820038 
v -0.7398933172225952 -0.17978745698928833 0.4523557126522064 
v -0.7506869435310364 -0.20368900895118713 0.44012463092803955 
v -0.7517663240432739 -0.19787512719631195 0.4306891858577728 
v -0.7625600099563599 -0.22048470377922058 0.4170602560043335 
v -0.7674171924591064 -0.21273283660411835 0.4104205071926117 
v -0.7782108783721924 -0.23340445756912231 0.3950442671775818 
v -0.7863060832023621 -0.22629858553409576 0.391549676656723 
v -0.797099769115448 -0.24438625574111938 0.37477558851242065 
v -0.7960204482078552 -0.22048470377922058 0.391549676656723 
v -0.8068140745162964 -0.238572359085083 0.37512505054473877 
v -0.7253218293190002 0.06633397191762924 0.4869522452354431 
v -0.7145281434059143 0.06568798422813416 0.4890490174293518 
v -0.7053534984588623 0.09992534667253494 0.49848443269729614 
v -0.7264012098312378 0.10121732205152512 0.49044686555862427 
v -0.7150678038597107 0.10121732205152512 0.49254360795021057 
v -0.7064328789710999 0.13674665987491608 0.5012801289558411 
v -0.7015756964683533 0.17163001000881195 0.5128123164176941 
v -0.7010360360145569 0.20522138476371765 0.5253928303718567 
v -0.7026550769805908 0.23558282852172852 0.526441216468811 
v -0.7048138380050659 0.23493683338165283 0.537623941898346 
v -0.7037344574928284 0.26336032152175903 0.5267906785011292 
v -0.7058932185173035 0.26271432638168335 0.5379734039306641 
v -0.7053534984588623 0.2898458242416382 0.5267906785011292 
v -0.7075122594833374 0.2898458242416382 0.5379734039306641 
v -0.7064328789710999 0.31633132696151733 0.526441216468811 
v -0.708591639995575 0.31633132696151733 0.5379734039306641 
v -0.7075122594833374 0.34540078043937683 0.5260917544364929 
v -0.7096709609031677 0.34540078043937683 0.537623941898346 
v -0.7102106809616089 0.37705421447753906 0.5369250178337097 
v -0.7161471843719482 0.37705421447753906 0.5467098951339722 
v -0.7166869044303894 0.41064557433128357 0.546360433101654 
v -0.7264012098312378 0.41129156947135925 0.5526507496833801 
v -0.7264012098312378 0.4468209147453308 0.552301287651062 
v -0.7377345561981201 0.41129156947135925 0.5550969839096069 
v -0.7371948957443237 0.4468209147453308 0.5547475218772888 
v -0.748528242111206 0.41129156947135925 0.5530002117156982 
v -0.748528242111206 0.4468209147453308 0.5526507496833801 
v -0.7582425475120544 0.4474668800830841 0.546360433101654 
v -0.7577028870582581 0.48364222049713135 0.5460109710693359 
v -0.7641790509223938 0.48428821563720703 0.5362260937690735 
v -0.7625600099563599 0.5211095213890076 0.5358766317367554 
v -0.7652584314346313 0.5211095213890076 0.5246939659118652 
v -0.7630996704101562 0.5566388368606567 0.5243445038795471 
v -0.7609409689903259 0.5566388368606567 0.5128123164176941 
v -0.7598615884780884 0.591522216796875 0.5236455798149109 
v -0.7577028870582581 0.591522216796875 0.512462854385376 
v -0.7550044655799866 0.6257596015930176 0.5236455798149109 
v -0.7528457045555115 0.6251136064529419 0.5121133923530579 
v -0.746369481086731 0.6574130058288574 0.5121133923530579 
v -0.7404329776763916 0.656121015548706 0.5023285150527954 
v -0.7323377132415771 0.6871284246444702 0.5023285150527954 
v -0.7231630682945251 0.6845445036888123 0.4960382282733917 
v -0.7129091024398804 0.714259922504425 0.4960382282733917 
v -0.7129091024398804 0.6806685328483582 0.4935919940471649 
v -0.703194797039032 0.70973801612854 0.4935919940471649 
v -0.7123693823814392 0.26271432638168335 0.5477582812309265 
v -0.7215440273284912 0.26206833124160767 0.5543980598449707 
v -0.7231630682945251 0.2891998291015625 0.5543980598449707 
v -0.7344964742660522 0.2885538339614868 0.5568442344665527 
v -0.7242424488067627 0.31633132696151733 0.5540485978126526 
v -0.735575795173645 0.31568533182144165 0.5564947724342346 
v -0.7366551756858826 0.34475478529930115 0.5561453104019165 
v -0.7469092011451721 0.31568533182144165 0.5543980598449707 
v -0.7479885220527649 0.34475478529930115 0.5540485978126526 
v -0.7571631669998169 0.34410881996154785 0.5477582812309265 
v -0.7582425475120544 0.3764082193374634 0.5474088191986084 
v -0.764718770980835 0.3764082193374634 0.537623941898346 
v -0.7582425475120544 0.41129156947135925 0.5467098951339722 
v -0.764718770980835 0.41129156947135925 0.5372744798660278 
v -0.764718770980835 0.4474668800830841 0.5369250178337097 
v -0.7674171924591064 0.4468209147453308 0.5253928303718567 
v -0.7663378119468689 0.48428821563720703 0.5250434279441833 
v -0.7641790509223938 0.48364222049713135 0.5138607025146484 
v -0.7630996704101562 0.5204635262489319 0.5131617784500122 
v -0.7544647455215454 0.5559929013252258 0.5033769011497498 
v -0.7512266635894775 0.5902302265167236 0.5026779770851135 
v -0.7420520186424255 0.5889382362365723 0.49638769030570984 
v -0.7377345561981201 0.6218836307525635 0.4960382282733917 
v -0.7312583327293396 0.58700031042099 0.49394145607948303 
v -0.7269408702850342 0.6192997097969055 0.4935919940471649 
v -0.748528242111206 0.3764082193374634 0.5533496737480164 
v -0.7371948957443237 0.37705421447753906 0.555446445941925 
v -0.7258614897727966 0.37705421447753906 0.5533496737480164 
v -0.7156075239181519 0.34540078043937683 0.5470593571662903 
v -0.7253218293190002 0.34540078043937683 0.5536991357803345 
v -0.7145281434059143 0.31633132696151733 0.5474088191986084 
v -0.7134487628936768 0.2891998291015625 0.5477582812309265 
v -0.7458298206329346 0.2879078686237335 0.5547475218772888 
v -0.7566235065460205 0.31503936648368835 0.5481077432632446 
v -0.7636393904685974 0.34410881996154785 0.5383228659629822 
v -0.7663378119468689 0.34410881996154785 0.5267906785011292 
v -0.7668774724006653 0.3764082193374634 0.526441216468811 
v -0.764718770980835 0.3757622241973877 0.5152584910392761 
v -0.7674171924591064 0.41064557433128357 0.5260917544364929 
v -0.7652584314346313 0.41064557433128357 0.5145596265792847 
v -0.7652584314346313 0.4468209147453308 0.5142101645469666 
v -0.7582425475120544 0.48364222049713135 0.504075825214386 
v -0.7566235065460205 0.5198175311088562 0.5037263631820679 
v -0.7474488615989685 0.5191715359687805 0.49708661437034607 
v -0.7452901005744934 0.5547009110450745 0.49673715233802795 
v -0.7361155152320862 0.5185256004333496 0.49464038014411926 
v -0.7344964742660522 0.5534089207649231 0.49429091811180115 
v -0.7366551756858826 -0.0660935714840889 0.46144166588783264 
v -0.7436710596084595 -0.042837999761104584 0.47052764892578125 
v -0.7323377132415771 -0.04412997514009476 0.46773195266723633 
v -0.7398933172225952 -0.019582431763410568 0.4761190116405487 
v -0.7290996313095093 -0.020228419452905655 0.4733233153820038 
v -0.7377345561981201 0.0062570879235863686 0.48136091232299805 
v -0.7269408702850342 0.005611099768429995 0.4785652160644531 
v -0.7366551756858826 0.0346805602312088 0.48590388894081116 
v -0.7258614897727966 0.034034572541713715 0.48310819268226624 
v -0.7366551756858826 0.06633397191762924 0.48974794149398804 
v -0.7253218293190002 0.06633397191762924 0.4869522452354431 
v -0.7371948957443237 0.10121732205152512 0.4928930699825287 
v -0.7264012098312378 0.10121732205152512 0.49044686555862427 
v -0.7388139367103577 0.13674665987491608 0.4956887662410736 
v -0.7274805307388306 0.13739265501499176 0.4928930699825287 
v -0.7404329776763916 0.17163001000881195 0.4974360466003418 
v -0.7290996313095093 0.17227600514888763 0.4949898421764374 
v -0.7420520186424255 0.20457540452480316 0.49883389472961426 
v -0.7307186722755432 0.20522138476371765 0.49638769030570984 
v -0.7528457045555115 -0.042837999761104584 0.47716736793518066 
v -0.7496076226234436 -0.019582431763410568 0.4827587306499481 
v -0.7474488615989685 0.005611099768429995 0.48765116930007935 
v -0.746369481086731 0.034034572541713715 0.49219414591789246 
v -0.746369481086731 0.06633397191762924 0.4960382282733917 
v -0.7469092011451721 0.10057133436203003 0.4995328187942505 
v -0.7479885220527649 0.1361006796360016 0.5019790530204773 
v -0.7496076226234436 0.17098402976989746 0.504075825214386 
v -0.755544126033783 -0.02087440714240074 0.49219414591789246 
v -0.7533853650093079 0.004319123923778534 0.4974360466003418 
v -0.7523060441017151 0.03274259716272354 0.5019790530204773 
v -0.7523060441017151 0.06504199653863907 0.5058230757713318 
v -0.7533853650093079 0.09992534667253494 0.5089682340621948 
v -0.7377345561981201 0.48235023021698 0.4953393042087555 
v -0.748528242111206 0.48299622535705566 0.4977855086326599 
v -0.7587822079658508 0.4468209147453308 0.5044252872467041 
v -0.7382742166519165 0.4461749196052551 0.4956887662410736 
v -0.7496076226234436 0.4461749196052551 0.498134970664978 
v -0.7587822079658508 0.41064557433128357 0.5051241517066956 
v -0.7382742166519165 0.41064557433128357 0.4960382282733917 
v -0.7496076226234436 0.41064557433128357 0.49848443269729614 
v -0.7587822079658508 0.3757622241973877 0.5054736137390137 
v -0.7641790509223938 0.34410881996154785 0.5156079530715942 
v -0.7274805307388306 0.13739265501499176 0.4928930699825287 
v -0.7161471843719482 0.13674665987491608 0.4949898421764374 
v -0.7080519199371338 0.17227600514888763 0.5033769011497498 
v -0.703194797039032 0.20522138476371765 0.5142101645469666 
v -0.7290996313095093 0.17227600514888763 0.4949898421764374 
v -0.7177662253379822 0.17227600514888763 0.49708661437034607 
v -0.7096709609031677 0.20522138476371765 0.5047747492790222 
v -0.7112900614738464 0.23558282852172852 0.5058230757713318 
v -0.7048138380050659 0.23558282852172852 0.5152584910392761 
v -0.7129091024398804 0.26271432638168335 0.5061725378036499 
v -0.7064328789710999 0.26336032152175903 0.5156079530715942 
v -0.7075122594833374 0.2898458242416382 0.5156079530715942 
v -0.7210043668746948 0.6509531140327454 0.4935919940471649 
v -0.7312583327293396 0.6535370349884033 0.4960382282733917 
v -0.7469092011451721 0.6238216161727905 0.5026779770851135 
v -0.7431313991546631 -0.056403748691082 0.5229466557502747 
v -0.699416995048523 -0.0008487799786962569 0.4953393042087555 
v -0.708591639995575 -0.02475033514201641 0.48101145029067993 
v -0.7021154165267944 -0.027980275452136993 0.49009740352630615 
v -0.7118297219276428 -0.04929788038134575 0.47507062554359436 
v -0.7058932185173035 -0.05252781882882118 0.48380711674690247 
v -0.7166869044303894 -0.07255344837903976 0.46843087673187256 
v -0.7102106809616089 -0.07642937451601028 0.47716736793518066 
v -0.7166869044303894 -0.10033093392848969 0.469828724861145 
v -0.7215440273284912 -0.04606793820858002 0.4691298007965088 
v -0.7323377132415771 -0.04412997514009476 0.46773195266723633 
v -0.7258614897727966 -0.06932350993156433 0.4628395140171051 
v -0.7366551756858826 -0.0660935714840889 0.46144166588783264 
v -0.7317980527877808 -0.09193308651447296 0.4558503329753876 
v -0.7226234078407288 -0.09580901265144348 0.4610922336578369 
v -0.7237027883529663 -0.12487847357988358 0.46179112792015076 
v -0.7388139367103577 -0.11518865823745728 0.4481621980667114 
v -0.7296392917633057 -0.11971057206392288 0.45340409874916077 
v -0.7469092011451721 -0.1384442299604416 0.43977516889572144 
v -0.7377345561981201 -0.14361213147640228 0.44466760754585266 
v -0.755544126033783 -0.1616997867822647 0.4303397536277771 
v -0.7571631669998169 -0.13456828892230988 0.4387267827987671 
v -0.7663378119468689 -0.1571778804063797 0.42929136753082275 
v -0.7496076226234436 -0.11131272464990616 0.4471138119697571 
v -0.7425916790962219 -0.08870314806699753 0.4544524848461151 
v -0.7571631669998169 -0.13456828892230988 0.4387267827987671 
v -0.7679568529129028 -0.13198433816432953 0.44187191128730774 
v -0.7776711583137512 -0.13198433816432953 0.44851166009902954 
v -0.7863060832023621 -0.15459392964839935 0.4394257068634033 
v -0.7927823066711426 -0.15653188526630402 0.44851166009902954 
v -0.802496612071991 -0.17914146184921265 0.43732893466949463 
v -0.8051950335502625 -0.18366338312625885 0.4474632740020752 
v -0.8127506375312805 -0.2004590779542923 0.42439892888069153 
v -0.8159887194633484 -0.205626979470253 0.434183806180954 
v -0.8235443234443665 -0.22048470377922058 0.40937215089797974 
v -0.8267824053764343 -0.22629858553409576 0.41845810413360596 
v -0.8386554718017578 -0.24567823112010956 0.40098509192466736 
v -0.8381157517433167 -0.2534300982952118 0.4086732268333435 
v -0.8499888181686401 -0.2715177536010742 0.3887540102005005 
v -0.8462110161781311 -0.2805615961551666 0.3936464488506317 
v -0.858623743057251 -0.2967112958431244 0.37163046002388 
v -0.8516078591346741 -0.3051091134548187 0.3733777701854706 
v -0.8634809255599976 -0.3193208575248718 0.3492650091648102 
v -0.8418935537338257 -0.3115690052509308 0.37267884612083435 
v -0.8543062806129456 -0.3257807493209839 0.3482166528701782 
v -0.8316395878791809 -0.3147989511489868 0.3691842257976532 
v -0.8440523147583008 -0.3290106952190399 0.3450714945793152 
v -0.8337982892990112 -0.32771870493888855 0.33982959389686584 
v -0.8553856611251831 -0.339992493391037 0.3199103772640228 
v -0.8451316952705383 -0.3393464982509613 0.3150179386138916 
v -0.866179347038269 -0.349036306142807 0.29405033588409424 
v -0.8559253215789795 -0.347744345664978 0.28950735926628113 
v -0.8656396865844727 -0.3542042076587677 0.26399677991867065 
v -0.857004702091217 -0.349036306142807 0.25980326533317566 
v -0.8656396865844727 -0.3535582423210144 0.23499159514904022 
v -0.8597031235694885 -0.344514399766922 0.23184646666049957 
v -0.8672587275505066 -0.347744345664978 0.20808318257331848 
v -0.8575444221496582 -0.3341785967350006 0.22905078530311584 
v -0.8650999665260315 -0.33676254749298096 0.2063358873128891 
v -0.8667190074920654 -0.3251347541809082 0.20563696324825287 
v -0.8726555705070496 -0.32642674446105957 0.18362097442150116 
v -0.8785920739173889 -0.3167369067668915 0.1843198984861374 
v -0.8834492564201355 -0.31738290190696716 0.162653386592865 
v -0.8877667188644409 -0.3096310496330261 0.18571774661540985 
v -0.8926238417625427 -0.3102770447731018 0.16370175778865814 
v -0.8262427449226379 -0.234050452709198 0.42684513330459595 
v -0.8343380093574524 -0.2624739110469818 0.41426458954811096 
v -0.8391951322555542 -0.28895941376686096 0.39609265327453613 
v -0.8294808268547058 -0.29477331042289734 0.395743191242218 
v -0.8186871409416199 -0.29800325632095337 0.39224860072135925 
v -0.8213855624198914 -0.31415295600891113 0.36394232511520386 
v -0.8257030248641968 -0.32319679856300354 0.33353930711746216 
v -0.8370364308357239 -0.3341785967350006 0.30942657589912415 
v -0.820845901966095 -0.3154449462890625 0.32724905014038086 
v -0.8316395878791809 -0.32642674446105957 0.3038352131843567 
v -0.8305602073669434 -0.3160909116268158 0.29894277453422546 
v -0.8402745127677917 -0.3238427937030792 0.2758784294128418 
v -0.8332586288452148 -0.3057551085948944 0.2957976460456848 
v -0.8429729342460632 -0.31350696086883545 0.273432195186615 
v -0.8494491577148438 -0.30381715297698975 0.27273327112197876 
v -0.8580840826034546 -0.30898505449295044 0.2503678500652313 
v -0.8672587275505066 -0.3025251626968384 0.2521151304244995 
v -0.8656396865844727 -0.31286099553108215 0.22835186123847961 
v -0.8748142719268799 -0.3064011037349701 0.22974969446659088 
v -0.8726555705070496 -0.3154449462890625 0.20598642528057098 
v -0.8818301558494568 -0.30833905935287476 0.20773372054100037 
v -0.8397348523139954 -0.2960653007030487 0.2950987219810486 
v -0.8230046033859253 -0.2960653007030487 0.3178136348724365 
v -0.8197665214538574 -0.3057551085948944 0.3216576874256134 
v -0.8084331750869751 -0.2928353548049927 0.3436736464500427 
v -0.8089728355407715 -0.3025251626968384 0.3499639332294464 
v -0.797099769115448 -0.2779776453971863 0.364291787147522 
v -0.797099769115448 -0.2863754630088806 0.3712809979915619 
v -0.7852267622947693 -0.26893380284309387 0.391549676656723 
v -0.8014172911643982 -0.29348134994506836 0.37896913290023804 
v -0.7890045046806335 -0.27474769949913025 0.399936705827713 
v -0.7965601086616516 -0.2786236107349396 0.40762484073638916 
v -0.7841473817825317 -0.2579520046710968 0.42719459533691406 
v -0.7933220267295837 -0.2579520046710968 0.43348488211631775 
v -0.7814489603042603 -0.2346964329481125 0.45060843229293823 
v -0.8041157126426697 -0.25472205877304077 0.4366300106048584 
v -0.791702926158905 -0.23211248219013214 0.454103022813797 
v -0.8138300180435181 -0.24955415725708008 0.4366300106048584 
v -0.8019569516181946 -0.22694458067417145 0.4537535607814789 
v -0.810052216053009 -0.2198387086391449 0.449909508228302 
v -0.7992585301399231 -0.19658313691616058 0.46388790011405945 
v -0.8149093389511108 -0.21273283660411835 0.4429202973842621 
v -0.8041157126426697 -0.19012326002120972 0.4565492272377014 
v -0.7938616871833801 -0.1668677031993866 0.46843087673187256 
v -0.7954807281494141 -0.16105380654335022 0.4586459994316101 
v -0.7863060832023621 -0.1377982348203659 0.46843087673187256 
v -0.7836077213287354 -0.13392230868339539 0.4579470753669739 
v -0.7765917778015137 -0.25472205877304077 0.4188075661659241 
v -0.7717346549034119 -0.23534242808818817 0.44431814551353455 
v -0.7695758938789368 -0.21079488098621368 0.46563521027565 
v -0.7803695797920227 -0.20821093022823334 0.4687803387641907 
v -0.7906236052513123 -0.20304302871227264 0.46843087673187256 
v -0.7884648442268372 -0.17268158495426178 0.4761190116405487 
v -0.7846870422363281 -0.1423201560974121 0.4785652160644531 
v -0.7782108783721924 -0.1138966828584671 0.47681790590286255 
v -0.7765917778015137 -0.11841859668493271 0.48730170726776123 
v -0.7792901992797852 -0.1481340378522873 0.4866028130054474 
v -0.7798299193382263 -0.17849548161029816 0.4806619882583618 
v -0.7695758938789368 -0.18301740288734436 0.48136091232299805 
v -0.7587822079658508 -0.1856013536453247 0.478215754032135 
v -0.7604013085365295 -0.21079488098621368 0.4589954614639282 
v -0.764718770980835 -0.23211248219013214 0.43558165431022644 
v -0.7614806294441223 -0.22694458067417145 0.4261462092399597 
v -0.7733536958694458 -0.2489081770181656 0.40972161293029785 
v -0.7738933563232422 -0.24115630984306335 0.4013345539569855 
v -0.7895442247390747 -0.2521381080150604 0.3779207468032837 
v -0.8084331750869751 -0.26053595542907715 0.3566036820411682 
v -0.8181474804878235 -0.25472205877304077 0.35730260610580444 
v -0.7533853650093079 -0.20821093022823334 0.449909508228302 
v -0.7431313991546631 -0.18366338312625885 0.462490051984787 
v -0.7496076226234436 -0.1856013536453247 0.4715760052204132 
v -0.739353597164154 -0.16040781140327454 0.48240926861763 
v -0.7490679025650024 -0.15976183116436005 0.4890490174293518 
v -0.7506869435310364 -0.13198433816432953 0.5016295909881592 
v -0.7614806294441223 -0.128108412027359 0.5005812048912048 
v -0.7636393904685974 -0.0996849462389946 0.5033769011497498 
v -0.7598615884780884 -0.1578238606452942 0.49219414591789246 
v -0.7701156139373779 -0.15330195426940918 0.4914952516555786 
v -0.7706552743911743 -0.1235864982008934 0.4953393042087555 
v -0.8597031235694885 -0.32255080342292786 0.2280023992061615 
v -0.8494491577148438 -0.3296566605567932 0.2524645924568176 
v -0.8510681986808777 -0.3406384587287903 0.25560975074768066 
v -0.8418935537338257 -0.3341785967350006 0.2797224819660187 
v -0.8472903966903687 -0.34257644414901733 0.2846149206161499 
v -0.8516078591346741 -0.31867486238479614 0.25071731209754944 
v -0.7852267622947693 -0.26053595542907715 0.38386157155036926 
v -0.800877571105957 -0.26893380284309387 0.35904988646507263 
v -0.819226861000061 -0.27474769949913025 0.3370339274406433 
v -0.8284014463424683 -0.2682878077030182 0.33773285150527954 
v -0.8122109174728394 -0.28379151225090027 0.3391306698322296 
v -0.8294808268547058 -0.2870214581489563 0.31641578674316406 
v -0.8391951322555542 -0.2805615961551666 0.3174641728401184 
v -0.8489094376564026 -0.28960540890693665 0.29614710807800293 
v -0.8580840826034546 -0.2967112958431244 0.2741311192512512 
v -0.8219252824783325 -0.24180230498313904 0.43313542008399963 
v -0.8262427449226379 -0.27022576332092285 0.4174097180366516 
v -0.8165284395217896 -0.27603965997695923 0.4170602560043335 
v -0.8062744140625 -0.2786236107349396 0.41391512751579285 
v -0.8089728355407715 -0.2973572611808777 0.3866572380065918 
v -0.8138300180435181 -0.3096310496330261 0.35695314407348633 
v -0.866179347038269 -0.33740854263305664 0.3230555057525635 
v -0.876973032951355 -0.345806360244751 0.2971954941749573 
v -0.8764333128929138 -0.35549619793891907 0.26819029450416565 
v -0.8872269988059998 -0.3529122471809387 0.27098599076271057 
v -0.8856079578399658 -0.36066409945487976 0.24233025312423706 
v -0.8964016437530518 -0.35743415355682373 0.24477648735046387 
v -0.9039572477340698 -0.36066409945487976 0.2192658931016922 
v -0.913131833076477 -0.3535582423210144 0.22066374123096466 
v -0.920147716999054 -0.35549619793891907 0.1955026239156723 
v -0.9190683960914612 -0.3438684046268463 0.2213626652956009 
v -0.9260842800140381 -0.345806360244751 0.19620153307914734 
v -0.9212270975112915 -0.33288660645484924 0.22066374123096466 
v -0.927703320980072 -0.3341785967350006 0.19585208594799042 
v -0.9250048995018005 -0.32319679856300354 0.19480369985103607 
v -0.933100163936615 -0.3348245620727539 0.17069095373153687 
v -0.9304017424583435 -0.3238427937030792 0.16999204456806183 
v -0.9363382458686829 -0.3341785967350006 0.14448146522045135 
v -0.9341795444488525 -0.32319679856300354 0.14448146522045135 
v -0.938497006893158 -0.33288660645484924 0.11617519706487656 
v -0.9357985854148865 -0.3219048082828522 0.11652465909719467 
v -0.938497006893158 -0.3309486508369446 0.08507326245307922 
v -0.9357985854148865 -0.3199668526649475 0.08577217906713486 
v -0.933100163936615 -0.31738290190696716 0.05152510106563568 
v -0.9266239404678345 -0.30833905935287476 0.052922941744327545 
v -0.9260842800140381 -0.31350696086883545 0.01203611958771944 
v -0.9196080565452576 -0.30446314811706543 0.014482339844107628 
v -0.9061159491539001 -0.29929524660110474 -0.03024853952229023 
v -0.9104334115982056 -0.29864925146102905 0.017278019338846207 
v -0.8969413042068481 -0.29348134994506836 -0.026404479518532753 
v -0.8996397256851196 -0.2973572611808777 0.01972424052655697 
v -0.8866873383522034 -0.292189359664917 -0.022560419514775276 
v -0.8758936524391174 -0.295419305562973 -0.01941527985036373 
v -0.8543062806129456 -0.28895941376686096 -0.06833968311548233 
v -0.864020586013794 -0.2857294976711273 -0.07253319770097733 
v -0.8742746114730835 -0.2863754630088806 -0.07777509838342667 
v -0.8829095363616943 -0.2915433943271637 -0.08266753703355789 
v -0.9125921726226807 -0.30769309401512146 -0.03374313935637474 
v -0.9147509336471558 -0.31867486238479614 -0.03583990037441254 
v -0.9287827014923096 -0.3244887590408325 0.010288819670677185 
v -0.9271636605262756 -0.3354705572128296 0.009240440092980862 
v -0.9357985854148865 -0.32836470007896423 0.05012726038694382 
v -0.9341795444488525 -0.3393464982509613 0.049428340047597885 
v -0.936877965927124 -0.34257644414901733 0.084374338388443 
v -0.936877965927124 -0.344514399766922 0.11582574248313904 
v -0.9347192049026489 -0.345806360244751 0.14413200318813324 
v -0.9309414029121399 -0.345806360244751 0.17069095373153687 
v -0.929322361946106 -0.35549619793891907 0.143433079123497 
v -0.9255445599555969 -0.35614219307899475 0.16999204456806183 
v -0.9163699746131897 -0.3632480502128601 0.16859419643878937 
v -0.9109731316566467 -0.3626020550727844 0.19410477578639984 
v -0.9001794457435608 -0.36518600583076477 0.19200801849365234 
v -0.8937032222747803 -0.3632480502128601 0.2168196737766266 
v -0.8893857598304749 -0.3638940453529358 0.18956179916858673 
v -0.882369875907898 -0.36195605993270874 0.21367454528808594 
v -0.873195230960846 -0.35614219307899475 0.2108788639307022 
v -0.8748142719268799 -0.3587261438369751 0.2388356626033783 
v -0.8888460993766785 -0.3005872070789337 0.02217045985162258 
v -0.9061159491539001 -0.3012332022190094 0.05641753971576691 
v -0.8953222632408142 -0.30381715297698975 0.057465918362140656 
v -0.9082747101783752 -0.30381715297698975 0.08786893635988235 
v -0.8974810242652893 -0.3064011037349701 0.08821839839220047 
v -0.9082747101783752 -0.3057551085948944 0.11617519706487656 
v -0.8974810242652893 -0.30833905935287476 0.11582574248313904 
v -0.9066556692123413 -0.3070470988750458 0.14168578386306763 
v -0.8958619832992554 -0.3096310496330261 0.14063739776611328 
v -0.9034175276756287 -0.30769309401512146 0.16544905304908752 
v -0.8926238417625427 -0.3102770447731018 0.16370175778865814 
v -0.8985604047775269 -0.3070470988750458 0.18781450390815735 
v -0.8877667188644409 -0.3096310496330261 0.18571774661540985 
v -0.8926238417625427 -0.3057551085948944 0.21017993986606598 
v -0.8818301558494568 -0.30833905935287476 0.20773372054100037 
v -0.8856079578399658 -0.30317115783691406 0.2325453758239746 
v -0.8748142719268799 -0.3064011037349701 0.22974969446659088 
v -0.8775126934051514 -0.29929524660110474 0.25491082668304443 
v -0.8672587275505066 -0.3025251626968384 0.2521151304244995 
v -0.8688777685165405 -0.29412734508514404 0.27727624773979187 
v -0.8580840826034546 -0.2967112958431244 0.2741311192512512 
v -0.8597031235694885 -0.2870214581489563 0.2992922365665436 
v -0.8489094376564026 -0.28960540890693665 0.29614710807800293 
v -0.8494491577148438 -0.2773316502571106 0.3209587633609772 
v -0.8391951322555542 -0.2805615961551666 0.3174641728401184 
v -0.8391951322555542 -0.26570385694503784 0.3412274420261383 
v -0.8284014463424683 -0.2682878077030182 0.33773285150527954 
v -0.8284014463424683 -0.25149211287498474 0.3607971966266632 
v -0.8181474804878235 -0.25472205877304077 0.35730260610580444 
v -0.8176077604293823 -0.23534242808818817 0.3786196708679199 
v -0.8068140745162964 -0.238572359085083 0.37512505054473877 
v -0.8068140745162964 -0.21725475788116455 0.3950442671775818 
v -0.7960204482078552 -0.22048470377922058 0.391549676656723 
v -0.7965601086616516 -0.19787512719631195 0.40937215089797974 
v -0.7857664227485657 -0.2011050581932068 0.4058775305747986 
v -0.7863060832023621 -0.17720350623130798 0.4219526946544647 
v -0.7755124568939209 -0.17978745698928833 0.41845810413360596 
v -0.7765917778015137 -0.15459392964839935 0.4327859580516815 
v -0.7663378119468689 -0.1571778804063797 0.42929136753082275 
v -0.9174492955207825 -0.3025251626968384 0.054670240730047226 
v -0.9196080565452576 -0.3051091134548187 0.08751948177814484 
v -0.9196080565452576 -0.3070470988750458 0.11652465909719467 
v -0.9174492955207825 -0.30833905935287476 0.14273415505886078 
v -0.9142112135887146 -0.30898505449295044 0.1671963632106781 
v -0.9093540906906128 -0.30833905935287476 0.19026072323322296 
v -0.9034175276756287 -0.3070470988750458 0.2129756212234497 
v -0.8964016437530518 -0.30446314811706543 0.23603998124599457 
v -0.8883063793182373 -0.3005872070789337 0.25910434126853943 
v -0.8791317343711853 -0.295419305562973 0.28181925415992737 
v -0.8699571490287781 -0.287667453289032 0.3041846752166748 
v -0.8597031235694885 -0.2779776453971863 0.3258512020111084 
v -0.8489094376564026 -0.2663498520851135 0.34681880474090576 
v -0.8381157517433167 -0.2521381080150604 0.36638855934143066 
v -0.8273221254348755 -0.23598840832710266 0.3845604658126831 
v -0.8165284395217896 -0.21790075302124023 0.4013345539569855 
v -0.8057347536087036 -0.19787512719631195 0.41601186990737915 
v -0.7954807281494141 -0.1765575110912323 0.4285924434661865 
v -0.929322361946106 -0.3109230101108551 0.0868205577135086 
v -0.929322361946106 -0.31286099553108215 0.11652465909719467 
v -0.9271636605262756 -0.31415295600891113 0.14378254115581512 
v -0.923925518989563 -0.3147989511489868 0.16894365847110748 
v -0.91852867603302 -0.31415295600891113 0.19270694255828857 
v -0.9125921726226807 -0.31286099553108215 0.21612076461315155 
v -0.9050365686416626 -0.3102770447731018 0.23953458666801453 
v -0.8969413042068481 -0.3064011037349701 0.2632978558540344 
v -0.8877667188644409 -0.3005872070789337 0.2867116928100586 
v -0.8780524134635925 -0.2928353548049927 0.30977603793144226 
v -0.867798388004303 -0.2824995517730713 0.3321414887905121 
v -0.857004702091217 -0.27022576332092285 0.3538079857826233 
v -0.8456713557243347 -0.25601404905319214 0.3737272322177887 
v -0.8343380093574524 -0.2392183542251587 0.39259806275367737 
v -0.9190683960914612 -0.3219048082828522 0.21856698393821716 
v -0.9136715531349182 -0.3296566605567932 0.2454753965139389 
v -0.9115127921104431 -0.3406384587287903 0.24687324464321136 
v -0.9050365686416626 -0.3503282964229584 0.24652378261089325 
v -0.8964016437530518 -0.345806360244751 0.27273327112197876 
v -0.9023381471633911 -0.3361165523529053 0.27238380908966064 
v -0.9044969081878662 -0.3251347541809082 0.27063652873039246 
v -0.9028778672218323 -0.3147989511489868 0.2674913704395294 
v -0.9115127921104431 -0.31867486238479614 0.2430291771888733 
v -0.886147677898407 -0.3393464982509613 0.29859331250190735 
v -0.8926238417625427 -0.3296566605567932 0.29824385046958923 
v -0.8953222632408142 -0.3193208575248718 0.2957976460456848 
v -0.8937032222747803 -0.30898505449295044 0.2916041314601898 
v -0.875353991985321 -0.3303026556968689 0.32445335388183594 
v -0.8818301558494568 -0.3212588131427765 0.3234049677848816 
v -0.8704968094825745 -0.3102770447731018 0.3478671908378601 
v -0.8845285773277283 -0.3109230101108551 0.32025983929634094 
v -0.8737348914146423 -0.29994121193885803 0.34402310848236084 
v -0.8726555705070496 -0.29025140404701233 0.3387812077999115 
v -0.8618618845939636 -0.2870214581489563 0.3670874834060669 
v -0.8613221645355225 -0.2779776453971863 0.3607971966266632 
v -0.8499888181686401 -0.2624739110469818 0.38176479935646057 
v -0.8834492564201355 -0.3005872070789337 0.3153674006462097 
v -0.820845901966095 -0.27926960587501526 -0.12565112113952637 
v -0.8300204873085022 -0.27603965997695923 -0.13124248385429382 
v -0.8397348523139954 -0.2766856551170349 -0.13753275573253632 
v -0.8478301167488098 -0.2818535566329956 -0.1434735804796219 
v -0.8537666201591492 -0.290897399187088 -0.14871548116207123 
v -0.8888460993766785 -0.3005872070789337 -0.08686105906963348 
v -0.8559253215789795 -0.3012332022190094 -0.15186062455177307 
v -0.89154452085495 -0.3115690052509308 -0.08965674042701721 
v -0.8543062806129456 -0.31286099553108215 -0.15290899574756622 
v -0.8899254202842712 -0.32255080342292786 -0.09070511907339096 
v -0.8489094376564026 -0.32319679856300354 -0.15116170048713684 
v -0.8845285773277283 -0.33288660645484924 -0.0893072783946991 
v -0.8413538932800293 -0.3303026556968689 -0.14766709506511688 
v -0.8764333128929138 -0.339992493391037 -0.08651159703731537 
v -0.8316395878791809 -0.3341785967350006 -0.14207574725151062 
v -0.866179347038269 -0.3438684046268463 -0.08231808245182037 
v -0.8219252824783325 -0.33288660645484924 -0.13578546047210693 
v -0.8559253215789795 -0.34257644414901733 -0.07707618176937103 
v -0.8138300180435181 -0.32771870493888855 -0.12949517369270325 
v -0.8472903966903687 -0.33740854263305664 -0.07218374311923981 
v -0.8084331750869751 -0.3193208575248718 -0.12460274249315262 
v -0.8413538932800293 -0.32836470007896423 -0.06799022108316422 
v -0.8062744140625 -0.30833905935287476 -0.12110813707113266 
v -0.8391951322555542 -0.31738290190696716 -0.06519453972578049 
v -0.8078934550285339 -0.2973572611808777 -0.12040922045707703 
v -0.8402745127677917 -0.3064011037349701 -0.06414616107940674 
v -0.8127506375312805 -0.2870214581489563 -0.12180706113576889 
v -0.8456713557243347 -0.2960653007030487 -0.06519453972578049 
v -0.820845901966095 -0.27926960587501526 -0.12565112113952637 
v -0.8543062806129456 -0.28895941376686096 -0.06833968311548233 
v -0.913131833076477 -0.3303026556968689 -0.036888279020786285 
v -0.9077349901199341 -0.339992493391037 -0.03618935868144035 
v -0.9217668175697327 -0.345806360244751 0.009589900262653828 
v -0.9287827014923096 -0.3496823012828827 0.04907888174057007 
v -0.9309414029121399 -0.35226625204086304 0.08402487635612488 
v -0.9309414029121399 -0.3542042076587677 0.11512681841850281 
v -0.922306478023529 -0.36131009459495544 0.11442790180444717 
v -0.922306478023529 -0.3593721091747284 0.08402487635612488 
v -0.9196080565452576 -0.35678815841674805 0.0497777983546257 
v -0.913131833076477 -0.3529122471809387 0.010987740010023117 
v -0.8991000652313232 -0.347744345664978 -0.034092601388692856 
v -0.9115127921104431 -0.36195605993270874 0.084374338388443 
v -0.9088143706321716 -0.3593721091747284 0.05082618072628975 
v -0.9023381471633911 -0.35614219307899475 0.013084500096738338 
v -0.8888460993766785 -0.35097426176071167 -0.030947459861636162 
v -0.89154452085495 -0.3548502027988434 0.015880180522799492 
v -0.8785920739173889 -0.3496823012828827 -0.027103399857878685 
v -0.8694174289703369 -0.3438684046268463 -0.023259339854121208 
v -0.8629412651062012 -0.3354705572128296 -0.019764740020036697 
v -0.8980206847190857 -0.3580801486968994 0.05257347971200943 
v -0.882369875907898 -0.349036306142807 0.01867586001753807 
v -0.8758936524391174 -0.339992493391037 0.021122079342603683 
v -0.8602428436279297 -0.3244887590408325 -0.01766798086464405 
v -0.8618618845939636 -0.31286099553108215 -0.016619600355625153 
v -0.8818301558494568 -0.3438684046268463 0.05606808140873909 
v -0.8888460993766785 -0.35226625204086304 0.05432077869772911 
v -0.9001794457435608 -0.36066409945487976 0.08472380042076111 
v -0.9109731316566467 -0.3638940453529358 0.11407843977212906 
v -0.9093540906906128 -0.36518600583076477 0.1413363218307495 
v -0.920147716999054 -0.3626020550727844 0.14238469302654266 
v -0.9055762887001038 -0.36583200097084045 0.1671963632106781 
v -0.8980206847190857 -0.3638940453529358 0.14028793573379517 
v -0.9001794457435608 -0.3626020550727844 0.11372897773981094 
v -0.8904651403427124 -0.35678815841674805 0.11372897773981094 
v -0.8904651403427124 -0.3548502027988434 0.08542271703481674 
v -0.8839889168739319 -0.347744345664978 0.11372897773981094 
v -0.8839889168739319 -0.345806360244751 0.08647110313177109 
v -0.8812904953956604 -0.3348245620727539 0.08717001974582672 
v -0.8791317343711853 -0.33224061131477356 0.05711646005511284 
v -0.873195230960846 -0.3290106952190399 0.022869380190968513 
v -0.8748142719268799 -0.31802889704704285 0.023568300530314445 
v -0.867798388004303 -0.30317115783691406 -0.017318520694971085 
v -0.8758936524391174 -0.295419305562973 -0.01941527985036373 
v -0.880750834941864 -0.3212588131427765 0.05781538039445877 
v -0.8829095363616943 -0.3238427937030792 0.08786893635988235 
v -0.8812904953956604 -0.33676254749298096 0.11407843977212906 
v -0.8829095363616943 -0.3251347541809082 0.11442790180444717 
v -0.8791317343711853 -0.33805450797080994 0.13854064047336578 
v -0.880750834941864 -0.32642674446105957 0.1388901025056839 
v -0.8758936524391174 -0.3387005031108856 0.16160500049591064 
v -0.8775126934051514 -0.32707270979881287 0.16160500049591064 
v -0.8710365295410156 -0.33805450797080994 0.18397043645381927 
v -0.8802111148834229 -0.30769309401512146 0.02321884036064148 
v -0.8866873383522034 -0.3109230101108551 0.05816483870148659 
v -0.8888460993766785 -0.31350696086883545 0.08821839839220047 
v -0.8888460993766785 -0.3154449462890625 0.11512681841850281 
v -0.8866873383522034 -0.3167369067668915 0.13958902657032013 
v -0.8953222632408142 -0.30381715297698975 0.057465918362140656 
v -0.8974810242652893 -0.3064011037349701 0.08821839839220047 
v -0.8974810242652893 -0.30833905935287476 0.11582574248313904 
v -0.8958619832992554 -0.3096310496330261 0.14063739776611328 
v -0.8888460993766785 -0.3005872070789337 0.02217045985162258 
v -0.8818301558494568 -0.349036306142807 0.1388901025056839 
v -0.8785920739173889 -0.3496823012828827 0.16230392456054688 
v -0.873195230960846 -0.349036306142807 0.18536828458309174 
v -0.8850682973861694 -0.3587261438369751 0.16370175778865814 
v -0.8796714544296265 -0.3580801486968994 0.18711557984352112 
v -0.8883063793182373 -0.3580801486968994 0.13923956453800201 
v -0.8942428827285767 -0.3645400106906891 0.16544905304908752 
v -0.7307186722755432 0.20522138476371765 0.49638769030570984 
v -0.7193852663040161 0.20522138476371765 0.49848443269729614 
v -0.7323377132415771 0.23493683338165283 0.4974360466003418 
v -0.7210043668746948 0.23493683338165283 0.4995328187942505 
v -0.7339567542076111 0.26206833124160767 0.4977855086326599 
v -0.7226234078407288 0.26271432638168335 0.4998822808265686 
v -0.7139884829521179 0.2891998291015625 0.5061725378036499 
v -0.708591639995575 0.31633132696151733 0.5152584910392761 
v -0.7350361347198486 0.2885538339614868 0.4977855086326599 
v -0.7237027883529663 0.2891998291015625 0.4998822808265686 
v -0.7156075239181519 0.31633132696151733 0.5058230757713318 
v -0.7096709609031677 0.34540078043937683 0.5149090886116028 
v -0.7102106809616089 0.3764082193374634 0.5145596265792847 
v -0.7080519199371338 0.37705421447753906 0.5257422924041748 
v -0.7107503414154053 0.41064557433128357 0.5138607025146484 
v -0.708591639995575 0.41064557433128357 0.5253928303718567 
v -0.708591639995575 0.44552892446517944 0.5246939659118652 
v -0.7107503414154053 0.41064557433128357 0.5365755558013916 
v -0.7107503414154053 0.4461749196052551 0.5362260937690735 
v -0.7166869044303894 0.4461749196052551 0.5456615686416626 
v -0.7102106809616089 0.4817042648792267 0.535527229309082 
v -0.7161471843719482 0.4817042648792267 0.5453121066093445 
v -0.7150678038597107 0.5172336101531982 0.5449626445770264 
v -0.7242424488067627 0.5178796052932739 0.5512529015541077 
v -0.7226234078407288 0.5521169304847717 0.5509034395217896 
v -0.7334170937538147 0.5534089207649231 0.5533496737480164 
v -0.730178952217102 0.58700031042099 0.5530002117156982 
v -0.744750440120697 0.5547009110450745 0.5512529015541077 
v -0.7415123581886292 0.5889382362365723 0.5509034395217896 
v -0.7512266635894775 0.5902302265167236 0.5446131825447083 
v -0.746369481086731 0.6238216161727905 0.5442637205123901 
v -0.7571631669998169 0.591522216796875 0.5351777672767639 
v -0.7528457045555115 0.6251136064529419 0.5348283052444458 
v -0.746369481086731 0.6574130058288574 0.5344788432121277 
v -0.748528242111206 0.6580590009689331 0.5232961177825928 
v -0.7377345561981201 0.6890664100646973 0.5348283052444458 
v -0.7398933172225952 0.689712405204773 0.5232961177825928 
v -0.7296392917633057 0.7207198143005371 0.5236455798149109 
v -0.7382742166519165 0.6890664100646973 0.5121133923530579 
v -0.7274805307388306 0.7200738191604614 0.512462854385376 
v -0.7215440273284912 0.7174898982048035 0.5026779770851135 
v -0.7091313004493713 0.7465593218803406 0.5030274391174316 
v -0.7004963755607605 0.7426834106445312 0.49673715233802795 
v -0.6853852272033691 0.7698149085044861 0.49708661437034607 
v -0.6907820701599121 0.7375155091285706 0.49429091811180115 
v -0.6762105822563171 0.7640010118484497 0.49464038014411926 
v -0.7398933172225952 0.656121015548706 0.5442637205123901 
v -0.7371948957443237 0.6218836307525635 0.5505539774894714 
v -0.7258614897727966 0.6192997097969055 0.5526507496833801 
v -0.7193852663040161 0.5857083201408386 0.5505539774894714 
v -0.7102106809616089 0.5837703347206116 0.543914258480072 
v -0.7129091024398804 0.551470935344696 0.5442637205123901 
v -0.7069725394248962 0.5501790046691895 0.5348283052444458 
v -0.708591639995575 0.5165876150131226 0.5351777672767639 
v -0.7064328789710999 0.5165876150131226 0.523995041847229 
v -0.7080519199371338 0.481058269739151 0.5243445038795471 
v -0.7102106809616089 0.481058269739151 0.5131617784500122 
v -0.7107503414154053 0.44552892446517944 0.5135112404823303 
v -0.7172265648841858 0.41064557433128357 0.5044252872467041 
v -0.7172265648841858 0.3764082193374634 0.5051241517066956 
v -0.7264012098312378 0.3764082193374634 0.49883389472961426 
v -0.7258614897727966 0.34475478529930115 0.4991833567619324 
v -0.7377345561981201 0.3764082193374634 0.49673715233802795 
v -0.7371948957443237 0.34410881996154785 0.49708661437034607 
v -0.7361155152320862 0.31568533182144165 0.4974360466003418 
v -0.7247821092605591 0.31568533182144165 0.4995328187942505 
v -0.7161471843719482 0.34475478529930115 0.5054736137390137 
v -0.7382742166519165 0.41064557433128357 0.4960382282733917 
v -0.7269408702850342 0.41064557433128357 0.498134970664978 
v -0.7172265648841858 0.44552892446517944 0.504075825214386 
v -0.7382742166519165 0.4461749196052551 0.4956887662410736 
v -0.7269408702850342 0.4461749196052551 0.4977855086326599 
v -0.7166869044303894 0.4817042648792267 0.5037263631820679 
v -0.7091313004493713 0.5165876150131226 0.512462854385376 
v -0.7048138380050659 0.5501790046691895 0.5232961177825928 
v -0.7021154165267944 0.582478404045105 0.5229466557502747 
v -0.7042741179466248 0.5831243991851807 0.5344788432121277 
v -0.697797954082489 0.6134858131408691 0.5229466557502747 
v -0.6999566555023193 0.6141318082809448 0.5341293811798096 
v -0.692401111125946 0.6432012319564819 0.5225971937179565 
v -0.6945598125457764 0.6438472270965576 0.5337799191474915 
v -0.6853852272033691 0.6716247200965881 0.5225971937179565 
v -0.6875439286231995 0.6716247200965881 0.5337799191474915 
v -0.6762105822563171 0.6981102228164673 0.5229466557502747 
v -0.6783692836761475 0.698756217956543 0.5341293811798096 
v -0.6670359373092651 0.7245957255363464 0.5344788432121277 
v -0.6724327802658081 0.7271797060966492 0.5442637205123901 
v -0.6589406728744507 0.7517272233963013 0.5446131825447083 
v -0.6670359373092651 0.756895124912262 0.5512529015541077 
v -0.6508454084396362 0.7807967066764832 0.5519518256187439 
v -0.6762105822563171 0.7627090215682983 0.5536991357803345 
v -0.6594803929328918 0.7872565984725952 0.5543980598449707 
v -0.6853852272033691 0.7685229182243347 0.5516023635864258 
v -0.6681153178215027 0.7937164306640625 0.5526507496833801 
v -0.675670862197876 0.7995303273200989 0.546360433101654 
v -0.6546232104301453 0.8247238993644714 0.5474088191986084 
v -0.6589406728744507 0.8292458057403564 0.5379734039306641 
v -0.6351945996284485 0.8531473278999329 0.5390217900276184 
v -0.6605597138404846 0.8311837911605835 0.5267906785011292 
v -0.636273980140686 0.8550853133201599 0.5278390645980835 
v -0.6589406728744507 0.8298918008804321 0.5152584910392761 
v -0.6346548795700073 0.8537933230400085 0.5166563391685486 
v -0.6303374171257019 0.8499174118041992 0.5068714618682861 
v -0.6038929224014282 0.8712350130081177 0.5082693099975586 
v -0.5984960794448853 0.8641291260719299 0.5016295909881592 
v -0.5704324841499329 0.8835088014602661 0.5030274391174316 
v -0.5920198559761047 0.8557313084602356 0.4991833567619324 
v -0.5644959807395935 0.8744649887084961 0.5002317428588867 
v -0.6168453097343445 0.8350597023963928 0.4977855086326599 
v -0.6244009137153625 0.8434575200080872 0.5002317428588867 
v -0.6546232104301453 0.8260158896446228 0.5058230757713318 
v -0.6805280447006226 0.8046982288360596 0.5142101645469666 
v -0.6821470856666565 0.8053442239761353 0.5257422924041748 
v -0.6988772749900818 0.7775667309761047 0.5135112404823303 
v -0.7004963755607605 0.7782127261161804 0.5246939659118652 
v -0.7145281434059143 0.7491433024406433 0.5128123164176941 
v -0.7161471843719482 0.749789297580719 0.523995041847229 
v -0.7274805307388306 0.7194278240203857 0.5348283052444458 
v -0.7317980527877808 0.6871284246444702 0.5442637205123901 
v -0.7307186722755432 0.6535370349884033 0.5505539774894714 
v -0.7204646468162537 0.6503071188926697 0.5526507496833801 
v -0.7096709609031677 0.6477231979370117 0.5502045154571533 
v -0.7150678038597107 0.6173617243766785 0.5502045154571533 
v -0.7058932185173035 0.6154237985610962 0.543914258480072 
v -0.7145281434059143 0.7491433024406433 0.535527229309082 
v -0.7215440273284912 0.7168439030647278 0.5442637205123901 
v -0.7231630682945251 0.6838985085487366 0.5505539774894714 
v -0.7123693823814392 0.6800225973129272 0.5526507496833801 
v -0.7021154165267944 0.6767926216125488 0.5502045154571533 
v -0.7004963755607605 0.645139217376709 0.5435647964477539 
v -0.7026550769805908 0.7090920209884644 0.5526507496833801 
v -0.7129091024398804 0.7129679322242737 0.5505539774894714 
v -0.708591639995575 0.7459133267402649 0.5449626445770264 
v -0.6934804916381836 0.7736908197402954 0.5453121066093445 
v -0.6988772749900818 0.7769207954406738 0.5358766317367554 
v -0.6805280447006226 0.8040522933006287 0.5369250178337097 
v -0.7004963755607605 0.7413914203643799 0.5509034395217896 
v -0.6907820701599121 0.7362235188484192 0.5530002117156982 
v -0.681067705154419 0.7317016124725342 0.5505539774894714 
v -0.6837661266326904 0.7013401985168457 0.543914258480072 
v -0.692401111125946 0.7045701146125793 0.5502045154571533 
v -0.6929407715797424 0.6735627055168152 0.5435647964477539 
v -0.7377345561981201 0.48235023021698 0.4953393042087555 
v -0.7264012098312378 0.4817042648792267 0.4974360466003418 
v -0.7156075239181519 0.5165876150131226 0.5030274391174316 
v -0.7069725394248962 0.5501790046691895 0.5121133923530579 
v -0.7361155152320862 0.5185256004333496 0.49464038014411926 
v -0.7253218293190002 0.5172336101531982 0.49673715233802795 
v -0.7134487628936768 0.5508249998092651 0.5026779770851135 
v -0.7107503414154053 0.5837703347206116 0.5023285150527954 
v -0.7042741179466248 0.5831243991851807 0.5117639303207397 
v -0.7064328789710999 0.6154237985610962 0.5019790530204773 
v -0.6999566555023193 0.6141318082809448 0.5114144682884216 
v -0.6945598125457764 0.6438472270965576 0.5114144682884216 
v -0.7258614897727966 0.48235023021698 0.5519518256187439 
v -0.7366551756858826 0.48299622535705566 0.5540485978126526 
v -0.7479885220527649 0.48364222049713135 0.5519518256187439 
v -0.7560837864875793 0.5204635262489319 0.5453121066093445 
v -0.7604013085365295 0.5566388368606567 0.535527229309082 
v -0.735575795173645 0.5191715359687805 0.5536991357803345 
v -0.7469092011451721 0.5198175311088562 0.5516023635864258 
v -0.753925085067749 0.5559929013252258 0.5449626445770264 
v -0.6934804916381836 0.7743368148803711 0.5037263631820679 
v -0.6751312017440796 0.8008223176002502 0.5047747492790222 
v -0.6476073265075684 0.8202019929885864 0.4991833567619324 
v -0.6681153178215027 0.7956544160842896 0.498134970664978 
v -0.6589406728744507 0.7891945242881775 0.4956887662410736 
v -0.6395120620727539 0.8130961060523987 0.49673715233802795 
v -0.5407499074935913 0.9003044962882996 0.504075825214386 
v -0.5752896666526794 0.8912606239318848 0.509667158126831 
v -0.5445277094841003 0.9080563187599182 0.5107155442237854 
v -0.5785277485847473 0.8957825899124146 0.5191025733947754 
v -0.5477657914161682 0.9132242202758789 0.5205004215240479 
v -0.5488451719284058 0.915162205696106 0.5316831469535828 
v -0.5159244537353516 0.9293739199638367 0.5327315330505371 
v -0.5477657914161682 0.9125782251358032 0.5428658723831177 
v -0.514845073223114 0.9267899990081787 0.543914258480072 
v -0.5126863121986389 0.9209761023521423 0.5533496737480164 
v -0.48084497451782227 0.9384177923202515 0.5446131825447083 
v -0.47922590374946594 0.9319579005241394 0.5540485978126526 
v -0.44576549530029297 0.9468156099319458 0.5449626445770264 
v -0.4446861445903778 0.9403557181358337 0.5543980598449707 
v -0.41068604588508606 0.9519835114479065 0.5449626445770264 
v -0.4096066653728485 0.9455236196517944 0.5543980598449707 
v -0.3750669062137604 0.9539214968681335 0.5446131825447083 
v -0.3750669062137604 0.9474616050720215 0.5536991357803345 
v -0.34052711725234985 0.9461696147918701 0.5526507496833801 
v -0.3745272159576416 0.9377717971801758 0.5599893927574158 
v -0.34052711725234985 0.9371258020401001 0.5589410066604614 
v -0.3416064977645874 0.926144003868103 0.560688316822052 
v -0.309225469827652 0.9222680926322937 0.5592904686927795 
v -0.3108445107936859 0.9112862944602966 0.5568442344665527 
v -0.2800825238227844 0.9054723978042603 0.5547475218772888 
v -0.31246355175971985 0.9022424221038818 0.5502045154571533 
v -0.2827809453010559 0.8964285254478455 0.5481077432632446 
v -0.28439998626708984 0.8906146883964539 0.5386723279953003 
v -0.25363799929618835 0.8886767029762268 0.546360433101654 
v -0.25579673051834106 0.8828628063201904 0.5365755558013916 
v -0.22557443380355835 0.8789868950843811 0.5446131825447083 
v -0.22827285528182983 0.8731729984283447 0.5348283052444458 
v -0.19912992417812347 0.8673591017723083 0.5432153344154358 
v -0.20182834565639496 0.8621912002563477 0.5334304571151733 
v -0.17376476526260376 0.8544393181800842 0.5421669483184814 
v -0.17700287699699402 0.8492714166641235 0.532382071018219 
v -0.15001867711544037 0.8408735990524292 0.5414680242538452 
v -0.25093957781791687 0.8970745205879211 0.5530002117156982 
v -0.2477014809846878 0.9080563187599182 0.555446445941925 
v -0.2779237926006317 0.9164541959762573 0.557543158531189 
v -0.27522537112236023 0.9267899990081787 0.555446445941925 
v -0.30760639905929565 0.9332498908042908 0.5571936964988708 
v -0.2736063003540039 0.9364798069000244 0.549156129360199 
v -0.3065270483493805 0.9429396986961365 0.5512529015541077 
v -0.27252694964408875 0.9429396986961365 0.5397207140922546 
v -0.3059873580932617 0.9493995904922485 0.5418174862861633 
v -0.3059873580932617 0.9519835114479065 0.5306347608566284 
v -0.33998745679855347 0.9532755017280579 0.5435647964477539 
v -0.34052711725234985 0.9558594226837158 0.532382071018219 
v -0.37560659646987915 0.9565054178237915 0.5334304571151733 
v -0.41068604588508606 0.9545674920082092 0.5337799191474915 
v -0.44630518555641174 0.9493995904922485 0.5337799191474915 
v -0.48138466477394104 0.9410017132759094 0.5334304571151733 
v -0.48084497451782227 0.9390637874603271 0.5222477316856384 
v -0.514845073223114 0.9280819892883301 0.5215488076210022 
v -0.5126863121986389 0.9222680926322937 0.5117639303207397 
v -0.5089085102081299 0.9145162105560303 0.5051241517066956 
v -0.5358927249908447 0.8906146883964539 0.5016295909881592 
v -0.22233633697032928 0.8873847126960754 0.5512529015541077 
v -0.21855854988098145 0.8977205157279968 0.5536991357803345 
v -0.19049496948719025 0.8860927224159241 0.5519518256187439 
v -0.21424107253551483 0.9080563187599182 0.5516023635864258 
v -0.18563781678676605 0.8957825899124146 0.5498550534248352 
v -0.182399719953537 0.9048264026641846 0.543914258480072 
v -0.15433615446090698 0.8912606239318848 0.5428658723831177 
v -0.1797012984752655 0.910640299320221 0.5344788432121277 
v -0.1516377329826355 0.8970745205879211 0.5334304571151733 
v -0.15109804272651672 0.8990125060081482 0.5222477316856384 
v -0.1257328987121582 0.8822168111801147 0.5327315330505371 
v -0.12465352565050125 0.8841547966003418 0.5215488076210022 
v -0.10090743005275726 0.8667131066322327 0.532382071018219 
v -0.09982806444168091 0.8686510920524597 0.5211993455886841 
v -0.07716133445501328 0.852501392364502 0.5211993455886841 
v -0.10144711285829544 0.8667131066322327 0.5100166201591492 
v -0.0787803903222084 0.8512094020843506 0.509667158126831 
v -0.08255817741155624 0.8460415005683899 0.5002317428588867 
v -0.06205018237233162 0.8305377960205078 0.4998822808265686 
v -0.06852639466524124 0.8234319090843201 0.4935919940471649 
v -0.0507168211042881 0.8085741996765137 0.4932425320148468 
v -0.07554228603839874 0.8150340914726257 0.4911457896232605 
v -0.1284313201904297 0.8764029145240784 0.5421669483184814 
v -0.1586536169052124 0.8828628063201904 0.549156129360199 
v -0.16405045986175537 0.872527003288269 0.5512529015541077 
v -0.19481244683265686 0.8757569193840027 0.5495055913925171 
v -0.13922499120235443 0.8583152890205383 0.5505539774894714 
v -0.13328847289085388 0.868005096912384 0.5484572052955627 
v -0.1046852171421051 0.8608992099761963 0.5418174862861633 
v -0.07824070751667023 0.8505634069442749 0.532382071018219 
v -0.05665334314107895 0.8369976282119751 0.520849883556366 
v -0.05827239528298378 0.8357056975364685 0.509667158126831 
v -0.03830408677458763 0.821493923664093 0.520849883556366 
v -0.03992313891649246 0.8202019929885864 0.509667158126831 
v -0.05827239528298378 0.8350597023963928 0.532382071018219 
v -0.08201849460601807 0.8453955054283142 0.5418174862861633 
v -0.1095423772931099 0.8531473278999329 0.5481077432632446 
v -0.11601858586072922 0.8441035151481628 0.5502045154571533 
v -0.12195511162281036 0.8344137072563171 0.5477582812309265 
v -0.1446218341588974 0.8492714166641235 0.5481077432632446 
v -0.16944730281829834 0.8628371953964233 0.5488066673278809 
v -0.24446336925029755 0.9183921217918396 0.5533496737480164 
v -0.21154265105724335 0.917100191116333 0.5453121066093445 
v -0.24176496267318726 0.9274359941482544 0.5474088191986084 
v -0.20938391983509064 0.9229140877723694 0.5358766317367554 
v -0.24014590680599213 0.9338958263397217 0.5379734039306641 
v -0.20884422957897186 0.9254980087280273 0.5246939659118652 
v -0.24014590680599213 0.9364798069000244 0.526441216468811 
v -0.20992359519004822 0.9235600233078003 0.5135112404823303 
v -0.24122527241706848 0.9345418214797974 0.5152584910392761 
v -0.2126220166683197 0.9183921217918396 0.5037263631820679 
v -0.2433840036392212 0.928727924823761 0.5054736137390137 
v -0.21586012840270996 0.9099943041801453 0.49708661437034607 
v -0.24608242511749268 0.9203301072120667 0.49883389472961426 
v -0.24932053685188293 0.9099943041801453 0.49638769030570984 
v -0.27954283356666565 0.9183921217918396 0.49848443269729614 
v -0.27252694964408875 0.9455236196517944 0.5285379886627197 
v -0.2730666399002075 0.9435856938362122 0.5173552632331848 
v -0.3065270483493805 0.9500455856323242 0.5194520354270935 
v -0.34052711725234985 0.9539214968681335 0.520849883556366 
v -0.30760639905929565 0.9442316889762878 0.509667158126831 
v -0.3416064977645874 0.9481076002120972 0.5110650062561035 
v -0.309225469827652 0.935187816619873 0.5030274391174316 
v -0.3421461880207062 0.9390637874603271 0.5044252872467041 
v -0.34322553873062134 0.9280819892883301 0.5019790530204773 
v -0.37560659646987915 0.928727924823761 0.5030274391174316 
v -0.27468568086624146 0.9377717971801758 0.5075703859329224 
v -0.27738410234451294 0.928727924823761 0.500930666923523 
v -0.3108445107936859 0.924206018447876 0.5002317428588867 
v -0.04424061253666878 0.8156800270080566 0.4998822808265686 
v -0.37560659646987915 0.9545674920082092 0.5218982696533203 
v -0.37560659646987915 0.9487535953521729 0.5121133923530579 
v -0.41068604588508606 0.9526295065879822 0.5225971937179565 
v -0.41068604588508606 0.9468156099319458 0.5128123164176941 
v -0.44630518555641174 0.9474616050720215 0.5225971937179565 
v -0.4452258348464966 0.9416477084159851 0.5128123164176941 
v -0.47922590374946594 0.9338958263397217 0.512462854385376 
v -0.37560659646987915 0.9397097229957581 0.5054736137390137 
v -0.4096066653728485 0.9377717971801758 0.5061725378036499 
v -0.44360676407814026 0.9332498908042908 0.5061725378036499 
v -0.47652748227119446 0.9248520135879517 0.5058230757713318 
v -0.40852731466293335 0.9267899990081787 0.5033769011497498 
v -0.44144803285598755 0.9222680926322937 0.5033769011497498 
v -0.47382909059524536 0.9145162105560303 0.5030274391174316 
v -0.5051307678222656 0.9041804075241089 0.5023285150527954 
v -0.22017759084701538 0.8996585011482239 0.49464038014411926 
v -0.18725687265396118 0.8977205157279968 0.4956887662410736 
v -0.19211402535438538 0.8873847126960754 0.4932425320148468 
v -0.15973298251628876 0.8841547966003418 0.49464038014411926 
v -0.16512982547283173 0.8744649887084961 0.49219414591789246 
v -0.13436783850193024 0.8692970275878906 0.49394145607948303 
v -0.1397646814584732 0.8602532148361206 0.4914952516555786 
v -0.11008206009864807 0.8544393181800842 0.4935919940471649 
v -0.1165582686662674 0.8453955054283142 0.4914952516555786 
v -0.08849470317363739 0.8389356136322021 0.4935919940471649 
v -0.09497090429067612 0.8298918008804321 0.4911457896232605 
v -0.18293939530849457 0.9061183929443359 0.5019790530204773 
v -0.15541552007198334 0.8919066190719604 0.500930666923523 
v -0.12951068580150604 0.8776949048042297 0.5005812048912048 
v -0.1046852171421051 0.8621912002563477 0.5002317428588867 
v -0.18024097383022308 0.9112862944602966 0.5117639303207397 
v -0.15217740833759308 0.8977205157279968 0.5107155442237854 
v -0.1257328987121582 0.8828628063201904 0.5100166201591492 
v -0.17916160821914673 0.9132242202758789 0.5229466557502747 
v -0.6076707243919373 0.8757569193840027 0.518054187297821 
v -0.6092897653579712 0.877048909664154 0.529236912727356 
v -0.580146849155426 0.8970745205879211 0.5306347608566284 
v -0.6082103848457336 0.875110924243927 0.5404196381568909 
v -0.5790674686431885 0.8951365947723389 0.5418174862861633 
v -0.6044325828552246 0.8699430227279663 0.5498550534248352 
v -0.5758293271064758 0.8893226981163025 0.5512529015541077 
v -0.5990357398986816 0.8621912002563477 0.5561453104019165 
v -0.570972204208374 0.8815708160400391 0.5571936964988708 
v -0.5920198559761047 0.8537933230400085 0.5578926205635071 
v -0.5650357007980347 0.8718810081481934 0.5592904686927795 
v -0.585543692111969 0.8453955054283142 0.555446445941925 
v -0.5590991377830505 0.8628371953964233 0.5568442344665527 
v -0.580146849155426 0.8382896184921265 0.5488066673278809 
v -0.5542420148849487 0.8557313084602356 0.5502045154571533 
v -0.576369047164917 0.8337677121162415 0.5390217900276184 
v -0.5510038733482361 0.8505634069442749 0.5404196381568909 
v -0.5747500061988831 0.8324757218360901 0.5278390645980835 
v -0.5499244928359985 0.8492714166641235 0.5288874506950378 
v -0.5758293271064758 0.8344137072563171 0.5166563391685486 
v -0.5510038733482361 0.8512094020843506 0.5177047252655029 
v -0.5796071290969849 0.8395816087722778 0.5072209239006042 
v -0.5537022948265076 0.857023298740387 0.5082693099975586 
v -0.5850039720535278 0.8473334908485413 0.500930666923523 
v -0.5590991377830505 0.8654211163520813 0.5023285150527954 
v -0.5920198559761047 0.8557313084602356 0.4991833567619324 
v -0.5644959807395935 0.8744649887084961 0.5002317428588867 
v -0.6092897653579712 0.8273078203201294 0.4998822808265686 
v -0.6033532619476318 0.8202019929885864 0.5058230757713318 
v -0.5990357398986816 0.8150340914726257 0.5152584910392761 
v -0.5974166989326477 0.8130961060523987 0.526441216468811 
v -0.5990357398986816 0.81438809633255 0.5379734039306641 
v -0.6033532619476318 0.8189100027084351 0.5477582812309265 
v -0.6098294258117676 0.8253698945045471 0.5540485978126526 
v -0.6173850297927856 0.8331217169761658 0.5568442344665527 
v -0.6244009137153625 0.8408735990524292 0.5547475218772888 
v -0.6476073265075684 0.8182640075683594 0.5533496737480164 
v -0.6308771371841431 0.8479794263839722 0.5484572052955627 
v -0.6395120620727539 0.8111581206321716 0.555446445941925 
v -0.6314167976379395 0.803406298160553 0.5530002117156982 
v -0.6244009137153625 0.7975924015045166 0.546360433101654 
v -0.6432898640632629 0.7756288051605225 0.5456615686416626 
v -0.6200834512710571 0.7937164306640625 0.5369250178337097 
v -0.6184644103050232 0.7930704951286316 0.5253928303718567 
v -0.6384326815605164 0.772398829460144 0.5358766317367554 
v -0.636273980140686 0.7711068987846375 0.5243445038795471 
v -0.6200834512710571 0.7950084209442139 0.5142101645469666 
v -0.6244009137153625 0.798884391784668 0.5047747492790222 
v -0.6314167976379395 0.8053442239761353 0.49848443269729614 
v -0.6168453097343445 0.8350597023963928 0.4977855086326599 
v -0.6503057479858398 0.7827346920967102 0.4977855086326599 
v -0.6432898640632629 0.7769207954406738 0.5037263631820679 
v -0.6670359373092651 0.7581871151924133 0.49673715233802795 
v -0.6589406728744507 0.7530192136764526 0.5030274391174316 
v -0.681067705154419 0.7323476076126099 0.49638769030570984 
v -0.6729725003242493 0.7278257012367249 0.5023285150527954 
v -0.6929407715797424 0.705216109752655 0.4956887662410736 
v -0.6843058466911316 0.7019861936569214 0.5019790530204773 
v -0.7026550769805908 0.6774386167526245 0.4956887662410736 
v -0.6934804916381836 0.6742087006568909 0.5019790530204773 
v -0.7102106809616089 0.6477231979370117 0.4956887662410736 
v -0.7010360360145569 0.645139217376709 0.5019790530204773 
v -0.7156075239181519 0.6173617243766785 0.4956887662410736 
v -0.7199249863624573 0.5850623250007629 0.4960382282733917 
v -0.7231630682945251 0.5521169304847717 0.49638769030570984 
v -0.7312583327293396 0.58700031042099 0.49394145607948303 
v -0.7269408702850342 0.6192997097969055 0.4935919940471649 
v -0.7210043668746948 0.6509531140327454 0.4935919940471649 
v -0.7129091024398804 0.6806685328483582 0.4935919940471649 
v -0.703194797039032 0.70973801612854 0.4935919940471649 
v -0.6907820701599121 0.7375155091285706 0.49429091811180115 
v -0.6762105822563171 0.7640010118484497 0.49464038014411926 
v -0.6589406728744507 0.7891945242881775 0.4956887662410736 
v -0.6395120620727539 0.8130961060523987 0.49673715233802795 
v -0.7344964742660522 0.5534089207649231 0.49429091811180115 
v -0.63789302110672 0.7730448246002197 0.5131617784500122 
v -0.6540835499763489 0.749789297580719 0.512462854385376 
v -0.6670359373092651 0.7252417206764221 0.5121133923530579 
v -0.6783692836761475 0.6994022130966187 0.5114144682884216 
v -0.6875439286231995 0.6722707152366638 0.5114144682884216 
v -0.6654168963432312 0.7239497303962708 0.5232961177825928 
v -0.6519247889518738 0.7478513121604919 0.5236455798149109 
v -0.6540835499763489 0.7491433024406433 0.5351777672767639 
v -0.5358927249908447 0.8906146883964539 0.5016295909881592 
v -0.5304958820343018 0.8809248208999634 0.5033769011497498 
v -0.5267180800437927 0.872527003288269 0.5093176960945129 
v -0.49757516384124756 0.8848007917404175 0.5103660821914673 
v -0.5240196585655212 0.8667131066322327 0.5187531113624573 
v -0.49541643261909485 0.8789868950843811 0.5198014974594116 
v -0.4948767423629761 0.8764029145240784 0.5309842228889465 
v -0.4662734866142273 0.8886767029762268 0.5205004215240479 
v -0.4657338261604309 0.8860927224159241 0.5316831469535828 
v -0.4360511898994446 0.8957825899124146 0.520849883556366 
v -0.4355114996433258 0.8931986093521118 0.5320326089859009 
v -0.4052892029285431 0.8977205157279968 0.5320326089859009 
v -0.4360511898994446 0.8951365947723389 0.5432153344154358 
v -0.4052892029285431 0.8996585011482239 0.5432153344154358 
v -0.40582889318466187 0.9054723978042603 0.5530002117156982 
v -0.3739875257015228 0.9067643880844116 0.5526507496833801 
v -0.3739875257015228 0.9158082008361816 0.5592904686927795 
v -0.3421461880207062 0.915162205696106 0.5582420825958252 
v -0.3745272159576416 0.9267899990081787 0.5617367029190063 
v -0.4662734866142273 0.8880307078361511 0.5428658723831177 
v -0.43713057041168213 0.9009504914283752 0.5530002117156982 
v -0.4678925573825836 0.8931986093521118 0.5526507496833801 
v -0.43874961137771606 0.9093483090400696 0.5596399307250977 
v -0.4705909788608551 0.9022424221038818 0.5592904686927795 
v -0.4732894003391266 0.9125782251358032 0.5620861649513245 
v -0.5051307678222656 0.9015964269638062 0.5613872408866882 
v -0.509448230266571 0.9119322896003723 0.5596399307250977 
v -0.5407499074935913 0.8983665108680725 0.5585915446281433 
v -0.5450673699378967 0.9067643880844116 0.552301287651062 
v -0.5358927249908447 0.8880307078361511 0.5603388547897339 
v -0.5310356020927429 0.8789868950843811 0.5578926205635071 
v -0.5013529658317566 0.8919066190719604 0.5589410066604614 
v -0.49811485409736633 0.8835088014602661 0.5519518256187439 
v -0.5267180800437927 0.870589017868042 0.5512529015541077 
v -0.5240196585655212 0.8654211163520813 0.5414680242538452 
v -0.49541643261909485 0.8783408999443054 0.5421669483184814 
v -0.5229403376579285 0.8641291260719299 0.5299358367919922 
v -0.4678925573825836 0.8951365947723389 0.5110650062561035 
v -0.43713057041168213 0.9022424221038818 0.5114144682884216 
v -0.4052892029285431 0.9003044962882996 0.520849883556366 
v -0.40636858344078064 0.9067643880844116 0.5114144682884216 
v -0.3745272159576416 0.9015964269638062 0.5201509594917297 
v -0.3750669062137604 0.9087023138999939 0.5110650062561035 
v -0.3443049192428589 0.9009504914283752 0.5194520354270935 
v -0.3443049192428589 0.9074103236198425 0.5100166201591492 
v -0.31408262252807617 0.8970745205879211 0.5177047252655029 
v -0.3135429322719574 0.9035344123840332 0.5082693099975586 
v -0.2849396765232086 0.8912606239318848 0.5159574151039124 
v -0.28386029601097107 0.8977205157279968 0.506521999835968 
v -0.25633642077445984 0.8835088014602661 0.5142101645469666 
v -0.2547173798084259 0.8899686932563782 0.5047747492790222 
v -0.2288125455379486 0.8738189935684204 0.5121133923530579 
v -0.22719348967075348 0.8802788257598877 0.5026779770851135 
v -0.20020928978919983 0.8686510920524597 0.5012801289558411 
v -0.22395537793636322 0.8886767029762268 0.49673715233802795 
v -0.2525586485862732 0.8990125060081482 0.49848443269729614 
v -0.28224125504493713 0.9074103236198425 0.5005812048912048 
v -0.31246355175971985 0.9132242202758789 0.5023285150527954 
v -0.3437652289867401 0.917100191116333 0.5037263631820679 
v -0.37560659646987915 0.9177461266517639 0.5047747492790222 
v -0.4074479341506958 0.9164541959762573 0.5054736137390137 
v -0.43928930163383484 0.9112862944602966 0.5054736137390137 
v -0.4705909788608551 0.9041804075241089 0.5051241517066956 
v -0.5013529658317566 0.8938446044921875 0.5044252872467041 
v -0.24932053685188293 0.9099943041801453 0.49638769030570984 
v -0.27954283356666565 0.9183921217918396 0.49848443269729614 
v -0.3108445107936859 0.924206018447876 0.5002317428588867 
v -0.34322553873062134 0.9280819892883301 0.5019790530204773 
v -0.37560659646987915 0.928727924823761 0.5030274391174316 
v -0.40852731466293335 0.9267899990081787 0.5033769011497498 
v -0.44144803285598755 0.9222680926322937 0.5033769011497498 
v -0.47382909059524536 0.9145162105560303 0.5030274391174316 
v -0.5051307678222656 0.9041804075241089 0.5023285150527954 
v -0.22017759084701538 0.8996585011482239 0.49464038014411926 
v -0.34268587827682495 0.9061183929443359 0.5516023635864258 
v -0.3437652289867401 0.9003044962882996 0.5418174862861633 
v -0.3135429322719574 0.8964285254478455 0.5404196381568909 
v -0.31408262252807617 0.8944905996322632 0.5288874506950378 
v -0.2849396765232086 0.8886767029762268 0.5271401405334473 
v -0.2568761110305786 0.8809248208999634 0.5253928303718567 
v -0.2293522208929062 0.8712350130081177 0.5236455798149109 
v -0.2029077112674713 0.8602532148361206 0.5218982696533203 
v -0.20236802101135254 0.8628371953964233 0.5107155442237854 
v -0.3739875257015228 0.9009504914283752 0.5428658723831177 
v -0.3443049192428589 0.8983665108680725 0.5306347608566284 
v -0.3745272159576416 0.8990125060081482 0.5313336849212646 
v -0.40636858344078064 0.9138702154159546 0.5596399307250977 
v -0.4074479341506958 0.9248520135879517 0.5624356269836426 
v -0.4409083425998688 0.9203301072120667 0.5624356269836426 
v -0.4430670738220215 0.930665910243988 0.560688316822052 
v -0.47652748227119446 0.9229140877723694 0.5603388547897339 
v -0.40852731466293335 0.9358338117599487 0.5603388547897339 
v -0.17808224260807037 0.8479794263839722 0.5211993455886841 
v -0.1775425672531128 0.8499174118041992 0.5100166201591492 
v -0.08795501291751862 0.8376436233520508 0.5481077432632446 
v -0.06205018237233162 0.8298918008804321 0.5418174862861633 
v -0.04424061253666878 0.81438809633255 0.5414680242538452 
v -0.03992313891649246 0.8195559978485107 0.5320326089859009 
v -0.028050091117620468 0.7995303273200989 0.5414680242538452 
v -0.023732619360089302 0.8040522933006287 0.5316831469535828 
v -0.012938939966261387 0.7846726179122925 0.5411185622215271 
v 0.0010928439442068338 0.7691689133644104 0.540769100189209 
v -0.3416064977645874 0.926144003868103 0.549156129360199 
v -0.34106680750846863 0.9332498908042908 0.5481077432632446 
v -0.34106680750846863 0.9390637874603271 0.5442637205123901 
v -0.30760639905929565 0.935187816619873 0.5428658723831177 
v -0.34106680750846863 0.9429396986961365 0.5386723279953003 
v -0.30760639905929565 0.9390637874603271 0.5372744798660278 
v -0.30760639905929565 0.9403557181358337 0.5302852988243103 
v -0.27522537112236023 0.9326038956642151 0.5351777672767639 
v -0.27468568086624146 0.9338958263397217 0.5285379886627197 
v -0.2433840036392212 0.9254980087280273 0.526441216468811 
v -0.2433840036392212 0.924206018447876 0.5330809950828552 
v -0.275765061378479 0.928727924823761 0.540769100189209 
v -0.3086857795715332 0.9293739199638367 0.546360433101654 
v -0.30976513028144836 0.9229140877723694 0.5477582812309265 
v -0.31030482053756714 0.9158082008361816 0.5460109710693359 
v -0.24446336925029755 0.9203301072120667 0.5390217900276184 
v -0.27684441208839417 0.9229140877723694 0.5446131825447083 
v -0.2779237926006317 0.9164541959762573 0.5460109710693359 
v -0.27954283356666565 0.9099943041801453 0.5442637205123901 
v -0.3113842010498047 0.910640299320221 0.5421669483184814 
v -0.2477014809846878 0.9080563187599182 0.543914258480072 
v -0.24608242511749268 0.9145162105560303 0.5425164103507996 
v -0.21424107253551483 0.9099943041801453 0.5369250178337097 
v -0.21316170692443848 0.9132242202758789 0.5313336849212646 
v -0.18563781678676605 0.8977205157279968 0.535527229309082 
v -0.18401876091957092 0.9009504914283752 0.5295863747596741 
v -0.15703456103801727 0.8873847126960754 0.5288874506950378 
v -0.1564948856830597 0.8893226981163025 0.5218982696533203 
v -0.24986021220684052 0.9015964269638062 0.5421669483184814 
v -0.2811618745326996 0.9048264026641846 0.5404196381568909 
v -0.28224125504493713 0.9009504914283752 0.5344788432121277 
v -0.3119238615036011 0.9067643880844116 0.5362260937690735 
v -0.25147926807403564 0.8964285254478455 0.5383228659629822 
v -0.21855854988098145 0.8977205157279968 0.5421669483184814 
v -0.21639980375766754 0.9041804075241089 0.540769100189209 
v -0.34106680750846863 0.9442316889762878 0.5320326089859009 
v -0.21316170692443848 0.915162205696106 0.5243445038795471 
v -0.18401876091957092 0.9028884172439575 0.5229466557502747 
v -0.9088143706321716 -0.32707270979881287 0.2168196737766266 
vn 0.017523931339383125 -0.03519279882311821 0.9992268681526184 
vn 0.017546063289046288 -0.04000099375844002 0.9990455508232117 
vn 0.34477272629737854 0.16722677648067474 0.9236704111099243 
vn 0.34477272629737854 0.16722677648067474 0.9236704111099243 
vn 0.6174630522727966 0.3397975265979767 0.7094202041625977 
vn 0.6174630522727966 0.3397975265979767 0.7094202041625977 
vn 0.7953934669494629 0.4679383933544159 0.3852050006389618 
vn 0.7953934669494629 0.4679383933544159 0.3852050006389618 
vn 0.855779230594635 0.5173366069793701 0.002184694167226553 
vn 0.855779230594635 0.5173366069793701 0.002184694167226553 
vn 0.7814344763755798 0.49403464794158936 -0.3811691105365753 
vn 0.7814344763755798 0.49403464794158936 -0.3811691105365753 
vn 0.5894957780838013 0.39190182089805603 -0.7063339352607727 
vn 0.5894957780838013 0.39190182089805603 -0.7063339352607727 
vn 0.3096767067909241 0.23246461153030396 -0.9219872951507568 
vn 0.3096767067909241 0.23246461153030396 -0.9219872951507568 
vn -0.021841906011104584 0.032688722014427185 -0.9992268681526184 
vn -0.021840007975697517 0.037828002125024796 -0.9990455508232117 
vn -0.3442963659763336 -0.1682053506374359 -0.9236704111099243 
vn -0.3442963659763336 -0.1682053506374359 -0.9236704111099243 
vn -0.6189314126968384 -0.3435349464416504 -0.7063339352607727 
vn -0.6189314126968384 -0.3435349464416504 -0.7063339352607727 
vn -0.7953934669494629 -0.4679383933544159 -0.3852050006389618 
vn -0.7953934669494629 -0.4679383933544159 -0.3852050006389618 
vn -0.855779230594635 -0.5173366069793701 -0.002184694167226553 
vn -0.855779230594635 -0.5173366069793701 -0.002184694167226553 
vn -0.7817959785461426 -0.49346238374710083 0.3811691105365753 
vn -0.7817959785461426 -0.49346238374710083 0.3811691105365753 
vn -0.5898852348327637 -0.39131543040275574 0.7063339352607727 
vn -0.5898852348327637 -0.39131543040275574 0.7063339352607727 
vn -0.3123798370361328 -0.2288193553686142 0.9219872951507568 
vn -0.30786991119384766 -0.23485228419303894 0.9219872951507568 
vn 0.017523931339383125 -0.03519279882311821 0.9992268681526184 
vn 0.017546063289046288 -0.04000099375844002 0.9990455508232117 
vn -0.5847772359848022 -0.40434786677360535 0.7032341957092285 
vn -0.777743399143219 -0.4998253285884857 0.3811691105365753 
vn -0.8478681445121765 -0.5302026271820068 -0.002184694167226553 
vn -0.7691570520401001 -0.5159199833869934 0.37712597846984863 
vn -0.8397637009620667 -0.5429477095603943 -0.002184694167226553 
vn -0.7563151121139526 -0.5345684289932251 0.37712597846984863 
vn -0.8314517736434937 -0.5555583238601685 -0.006554040592163801 
vn -0.818652868270874 -0.5742512345314026 -0.006554040592163801 
vn -0.7755918502807617 -0.5000743865966797 -0.3852050006389618 
vn -0.7630858421325684 -0.5189577341079712 -0.3852050006389618 
vn -0.5940152406692505 -0.3793005347251892 -0.7094202041625977 
vn -0.5815092921257019 -0.3982084095478058 -0.7094202041625977 
vn -0.3235239088535309 -0.1977013498544693 -0.9253358840942383 
vn -0.31538164615631104 -0.2104470431804657 -0.9253358840942383 
vn -0.013020745478570461 0.027670491486787796 -0.9995322823524475 
vn -0.013106673955917358 0.022701425477862358 -0.9996563792228699 
vn 0.2955457866191864 0.25018423795700073 -0.9219872951507568 
vn 0.2955457866191864 0.25018423795700073 -0.9219872951507568 
vn 0.5573610663414001 0.44137316942214966 -0.7032341957092285 
vn 0.5526372194290161 0.4472736418247223 -0.7032341957092285 
vn 0.7269508838653564 0.5738627314567566 -0.37712597846984863 
vn 0.7175014615058899 0.5856344103813171 -0.37712597846984863 
vn 0.791801393032074 0.6107434630393982 0.006554040592163801 
vn 0.7824868559837341 0.6226325631141663 0.006554040592163801 
vn 0.7256868481636047 0.5673410892486572 0.3892335295677185 
vn 0.7115262746810913 0.5850022435188293 0.3892335295677185 
vn 0.5563927888870239 0.42752888798713684 0.7124928832054138 
vn 0.5470813512802124 0.4393812119960785 0.7124928832054138 
vn 0.3003356456756592 0.22472156584262848 0.926983654499054 
vn 0.29107388854026794 0.23659515380859375 0.926983654499054 
vn 0.006750544533133507 -0.020776038989424706 0.9997613430023193 
vn 0.2813430428504944 0.24808743596076965 0.926983654499054 
vn 6.767443423954644e-15 -0.021845221519470215 0.9997613430023193 
vn 0.26632827520370483 0.2583518624305725 0.9286137819290161 
vn 5.42963238728115e-15 -0.017476677894592285 0.9998472929000854 
vn 0.2556396424770355 0.2689327597618103 0.9286137819290161 
vn 5.42963238728115e-15 -0.017476677894592285 0.9998472929000854 
vn 0.23882481455802917 0.28397032618522644 0.9286137819290161 
vn -0.006688034627586603 -0.016146345064044 0.9998472929000854 
vn 0.22112727165222168 0.2979583442211151 0.9286137819290161 
vn -0.006688034627586603 -0.016146345064044 0.9998472929000854 
vn 0.20887067914009094 0.30667489767074585 0.9286137819290161 
vn -0.006688034627586603 -0.016146345064044 0.9998472929000854 
vn 0.20261241495609283 0.3108450770378113 0.9286137819290161 
vn 6.767443423954644e-15 -0.021845221519470215 0.9997613430023193 
vn 0.1962709128856659 0.31488755345344543 0.9286137819290161 
vn 0.010799530893564224 -0.03323753923177719 0.999389111995697 
vn 0.18984879553318024 0.318800687789917 0.9286137819290161 
vn 0.029125982895493507 -0.038209691643714905 0.9988451600074768 
vn 0.18334868550300598 0.322582870721817 0.9286137819290161 
vn 0.04053890332579613 -0.045758962631225586 0.9981296062469482 
vn 0.04631122574210167 -0.04631122574210167 0.9978529810905457 
vn 0.5375175476074219 0.45103076100349426 0.7124928832054138 
vn 0.5176503658294678 0.47370028495788574 0.7124928832054138 
vn 0.4968278706073761 0.49549561738967896 0.7124928832054138 
vn 0.4695151150226593 0.5214493274688721 0.7124928832054138 
vn 0.4466862976551056 0.5411332845687866 0.7124928832054138 
vn 0.4169961214065552 0.5643298029899597 0.7124928832054138 
vn 0.39237409830093384 0.5817185044288635 0.7124928832054138 
vn 0.36868664622306824 0.593342661857605 0.715552031993866 
vn 0.3427283465862274 0.6087056994438171 0.715552031993866 
vn 0.31613102555274963 0.6229338049888611 0.715552031993866 
vn 0.2889442443847656 0.6360004544258118 0.715552031993866 
vn 0.16476550698280334 0.327920138835907 0.9302261471748352 
vn 0.2542092502117157 0.6506634950637817 0.715552031993866 
vn 0.13739827275276184 0.3402954638004303 0.9302261471748352 
vn 0.20051945745944977 0.6658901572227478 0.7185974717140198 
vn 0.10208190232515335 0.3482661247253418 0.931820809841156 
vn 0.14949609339237213 0.679167628288269 0.7185974717140198 
vn 0.05984393134713173 0.3538185656070709 0.933397650718689 
vn 0.0771094262599945 0.6879720091819763 0.7216291427612305 
vn 0.015026818960905075 0.3585290312767029 0.933397650718689 
vn 0.011314481496810913 0.6890272498130798 0.7246471047401428 
vn -0.03008592128753662 0.35348397493362427 0.9349566102027893 
vn -0.06402580440044403 0.6861394047737122 0.7246471047401428 
vn -0.0673632100224495 0.3483077585697174 0.9349566102027893 
vn -0.1312023550271988 0.6765149831771851 0.7246471047401428 
vn -0.11105889081954956 0.3369302749633789 0.9349566102027893 
vn -0.1971065253019333 0.6603298783302307 0.7246471047401428 
vn -0.15278826653957367 0.3246915936470032 0.933397650718689 
vn -0.26970475912094116 0.6375818848609924 0.7216291427612305 
vn -0.1858907788991928 0.3069421648979187 0.933397650718689 
vn -0.3307965397834778 0.6081323623657227 0.7216291427612305 
vn -0.2190605252981186 0.28934842348098755 0.931820809841156 
vn -0.39026424288749695 0.5755966901779175 0.7185974717140198 
vn -0.24783086776733398 0.2651223838329315 0.931820809841156 
vn -0.44224992394447327 0.5407405495643616 0.715552031993866 
vn -0.26926347613334656 0.2493520826101303 0.9302261471748352 
vn -0.4872455298900604 0.5005767941474915 0.715552031993866 
vn -0.29332706332206726 0.22054143249988556 0.9302261471748352 
vn -0.5350876450538635 0.45391085743904114 0.7124928832054138 
vn -0.3128823935985565 0.19945190846920013 0.9286137819290161 
vn -0.5720674395561218 0.40631601214408875 0.7124928832054138 
vn -0.32800719141960144 0.17345812916755676 0.9286137819290161 
vn -0.6086119413375854 0.34920671582221985 0.7124928832054138 
vn -0.3409772515296936 0.14632485806941986 0.9286137819290161 
vn -0.6363861560821533 0.3028789460659027 0.7094202041625977 
vn -0.34923890233039856 0.12533408403396606 0.9286137819290161 
vn -0.6567472815513611 0.24705636501312256 0.7124928832054138 
vn -0.35620972514152527 0.10388007014989853 0.9286137819290161 
vn -0.6734490990638733 0.19702844321727753 0.7124928832054138 
vn -0.36186397075653076 0.08204209804534912 0.9286137819290161 
vn -0.6847394704818726 0.15325047075748444 0.7124928832054138 
vn -0.36489149928092957 0.06730995327234268 0.9286137819290161 
vn -0.6919783353805542 0.11627502739429474 0.7124928832054138 
vn -0.3673195242881775 0.0524672195315361 0.9286137819290161 
vn -0.696333646774292 0.08644814789295197 0.7124928832054138 
vn -0.3691440522670746 0.037538278847932816 0.9286137819290161 
vn -0.695955753326416 0.06025737524032593 0.715552031993866 
vn -0.369828999042511 0.030049145221710205 0.9286137819290161 
vn -0.6975420117378235 0.03768941015005112 0.715552031993866 
vn -0.3703620433807373 0.022547665983438492 0.9286137819290161 
vn -0.6979082226753235 0.030156800523400307 0.715552031993866 
vn -0.37074294686317444 0.015036925673484802 0.9286137819290161 
vn -0.698396623134613 0.015081916004419327 0.715552031993866 
vn -0.37097156047821045 0.007520007435232401 0.9286137819290161 
vn -0.6985187530517578 0.007541397586464882 0.715552031993866 
vn -0.37097156047821045 0.007520007435232401 0.9286137819290161 
vn -0.6985594630241394 -1.4447823363031298e-13 0.715552031993866 
vn -0.3710477650165558 -7.674125278387539e-14 0.9286137819290161 
vn -0.6985187530517578 -0.007541397586464882 0.715552031993866 
vn -0.3710477650165558 -7.674125278387539e-14 0.9286137819290161 
vn -0.698396623134613 -0.015081916004419327 0.715552031993866 
vn -0.37074294686317444 -0.015036925673484802 0.9286137819290161 
vn -0.6979082226753235 -0.030156800523400307 0.715552031993866 
vn -0.3703620433807373 -0.022547665983438492 0.9286137819290161 
vn -0.6975420117378235 -0.03768941015005112 0.715552031993866 
vn -0.3691440522670746 -0.037538278847932816 0.9286137819290161 
vn -0.6965656876564026 -0.05274057388305664 0.715552031993866 
vn -0.3673195242881775 -0.0524672195315361 0.9286137819290161 
vn -0.695955753326416 -0.06025737524032593 0.715552031993866 
vn -0.36489149928092957 -0.06730995327234268 0.9286137819290161 
vn -0.6952646374702454 -0.06776715070009232 0.715552031993866 
vn -0.36680012941360474 -0.07847897708415985 0.926983654499054 
vn -0.6944925785064697 -0.07526902854442596 0.715552031993866 
vn -0.36515092849731445 -0.0858258381485939 0.926983654499054 
vn -0.6972219944000244 -0.07896433770656586 0.7124928832054138 
vn -0.3656558692455292 -0.1002463847398758 0.9253358840942383 
vn -0.6972219944000244 -0.07896433770656586 0.7124928832054138 
vn -0.36744508147239685 -0.12216214090585709 0.9219872951507568 
vn -0.6994529366493225 -0.08653651922941208 0.7094202041625977 
vn -0.3696792423725128 -0.13989128172397614 0.9185682535171509 
vn -0.6994529366493225 -0.08653651922941208 0.7094202041625977 
vn -0.3740710914134979 -0.16105493903160095 0.913308322429657 
vn -0.700339138507843 -0.07904483377933502 0.7094202041625977 
vn -0.3750402629375458 -0.1782255619764328 0.9097144603729248 
vn -0.6980298757553101 -0.07147142291069031 0.7124928832054138 
vn -0.3776908814907074 -0.18188634514808655 0.9078915119171143 
vn -0.6934277415275574 -0.0526847243309021 0.7185974717140198 
vn -0.3743650019168854 -0.18863697350025177 0.9078915119171143 
vn -0.6880882382392883 -0.03769780695438385 0.7246471047401428 
vn -0.3709184527397156 -0.1953267902135849 0.9078915119171143 
vn -0.6852852702140808 -0.030129702761769295 0.7276512384414673 
vn -0.37702205777168274 -0.20898674428462982 0.9023185968399048 
vn -0.6849129796028137 -0.037655308842659 0.7276512384414673 
vn -0.38697120547294617 -0.24584664404392242 0.888714075088501 
vn -0.6870981454849243 -0.052751630544662476 0.7246471047401428 
vn -0.401954710483551 -0.2920371890068054 0.8678402304649353 
vn -0.6944925785064697 -0.07526902854442596 0.715552031993866 
vn -0.42480558156967163 -0.3477155566215515 0.8358433246612549 
vn -0.7093324065208435 -0.10510051250457764 0.6969945430755615 
vn -0.4524519145488739 -0.40316203236579895 0.7954543828964233 
vn -0.7264350652694702 -0.1461799293756485 0.6715083718299866 
vn -0.481190949678421 -0.4518683850765228 0.7511792182922363 
vn -0.7418113946914673 -0.18284009397029877 0.6452018022537231 
vn -0.5095348954200745 -0.5002046227455139 0.7001210451126099 
vn -0.7624247670173645 -0.21242885291576385 0.6112139225006104 
vn -0.5442221760749817 -0.5402234196662903 0.641857385635376 
vn -0.7835434079170227 -0.24150319397449493 0.5724822878837585 
vn -0.5759913921356201 -0.5799909830093384 0.5760593414306641 
vn -0.8069000840187073 -0.2633674442768097 0.528724730014801 
vn -0.6108742356300354 -0.605536937713623 0.5100564956665039 
vn -0.8275856375694275 -0.2851600646972656 0.4835140109062195 
vn -0.6346318125724792 -0.6319648623466492 0.44481781125068665 
vn -0.8475868701934814 -0.3067130148410797 0.43303996324539185 
vn -0.6603578329086304 -0.6470221281051636 0.3811691105365753 
vn -0.8658740520477295 -0.3142601251602173 0.3892335295677185 
vn -0.6864365339279175 -0.6530942320823669 0.3198012113571167 
vn -0.8809580206871033 -0.3286718726158142 0.34042292833328247 
vn -0.7020841240882874 -0.6607496738433838 0.26549527049064636 
vn -0.8958925604820251 -0.33232107758522034 0.2948545813560486 
vn -0.7206577658653259 -0.6632771492004395 0.2017817199230194 
vn -0.9117321968078613 -0.33630549907684326 0.23588760197162628 
vn -0.7352914214134216 -0.6645987033843994 0.1328723281621933 
vn -0.9267144203186035 -0.33640432357788086 0.16742929816246033 
vn -0.7441207766532898 -0.6654388904571533 0.058952588587999344 
vn -0.9373515248298645 -0.33670511841773987 0.08945280313491821 
vn -0.7534522414207458 -0.6574118733406067 -0.010923261754214764 
vn -0.9426991939544678 -0.33329325914382935 0.0152922747656703 
vn -0.7501611113548279 -0.6568278670310974 -0.0763898640871048 
vn -0.9449859261512756 -0.3225235641002655 -0.05459024757146835 
vn -0.7437461018562317 -0.6503644585609436 -0.15449213981628418 
vn -0.9370725154876709 -0.3151871860027313 -0.15017375349998474 
vn -0.7261139154434204 -0.6394004821777344 -0.25283506512641907 
vn -0.9148176908493042 -0.30796313285827637 -0.2612801790237427 
vn -0.6914467215538025 -0.6327407956123352 -0.34862664341926575 
vn -0.8785902857780457 -0.2930104732513428 -0.37712597846984863 
vn -0.6518816351890564 -0.6225164532661438 -0.43303996324539185 
vn -0.835543155670166 -0.2746596336364746 -0.4758462607860565 
vn -0.6321383118629456 -0.6174496412277222 -0.46814218163490295 
vn -0.8104435801506042 -0.27444401383399963 -0.5175535082817078 
vn -0.49448299407958984 0.7710159420967102 0.401274174451828 
vn -0.5611534714698792 0.7261437773704529 0.3972681760787964 
vn -0.6270801424980164 0.6723996996879578 0.3932546079158783 
vn -0.6851165890693665 0.6131607294082642 0.3932546079158783 
vn -0.7416529655456543 0.5463041067123413 0.3892335295677185 
vn -0.7916890978813171 0.4708774983882904 0.3892335295677185 
vn -0.8308508396148682 0.3977237343788147 0.3892335295677185 
vn -0.8606092929840088 0.32840362191200256 0.3892335295677185 
vn -0.8845956325531006 0.2568809390068054 0.3892335295677185 
vn -0.8995193839073181 0.19839884340763092 0.3892335295677185 
vn -0.9094114899635315 0.14651960134506226 0.3892335295677185 
vn -0.9133738279342651 0.10535196959972382 0.3932546079158783 
vn -0.987392008304596 0.15791665017604828 0.010923261754214764 
vn -0.9935315847396851 0.11302972584962845 0.010923261754214764 
vn -0.9238321185112 0.10178299993276596 -0.3690181374549866 
vn -0.9272047877311707 0.06416331231594086 -0.3690181374549866 
vn -0.7130953669548035 0.07545609027147293 -0.6969945430755615 
vn -0.7156423926353455 0.045327384024858475 -0.6969945430755615 
vn -0.3949722945690155 0.015139628201723099 -0.9185682535171509 
vn -0.7167178392410278 0.022675031796097755 -0.6969945430755615 
vn -0.3951898217201233 0.007571203168481588 -0.9185682535171509 
vn -0.7170366048812866 0.0075594643130898476 -0.6969945430755615 
vn -0.39526233077049255 -8.174938590649328e-14 -0.9185682535171509 
vn -0.7170764207839966 -1.4830797451671068e-13 -0.6969945430755615 
vn -0.3951898217201233 -0.007571203168481588 -0.9185682535171509 
vn -0.7169170379638672 -0.015118088573217392 -0.6969945430755615 
vn -0.3949722945690155 -0.015139628201723099 -0.9185682535171509 
vn -0.7167178392410278 -0.022675031796097755 -0.6969945430755615 
vn -0.39460983872413635 -0.022702498361468315 -0.9185682535171509 
vn -0.7164389491081238 -0.03022945672273636 -0.6969945430755615 
vn -0.39460983872413635 -0.022702498361468315 -0.9185682535171509 
vn -0.7160804867744446 -0.0377805195748806 -0.6969945430755615 
vn -0.39460983872413635 -0.022702498361468315 -0.9185682535171509 
vn -0.7160804867744446 -0.0377805195748806 -0.6969945430755615 
vn -0.39460983872413635 -0.022702498361468315 -0.9185682535171509 
vn -0.7164389491081238 -0.03022945672273636 -0.6969945430755615 
vn -0.3949722945690155 -0.015139628201723099 -0.9185682535171509 
vn -0.39526233077049255 -8.174938590649328e-14 -0.9185682535171509 
vn -0.015745941549539566 0.007582846097648144 -0.9998472929000854 
vn -0.013106673955917358 0.022701425477862358 -0.9996563792228699 
vn 0.369119256734848 0.03778119012713432 -0.9286137819290161 
vn 0.3672710359096527 0.05280560255050659 -0.9286137819290161 
vn 0.6934139132499695 0.05286667123436928 -0.7185974717140198 
vn 0.6927982568740845 0.060401201248168945 -0.7185974717140198 
vn 0.9157118797302246 0.06041337177157402 -0.3972681760787964 
vn 0.6921007037162781 0.06792858988046646 -0.7185974717140198 
vn 0.9157118797302246 0.06041337177157402 -0.3972681760787964 
vn 0.6944785714149475 0.07539807260036469 -0.715552031993866 
vn 0.9174456000328064 0.06036905199289322 -0.3932546079158783 
vn 0.6936225891113281 0.0829039141535759 -0.715552031993866 
vn 0.9174456000328064 0.06036905199289322 -0.3932546079158783 
vn 0.916178286075592 0.05287066474556923 -0.3972681760787964 
vn 0.9994269013404846 0.03019949607551098 -0.0152922747656703 
vn 0.999854564666748 0.007550950627774 -0.0152922747656703 
vn 0.930536150932312 -0.03018726035952568 0.3649536371231079 
vn 0.9301426410675049 -0.06781388819217682 0.36088213324546814 
vn 0.7199623584747314 -0.06771589070558548 0.6907016038894653 
vn 0.7173576354980469 -0.1126638650894165 0.6875353455543518 
vn 0.39964938163757324 -0.09701261669397354 0.9115201234817505 
vn 0.40163442492485046 -0.13327082991600037 0.9060511589050293 
vn 0.01679864339530468 -0.1383492797613144 0.9902410507202148 
vn 0.018625758588314056 -0.17721225321292877 0.9839963912963867 
vn 0.36335378885269165 0.0751696527004242 -0.9286137819290161 
vn 0.3648115396499634 0.06774212419986725 -0.9286137819290161 
vn -0.016820024698972702 0.054222650825977325 -0.9983872175216675 
vn -0.015044965781271458 0.03632176294922829 -0.9992268681526184 
vn -0.3949722945690155 0.015139628201723099 -0.9185682535171509 
vn -0.7167178392410278 -0.022675031796097755 -0.6969945430755615 
vn -0.9270328283309937 -0.037745703011751175 -0.37307560443878174 
vn -0.9284935593605042 -0.04153664782643318 -0.3690181374549866 
vn -0.9985435009002686 -0.05283556878566742 0.010923261754214764 
vn -0.998856782913208 -0.04529063403606415 0.0152922747656703 
vn -0.9186564683914185 -0.03769795969128609 0.3932546079158783 
vn -0.9172060489654541 -0.03018353506922722 0.3972681760787964 
vn -0.9284935593605042 -0.04153664782643318 -0.3690181374549866 
vn -0.9991703629493713 -0.037746138870716095 0.0152922747656703 
vn -0.9994269013404846 -0.03019949607551098 0.0152922747656703 
vn -0.9174232482910156 -0.0226394385099411 0.3972681760787964 
vn -0.9176715016365051 -0.007547160144895315 0.3972681760787964 
vn -0.9284935593605042 -0.04153664782643318 -0.3690181374549866 
vn -0.9288005232810974 -0.03398827090859413 -0.3690181374549866 
vn -0.929230272769928 -0.018885284662246704 -0.3690181374549866 
vn -0.9997690320014954 -0.015101470053195953 0.0152922747656703 
vn -0.999854564666748 -0.007550950627774 0.0152922747656703 
vn -0.9194296002388 -1.9015928968187795e-13 0.3932546079158783 
vn -0.999854564666748 0.007550950627774 0.0152922747656703 
vn -0.9193059206008911 0.015082734636962414 0.3932546079158783 
vn -0.9189347624778748 0.030161410570144653 0.3932546079158783 
vn -0.9293531179428101 -0.011331669986248016 -0.3690181374549866 
vn -0.9294145107269287 0.0037773065268993378 -0.3690181374549866 
vn -0.929230272769928 0.018885284662246704 -0.3690181374549866 
vn -0.9996837377548218 0.02265242673456669 0.010923261754214764 
vn -0.9989140033721924 0.04529322683811188 0.010923261754214764 
vn -0.9183163046836853 0.04523196816444397 0.3932546079158783 
vn -0.9970902800559998 0.07544279098510742 0.010923261754214764 
vn -0.9163382649421692 0.07533251494169235 0.3932546079158783 
vn -0.9288005232810974 0.03398827090859413 -0.3690181374549866 
vn 0.006750544533133507 -0.020776038989424706 0.9997613430023193 
vn 0.006750544533133507 -0.020776038989424706 0.9997613430023193 
vn 0.30478590726852417 0.21864773333072662 0.926983654499054 
vn 0.5654474496841431 0.4154793322086334 0.7124928832054138 
vn 0.7348842024803162 0.5553759932518005 0.3892335295677185 
vn 0.7438843250274658 0.5432617664337158 0.3892335295677185 
vn 0.8009352684020996 0.59871506690979 0.006554040592163801 
vn 0.7526847720146179 0.5310017466545105 0.3892335295677185 
vn 0.8098864555358887 0.5865500569343567 0.006554040592163801 
vn 0.818652868270874 0.5742512345314026 0.006554040592163801 
vn 0.7407621145248413 0.5559203624725342 -0.37712597846984863 
vn 0.7497241497039795 0.5437735319137573 -0.37712597846984863 
vn 0.5666192770004272 0.42942315340042114 -0.7032341957092285 
vn 0.5711525082588196 0.42337504029273987 -0.7032341957092285 
vn 0.2955457866191864 0.25018423795700073 -0.9219872951507568 
vn 0.30037108063697815 0.2443699836730957 -0.9219872951507568 
vn -0.02181188575923443 0.04280823469161987 -0.9988451600074768 
vn -0.02396346628665924 0.04660924896597862 -0.9986256957054138 
vn -0.34090590476989746 -0.17497482895851135 -0.9236704111099243 
vn -0.3442963659763336 -0.1682053506374359 -0.9236704111099243 
vn -0.6152315735816956 -0.3501177728176117 -0.7063339352607727 
vn -0.6189314126968384 -0.3435349464416504 -0.7063339352607727 
vn -0.7953934669494629 -0.4679383933544159 -0.3852050006389618 
vn 0.7584870457649231 0.5314822793006897 -0.37712597846984863 
vn 0.5800248980522156 0.41113588213920593 -0.7032341957092285 
vn 0.30508196353912354 0.23846270143985748 -0.9219872951507568 
vn -0.02181188575923443 0.04280823469161987 -0.9988451600074768 
vn -0.34755241870880127 -0.1613702028989792 -0.9236704111099243 
vn 0.5852817296981812 0.3981678783893585 -0.7063339352607727 
vn 0.7690913081169128 0.513038694858551 -0.3811691105365753 
vn 0.8438400030136108 0.5365904569625854 0.002184694167226553 
vn 0.8314676284790039 0.5555689334869385 0.002184694167226553 
vn 0.7876307368278503 0.48088976740837097 0.3852050006389618 
vn 0.7755918502807617 0.5000743865966797 0.3852050006389618 
vn 0.6023529767990112 0.36591508984565735 0.7094202041625977 
vn 0.5943821668624878 0.3787252902984619 0.7094202041625977 
vn 0.3299066126346588 0.18685604631900787 0.9253358840942383 
vn 0.3222421109676361 0.1997838318347931 0.9253358840942383 
vn 0.017523931339383125 -0.03519279882311821 0.9992268681526184 
vn 0.012112504802644253 -0.028079941868782043 0.9995322823524475 
vn 0.33705273270606995 0.17363466322422028 0.9253358840942383 
vn 0.6137905716896057 0.34638720750808716 0.7094202041625977 
vn 0.7953934669494629 0.4679383933544159 0.3852050006389618 
vn 0.8518480062484741 0.5237845182418823 0.002184694167226553 
vn 0.777371883392334 0.5004028677940369 -0.3811691105365753 
vn 0.6174630522727966 0.3397975265979767 0.7094202041625977 
vn 0.34477272629737854 0.16722677648067474 0.9236704111099243 
vn 0.022974452003836632 -0.0471046082675457 0.9986256957054138 
vn 0.02295195683836937 -0.042207952588796616 0.9988451600074768 
vn 0.02295195683836937 -0.042207952588796616 0.9988451600074768 
vn 0.3479895293712616 0.16042537987232208 0.9236704111099243 
vn -0.9760558009147644 0.21724578738212585 0.010923261754214764 
vn -0.9590480327606201 0.2830328643321991 0.010923261754214764 
vn -0.9322560429573059 0.3616342842578888 0.010923261754214764 
vn -0.8909962177276611 0.2644832134246826 -0.3690181374549866 
vn -0.868395984172821 0.33570414781570435 -0.3649536371231079 
vn -0.6679772734642029 0.2690204083919525 -0.6938546895980835 
vn -0.6428573131561279 0.33115822076797485 -0.6907016038894653 
vn -0.3519037067890167 0.18863195180892944 -0.916832447052002 
vn -0.33064398169517517 0.23087818920612335 -0.9150791168212891 
vn 0.0038889264687895775 0.01703849993646145 -0.9998472929000854 
vn 0.001958925975486636 0.02614004909992218 -0.9996563792228699 
vn 0.35067278146743774 -0.15447205305099487 -0.9236704111099243 
vn 0.33738234639167786 -0.1816760152578354 -0.9236704111099243 
vn 0.6128539443016052 -0.36037716269493103 -0.7032341957092285 
vn 0.5800248980522156 -0.41113588213920593 -0.7032341957092285 
vn 0.7933081984519958 -0.47473379969596863 -0.3811691105365753 
vn 0.7412248253822327 -0.5497298240661621 -0.3852050006389618 
vn 0.7963150143623352 -0.604688823223114 -0.0152922747656703 
vn 0.688819944858551 -0.6141206622123718 -0.3852050006389618 
vn 0.7382673621177673 -0.6742216348648071 -0.01966099627315998 
vn 0.6282460689544678 -0.6736498475074768 -0.3892335295677185 
vn 0.6685633063316345 -0.7432669401168823 -0.024029340595006943 
vn 0.5985550284385681 -0.8007212281227112 -0.024029340595006943 
vn 0.6158481240272522 -0.706534206867218 0.34862664341926575 
vn 0.5536277890205383 -0.75815349817276 0.34452807903289795 
vn 0.42664802074432373 -0.6058448553085327 0.6715083718299866 
vn 0.36760085821151733 -0.6467553377151489 0.6682642698287964 
vn 0.19570155441761017 -0.38408592343330383 0.9023185968399048 
vn 0.168432354927063 -0.39680176973342896 0.9023185968399048 
vn -0.01267880667001009 -0.05085191875696182 0.9986256957054138 
vn -0.01267880667001009 -0.05085191875696182 0.9986256957054138 
vn -0.6105054616928101 0.39316433668136597 -0.6875353455543518 
vn -0.30262553691864014 0.266548216342926 -0.9150791168212891 
vn -0.5663794875144958 0.45443305373191833 -0.6875353455543518 
vn -0.27846336364746094 0.2971969544887543 -0.913308322429657 
vn -0.5195792317390442 0.5115606784820557 -0.6843559741973877 
vn -0.24960654973983765 0.3268449902534485 -0.9115201234817505 
vn -0.47108694911003113 0.5604403018951416 -0.681163489818573 
vn -0.22057485580444336 0.35180434584617615 -0.9097144603729248 
vn -0.42068982124328613 0.6028208136558533 -0.677958071231842 
vn -0.18766970932483673 0.3704046905040741 -0.9097144603729248 
vn -0.36465883255004883 0.641677737236023 -0.67473965883255 
vn -0.3109648525714874 0.6693483591079712 -0.67473965883255 
vn -0.48024657368659973 0.8066372275352478 -0.34452807903289795 
vn -0.4070765972137451 0.845924973487854 -0.34452807903289795 
vn -0.44430631399154663 0.8952755928039551 0.03276457265019417 
vn -0.36140647530555725 0.931668758392334 0.03713129088282585 
vn -0.4195694029331207 0.8122288584709167 0.405272513628006 
vn -0.33716949820518494 0.8497475385665894 0.405272513628006 
vn -0.253106951713562 0.8766074180603027 0.40926313400268555 
vn -0.17245148122310638 0.8959710597991943 0.40926313400268555 
vn -0.08286158740520477 0.9086460471153259 0.40926313400268555 
vn -0.005660997703671455 0.9141783714294434 0.405272513628006 
vn 0.08479345589876175 0.9102550745010376 0.405272513628006 
vn 0.16317951679229736 0.9013054370880127 0.401274174451828 
vn 0.2387336939573288 0.8861061930656433 0.3972681760787964 
vn 0.29647427797317505 0.8684934973716736 0.3972681760787964 
vn 0.35293200612068176 0.8471227884292603 0.3972681760787964 
vn -0.0979495495557785 0.9944984316825867 0.03713129088282585 
vn -0.18754860758781433 0.9815532565116882 0.03713129088282585 
vn -0.27560847997665405 0.9605525732040405 0.03713129088282585 
vn -0.2500430643558502 0.9064164161682129 -0.34042292833328247 
vn -0.32907411456108093 0.8808078765869141 -0.34042292833328247 
vn -0.1942165493965149 0.7150918841362 -0.6715083718299866 
vn -0.24808788299560547 0.6951106190681458 -0.67473965883255 
vn -0.0974934995174408 0.4077107608318329 -0.9078915119171143 
vn -0.1266588568687439 0.39961305260658264 -0.9078915119171143 
vn 0.01636994630098343 0.030876992270350456 -0.999389111995697 
vn -0.1621694415807724 0.3865671157836914 -0.9078915119171143 
vn 0.015044965781271458 0.03632176294922829 -0.9992268681526184 
vn 0.021840007975697517 0.037828002125024796 -0.9990455508232117 
vn 0.021840007975697517 0.037828002125024796 -0.9990455508232117 
vn 0.014939445070922375 0.041045788675546646 -0.9990455508232117 
vn 0.015044965781271458 0.03632176294922829 -0.9992268681526184 
vn 0.30457866191864014 -0.2325185239315033 -0.9236704111099243 
vn 0.3219856023788452 -0.2077457457780838 -0.9236704111099243 
vn 0.5346417427062988 -0.4639509916305542 -0.7063339352607727 
vn -0.015044965781271458 0.03632176294922829 -0.9992268681526184 
vn -0.3442963659763336 -0.1682053506374359 -0.9236704111099243 
vn -0.021840007975697517 0.037828002125024796 -0.9990455508232117 
vn -0.34755241870880127 -0.1613702028989792 -0.9236704111099243 
vn -0.02181188575923443 0.04280823469161987 -0.9988451600074768 
vn -0.34755241870880127 -0.1613702028989792 -0.9236704111099243 
vn -0.3442963659763336 -0.1682053506374359 -0.9236704111099243 
vn -0.6171711087226868 -0.34032750129699707 -0.7094202041625977 
vn -0.613486647605896 -0.3469252288341522 -0.7094202041625977 
vn -0.7953934669494629 -0.4679383933544159 -0.3852050006389618 
vn -0.7876307368278503 -0.48088976740837097 -0.3852050006389618 
vn -0.8438400030136108 -0.5365904569625854 -0.002184694167226553 
vn -0.8314676284790039 -0.5555689334869385 -0.002184694167226553 
vn -0.7567089796066284 -0.5311324000358582 0.3811691105365753 
vn -0.818652868270874 -0.5742512345314026 -0.006554040592163801 
vn -0.7475022077560425 -0.5468239188194275 0.37712597846984863 
vn -0.7430211901664734 -0.5528973937034607 0.37712597846984863 
vn -0.567089319229126 -0.4288021922111511 0.7032341957092285 
vn -0.562506377696991 -0.4347967207431793 0.7032341957092285 
vn -0.2936481237411499 -0.252408891916275 0.9219872951507568 
vn -0.2936481237411499 -0.252408891916275 0.9219872951507568 
vn 0.012112504802644253 -0.028079941868782043 0.9995322823524475 
vn 0.01205984503030777 -0.023274444043636322 0.9996563792228699 
vn 0.3182191848754883 0.206131249666214 0.9253358840942383 
vn 0.3097999691963196 0.2185807079076767 0.9253358840942383 
vn 0.5732715725898743 0.40997886657714844 0.7094202041625977 
vn 0.5643641352653503 0.4221564531326294 0.7094202041625977 
vn 0.7438843250274658 0.5432617664337158 0.3892335295677185 
vn 0.7348842024803162 0.5553759932518005 0.3892335295677185 
vn 0.791801393032074 0.6107434630393982 0.006554040592163801 
vn 0.7210149168968201 0.5732667446136475 0.3892335295677185 
vn 0.7777625322341919 0.6285240650177002 0.006554040592163801 
vn 0.7115262746810913 0.5850022435188293 0.3892335295677185 
vn 0.7681810855865479 0.6401990652084351 0.006554040592163801 
vn 0.6969360709190369 0.602310061454773 0.3892335295677185 
vn 0.7484660744667053 0.6630830764770508 0.010923261754214764 
vn 0.6716880798339844 0.6303430795669556 0.3892335295677185 
vn 0.7280974984169006 0.6853865385055542 0.010923261754214764 
vn 0.696304976940155 0.7176629304885864 0.010923261754214764 
vn 0.669266402721405 0.6425706744194031 -0.37307560443878174 
vn 0.6443919539451599 0.6697645783424377 -0.3690181374549866 
vn 0.51500403881073 0.49896836280822754 -0.6969945430755615 
vn 0.493511438369751 0.5202355980873108 -0.6969945430755615 
vn 0.2740877568721771 0.28479504585266113 -0.9185682535171509 
vn 0.2686592638492584 0.29536494612693787 -0.916832447052002 
vn -0.0037933827843517065 0.02151334285736084 -0.9997613430023193 
vn 0.0038889264687895775 0.01703849993646145 -0.9998472929000854 
vn -0.5716083645820618 -0.42275935411453247 0.7032341957092285 
vn -0.2936481237411499 -0.252408891916275 0.9219872951507568 
vn 0.017523931339383125 -0.03519279882311821 0.9992268681526184 
vn 0.3222421109676361 0.1997838318347931 0.9253358840942383 
vn 0.5819162726402283 0.39761337637901306 0.7094202041625977 
vn 0.7526847720146179 0.5310017466545105 0.3892335295677185 
vn 0.8009352684020996 0.59871506690979 0.006554040592163801 
vn 0.7379851341247559 0.5623100399971008 -0.37307560443878174 
vn 0.7287346720695496 0.5742476582527161 -0.37307560443878174 
vn 0.5612608790397644 0.44138044118881226 -0.7001210451126099 
vn 0.556560754776001 0.4472925364971161 -0.7001210451126099 
vn 0.3002505898475647 0.2508430480957031 -0.9202865362167358 
vn 0.3002505898475647 0.2508430480957031 -0.9202865362167358 
vn -0.0037933827843517065 0.02151334285736084 -0.9997613430023193 
vn -0.0037933827843517065 0.02151334285736084 -0.9997613430023193 
vn 0.8098864555358887 0.5865500569343567 0.006554040592163801 
vn 0.818652868270874 0.5742512345314026 0.006554040592163801 
vn 0.7630858421325684 0.5189577341079712 0.3852050006389618 
vn 0.7755918502807617 0.5000743865966797 0.3852050006389618 
vn 0.5943821668624878 0.3787252902984619 0.7094202041625977 
vn 0.6023529767990112 0.36591508984565735 0.7094202041625977 
vn 0.3343299627304077 0.1872337907552719 0.9236704111099243 
vn 0.341422975063324 0.17396369576454163 0.9236704111099243 
vn 0.02295195683836937 -0.042207952588796616 0.9988451600074768 
vn -0.29850226640701294 -0.24664928019046783 0.9219872951507568 
vn -0.5804528594017029 -0.41053152084350586 0.7032341957092285 
vn -0.7694830298423767 -0.5124509334564209 0.3811691105365753 
vn -0.8518480062484741 -0.5237845182418823 -0.002184694167226553 
vn -0.7953934669494629 -0.4679383933544159 -0.3852050006389618 
vn -0.6171711087226868 -0.34032750129699707 -0.7094202041625977 
vn -0.6171711087226868 -0.34032750129699707 -0.7094202041625977 
vn -0.8990345001220703 0.43774157762527466 0.010923261754214764 
vn -0.8316810727119446 0.41846802830696106 -0.3649536371231079 
vn -0.8517504334449768 0.5237245559692383 0.0152922747656703 
vn -0.7908104062080383 0.4943510591983795 -0.36088213324546814 
vn -0.8008587956428528 0.5986579060554504 0.0152922747656703 
vn -0.7391235828399658 0.5687358379364014 -0.36088213324546814 
vn -0.6796414256095886 0.640920102596283 -0.3568037748336792 
vn -0.7382673621177673 0.6742216348648071 0.01966099627315998 
vn -0.6189790368080139 0.7017510533332825 -0.3527185618877411 
vn -0.6685633063316345 0.7432669401168823 0.024029340595006943 
vn -0.5509085655212402 0.7582606077194214 -0.34862664341926575 
vn -0.5984864830970764 0.8006294965744019 0.028397228568792343 
vn -0.5235745310783386 0.8515064716339111 0.028397228568792343 
vn 0.009450040757656097 0.029084233567118645 -0.9995322823524475 
vn 0.7630858421325684 0.5189577341079712 0.3852050006389618 
vn 0.5785389542579651 0.3970472812652588 0.7124928832054138 
vn 0.3133162558078766 0.20623824000358582 0.926983654499054 
vn 0.005333262961357832 -0.025665070861577988 0.9996563792228699 
vn 0.5698772072792053 0.40938228368759155 0.7124928832054138 
vn 0.30911335349082947 0.21248579025268555 0.926983654499054 
vn 0.006750544533133507 -0.020776038989424706 0.9997613430023193 
vn 0.5169810652732849 -0.8551911115646362 -0.03713129088282585 
vn 0.5169810652732849 -0.8551911115646362 -0.03713129088282585 
vn 0.5169810652732849 -0.8551911115646362 -0.03713129088282585 
vn 0.5169810652732849 -0.8551911115646362 -0.03713129088282585 
vn 0.5169810652732849 -0.8551911115646362 -0.03713129088282585 
vn 0.5169810652732849 -0.8551911115646362 -0.03713129088282585 
vn 0.5169810652732849 -0.8551911115646362 -0.03713129088282585 
vn 0.5169810652732849 -0.8551911115646362 -0.03713129088282585 
vn 0.5169810652732849 -0.8551911115646362 -0.03713129088282585 
vn 0.5169810652732849 -0.8551911115646362 -0.03713129088282585 
vn 0.5169810652732849 -0.8551911115646362 -0.03713129088282585 
vn 0.5169810652732849 -0.8551911115646362 -0.03713129088282585 
vn 0.5169810652732849 -0.8551911115646362 -0.03713129088282585 
vn 0.5169810652732849 -0.8551911115646362 -0.03713129088282585 
vn 0.5169810652732849 -0.8551911115646362 -0.03713129088282585 
vn 0.5169810652732849 -0.8551911115646362 -0.03713129088282585 
vn 0.5169810652732849 -0.8551911115646362 -0.03713129088282585 
vn 0.5169810652732849 -0.8551911115646362 -0.03713129088282585 
vn 0.5169810652732849 -0.8551911115646362 -0.03713129088282585 
vn 0.5169810652732849 -0.8551911115646362 -0.03713129088282585 
vn 0.5169810652732849 -0.8551911115646362 -0.03713129088282585 
vn 0.5169810652732849 -0.8551911115646362 -0.03713129088282585 
vn 0.5169810652732849 -0.8551911115646362 -0.03713129088282585 
vn 0.5169810652732849 -0.8551911115646362 -0.03713129088282585 
vn 0.5169810652732849 -0.8551911115646362 -0.03713129088282585 
vn 0.5169810652732849 -0.8551911115646362 -0.03713129088282585 
vn 0.5169810652732849 -0.8551911115646362 -0.03713129088282585 
vn 0.5169810652732849 -0.8551911115646362 -0.03713129088282585 
vn 0.5169810652732849 -0.8551911115646362 -0.03713129088282585 
vn 0.5169810652732849 -0.8551911115646362 -0.03713129088282585 
vn 0.5169810652732849 -0.8551911115646362 -0.03713129088282585 
vn 0.5169810652732849 -0.8551911115646362 -0.03713129088282585 
vn 0.5169810652732849 -0.8551911115646362 -0.03713129088282585 
vn 0.5169810652732849 -0.8551911115646362 -0.03713129088282585 
vn 0.5169810652732849 -0.8551911115646362 -0.03713129088282585 
vn 0.5169810652732849 -0.8551911115646362 -0.03713129088282585 
vn 0.5169810652732849 -0.8551911115646362 -0.03713129088282585 
vn 0.5169810652732849 -0.8551911115646362 -0.03713129088282585 
vn 0.5169810652732849 -0.8551911115646362 -0.03713129088282585 
vn 0.5169810652732849 -0.8551911115646362 -0.03713129088282585 
vn 0.5169810652732849 -0.8551911115646362 -0.03713129088282585 
vn 0.5169810652732849 -0.8551911115646362 -0.03713129088282585 
vn 0.5169810652732849 -0.8551911115646362 -0.03713129088282585 
vn 0.5169810652732849 -0.8551911115646362 -0.03713129088282585 
vn 0.5169810652732849 -0.8551911115646362 -0.03713129088282585 
vn 0.5169810652732849 -0.8551911115646362 -0.03713129088282585 
vn 0.534028947353363 0.14211368560791016 -0.8334367275238037 
vn 0.534028947353363 0.14211368560791016 -0.8334367275238037 
vn 0.534028947353363 0.14211368560791016 -0.8334367275238037 
vn 0.534028947353363 0.14211368560791016 -0.8334367275238037 
vn 0.534028947353363 0.14211368560791016 -0.8334367275238037 
vn 0.534028947353363 0.14211368560791016 -0.8334367275238037 
vn 0.534028947353363 0.14211368560791016 -0.8334367275238037 
vn 0.534028947353363 0.14211368560791016 -0.8334367275238037 
vn 0.534028947353363 0.14211368560791016 -0.8334367275238037 
vn 0.534028947353363 0.14211368560791016 -0.8334367275238037 
vn 0.534028947353363 0.14211368560791016 -0.8334367275238037 
vn 0.534028947353363 0.14211368560791016 -0.8334367275238037 
vn 0.534028947353363 0.14211368560791016 -0.8334367275238037 
vn 0.534028947353363 0.14211368560791016 -0.8334367275238037 
vn 0.534028947353363 0.14211368560791016 -0.8334367275238037 
vn 0.534028947353363 0.14211368560791016 -0.8334367275238037 
vn 0.534028947353363 0.14211368560791016 -0.8334367275238037 
vn 0.534028947353363 0.14211368560791016 -0.8334367275238037 
vn 0.534028947353363 0.14211368560791016 -0.8334367275238037 
vn 0.534028947353363 0.14211368560791016 -0.8334367275238037 
vn 0.534028947353363 0.14211368560791016 -0.8334367275238037 
vn 0.534028947353363 0.14211368560791016 -0.8334367275238037 
vn 0.534028947353363 0.14211368560791016 -0.8334367275238037 
vn 0.534028947353363 0.14211368560791016 -0.8334367275238037 
vn 0.534028947353363 0.14211368560791016 -0.8334367275238037 
vn 0.534028947353363 0.14211368560791016 -0.8334367275238037 
vn -0.7953934669494629 -0.4679383933544159 -0.3852050006389618 
vn -0.855779230594635 -0.5173366069793701 -0.002184694167226553 
vn -0.855779230594635 -0.5173366069793701 -0.002184694167226553 
vn -0.7817959785461426 -0.49346238374710083 0.3811691105365753 
vn -0.777743399143219 -0.4998253285884857 0.3811691105365753 
vn -0.581417441368103 -0.4037896394729614 0.7063339352607727 
vn -0.5898852348327637 -0.39131543040275574 0.7063339352607727 
vn -0.30786991119384766 -0.23485228419303894 0.9219872951507568 
vn -0.3032434582710266 -0.24079634249210358 0.9219872951507568 
vn 0.02295195683836937 -0.042207952588796616 0.9988451600074768 
vn 0.029306560754776 -0.04344876483082771 0.9986256957054138 
vn 0.34477272629737854 0.16722677648067474 0.9236704111099243 
vn 0.6136682629585266 0.3528507351875305 0.7063339352607727 
vn 0.7876307368278503 0.48088976740837097 0.3852050006389618 
vn 0.8314517736434937 0.5555583238601685 0.006554040592163801 
vn 0.7584870457649231 0.5314822793006897 -0.37712597846984863 
vn 0.7497241497039795 0.5437735319137573 -0.37712597846984863 
vn 0.570472240447998 0.42940881848335266 -0.7001210451126099 
vn 0.5658982396125793 0.4354189932346344 -0.7001210451126099 
vn 0.2953452467918396 0.2566005289554596 -0.9202865362167358 
vn 0.2953452467918396 0.2566005289554596 -0.9202865362167358 
vn -0.015044965781271458 0.03632176294922829 -0.9992268681526184 
vn -0.013020745478570461 0.027670491486787796 -0.9995322823524475 
vn 0.534028947353363 0.14211368560791016 -0.8334367275238037 
vn 0.534028947353363 0.14211368560791016 -0.8334367275238037 
vn 0.534028947353363 0.14211368560791016 -0.8334367275238037 
vn 0.534028947353363 0.14211368560791016 -0.8334367275238037 
vn 0.534028947353363 0.14211368560791016 -0.8334367275238037 
vn 0.534028947353363 0.14211368560791016 -0.8334367275238037 
vn 0.534028947353363 0.14211368560791016 -0.8334367275238037 
vn 0.534028947353363 0.14211368560791016 -0.8334367275238037 
vn -0.7817959785461426 -0.49346238374710083 0.3811691105365753 
vn -0.5898852348327637 -0.39131543040275574 0.7063339352607727 
vn -0.3123798370361328 -0.2288193553686142 0.9219872951507568 
vn 0.017523931339383125 -0.03519279882311821 0.9992268681526184 
vn 0.023890703916549683 -0.03656744584441185 0.9990455508232117 
vn 0.34477272629737854 0.16722677648067474 0.9236704111099243 
vn 0.3479895293712616 0.16042537987232208 0.9236704111099243 
vn 0.617391049861908 0.3462955951690674 0.7063339352607727 
vn 0.6210438013076782 0.33970120549201965 0.7063339352607727 
vn 0.7953934669494629 0.4679383933544159 0.3852050006389618 
vn 0.7915385961532593 0.4744299650192261 0.3852050006389618 
vn 0.8478681445121765 0.5302026271820068 0.002184694167226553 
vn 0.8397637009620667 0.5429477095603943 0.002184694167226553 
vn 0.7670484185218811 0.5190498232841492 -0.37712597846984863 
vn 0.5800248980522156 0.41113588213920593 -0.7032341957092285 
vn 0.3002505898475647 0.2508430480957031 -0.9202865362167358 
vn -0.02181188575923443 0.04280823469161987 -0.9988451600074768 
vn 0.5169810652732849 -0.8551911115646362 -0.03713129088282585 
vn 0.5169810652732849 -0.8551911115646362 -0.03713129088282585 
vn 0.5169810652732849 -0.8551911115646362 -0.03713129088282585 
vn 0.534028947353363 0.14211368560791016 -0.8334367275238037 
vn 0.534028947353363 0.14211368560791016 -0.8334367275238037 
vn 0.534028947353363 0.14211368560791016 -0.8334367275238037 
vn 0.534028947353363 0.14211368560791016 -0.8334367275238037 
vn 0.534028947353363 0.14211368560791016 -0.8334367275238037 
vn 0.534028947353363 0.14211368560791016 -0.8334367275238037 
vn 0.534028947353363 0.14211368560791016 -0.8334367275238037 
vn 0.5598132014274597 0.4281730651855469 0.7094202041625977 
vn 0.30540695786476135 0.22467784583568573 0.9253358840942383 
vn 0.30089396238327026 0.2306867241859436 0.9253358840942383 
vn 0.006688034627586603 -0.016146345064044 0.9998472929000854 
vn 0.006688034627586603 -0.016146345064044 0.9998472929000854 
vn -0.2936481237411499 -0.252408891916275 0.9219872951507568 
vn -0.28868287801742554 -0.25807297229766846 0.9219872951507568 
vn -0.5386518239974976 -0.4640214145183563 0.7032341957092285 
vn -0.5302026867866516 -0.4782421886920929 0.7001210451126099 
vn -0.6929280757904053 -0.616980791091919 0.37307560443878174 
vn -0.6725053191184998 -0.639180064201355 0.37307560443878174 
vn -0.7280974984169006 -0.6853865385055542 -0.010923261754214764 
vn -0.696304976940155 -0.7176629304885864 -0.010923261754214764 
vn -0.6762208342552185 -0.6254779696464539 -0.3892335295677185 
vn -0.6500066518783569 -0.6526780128479004 -0.3892335295677185 
vn -0.4981633722782135 -0.49415290355682373 -0.7124928832054138 
vn -0.4672403633594513 -0.519299328327179 -0.715552031993866 
vn -0.25422030687332153 -0.270274817943573 -0.9286137819290161 
vn -0.23721390962600708 -0.2853173613548279 -0.9286137819290161 
vn 0.0038889264687895775 0.01703849993646145 -0.9998472929000854 
vn 0.0038889264687895775 0.01703849993646145 -0.9998472929000854 
vn 0.006750544533133507 -0.020776038989424706 0.9997613430023193 
vn -0.29850226640701294 -0.24664928019046783 0.9219872951507568 
vn -0.5578600764274597 -0.44074228405952454 0.7032341957092285 
vn -0.7339113354682922 -0.5649337768554688 0.37712597846984863 
vn -0.8098864555358887 -0.5865500569343567 -0.006554040592163801 
vn -0.7522586584091187 -0.5316053032875061 -0.3892335295677185 
vn -0.7630858421325684 -0.5189577341079712 -0.3852050006389618 
vn -0.5798560380935669 -0.3951212465763092 -0.7124928832054138 
vn -0.5940152406692505 -0.3793005347251892 -0.7094202041625977 
vn -0.3235239088535309 -0.1977013498544693 -0.9253358840942383 
vn -0.3311513662338257 -0.1846410632133484 -0.9253358840942383 
vn -0.015044965781271458 0.03632176294922829 -0.9992268681526184 
vn -0.33825185894966125 -0.1712869554758072 -0.9253358840942383 
vn -0.02181188575923443 0.04280823469161987 -0.9988451600074768 
vn -0.02396346628665924 0.04660924896597862 -0.9986256957054138 
vn -0.2936481237411499 -0.252408891916275 0.9219872951507568 
vn -0.5531509518623352 -0.44663819670677185 0.7032341957092285 
vn -0.7292831540107727 -0.5708959102630615 0.37712597846984863 
vn -0.791801393032074 -0.6107434630393982 -0.006554040592163801 
vn -0.8009352684020996 -0.59871506690979 -0.006554040592163801 
vn -0.7434367537498474 -0.5438741445541382 -0.3892335295677185 
vn -0.5712053179740906 -0.4075271189212799 -0.7124928832054138 
vn -0.3129308819770813 -0.2068224847316742 -0.926983654499054 
vn -0.013020745478570461 0.027670491486787796 -0.9995322823524475 
vn -0.5483794808387756 -0.45248377323150635 0.7032341957092285 
vn -0.7198817729949951 -0.5827059745788574 0.37712597846984863 
vn -0.7102891802787781 -0.5943612456321716 0.37712597846984863 
vn -0.7824868559837341 -0.6226325631141663 -0.006554040592163801 
vn -0.7251951098442078 -0.5679695010185242 -0.3892335295677185 
vn -0.7344147562980652 -0.5559966564178467 -0.3892335295677185 
vn -0.5622891783714294 -0.4197436273097992 -0.7124928832054138 
vn -0.7681810855865479 -0.6401990652084351 -0.006554040592163801 
vn -0.7534810304641724 -0.6574370265007019 -0.006554040592163801 
vn -0.6963753700256348 -0.6029582619667053 -0.3892335295677185 
vn -0.51899653673172 -0.47222498059272766 -0.7124928832054138 
vn -0.270274817943573 -0.25422030687332153 -0.9286137819290161 
vn -0.0037933827843517065 0.02151334285736084 -0.9997613430023193 
vn -0.0037933827843517065 0.02151334285736084 -0.9997613430023193 
vn -0.2804192006587982 -0.2429846078157425 -0.9286137819290161 
vn -0.5339906215667725 -0.4552009105682373 -0.7124928832054138 
vn -0.7110005021095276 -0.5856411457061768 -0.3892335295677185 
vn -0.0037933827843517065 0.02151334285736084 -0.9997613430023193 
vn -0.2905556261539459 -0.2372313290834427 -0.926983654499054 
vn -0.5484265685081482 -0.437701016664505 -0.7124928832054138 
vn -0.5577329397201538 -0.4257791042327881 -0.7124928832054138 
vn -0.29987233877182007 -0.22533944249153137 -0.926983654499054 
vn -0.3043491840362549 -0.21925519406795502 -0.926983654499054 
vn -0.30870264768600464 -0.21308204531669617 -0.926983654499054 
vn -0.0037933827843517065 0.02151334285736084 -0.9997613430023193 
vn -0.0037933827843517065 0.02151334285736084 -0.9997613430023193 
vn -0.005833018571138382 0.02555612474679947 -0.9996563792228699 
vn -0.0037933827843517065 0.02151334285736084 -0.9997613430023193 
vn -0.005833018571138382 0.02555612474679947 -0.9996563792228699 
vn 0.3002505898475647 0.2508430480957031 -0.9202865362167358 
vn 0.5658982396125793 0.4354189932346344 -0.7001210451126099 
vn 0.7425371408462524 0.5562851428985596 -0.37307560443878174 
vn -0.02396346628665924 0.04660924896597862 -0.9986256957054138 
vn 0.30508196353912354 0.23846270143985748 -0.9219872951507568 
vn -0.02181188575923443 0.04280823469161987 -0.9988451600074768 
vn 0.3096767067909241 0.23246461153030396 -0.9219872951507568 
vn -0.021840007975697517 0.037828002125024796 -0.9990455508232117 
vn -0.015044965781271458 0.03632176294922829 -0.9992268681526184 
vn 0.3096767067909241 0.23246461153030396 -0.9219872951507568 
vn 0.5894957780838013 0.39190182089805603 -0.7063339352607727 
vn 0.5894957780838013 0.39190182089805603 -0.7063339352607727 
vn 0.7814344763755798 0.49403464794158936 -0.3811691105365753 
vn 0.7814344763755798 0.49403464794158936 -0.3811691105365753 
vn 0.855779230594635 0.5173366069793701 0.002184694167226553 
vn 0.855779230594635 0.5173366069793701 0.002184694167226553 
vn 0.7953934669494629 0.4679383933544159 0.3852050006389618 
vn 0.6210438013076782 0.33970120549201965 0.7063339352607727 
vn 0.34477272629737854 0.16722677648067474 0.9236704111099243 
vn 0.777371883392334 0.5004028677940369 -0.3811691105365753 
vn 0.5843630433082581 0.4049462676048279 -0.7032341957092285 
vn 0.5505194067955017 0.4400583803653717 0.7094202041625977 
vn 0.2962627708911896 0.2366049736738205 0.9253358840942383 
vn 0.006688034627586603 -0.016146345064044 0.9998472929000854 
vn 0.2866531014442444 0.24816033244132996 0.9253358840942383 
vn 0.006688034627586603 -0.016146345064044 0.9998472929000854 
vn 0.27139899134635925 0.2647567689418793 0.9253358840942383 
vn 0.006553899962455034 -0.011351687833666801 0.9999141097068787 
vn 0.26069313287734985 0.2753046154975891 0.9253358840942383 
vn 0.0015174545114859939 -0.008605912327766418 0.999961793422699 
vn 0.243871808052063 0.2903103530406952 0.9253358840942383 
vn 0.0015174545114859939 -0.008605912327766418 0.999961793422699 
vn -0.0043693361803889275 -0.007567912340164185 0.999961793422699 
vn -0.24519465863704681 -0.30488067865371704 0.9202865362167358 
vn -0.23330017924308777 -0.31407591700553894 0.9202865362167358 
vn -0.4257422983646393 -0.5770113468170166 0.6969945430755615 
vn -0.3948555588722229 -0.5985713601112366 0.6969945430755615 
vn -0.5159671306610107 -0.7730481624603271 0.3690181374549866 
vn -0.4777173697948456 -0.7972525954246521 0.3690181374549866 
vn -0.5555371046066284 -0.8314200043678284 -0.010923261754214764 
vn -0.517306923866272 -0.8557302355766296 -0.010923261754214764 
vn -0.5110039114952087 -0.7643466591835022 -0.3932546079158783 
vn -0.4791928231716156 -0.784681499004364 -0.3932546079158783 
vn -0.3708561360836029 -0.5919890999794006 -0.715552031993866 
vn -0.34490910172462463 -0.6074726581573486 -0.715552031993866 
vn -0.19215278327465057 -0.3126605153083801 -0.9302261471748352 
vn -0.18567146360874176 -0.3165523409843445 -0.9302261471748352 
vn -0.012935593724250793 0.032465893775224686 -0.999389111995697 
vn -0.028240028768777847 0.038869064301252365 -0.9988451600074768 
vn -0.005833018571138382 0.02555612474679947 -0.9996563792228699 
vn -0.20060357451438904 -0.3121452331542969 -0.9286137819290161 
vn -0.38986366987228394 -0.5796478390693665 -0.715552031993866 
vn -0.5469186305999756 -0.7411999106407166 -0.3892335295677185 
vn -0.5926268100738525 -0.8054030537605286 -0.010923261754214764 
vn -0.5827202200889587 -0.7133963704109192 -0.3892335295677185 
vn -0.6285000443458557 -0.7777328491210938 -0.010923261754214764 
vn -0.6171106696128845 -0.6838652491569519 -0.3892335295677185 
vn -0.6630830764770508 -0.7484660744667053 -0.010923261754214764 
vn -0.6127451062202454 -0.6966764330863953 0.37307560443878174 
vn -0.6459798812866211 -0.6659764051437378 0.37307560443878174 
vn -0.49343541264533997 -0.5160930156707764 0.7001210451126099 
vn -0.5095348954200745 -0.5002046227455139 0.7001210451126099 
vn -0.2784265875816345 -0.2691061198711395 0.9219872951507568 
vn -0.5839328765869141 -0.7209972143173218 0.37307560443878174 
vn -0.4712020456790924 -0.5364691019058228 0.7001210451126099 
vn -0.26235219836235046 -0.2902481257915497 0.9202865362167358 
vn -0.27313941717147827 -0.2744709849357605 0.9219872951507568 
vn -0.25100719928741455 -0.30011335015296936 0.9202865362167358 
vn -0.4481281042098999 -0.5558882355690002 0.7001210451126099 
vn -0.5480895638465881 -0.7486069798469543 0.37307560443878174 
vn -0.0106044327840209 -0.007704571355134249 -0.9999141097068787 
vn -0.010896530002355576 -0.013663816265761852 -0.9998472929000854 
vn -0.010896530002355576 -0.013663816265761852 -0.9998472929000854 
vn 0.3710477650165558 0 -0.9286137819290161 
vn 0.3710477650165558 0 -0.9286137819290161 
vn 0.6985186338424683 0.0075543769635260105 -0.715552031993866 
vn 0.6985594630241394 0 -0.715552031993866 
vn 0.9193986058235168 0.0075514791533350945 -0.3932546079158783 
vn 0.6985186338424683 -0.0075543769635260105 -0.715552031993866 
vn 0.9194296002388 0 -0.3932546079158783 
vn 0.6983960866928101 -0.015107870101928711 -0.715552031993866 
vn 0.9193055629730225 -0.015102448873221874 -0.3932546079158783 
vn 0.9189334511756897 -0.03020082414150238 -0.3932546079158783 
vn 0.999854564666748 -0.007550950627774 -0.0152922747656703 
vn 0.999484121799469 -0.030201226472854614 -0.010923261754214764 
vn 0.9291465878486633 -0.022632382810115814 0.3690181374549866 
vn 0.9989140033721924 -0.04529322683811188 -0.010923261754214764 
vn 0.9286566972732544 -0.03771400824189186 0.3690181374549866 
vn 0.926942765712738 -0.0678434669971466 0.3690181374549866 
vn 0.7186940312385559 -0.0452163964509964 0.6938546895980835 
vn 0.7161701321601868 -0.07527251541614532 0.6938546895980835 
vn 0.39749661087989807 -0.03761233016848564 0.916832447052002 
vn 0.3987967073917389 -0.059927891939878464 0.9150791168212891 
vn 0.016146345064044 0.006688034627586603 0.9998472929000854 
vn 0.016146345064044 0.006688034627586603 0.9998472929000854 
vn 0.37097057700157166 -0.00756883155554533 -0.9286137819290161 
vn 0.37097057700157166 -0.00756883155554533 -0.9286137819290161 
vn 0.3707389831542969 -0.01513451337814331 -0.9286137819290161 
vn 0.7010273933410645 -0.030239559710025787 -0.7124928832054138 
vn 0.37441733479499817 -0.022648075595498085 -0.926983654499054 
vn 0.700212836265564 -0.04534177854657173 -0.7124928832054138 
vn 0.3738853633403778 -0.03018314577639103 -0.926983654499054 
vn 0.6990728974342346 -0.060422930866479874 -0.7124928832054138 
vn 0.37320172786712646 -0.03770597651600838 -0.926983654499054 
vn 0.69896000623703 -0.09043190628290176 -0.7094202041625977 
vn 0.37545859813690186 -0.05276726558804512 -0.9253358840942383 
vn 0.6944399476051331 -0.1203169971704483 -0.7094202041625977 
vn 0.3730553686618805 -0.06769956648349762 -0.9253358840942383 
vn 0.6901907324790955 -0.1572549045085907 -0.7063339352607727 
vn 0.37417304515838623 -0.08262903988361359 -0.9236704111099243 
vn 0.6787192225456238 -0.2010785937309265 -0.7063339352607727 
vn 0.368620902299881 -0.10465016961097717 -0.9236704111099243 
vn 0.6650148630142212 -0.25142958760261536 -0.7032341957092285 
vn 0.3592079281806946 -0.13342668116092682 -0.9236704111099243 
vn 0.641252338886261 -0.3070131540298462 -0.7032341957092285 
vn 0.8294070959091187 -0.4084041714668274 -0.3811691105365753 
vn 0.862716019153595 -0.3323118984699249 -0.3811691105365753 
vn 0.8830942511558533 -0.2678837180137634 -0.3852050006389618 
vn 0.9004082083702087 -0.20219342410564423 -0.3852050006389618 
vn 0.9105050563812256 -0.1503250002861023 -0.3852050006389618 
vn 0.9150720834732056 -0.10554785281419754 -0.3892335295677185 
vn 0.986171305179596 -0.16536876559257507 -0.010923261754214764 
vn 0.9935315847396851 -0.11302972584962845 -0.010923261754214764 
vn 0.9234263300895691 -0.10540098696947098 0.3690181374549866 
vn 0.7143250107765198 -0.1125657930970192 0.6907016038894653 
vn 0.9188134074211121 -0.15030212700366974 0.3649536371231079 
vn 0.9071399569511414 -0.2095373570919037 0.3649536371231079 
vn 0.9743873476982117 -0.2246105968952179 -0.010923261754214764 
vn 0.9568832516670227 -0.29026734828948975 -0.010923261754214764 
vn 0.9294984340667725 -0.3686642050743103 -0.010923261754214764 
vn 0.8957030773162842 -0.44451847672462463 -0.010923261754214764 
vn 0.8517991900444031 -0.5237545371055603 -0.010923261754214764 
vn 0.3932230472564697 -0.08947516232728958 0.9150791168212891 
vn 0.7058964967727661 -0.1569758504629135 0.6907016038894653 
vn 0.3895951211452484 -0.11867395043373108 0.913308322429657 
vn 0.6934652924537659 -0.21540895104408264 0.6875353455543518 
vn 0.3769833445549011 -0.1541150063276291 0.913308322429657 
vn 0.6731969118118286 -0.2722151279449463 0.6875353455543518 
vn 0.3619711101055145 -0.1952127069234848 0.9115201234817505 
vn 0.6483017802238464 -0.3337090015411377 0.6843559741973877 
vn 0.3432842791080475 -0.23361392319202423 0.9097144603729248 
vn 0.6136744618415833 -0.39927420020103455 0.681163489818573 
vn 0.3156915307044983 -0.2758113741874695 0.9078915119171143 
vn 0.573211669921875 -0.46021872758865356 0.677958071231842 
vn 0.28907403349876404 -0.30904290080070496 0.9060511589050293 
vn 0.5265287160873413 -0.5171980857849121 0.67473965883255 
vn 0.2544851303100586 -0.33809560537338257 0.9060511589050293 
vn 0.47453510761260986 -0.569115936756134 0.6715083718299866 
vn 0.22962510585784912 -0.36014774441719055 0.9041935205459595 
vn 0.017476677894592285 0 0.9998472929000854 
vn 0.017673155292868614 -0.012840298935770988 0.9997613430023193 
vn 0.012840298935770988 -0.017673155292868614 0.9997613430023193 
vn 0.012112504802644253 -0.028079941868782043 0.9995322823524475 
vn 0.010799530893564224 -0.03323753923177719 0.999389111995697 
vn 0.003627474419772625 -0.03914668411016464 0.9992268681526184 
vn 0.001840247423388064 -0.04800954833626747 0.9988451600074768 
vn -0.005478198640048504 -0.05212157964706421 0.9986256957054138 
vn -0.01267880667001009 -0.05085191875696182 0.9986256957054138 
vn 0.49315035343170166 -0.50783371925354 -0.7063339352607727 
vn 0.2804935872554779 -0.2551017105579376 -0.9253358840942383 
vn 0.5630772709846497 -0.7268388867378235 -0.3932546079158783 
vn 0.44363391399383545 -0.547642171382904 -0.7094202041625977 
vn 0.2536998391151428 -0.2817622125148773 -0.9253358840942383 
vn 0.22533944249153137 -0.29987233877182007 -0.926983654499054 
vn 0.39042142033576965 -0.5830308794975281 -0.7124928832054138 
vn 0.49223998188972473 -0.7745177745819092 -0.3972681760787964 
vn 0.5235745310783386 -0.8515064716339111 -0.028397228568792343 
vn 0.48637640476226807 -0.8047050833702087 0.34042292833328247 
vn 0.44430631399154663 -0.8952755928039551 -0.03276457265019417 
vn 0.42015939950942993 -0.8158701062202454 -0.3972681760787964 
vn 0.3321232497692108 -0.6181003451347351 -0.7124928832054138 
vn 0.26689085364341736 -0.6455653309822083 -0.715552031993866 
vn 0.19419452548027039 -0.3161723017692566 -0.9286137819290161 
vn 0.15413881838321686 -0.3375169336795807 -0.9286137819290161 
vn 0.009450040757656097 0.029084233567118645 -0.9995322823524475 
vn -0.07527749985456467 0.4123910069465637 -0.9078915119171143 
vn -0.1352836787700653 0.7285429835319519 -0.6715083718299866 
vn -0.1690601110458374 0.9249491691589355 -0.34042292833328247 
vn 0.20289406180381775 -0.6684454679489136 -0.715552031993866 
vn 0.11340514570474625 -0.349025160074234 -0.9302261471748352 
vn 0.001958925975486636 0.02614004909992218 -0.9996563792228699 
vn -0.013106673955917358 0.022701425477862358 -0.9996563792228699 
vn -0.0528407022356987 0.41586166620254517 -0.9078915119171143 
vn -0.028336593881249428 0.41426634788513184 -0.9097144603729248 
vn -0.07915056496858597 0.733799397945404 -0.67473965883255 
vn -0.02642870508134365 0.7375825047492981 -0.67473965883255 
vn -0.09427715092897415 0.9355341196060181 -0.34042292833328247 
vn -0.020767685025930405 0.9385462999343872 -0.34452807903289795 
vn -0.0150928208604455 0.9991964101791382 0.03713129088282585 
vn 0.017673155292868614 0.012840298935770988 0.9997613430023193 
vn 0.39863264560699463 -0.02258884161710739 0.916832447052002 
vn 0.017673155292868614 0.012840298935770988 0.9997613430023193 
vn 0.39920106530189514 -0.007533189374953508 0.916832447052002 
vn 0.017673155292868614 0.012840298935770988 0.9997613430023193 
vn 0.3992721438407898 0 0.916832447052002 
vn 0.017673155292868614 0.012840298935770988 0.9997613430023193 
vn 0.39519068598747253 0.007525322493165731 0.9185682535171509 
vn 0.017673155292868614 0.012840298935770988 0.9997613430023193 
vn 0.39497578144073486 0.015047917142510414 0.9185682535171509 
vn 0.017673155292868614 0.012840298935770988 0.9997613430023193 
vn 0.3946177065372467 0.02256505750119686 0.9185682535171509 
vn 0.012840298935770988 0.017673155292868614 0.9997613430023193 
vn 0.3946177065372467 0.02256505750119686 0.9185682535171509 
vn 0.012357876636087894 0.012357876636087894 0.9998472929000854 
vn 0.3946177065372467 0.02256505750119686 0.9185682535171509 
vn 0.016146345064044 0.006688034627586603 0.9998472929000854 
vn 0.3946177065372467 0.02256505750119686 0.9185682535171509 
vn 0.016146345064044 -0.006688034627586603 0.9998472929000854 
vn 0.39497578144073486 0.015047917142510414 0.9185682535171509 
vn 0.017892003059387207 -0.019157657399773598 0.9996563792228699 
vn 0.39526233077049255 0 0.9185682535171509 
vn 0.017523931339383125 -0.03519279882311821 0.9992268681526184 
vn 0.39898788928985596 -0.015063696540892124 0.916832447052002 
vn 0.01619517244398594 -0.04984361678361893 0.9986256957054138 
vn 0.3981354832649231 -0.030105942860245705 0.916832447052002 
vn 0.020166095346212387 -0.06687912344932556 0.9975572824478149 
vn 0.40075361728668213 -0.04501897469162941 0.9150791168212891 
vn 0.018387380987405777 -0.08531774580478668 0.9961841106414795 
vn 0.3976101577281952 -0.06735239923000336 0.9150791168212891 
vn 0.022180303931236267 -0.10673747956752777 0.9940398335456848 
vn 0.7197597026824951 -0.02261935919523239 0.6938546895980835 
vn 0.7170368432998657 -0.007534182630479336 0.6969945430755615 
vn 0.7170764207839966 0 0.6969945430755615 
vn 0.7169181108474731 0.01506753358989954 0.6969945430755615 
vn 0.7167202234268188 0.022599220275878906 0.6969945430755615 
vn 0.7164432406425476 0.030128413811326027 0.6969945430755615 
vn 0.7160871028900146 0.03765428066253662 0.6969945430755615 
vn 0.7160871028900146 0.03765428066253662 0.6969945430755615 
vn 0.7164432406425476 0.030128413811326027 0.6969945430755615 
vn 0.7167202234268188 0.022599220275878906 0.6969945430755615 
vn 0.7169181108474731 0.01506753358989954 0.6969945430755615 
vn 0.7170764207839966 0 0.6969945430755615 
vn 0.7169181108474731 -0.01506753358989954 0.6969945430755615 
vn 0.7191281318664551 -0.03768790885806084 0.6938546895980835 
vn 0.9293915629386902 -0.007544790394604206 0.3690181374549866 
vn 0.9293915629386902 0.007544790394604206 0.3690181374549866 
vn 0.9291465878486633 0.022632382810115814 0.3690181374549866 
vn 0.928932249546051 0.030174190178513527 0.3690181374549866 
vn 0.9286566972732544 0.03771400824189186 0.3690181374549866 
vn 0.9283199310302734 0.04525134339928627 0.3690181374549866 
vn 0.9283199310302734 0.04525134339928627 0.3690181374549866 
vn 0.9283199310302734 0.04525134339928627 0.3690181374549866 
vn 0.9286566972732544 0.03771400824189186 0.3690181374549866 
vn 0.9291465878486633 0.022632382810115814 0.3690181374549866 
vn 0.9292997121810913 0.015089083462953568 0.3690181374549866 
vn 0.9293915629386902 -0.007544790394604206 0.3690181374549866 
vn 0.9984862804412842 0.05283254012465477 -0.0152922747656703 
vn 0.998856782913208 0.04529063403606415 -0.0152922747656703 
vn 0.9991703629493713 0.037746138870716095 -0.0152922747656703 
vn 0.917204737663269 0.03022308088839054 -0.3972681760787964 
vn 0.9994269013404846 0.03019949607551098 -0.0152922747656703 
vn 0.9191505312919617 0.0226524006575346 -0.3932546079158783 
vn 0.9997690320014954 0.015101470053195953 -0.0152922747656703 
vn 0.9998830556869507 0 -0.0152922747656703 
vn 0.6983960866928101 0.015107870101928711 -0.715552031993866 
vn 0.6947689652442932 0.030229171738028526 -0.7185974717140198 
vn 0.916924774646759 0.037775006145238876 -0.3972681760787964 
vn 0.6943992972373962 0.03777976706624031 -0.7185974717140198 
vn 0.916178286075592 0.05287066474556923 -0.3972681760787964 
vn 0.9157118797302246 0.06041337177157402 -0.3972681760787964 
vn 0.9984862804412842 0.05283254012465477 -0.0152922747656703 
vn 0.9984862804412842 0.05283254012465477 -0.0152922747656703 
vn 0.998856782913208 0.04529063403606415 -0.0152922747656703 
vn 0.3703531324863434 0.022693898528814316 -0.9286137819290161 
vn 0.3707389831542969 0.01513451337814331 -0.9286137819290161 
vn 0.8894506692886353 -0.27511149644851685 0.3649536371231079 
vn 0.8642493486404419 -0.3462396264076233 0.3649536371231079 
vn 0.8319023251533508 -0.4215478003025055 0.36088213324546814 
vn 0.7888345718383789 -0.5004309415817261 0.3568037748336792 
vn 0.7384220361709595 -0.5747369527816772 0.3527185618877411 
vn 0.6794248223304749 -0.6434061527252197 0.3527185618877411 
vn -0.010896530002355576 -0.013663816265761852 -0.9998472929000854 
vn -0.010896530002355576 -0.013663816265761852 -0.9998472929000854 
vn -0.010896530002355576 -0.013663816265761852 -0.9998472929000854 
vn -0.010896530002355576 -0.013663816265761852 -0.9998472929000854 
vn -0.010896530002355576 -0.013663816265761852 -0.9998472929000854 
vn -0.010896530002355576 -0.013663816265761852 -0.9998472929000854 
vn -0.0106044327840209 -0.007704571355134249 -0.9999141097068787 
vn -0.39345067739486694 0.03780047222971916 -0.9185682535171509 
vn -0.007873271591961384 -0.0037915678694844246 -0.999961793422699 
vn -0.39171409606933594 0.05284297093749046 -0.9185682535171509 
vn -0.3865196406841278 0.0826733410358429 -0.9185682535171509 
vn -0.7092804908752441 0.10545063763856888 -0.6969945430755615 
vn -0.7035301923751831 0.15365852415561676 -0.6938546895980835 
vn -0.9177716970443726 0.14669929444789886 -0.3690181374549866 
vn -0.9079440832138062 0.19865328073501587 -0.3690181374549866 
vn -0.007873271591961384 -0.0037915678694844246 -0.999961793422699 
vn -0.007873271591961384 0.0037915678694844246 -0.999961793422699 
vn -0.0040505328215658665 0.012466258369386196 -0.9999141097068787 
vn -0.3768416941165924 0.11925879120826721 -0.9185682535171509 
vn -0.6903620958328247 0.20485565066337585 -0.6938546895980835 
vn -0.36815232038497925 0.15453839302062988 -0.916832447052002 
vn 0.9179104566574097 -0.05283183231949806 -0.3932546079158783 
vn 0.918042004108429 -0.07547257840633392 -0.3892335295677185 
vn 0.9970902800559998 -0.07544279098510742 -0.010923261754214764 
vn 0.9992275834083557 0.0377483032643795 -0.010923261754214764 
vn 0.6898272037506104 0.6204457879066467 -0.37307560443878174 
vn 0.5305246114730835 0.48243364691734314 -0.6969945430755615 
vn 0.5420889258384705 0.4647258520126343 -0.7001210451126099 
vn 0.28999292850494385 0.2685822546482086 -0.9185682535171509 
vn 0.2953452467918396 0.2566005289554596 -0.9202865362167358 
vn -0.0037933827843517065 0.02151334285736084 -0.9997613430023193 
vn -0.0037933827843517065 0.02151334285736084 -0.9997613430023193 
vn 0.28479504585266113 0.2740877568721771 -0.9185682535171509 
vn -0.0037933827843517065 0.02151334285736084 -0.9997613430023193 
vn -0.7876307368278503 -0.48088976740837097 -0.3852050006389618 
vn -0.6020118594169617 -0.36647605895996094 -0.7094202041625977 
vn -0.333727091550827 -0.1883062720298767 -0.9236704111099243 
vn -0.021841906011104584 0.032688722014427185 -0.9992268681526184 
vn 0.2955457866191864 0.25018423795700073 -0.9219872951507568 
vn 0.5620219111442566 0.43542277812957764 -0.7032341957092285 
vn 0.7362071871757507 0.5619386434555054 -0.37712597846984863 
vn 0.546974241733551 0.45896586775779724 -0.7001210451126099 
vn 0.719291090965271 0.5860331654548645 -0.37307560443878174 
vn 0.7096569538116455 0.5976634621620178 -0.37307560443878174 
vn -0.36041760444641113 -0.8651928305625916 -0.34862664341926575 
vn -0.36944976449012756 -0.8709598183631897 -0.3239381015300751 
vn -0.4009576439857483 -0.8754953145980835 -0.26970529556274414 
vn -0.4252019226551056 -0.8823193907737732 -0.2017817199230194 
vn -0.4375414252281189 -0.8886693716049194 -0.1372016966342926 
vn -0.44289007782936096 -0.8929325342178345 -0.08074574917554855 
vn -0.44423842430114746 -0.8951388001441956 -0.03713129088282585 
vn -0.4377165138721466 -0.8989830017089844 0.0152922747656703 
vn -0.42726507782936096 -0.90089350938797 0.0763898640871048 
vn -0.414914608001709 -0.899456262588501 0.1372016966342926 
vn -0.40285825729370117 -0.8936995267868042 0.1975002884864807 
vn -0.387187659740448 -0.8866567015647888 0.25283506512641907 
vn -0.36398932337760925 -0.8762828707695007 0.31565824151039124 
vn -0.3391551077365875 -0.858248770236969 0.3852050006389618 
vn -0.30499348044395447 -0.8336718082427979 0.46040233969688416 
vn -0.26514533162117004 -0.7989420294761658 0.5398051738739014 
vn -0.23234406113624573 -0.7565935254096985 0.6112139225006104 
vn -0.19009648263454437 -0.7070216536521912 0.681163489818573 
vn -0.15326322615146637 -0.6521197557449341 0.7424622178077698 
vn -0.11616099625825882 -0.5912288427352905 0.7980946898460388 
vn -0.08430112153291702 -0.5238379240036011 0.8476362228393555 
vn -0.05630365014076233 -0.45889949798583984 0.8867024183273315 
vn -0.02817266434431076 -0.4022890329360962 0.9150791168212891 
vn -0.015056527219712734 -0.3544423580169678 0.9349566102027893 
vn -0.005638293921947479 -0.32182103395462036 0.946783721446991 
vn 9.35487649259166e-14 -0.3011109232902527 0.953589141368866 
vn 0.0037539536133408546 -0.28437456488609314 0.9587059020996094 
vn 0.0018801316618919373 -0.25494125485420227 0.9669547080993652 
vn 0.011218540370464325 -0.21644529700279236 0.976230263710022 
vn 0.018625758588314056 -0.17721225321292877 0.9839963912963867 
vn 0.01679864339530468 -0.1383492797613144 0.9902410507202148 
vn 0.022180303931236267 -0.10673747956752777 0.9940398335456848 
vn 0.018387380987405777 -0.08531774580478668 0.9961841106414795 
vn 0.020166095346212387 -0.06687912344932556 0.9975572824478149 
vn 0.01619517244398594 -0.04984361678361893 0.9986256957054138 
vn 0.017523931339383125 -0.03519279882311821 0.9992268681526184 
vn 0.017892003059387207 -0.019157657399773598 0.9996563792228699 
vn 0.016146345064044 -0.006688034627586603 0.9998472929000854 
vn 0.016146345064044 0.006688034627586603 0.9998472929000854 
vn 0.012357876636087894 0.012357876636087894 0.9998472929000854 
vn 0.012840298935770988 0.017673155292868614 0.9997613430023193 
vn 0.017673155292868614 0.012840298935770988 0.9997613430023193 
vn 0.017673155292868614 0.012840298935770988 0.9997613430023193 
vn 0.017673155292868614 0.012840298935770988 0.9997613430023193 
vn 0.017673155292868614 0.012840298935770988 0.9997613430023193 
vn 0.017673155292868614 0.012840298935770988 0.9997613430023193 
vn 0.017673155292868614 0.012840298935770988 0.9997613430023193 
vn 0.016146345064044 0.006688034627586603 0.9998472929000854 
vn 0.016146345064044 0.006688034627586603 0.9998472929000854 
vn 0.017476677894592285 0 0.9998472929000854 
vn 0.017673155292868614 -0.012840298935770988 0.9997613430023193 
vn 0.012840298935770988 -0.017673155292868614 0.9997613430023193 
vn 0.012112504802644253 -0.028079941868782043 0.9995322823524475 
vn 0.010799530893564224 -0.03323753923177719 0.999389111995697 
vn 0.003627474419772625 -0.03914668411016464 0.9992268681526184 
vn 0.001840247423388064 -0.04800954833626747 0.9988451600074768 
vn -0.005478198640048504 -0.05212157964706421 0.9986256957054138 
vn -0.01267880667001009 -0.05085191875696182 0.9986256957054138 
vn -0.01267880667001009 -0.05085191875696182 0.9986256957054138 
vn -0.01267880667001009 -0.05085191875696182 0.9986256957054138 
vn -0.0055099427700042725 -0.047727812081575394 0.9988451600074768 
vn -0.003607067046687007 -0.04353082552552223 0.9990455508232117 
vn 0.003627474419772625 -0.03914668411016464 0.9992268681526184 
vn 0.010758893564343452 -0.037813588976860046 0.9992268681526184 
vn 0.023890703916549683 -0.03656744584441185 0.9990455508232117 
vn 0.03506825119256973 -0.03894723951816559 0.9986256957054138 
vn 0.045758962631225586 -0.04053890332579613 0.9981296062469482 
vn 0.05132642388343811 -0.04738234356045723 0.9975572824478149 
vn 0.02295195683836937 -0.042207952588796616 0.9988451600074768 
vn -0.3032434582710266 -0.24079634249210358 0.9219872951507568 
vn 0.022974452003836632 -0.0471046082675457 0.9986256957054138 
vn -0.3036993145942688 -0.2466563731431961 0.9202865362167358 
vn 0.02295195683836937 -0.042207952588796616 0.9988451600074768 
vn -0.298904150724411 -0.25244593620300293 0.9202865362167358 
vn 0.017523931339383125 -0.03519279882311821 0.9992268681526184 
vn -0.298904150724411 -0.25244593620300293 0.9202865362167358 
vn 0.012112504802644253 -0.028079941868782043 0.9995322823524475 
vn -0.298904150724411 -0.25244593620300293 0.9202865362167358 
vn 0.005333262961357832 -0.025665070861577988 0.9996563792228699 
vn -0.298904150724411 -0.25244593620300293 0.9202865362167358 
vn 0.006750544533133507 -0.020776038989424706 0.9997613430023193 
vn -0.298904150724411 -0.25244593620300293 0.9202865362167358 
vn 0.006750544533133507 -0.020776038989424706 0.9997613430023193 
vn -0.2939985990524292 -0.2581423223018646 0.9202865362167358 
vn 0.006750544533133507 -0.020776038989424706 0.9997613430023193 
vn -0.2889845371246338 -0.26374340057373047 0.9202865362167358 
vn 0.006750544533133507 -0.020776038989424706 0.9997613430023193 
vn -0.2860648036003113 -0.2727622389793396 0.9185682535171509 
vn 6.767443423954644e-15 -0.021845221519470215 0.9997613430023193 
vn -0.2754731774330139 -0.2834551930427551 0.9185682535171509 
vn 5.42963238728115e-15 -0.017476677894592285 0.9998472929000854 
vn -0.26448214054107666 -0.29373717308044434 0.9185682535171509 
vn 5.42963238728115e-15 -0.017476677894592285 0.9998472929000854 
vn -0.26094967126846313 -0.30219781398773193 0.916832447052002 
vn -0.006688034627586603 -0.016146345064044 0.9998472929000854 
vn -0.24936260282993317 -0.31182774901390076 0.916832447052002 
vn -0.006688034627586603 -0.016146345064044 0.9998472929000854 
vn -0.2313215434551239 -0.325435996055603 0.916832447052002 
vn -0.006688034627586603 -0.016146345064044 0.9998472929000854 
vn -0.218878835439682 -0.333931565284729 0.916832447052002 
vn 6.767443423954644e-15 -0.021845221519470215 0.9997613430023193 
vn -0.19289374351501465 -0.3541499376296997 0.9150791168212891 
vn 0.010799530893564224 -0.03323753923177719 0.999389111995697 
vn -0.16793985664844513 -0.37103110551834106 0.913308322429657 
vn 0.029125982895493507 -0.038209691643714905 0.9988451600074768 
vn -0.13493987917900085 -0.38848721981048584 0.9115201234817505 
vn 0.04053890332579613 -0.045758962631225586 0.9981296062469482 
vn -0.09866998344659805 -0.40334078669548035 0.9097144603729248 
vn 0.04631122574210167 -0.04631122574210167 0.9978529810905457 
vn -0.07114671915769577 -0.4131236970424652 0.9078915119171143 
vn 0.05132642388343811 -0.04738234356045723 0.9975572824478149 
vn -0.043234214186668396 -0.42095381021499634 0.9060511589050293 
vn 0.045758962631225586 -0.04053890332579613 0.9981296062469482 
vn -0.020705103874206543 -0.42266133427619934 0.9060511589050293 
vn 0.03506825119256973 -0.03894723951816559 0.9986256957054138 
vn 0.0018793308408930898 -0.4271188974380493 0.9041935205459595 
vn 0.023890703916549683 -0.03656744584441185 0.9990455508232117 
vn 0.02441805973649025 -0.42642447352409363 0.9041935205459595 
vn 0.010758893564343452 -0.037813588976860046 0.9992268681526184 
vn 0.052534181624650955 -0.42785659432411194 0.9023185968399048 
vn 0.003627474419772625 -0.03914668411016464 0.9992268681526184 
vn 0.07485447078943253 -0.4245207905769348 0.9023185968399048 
vn -0.003607067046687007 -0.04353082552552223 0.9990455508232117 
vn 0.10428520292043686 -0.41826510429382324 0.9023185968399048 
vn -0.0055099427700042725 -0.047727812081575394 0.9988451600074768 
vn 0.13320787250995636 -0.4099716544151306 0.9023185968399048 
vn -0.5804528594017029 -0.41053152084350586 0.7032341957092285 
vn -0.5716083645820618 -0.42275935411453247 0.7032341957092285 
vn -0.568665623664856 -0.43179845809936523 0.7001210451126099 
vn -0.5640742182731628 -0.43777936697006226 0.7001210451126099 
vn -0.5594199299812317 -0.44371145963668823 0.7001210451126099 
vn -0.5547032356262207 -0.44959408044815063 0.7001210451126099 
vn -0.5499246716499329 -0.45542654395103455 0.7001210451126099 
vn -0.5401841402053833 -0.46693849563598633 0.7001210451126099 
vn -0.5317137241363525 -0.48112279176712036 0.6969945430755615 
vn -0.5110294818878174 -0.503038227558136 0.6969945430755615 
vn -0.494922012090683 -0.518893837928772 0.6969945430755615 
vn -0.472683310508728 -0.5392301082611084 0.6969945430755615 
vn -0.4472978413105011 -0.5643494129180908 0.6938546895980835 
vn -0.4232729971408844 -0.5825852751731873 0.6938546895980835 
vn -0.3985055685043335 -0.5997990965843201 0.6938546895980835 
vn -0.36156994104385376 -0.6262574791908264 0.6907016038894653 
vn -0.3217358887195587 -0.6476243138313293 0.6907016038894653 
vn -0.27745041251182556 -0.6710562109947205 0.6875353455543518 
vn -0.22961460053920746 -0.692050576210022 0.6843559741973877 
vn -0.1754920929670334 -0.7107874155044556 0.681163489818573 
vn -0.12558718025684357 -0.7242932915687561 0.677958071231842 
vn -0.07714784145355225 -0.7340126633644104 0.67473965883255 
vn -0.02829025313258171 -0.740456759929657 0.6715083718299866 
vn 0.03014794923365116 -0.7433128356933594 0.6682642698287964 
vn 0.07906601577997208 -0.7426397204399109 0.6650074124336243 
vn 0.1387573778629303 -0.7338334918022156 0.6650074124336243 
vn 0.19754305481910706 -0.7202373743057251 0.6650074124336243 
vn 0.2550393342971802 -0.7019402384757996 0.6650074124336243 
vn 0.31771454215049744 -0.6758865714073181 0.6650074124336243 
vn -0.7475022077560425 -0.5468239188194275 0.37712597846984863 
vn -0.7430211901664734 -0.5528973937034607 0.37712597846984863 
vn -0.7361696362495422 -0.5646847486495972 0.37307560443878174 
vn -0.72689288854599 -0.5765772461891174 0.37307560443878174 
vn -0.7174240350723267 -0.5883173942565918 0.37307560443878174 
vn -0.7077655792236328 -0.5999020338058472 0.37307560443878174 
vn -0.6929280757904053 -0.616980791091919 0.37307560443878174 
vn -0.6672877073287964 -0.6446252465248108 0.37307560443878174 
vn -0.6450879573822021 -0.6690942645072937 0.3690181374549866 
vn -0.6117463111877441 -0.6997085213661194 0.3690181374549866 
vn -0.5828497409820557 -0.7239556312561035 0.3690181374549866 
vn -0.5469108819961548 -0.7514746189117432 0.3690181374549866 
vn -0.5159671306610107 -0.7730481624603271 0.3690181374549866 
vn -0.4763648211956024 -0.7999283671379089 0.3649536371231079 
vn -0.42351728677749634 -0.8291211724281311 0.3649536371231079 
vn -0.37207964062690735 -0.8551729917526245 0.36088213324546814 
vn -0.31438255310058594 -0.8796901106834412 0.3568037748336792 
vn -0.2552203834056854 -0.9002511501312256 0.3527185618877411 
vn -0.19486765563488007 -0.9167802929878235 0.34862664341926575 
vn -0.12409266829490662 -0.9305382370948792 0.34452807903289795 
vn -0.05467198044061661 -0.9386816620826721 0.34042292833328247 
vn 0.022640148177742958 -0.9414787292480469 0.3363112509250641 
vn 0.09984371066093445 -0.9379119873046875 0.33219319581985474 
vn 0.17451493442058563 -0.9269261956214905 0.33219319581985474 
vn 0.2553444504737854 -0.907990574836731 0.33219319581985474 
vn 0.33232036232948303 -0.8811684846878052 0.3363112509250641 
vn 0.40861040353775024 -0.8484882116317749 0.3363112509250641 
vn 0.0979495495557785 -0.9944984316825867 -0.03713129088282585 
vn 0.015092821791768074 -0.9991964101791382 -0.03713129088282585 
vn 0.092305988073349 -0.9095239639282227 -0.405272513628006 
vn 0.0018870099447667599 -0.9141939878463745 -0.405272513628006 
vn 0.06416584551334381 -0.6924597024917603 -0.7185974717140198 
vn -0.0037798190023750067 -0.6954160332679749 -0.7185974717140198 
vn 0.032089605927467346 -0.36558109521865845 -0.9302261471748352 
vn -0.013227397575974464 -0.36674830317497253 -0.9302261471748352 
vn -0.025372102856636047 0.02403373084962368 -0.999389111995697 
vn -0.005671550519764423 0.41519561409950256 -0.9097144603729248 
vn 0.028340600430965424 0.7345540523529053 -0.677958071231842 
vn 0.052821896970272064 0.9357720613479614 -0.34862664341926575 
vn 0.07540678232908249 0.996614396572113 0.03276457265019417 
vn 0.15786238014698029 0.9870527386665344 0.028397228568792343 
vn 0.18751636147499084 -0.9813845157623291 -0.04149730131030083 
vn 0.27560847997665405 -0.9605525732040405 -0.03713129088282585 
vn 0.36140647530555725 -0.931668758392334 -0.03713129088282585 
vn 0.25508877635002136 -0.8778860569000244 -0.405272513628006 
vn 0.3426569998264313 -0.8494499325752258 -0.401274174451828 
vn 0.17441622912883759 -0.8974035978317261 -0.405272513628006 
vn 0.1314978152513504 -0.682880699634552 -0.7185974717140198 
vn 0.06950893998146057 -0.3603439927101135 -0.9302261471748352 
vn 0.23190946877002716 0.9724405407905579 0.024029340595006943 
vn 0.29744553565979004 0.9545363187789917 0.01966099627315998 
vn 0.25543659925460815 0.8985784649848938 -0.3568037748336792 
vn 0.3181833326816559 0.8766546845436096 -0.36088213324546814 
vn 0.23013246059417725 0.6887192130088806 -0.6875353455543518 
vn 0.2745494842529297 0.668994665145874 -0.6907016038894653 
vn 0.1011369600892067 0.39451131224632263 -0.913308322429657 
vn 0.13178980350494385 0.381132036447525 -0.9150791168212891 
vn -0.033460833132267 0.02807697281241417 -0.9990455508232117 
vn -0.019215743988752365 0.01782960444688797 -0.9996563792228699 
vn -0.1895742267370224 -0.3283521831035614 -0.9253358840942383 
vn -0.1960856020450592 -0.3245057463645935 -0.9253358840942383 
vn -0.3436312973499298 -0.6153377294540405 -0.7094202041625977 
vn -0.3696981966495514 -0.6000385284423828 -0.7094202041625977 
vn -0.4779072105884552 -0.787465512752533 -0.3892335295677185 
vn -0.5160684585571289 -0.7630010843276978 -0.3892335295677185 
vn -0.5108298659324646 -0.8596124053001404 -0.010923261754214764 
vn -0.5555371046066284 -0.8314200043678284 -0.010923261754214764 
vn 0.31899261474609375 0.6456077694892883 -0.6938546895980835 
vn 0.16835914552211761 0.3620406687259674 -0.916832447052002 
vn 0.19544140994548798 0.34356218576431274 -0.9185682535171509 
vn -0.0038889264687895775 0.01703849993646145 -0.9998472929000854 
vn -0.20251895487308502 -0.3205302059650421 -0.9253358840942383 
vn -0.3950851857662201 -0.5836357474327087 -0.7094202041625977 
vn -0.5469186305999756 -0.7411999106407166 -0.3892335295677185 
vn -0.5926268100738525 -0.8054030537605286 -0.010923261754214764 
vn -0.6285000443458557 -0.7777328491210938 -0.010923261754214764 
vn -0.6630830764770508 -0.7484660744667053 -0.010923261754214764 
vn -0.696304976940155 -0.7176629304885864 -0.010923261754214764 
vn -0.5827202200889587 -0.7133963704109192 -0.3892335295677185 
vn -0.419745534658432 -0.5661595463752747 -0.7094202041625977 
vn -0.2151414155960083 -0.3121981918811798 -0.9253358840942383 
vn -0.0019445375073701143 0.00851957593113184 -0.999961793422699 
vn 0.21485178172588348 0.33176955580711365 -0.9185682535171509 
vn 0.3654950261116028 0.6204667687416077 -0.6938546895980835 
vn 0.4268747866153717 0.8273975849151611 -0.3649536371231079 
vn 0.37235093116760254 0.8533250689506531 -0.3649536371231079 
vn 0.471341609954834 0.8818181157112122 0.0152922747656703 
vn 0.41723883152008057 0.9086682200431824 0.0152922747656703 
vn 0.3974688947200775 0.8290773630142212 0.3932546079158783 
vn 0.437774658203125 0.808519721031189 0.3932546079158783 
vn 0.477020263671875 0.7860041260719299 0.3932546079158783 
vn 0.517306923866272 0.8557302355766296 0.010923261754214764 
vn 0.4766536355018616 0.7978890538215637 -0.3690181374549866 
vn 0.3928695619106293 0.5998767614364624 -0.6969945430755615 
vn 0.22843553125858307 0.31763163208961487 -0.9202865362167358 
vn 0.005448473151773214 0.0068321689032018185 -0.999961793422699 
vn 0.2405432015657425 0.30856379866600037 -0.9202865362167358 
vn -0.0019445375073701143 0.00851957593113184 -0.999961793422699 
vn 0.2522912919521332 0.2990347146987915 -0.9202865362167358 
vn -0.0040505328215658665 0.012466258369386196 -0.9999141097068787 
vn 0.2636622488498688 0.2890585958957672 -0.9202865362167358 
vn -0.0040505328215658665 0.012466258369386196 -0.9999141097068787 
vn 0.2746390700340271 0.2786503732204437 -0.9202865362167358 
vn -0.010896530002355576 0.013663816265761852 -0.9998472929000854 
vn -0.010896530002355576 0.013663816265761852 -0.9998472929000854 
vn -0.28799954056739807 -0.24659645557403564 -0.9253358840942383 
vn -0.29760533571243286 -0.23491406440734863 -0.9253358840942383 
vn -0.5355550646781921 -0.45815256237983704 -0.7094202041625977 
vn -0.5500126481056213 -0.44069162011146545 -0.7094202041625977 
vn -0.7110005021095276 -0.5856411457061768 -0.3892335295677185 
vn -0.5593357682228088 -0.42879655957221985 -0.7094202041625977 
vn -0.7251951098442078 -0.5679695010185242 -0.3892335295677185 
vn -0.5639011263847351 -0.4227747321128845 -0.7094202041625977 
vn -0.7344147562980652 -0.5559966564178467 -0.3892335295677185 
vn -0.7434367537498474 -0.5438741445541382 -0.3892335295677185 
vn -0.791801393032074 -0.6107434630393982 -0.006554040592163801 
vn -0.8009352684020996 -0.59871506690979 -0.006554040592163801 
vn -0.8098864555358887 -0.5865500569343567 -0.006554040592163801 
vn -0.22742153704166412 -0.303369402885437 -0.9253358840942383 
vn -0.44363391399383545 -0.547642171382904 -0.7094202041625977 
vn -0.47234201431274414 -0.5230831503868103 -0.7094202041625977 
vn -0.6114805340766907 -0.6889041066169739 -0.3892335295677185 
vn -0.4996928870677948 -0.4970211386680603 -0.7094202041625977 
vn -0.6446312069892883 -0.6579877138137817 -0.3892335295677185 
vn -0.6710675954818726 -0.6310036182403564 -0.3892335295677185 
vn -0.7280974984169006 -0.6853865385055542 -0.010923261754214764 
vn -0.7484660744667053 -0.6630830764770508 -0.010923261754214764 
vn -0.7681810855865479 -0.6401990652084351 -0.006554040592163801 
vn -0.6963753700256348 -0.6029582619667053 -0.3892335295677185 
vn -0.5205433964729309 -0.4751394987106323 -0.7094202041625977 
vn -0.2727365791797638 -0.26337864995002747 -0.9253358840942383 
vn -0.25649726390838623 -0.27921801805496216 -0.9253358840942383 
vn -0.7824868559837341 -0.6226325631141663 -0.006554040592163801 
vn 0.36158594489097595 0.9321314692497253 0.01966099627315998 
vn -0.60590660572052 -0.36000025272369385 -0.7094202041625977 
vn -0.7755918502807617 -0.5000743865966797 -0.3852050006389618 
vn -0.23933978378772736 -0.29405784606933594 -0.9253358840942383 
vn 0.6969360709190369 0.602310061454773 0.3892335295677185 
vn 0.7681810855865479 0.6401990652084351 0.006554040592163801 
vn 0.7534810304641724 0.6574370265007019 0.006554040592163801 
vn 0.7096569538116455 0.5976634621620178 -0.37307560443878174 
vn 0.6948540210723877 0.6148109436035156 -0.37307560443878174 
vn 0.5420889258384705 0.4647258520126343 -0.7001210451126099 
vn 0.5270711779594421 0.48169124126434326 -0.7001210451126099 
vn 0.2855595648288727 0.2615247964859009 -0.9219872951507568 
vn 0.2799745202064514 0.2732890844345093 -0.9202865362167358 
vn 0.6768292188644409 0.6248195767402649 0.3892335295677185 
vn 0.7280974984169006 0.6853865385055542 0.010923261754214764 
vn 0.669266402721405 0.6425706744194031 -0.37307560443878174 
vn 0.5115227699279785 0.4981716275215149 -0.7001210451126099 
vn 0.6453134417533875 0.657318651676178 0.3892335295677185 
vn 0.696304976940155 0.7176629304885864 0.010923261754214764 
vn 0.6122390031814575 0.6882300972938538 0.3892335295677185 
vn 0.6630830764770508 0.7484660744667053 0.010923261754214764 
vn 0.6285000443458557 0.7777328491210938 0.010923261754214764 
vn 0.5860331654548645 0.719291090965271 -0.37307560443878174 
vn 0.5926268100738525 0.8054030537605286 0.010923261754214764 
vn 0.5502233505249023 0.7470400333404541 -0.37307560443878174 
vn 0.5149844288825989 0.7737032175064087 -0.3690181374549866 
vn 0.4239295423030853 0.5783445239067078 -0.6969945430755615 
vn 0.45022982358932495 0.5541872978210449 -0.7001210451126099 
vn 0.4675863981246948 0.5396234393119812 -0.7001210451126099 
vn 0.6148109436035156 0.6948540210723877 -0.37307560443878174 
vn 0.4899930953979492 0.5193623304367065 -0.7001210451126099 
vn 0.6425706744194031 0.669266402721405 -0.37307560443878174 
vn 0.5478509068489075 0.4531235992908478 -0.7032341957092285 
vn 0.2955457866191864 0.25018423795700073 -0.9219872951507568 
vn -0.010922610759735107 0.018918516114354134 -0.9997613430023193 
vn -0.31112149357795715 -0.21669556200504303 -0.9253358840942383 
vn -0.5728369355201721 -0.4105859696865082 -0.7094202041625977 
vn -0.7522586584091187 -0.5316053032875061 -0.3892335295677185 
vn 0.2906079888343811 0.2559032142162323 -0.9219872951507568 
vn -0.0038889264687895775 0.01703849993646145 -0.9998472929000854 
vn -0.3067375421524048 -0.22285786271095276 -0.9253358840942383 
vn -0.0038889264687895775 0.01703849993646145 -0.9998472929000854 
vn -0.3022315502166748 -0.2289315015077591 -0.9253358840942383 
vn 0.5555371046066284 0.8314200043678284 0.010923261754214764 
vn 0.510776698589325 0.7665535807609558 0.3892335295677185 
vn 0.5478218793869019 0.7405325770378113 0.3892335295677185 
vn 0.5835438370704651 0.712722897529602 0.3892335295677185 
vn 0.0038889264687895775 0.01703849993646145 -0.9998472929000854 
vn -0.21316859126091003 -0.3037031292915344 -0.9286137819290161 
vn -0.41456541419029236 -0.5622462630271912 -0.715552031993866 
vn 0.010896530002355576 0.013663816265761852 -0.9998472929000854 
vn -0.21931932866573334 -0.29929161071777344 -0.9286137819290161 
vn -0.4421195983886719 -0.5448707342147827 -0.7124928832054138 
vn -0.9179144501686096 -0.05276293680071831 0.3932546079158783 
vn -0.9174507260322571 -0.06029035523533821 0.3932546079158783 
vn -0.9985435009002686 -0.05283556878566742 0.010923261754214764 
vn -0.9174507260322571 -0.06029035523533821 0.3932546079158783 
vn -0.9985435009002686 -0.05283556878566742 0.010923261754214764 
vn -0.9174507260322571 -0.06029035523533821 0.3932546079158783 
vn -0.9989140033721924 -0.04529322683811188 0.010923261754214764 
vn -0.9174507260322571 -0.06029035523533821 0.3932546079158783 
vn -0.9992275834083557 -0.0377483032643795 0.010923261754214764 
vn -0.9996837377548218 -0.02265242673456669 0.010923261754214764 
vn -0.92777019739151 -0.007551141083240509 -0.37307560443878174 
vn -0.9293531179428101 0.011331669986248016 -0.3690181374549866 
vn -0.7189169526100159 0.04152184724807739 -0.6938546895980835 
vn -0.9288005232810974 0.03398827090859413 -0.3690181374549866 
vn -0.7195762395858765 0.07170295715332031 -0.6907016038894653 
vn -0.9282656311988831 0.07163643836975098 -0.3649536371231079 
vn -0.7203475832939148 0.11294370889663696 -0.6843559741973877 
vn -0.925876259803772 0.12427497655153275 -0.3568037748336792 
vn -0.7155112028121948 0.16857220232486725 -0.677958071231842 
vn -0.9205992817878723 0.18384049832820892 -0.34452807903289795 
vn -0.7115572690963745 0.22682909667491913 -0.6650074124336243 
vn -0.9114780426025391 0.24260149896144867 -0.33219319581985474 
vn -0.7034245133399963 0.29085686802864075 -0.6485338807106018 
vn -0.8999484777450562 0.3007533550262451 -0.31565824151039124 
vn -0.6887308359146118 0.3496532440185547 -0.6351318359375 
vn -0.8889803290367126 0.34320205450057983 -0.30319350957870483 
vn -0.6796867251396179 0.3895115554332733 -0.6215357780456543 
vn -0.8773455023765564 0.38180094957351685 -0.29067665338516235 
vn -0.6650791764259338 0.4290538430213928 -0.6112139225006104 
vn -0.864015519618988 0.41968101263046265 -0.2781098484992981 
vn -0.652730405330658 0.47050002217292786 -0.5937783122062683 
vn -0.8449186086654663 0.46673887968063354 -0.2612801790237427 
vn -0.6318532824516296 0.5225183963775635 -0.5724822878837585 
vn -0.607687771320343 0.5756323933601379 -0.5471406579017639 
vn -0.3253087103366852 0.5030130743980408 -0.8007197380065918 
vn -0.2963303029537201 0.5636712312698364 -0.7710143327713013 
vn 0.050888415426015854 0.46730896830558777 -0.882628321647644 
vn 0.08098054677248001 0.5318348407745361 -0.8429672718048096 
vn 0.42332759499549866 0.35521402955055237 -0.8334367275238037 
vn 0.44861337542533875 0.41257244348526 -0.7927988767623901 
vn 0.7038224339485168 0.12026826292276382 -0.7001210451126099 
vn 0.7210792899131775 0.15738819539546967 -0.67473965883255 
vn 0.8844500780105591 -0.12803234159946442 -0.4487268626689911 
vn 0.7388682961463928 0.19439207017421722 -0.6452018022537231 
vn 0.8904217481613159 -0.11294299364089966 -0.4409002661705017 
vn 0.7564476728439331 0.22354471683502197 -0.6146662831306458 
vn 0.8960343599319458 -0.09797346591949463 -0.43303996324539185 
vn 0.7774010896682739 0.25259292125701904 -0.5760593414306641 
vn 0.9042890667915344 -0.0904877707362175 -0.417220801115036 
vn 0.8007153272628784 0.28161153197288513 -0.528724730014801 
vn 0.9128459095954895 -0.0754411369562149 -0.401274174451828 
vn 0.9220068454742432 -0.06792254745960236 -0.3811691105365753 
vn 0.8810480237007141 -0.42369139194488525 -0.2103329300880432 
vn 0.875822126865387 -0.43015384674072266 -0.21886809170246124 
vn 0.6907072067260742 -0.7227352261543274 -0.024029340595006943 
vn 0.6780011057853699 -0.7326930165290833 -0.058952588587999344 
vn 0.3945120871067047 -0.9018706679344177 0.1760382205247879 
vn 0.3735749125480652 -0.9203773736953735 0.11553031951189041 
vn 0.04900619760155678 -0.9374960064888 0.34452807903289795 
vn 0.016973519697785378 -0.9616054892539978 0.27391019463539124 
vn -0.3391551077365875 -0.858248770236969 0.3852050006389618 
vn -0.36398932337760925 -0.8762828707695007 0.31565824151039124 
vn -0.30499348044395447 -0.8336718082427979 0.46040233969688416 
vn 0.08103198558092117 -0.9033464193344116 0.42118772864341736 
vn 0.423130601644516 -0.873668909072876 0.2401314377784729 
vn 0.7069700956344604 -0.7069700956344604 0.01966099627315998 
vn 0.7260581254959106 -0.6847123503684998 0.0633138045668602 
vn 0.8849257826805115 -0.4237620234489441 -0.19321508705615997 
vn 0.8908268213272095 -0.4170202910900116 -0.18033768236637115 
vn 0.9004887938499451 -0.4031274914741516 -0.16312000155448914 
vn 0.9088242650032043 -0.38921236991882324 -0.15017375349998474 
vn 0.9165810942649841 -0.3755726218223572 -0.1372016966342926 
vn 0.8793426752090454 -0.13544993102550507 -0.456519216299057 
vn 0.9273442625999451 -0.35449108481407166 -0.11986933648586273 
vn 0.8781608939170837 -0.14291128516197205 -0.456519216299057 
vn 0.8769158124923706 -0.1503623127937317 -0.456519216299057 
vn 0.6904604434967041 0.0829584002494812 -0.7185974717140198 
vn 0.6800895929336548 0.06034252047538757 -0.7306414246559143 
vn 0.39870622754096985 0.3027610778808594 -0.865661084651947 
vn 0.380011647939682 0.2564730942249298 -0.888714075088501 
vn 0.026426168158650398 0.41040557622909546 -0.9115201234817505 
vn 0.011324084363877773 0.36274203658103943 -0.931820809841156 
vn -0.3463505506515503 0.44904276728630066 -0.8236515522003174 
vn -0.9194011092185974 -0.056558478623628616 0.3892335295677185 
vn -0.9198336005210876 -0.049025025218725204 0.3892335295677185 
vn -0.9205133318901062 -0.033948756754398346 0.3892335295677185 
vn -0.9193059206008911 -0.015082734636962414 0.3932546079158783 
vn -0.917578399181366 0.015093809925019741 0.3972681760787964 
vn -0.9128797054290771 0.04903874546289444 0.405272513628006 
vn -0.9053559899330139 0.07910321652889252 0.417220801115036 
vn -0.8980627655982971 0.11284351348876953 0.42514660954475403 
vn -0.9772258996963501 0.20617175102233887 0.05022686347365379 
vn -0.9661501049995422 0.25009071826934814 0.0633138045668602 
vn -0.8905993700027466 0.13895738124847412 0.43303996324539185 
vn -0.9561073780059814 0.282883882522583 0.0763898640871048 
vn -0.9474897384643555 0.30825507640838623 0.08510008454322815 
vn -0.9377110600471497 0.3332625925540924 0.0981530249118805 
vn -0.9270907640457153 0.3579660952091217 0.1111890971660614 
vn -0.8265067338943481 0.5091399550437927 -0.2401314377784729 
vn -0.8066847920417786 0.5506409406661987 -0.21460255980491638 
vn -0.5746098160743713 0.640051543712616 -0.5100564956665039 
vn -0.2686008810997009 0.6311713457107544 -0.7276512384414673 
vn 0.11820971220731735 0.5979100465774536 -0.7927988767623901 
vn 0.14978453516960144 0.656248927116394 -0.7395281791687012 
vn 0.47438520193099976 0.4637068212032318 -0.7482877969741821 
vn 0.5097152590751648 0.504369854927063 -0.6969945430755615 
vn -0.22500067949295044 0.6998196840286255 -0.677958071231842 
vn -0.5420448184013367 0.6978755593299866 -0.46814218163490295 
vn -0.7806699275970459 0.5970467329025269 -0.18463370203971863 
vn -0.9156385064125061 0.38233354687690735 0.1242060661315918 
vn -0.8829442858695984 0.15015490353107452 0.44481781125068665 
vn -0.8809518814086914 0.15022654831409454 0.4487268626689911 
vn -0.8867114186286926 0.13910365104675293 0.4409002661705017 
vn -0.9064338207244873 0.3994413912296295 0.1372016966342926 
vn -0.8956924676895142 0.41697385907173157 0.15449213981628418 
vn -0.7619196176528931 0.6300208568572998 -0.15017375349998474 
vn -0.5068254470825195 0.7521495223045349 -0.42118772864341736 
vn -0.19260519742965698 0.7565297484397888 -0.6249527335166931 
vn -0.15397493541240692 0.8103905320167542 -0.5652954578399658 
vn 0.19238686561584473 0.7094787955284119 -0.677958071231842 
vn 0.22726298868656158 0.7581352591514587 -0.6112139225006104 
vn 0.5355105996131897 0.5488601922988892 -0.641857385635376 
vn 0.5726293921470642 0.5833105444908142 -0.5760593414306641 
vn -0.11859214305877686 0.8586012721061707 -0.4987381398677826 
vn 0.267302930355072 0.7982227206230164 -0.5398051738739014 
vn 0.6048617959022522 0.6115427613258362 -0.5100564956665039 
vn 0.8236896991729736 0.296225368976593 -0.4835140109062195 
vn 0.9306555986404419 -0.06036776676774025 -0.36088213324546814 
vn 0.8735874891281128 -0.43027928471565247 -0.22738653421401978 
vn 0.8724445700645447 -0.4303297996520996 -0.23163928091526031 
vn 0.6638259887695312 -0.7425181865692139 -0.08945280313491821 
vn 0.6608564257621765 -0.7422302961349487 -0.1111890971660614 
vn 0.35253623127937317 -0.9336538910865784 0.0633138045668602 
vn 0.3403768539428711 -0.9400835037231445 0.01966099627315998 
vn -0.009429831057786942 -0.9784940481185913 0.2060592919588089 
vn -0.024528197944164276 -0.988355278968811 0.15017375349998474 
vn -0.387187659740448 -0.8866567015647888 0.25283506512641907 
vn -0.40285825729370117 -0.8936995267868042 0.1975002884864807 
vn -0.26514533162117004 -0.7989420294761658 0.5398051738739014 
vn 0.12026698142290115 -0.8605603575706482 0.4949462115764618 
vn 0.4511832296848297 -0.8393493890762329 0.30319350957870483 
vn -0.23234406113624573 -0.7565935254096985 0.6112139225006104 
vn 0.15932635962963104 -0.8118646144866943 0.5616858005523682 
vn 0.4825372099876404 -0.7980738878250122 0.36088213324546814 
vn 0.7422534823417664 -0.6622336506843567 0.10250037163496017 
vn -0.19009648263454437 -0.7070216536521912 0.681163489818573 
vn 0.19048605859279633 -0.7570661306381226 0.6249527335166931 
vn 0.5129122734069824 -0.7502318024635315 0.417220801115036 
vn 0.7668206691741943 -0.6270261406898499 0.1372016966342926 
vn 0.7880303859710693 -0.5911979675292969 0.17173540592193604 
vn -0.15326322615146637 -0.6521197557449341 0.7424622178077698 
vn 0.23340097069740295 -0.693930983543396 0.681163489818573 
vn 0.5488434433937073 -0.6951388716697693 0.4642767012119293 
vn -0.11616099625825882 -0.5912288427352905 0.7980946898460388 
vn 0.26787760853767395 -0.6245371699333191 0.7336177229881287 
vn 0.5811330676078796 -0.6371431350708008 0.5062933564186096 
vn 0.8111287951469421 -0.5473660826683044 0.2060592919588089 
vn -0.08430112153291702 -0.5238379240036011 0.8476362228393555 
vn 0.30357685685157776 -0.5559594631195068 0.7737894654273987 
vn 0.6112930774688721 -0.5752845406532288 0.5434780716896057 
vn 0.8328806757926941 -0.5026460289955139 0.23163928091526031 
vn 0.8492860198020935 -0.46345192193984985 0.25283506512641907 
vn 0.9367294907569885 -0.33334943652153015 -0.10684575140476227 
vn 0.9455723166465759 -0.31159883737564087 -0.09380380809307098 
vn 0.8821582794189453 -0.14297203719615936 -0.4487268626689911 
vn 0.6785121560096741 0.03776651993393898 -0.7336177229881287 
vn 0.3726852536201477 0.21662592887878418 -0.9023185968399048 
vn 0.3703728914260864 0.1963592916727066 -0.9078915119171143 
vn 0.003785097738727927 0.3301100730895996 -0.9439348578453064 
vn -0.005673481151461601 0.30938050150871277 -0.9509214162826538 
vn -0.35865893959999084 0.41076454520225525 -0.838234007358551 
vn -0.37121427059173584 0.37388643622398376 -0.8499464392662048 
vn 0.36954641342163086 0.18935421109199524 -0.9097144603729248 
vn -0.007554289884865284 0.28848668932914734 -0.9574540853500366 
vn -0.3789219856262207 0.3442310094833374 -0.8590245246887207 
vn -0.3876612186431885 0.298454612493515 -0.872148871421814 
vn -0.39893659949302673 0.2412506341934204 -0.8846737742424011 
vn -0.3999357521533966 0.190201073884964 -0.8965907096862793 
vn -0.4015129506587982 0.13363634049892426 -0.9060511589050293 
vn -0.4045209288597107 0.0937143936753273 -0.9097144603729248 
vn -0.4015822410583496 0.06782017648220062 -0.913308322429657 
vn -0.40028116106987 0.04904250428080559 -0.9150791168212891 
vn -0.7167178392410278 0.022675031796097755 -0.6969945430755615 
vn -0.3981286287307739 0.030196450650691986 -0.916832447052002 
vn -0.7170764207839966 -1.4830797451671068e-13 -0.6969945430755615 
vn -0.7170366048812866 -0.0075594643130898476 -0.6969945430755615 
vn -0.9270328283309937 -0.037745703011751175 -0.37307560443878174 
vn -0.017029304057359695 0.25861066579818726 -0.9658315181732178 
vn 0.3652231991291046 0.18905842304229736 -0.9115201234817505 
vn 0.6864703297615051 0.0603744275867939 -0.7246471047401428 
vn 0.6844475865364075 0.04533465951681137 -0.7276512384414673 
vn 0.8942670822143555 -0.1129722073674202 -0.43303996324539185 
vn 0.8872885704040527 -0.13537326455116272 -0.4409002661705017 
vn 0.9667372107505798 -0.2466563880443573 -0.06767380982637405 
vn 0.9556800127029419 -0.2831181287765503 -0.08074574917554855 
vn 0.8788945078849792 -0.3814001679420471 0.2864931523799896 
vn 0.8639232516288757 -0.42262256145477295 0.27391019463539124 
vn 0.6553648114204407 -0.466823548078537 0.5937783122062683 
vn 0.6371557116508484 -0.5160393714904785 0.5724822878837585 
vn 0.34626033902168274 -0.44455254077911377 0.8261215686798096 
vn 0.32380372285842896 -0.4956184923648834 0.8059239983558655 
vn -0.02817266434431076 -0.4022890329360962 0.9150791168212891 
vn -0.05630365014076233 -0.45889949798583984 0.8867024183273315 
vn 0.6785121560096741 0.03776651993393898 -0.7336177229881287 
vn -0.98676997423172 0.15781717002391815 0.03713129088282585 
vn -0.994015097618103 0.10548725724220276 0.028397228568792343 
vn -0.9979826211929321 0.06036682799458504 0.01966099627315998 
vn -0.9996837377548218 0.02265242673456669 0.010923261754214764 
vn -0.9999118447303772 -0.007551383227109909 0.010923261754214764 
vn -0.8927997350692749 0.12403635680675507 0.43303996324539185 
vn -0.8980627655982971 0.11284351348876953 0.42514660954475403 
vn -0.8887180089950562 0.42678770422935486 0.16742929816246033 
vn -0.8802673816680908 0.43708088994026184 0.18463370203971863 
vn -0.71979820728302 0.6904360055923462 -0.07203252613544464 
vn -0.6960657238960266 0.7174162864685059 -0.028397228568792343 
vn -0.44429683685302734 0.8399775624275208 -0.31150925159454346 
vn -0.41977590322494507 0.8729166984558105 -0.24860523641109467 
vn -0.08108100295066833 0.9014855623245239 -0.42514660954475403 
vn -0.0452822782099247 0.9361671805381775 -0.34862664341926575 
vn 0.29799121618270874 0.8340553641319275 -0.4642767012119293 
vn -0.016994664445519447 0.9603989124298096 -0.2781098484992981 
vn 0.3358599543571472 0.8577268719673157 -0.3892335295677185 
vn 0.009435271844267845 0.976655900478363 -0.21460255980491638 
vn 0.3608410060405731 0.876082718372345 -0.3198012113571167 
vn 0.026410561054944992 0.9869562387466431 -0.15880759060382843 
vn 0.38199901580810547 0.887691855430603 -0.25706008076667786 
vn 0.4012424051761627 0.8934699892997742 -0.2017817199230194 
vn 0.6988654732704163 0.6641530990600586 -0.26549527049064636 
vn 0.7180956602096558 0.666050136089325 -0.2017817199230194 
vn 0.8970919251441956 0.33276596665382385 -0.29067665338516235 
vn 0.9113762974739075 0.3402006924152374 -0.23163928091526031 
vn 0.9606875777244568 -0.04530487582087517 -0.27391019463539124 
vn 0.9720683693885803 -0.03776735067367554 -0.23163928091526031 
vn 0.8881624937057495 -0.41693559288978577 -0.19321508705615997 
vn 0.9844201803207397 -0.03773367404937744 -0.17173540592193604 
vn 0.8950719237327576 -0.41668498516082764 -0.15880759060382843 
vn 0.9935582876205444 -0.037761278450489044 -0.10684575140476227 
vn 0.902489423751831 -0.41724905371665955 -0.10684575140476227 
vn 0.9982846975326538 -0.04526469111442566 -0.03713129088282585 
vn 0.9072033762931824 -0.4171353578567505 -0.05459024757146835 
vn 0.9984372854232788 -0.0452716089785099 0.03276457265019417 
vn 0.9087722897529602 -0.41728663444519043 0.002184694167226553 
vn 0.9025042653083801 -0.4238520860671997 0.0763898640871048 
vn 0.6742216348648071 -0.7382673621177673 0.01966099627315998 
vn 0.8828513026237488 -0.4371275305747986 0.17173540592193604 
vn 0.6640801429748535 -0.7428025007247925 0.08510008454322815 
vn 0.6384785771369934 -0.7556931972503662 0.1458524912595749 
vn 0.33326780796051025 -0.9426271915435791 -0.01966099627315998 
vn 0.32620200514793396 -0.9452975392341614 0.002184694167226553 
vn -0.04906744882464409 -0.9915763735771179 -0.11986933648586273 
vn -0.03773321211338043 -0.9892147779464722 -0.1415284425020218 
vn -0.4009576439857483 -0.8754953145980835 -0.26970529556274414 
vn -0.36944976449012756 -0.8709598183631897 -0.3239381015300751 
vn 0.9260982275009155 0.34019696712493896 -0.16312000155448914 
vn 0.7378168702125549 0.6617939472198486 -0.1328723281621933 
vn 0.42367783188819885 0.894688069820404 -0.1415284425020218 
vn 0.04342210292816162 0.9933269619941711 -0.10684575140476227 
vn -0.32619577646255493 0.9452795386314392 0.006554040592163801 
vn -0.33319780230522156 0.9424291849136353 -0.028397228568792343 
vn -0.6562802195549011 0.7469137907028198 0.10684575140476227 
vn -0.3509669303894043 0.9336131811141968 -0.07203252613544464 
vn -0.6594354510307312 0.7474122047424316 0.08074574917554855 
vn -0.3648528456687927 0.9227433204650879 -0.1242060661315918 
vn -0.6699678897857666 0.7406890988349915 0.05022686347365379 
vn -0.38567283749580383 0.9039728045463562 -0.18463370203971863 
vn -0.6798295974731445 0.7332106828689575 0.0152922747656703 
vn -0.6537632942199707 0.7471445202827454 0.11986933648586273 
vn -0.31883472204208374 0.9470826983451843 0.03713129088282585 
vn 0.05846231430768967 0.9965474009513855 -0.058952588587999344 
vn 0.4395030438899994 0.894604504108429 -0.08074574917554855 
vn 0.7466311454772949 0.6626209616661072 -0.058952588587999344 
vn 0.9386207461357117 0.3331505060195923 -0.08945280313491821 
vn 0.9451892971992493 0.3261646330356598 -0.0152922747656703 
vn 0.9435254335403442 0.3260127604007721 0.058952588587999344 
vn 0.9390038251876831 0.31144633889198303 0.1458524912595749 
vn 0.9909519553184509 -0.06037803739309311 0.11986933648586273 
vn 0.9173327684402466 0.30400776863098145 0.25706008076667786 
vn 0.9704320430755615 -0.0678592175245285 0.23163928091526031 
vn 0.9351118206977844 -0.08286330103874207 0.34452807903289795 
vn 0.8528684973716736 -0.44958600401878357 0.26549527049064636 
vn 0.6131916642189026 -0.7637277841567993 0.2017817199230194 
vn 0.31899306178092957 -0.9475530982017517 0.01966099627315998 
vn -0.028310805559158325 -0.9861999750137329 -0.16312000155448914 
vn -0.36041760444641113 -0.8651928305625916 -0.34862664341926575 
vn 0.755111813545227 0.6511303186416626 0.0763898640871048 
vn 0.7534522414207458 0.6574118733406067 0.010923261754214764 
vn 0.4510546028614044 0.8918947577476501 0.03276457265019417 
vn 0.44445905089378357 0.8955833911895752 -0.01966099627315998 
vn 0.06790688633918762 0.9975744485855103 -0.0152922747656703 
vn -0.32073673605918884 0.9455938935279846 0.05459024757146835 
vn -0.6577041149139404 0.7443642020225525 0.11553031951189041 
vn -0.6534121632575989 0.7467432022094727 0.1242060661315918 
vn -0.8808696269989014 0.43018871545791626 0.1975002884864807 
vn -0.875822126865387 0.43015384674072266 0.21886809170246124 
vn -0.8721587657928467 0.433167964220047 0.22738653421401978 
vn -0.8687766790390015 0.4399119019508362 0.22738653421401978 
vn -0.8682004809379578 0.44321680068969727 0.22312943637371063 
vn -0.8718692660331726 0.440215528011322 0.21460255980491638 
vn -0.9311345219612122 0.07536302506923676 0.3568037748336792 
vn -0.9227733612060547 0.07915377616882324 0.37712597846984863 
vn -0.877531111240387 0.43695858120918274 0.1975002884864807 
vn -0.9132372140884399 0.09042000025510788 0.3972681760787964 
vn -0.90449458360672 0.10543879121541977 0.41324591636657715 
vn 0.6339670419692993 0.6326317191123962 -0.44481781125068665 
vn 0.8435187935829163 0.3177301287651062 -0.43303996324539185 
vn 0.8636830449104309 0.32506728172302246 -0.3852050006389618 
vn 0.9417312741279602 -0.05281898379325867 -0.33219319581985474 
vn 0.8794787526130676 0.33260998129844666 -0.34042292833328247 
vn 0.9505172967910767 -0.04527872055768967 -0.30735430121421814 
vn 0.8768988847732544 -0.4234899580478668 -0.22738653421401978 
vn 0.6590734720230103 -0.7417513132095337 -0.1242060661315918 
vn 0.33329325914382935 -0.9426991939544678 -0.0152922747656703 
vn -0.037749674171209335 -0.994455099105835 0.0981530249118805 
vn -0.414914608001709 -0.899456262588501 0.1372016966342926 
vn 0.6635797023773193 -0.7369799017906189 -0.12854042649269104 
vn 0.6650539040565491 -0.7371123433113098 -0.11986933648586273 
vn 0.6747334003448486 -0.7320762872695923 -0.09380380809307098 
vn 0.333045095205307 -0.9419972896575928 -0.04149730131030083 
vn 0.3313579857349396 -0.941661536693573 -0.058952588587999344 
vn 0.32977649569511414 -0.9416303634643555 -0.06767380982637405 
vn 0.6768978834152222 -0.7329593896865845 -0.06767380982637405 
vn 0.3368951976299286 -0.9391069412231445 -0.06767380982637405 
vn 0.6796348690986633 -0.7330006957054138 -0.028397228568792343 
vn 0.3384683430194855 -0.9391292929649353 -0.058952588587999344 
vn 0.3401494026184082 -0.9394553303718567 -0.04149730131030083 
vn -0.05283736810088158 -0.9937676787376404 -0.0981530249118805 
vn -0.06411359459161758 -0.9950146079063416 -0.0763898640871048 
vn -0.06224479153752327 -0.9965668320655823 -0.05459024757146835 
vn -0.06035414710640907 -0.9977729916572571 -0.028397228568792343 
vn -0.05283758416771889 -0.99858158826828 0.006554040592163801 
vn -0.047178998589515686 -0.9976228475570679 0.05022686347365379 
vn -0.4375414252281189 -0.8886693716049194 -0.1372016966342926 
vn -0.44289007782936096 -0.8929325342178345 -0.08074574917554855 
vn -0.44423842430114746 -0.8951388001441956 -0.03713129088282585 
vn -0.4377165138721466 -0.8989830017089844 0.0152922747656703 
vn -0.42726507782936096 -0.90089350938797 0.0763898640871048 
vn -0.4252019226551056 -0.8823193907737732 -0.2017817199230194 
vn 0.6597052812576294 0.6476874947547913 -0.3811691105365753 
vn 0.6815420985221863 0.6561741828918457 -0.3239381015300751 
vn -0.9398159384727478 0.06033818796277046 0.3363112509250641 
vn -0.9496792554855347 0.06035389378666878 0.30735430121421814 
vn -0.9590979814529419 0.05278235673904419 0.2781098484992981 
vn -0.970542311668396 0.04903750121593475 0.23588760197162628 
vn -0.9831596612930298 0.049067460000514984 0.1760382205247879 
vn -0.992587685585022 0.04905800148844719 0.1111890971660614 
vn -0.9981130957603455 0.04525691270828247 0.04149730131030083 
vn -0.9982003569602966 0.052817411720752716 -0.028397228568792343 
vn -0.9909519553184509 0.06037803739309311 -0.11986933648586273 
vn -0.9691364169120789 0.07163560390472412 -0.23588760197162628 
vn -0.9328861832618713 0.09045880287885666 -0.34862664341926575 
vn -0.879476010799408 0.4438794255256653 -0.17173540592193604 
vn -0.8490439653396606 0.4567675292491913 -0.26549527049064636 
vn -0.6272779107093811 0.7658277153968811 -0.1415284425020218 
vn -0.6027413010597229 0.7731083631515503 -0.1975002884864807 
vn -0.3118877410888672 0.9501164555549622 0.002184694167226553 
vn -0.3046862781047821 0.9523901343345642 -0.010923261754214764 
vn 0.04527553543448448 0.984102189540863 0.17173540592193604 
vn -0.29744553565979004 0.9545363187789917 -0.01966099627315998 
vn 0.03583554923534393 0.9829517602920532 0.18033768236637115 
vn -0.8918607831001282 0.4235144853591919 0.15880759060382843 
vn -0.8972457647323608 0.4273020327091217 0.1111890971660614 
vn -0.662525475025177 0.7425805926322937 0.0981530249118805 
vn -0.9021900296211243 0.4272911846637726 0.058952588587999344 
vn -0.6657235622406006 0.7431234121322632 0.06767380982637405 
vn -0.6683973073959351 0.7430824637413025 0.03276457265019417 
vn -0.3226388692855835 0.9440997838973999 0.06767380982637405 
vn -0.32065704464912415 0.9453589916229248 0.058952588587999344 
vn 0.07354310154914856 0.995796799659729 0.05459024757146835 
vn 0.07164404541254044 0.9945007562637329 0.0763898640871048 
vn 0.4541880488395691 0.8872391581535339 0.08074574917554855 
vn 0.7486955523490906 0.644660472869873 0.15449213981628418 
vn -0.3226388692855835 0.9440997838973999 0.06767380982637405 
vn 0.07542550563812256 0.9968618750572205 0.024029340595006943 
vn -0.9055951237678528 0.4241376221179962 0.002184694167226553 
vn -0.8992698788642883 0.43067193031311035 -0.0763898640871048 
vn -0.6629945039749146 0.7483660578727722 -0.01966099627315998 
vn -0.6501234173774719 0.755526065826416 -0.08074574917554855 
vn -0.31877991557121277 0.9469199180603027 0.04149730131030083 
vn -0.31896260380744934 0.9474626183509827 0.024029340595006943 
vn 0.07544500380754471 0.9923074245452881 0.0981530249118805 
vn 0.0641121044754982 0.9901830554008484 0.1242060661315918 
vn 0.43537652492523193 0.8773433566093445 0.2017817199230194 
vn 0.058462195098400116 0.9869295954704285 0.15017375349998474 
vn 0.4124568998813629 0.8701369762420654 0.26970529556274414 
vn 0.3792813718318939 0.8651685118675232 0.3280687630176544 
vn 0.36737528443336487 0.8622614741325378 0.34862664341926575 
vn 0.4522159695625305 0.881292462348938 0.1372016966342926 
vn 0.7349368333816528 0.6309225559234619 0.24860523641109467 
vn 0.703836977481842 0.6212196946144104 0.34452807903289795 
vn 0.883230984210968 0.28935909271240234 0.3690181374549866 
vn 0.8913401961326599 -0.10544954985380173 0.4409002661705017 
vn 0.8116924166679382 -0.468630850315094 0.34862664341926575 
vn 0.7936404943466187 -0.47417810559272766 0.3811691105365753 
vn 0.602451741695404 -0.7675601840019226 0.21886809170246124 
vn -0.8869589567184448 0.10930672287940979 -0.4487268626689911 
vn -0.8078911304473877 0.4751540422439575 -0.34862664341926575 
vn -0.7913621664047241 0.47797074913978577 -0.3811691105365753 
vn -0.5905014276504517 0.7767913341522217 -0.21886809170246124 
vn -0.8658679127693176 0.11304086446762085 -0.48733407258987427 
vn 0.8701581954956055 -0.1128152385354042 0.4796847105026245 
vn 0.8151983022689819 0.2743976414203644 0.5100564956665039 
vn 0.8377482891082764 0.2745814323425293 0.4719987213611603 
vn 0.6433646082878113 0.6087110042572021 0.4642767012119293 
vn 0.6576930284500122 0.6163734793663025 0.43303996324539185 
vn 0.3117627203464508 -0.9497355222702026 0.028397228568792343 
vn -0.024541357532143593 -0.9840773940086365 -0.1760382205247879 
vn -0.018687747418880463 0.06730718165636063 -0.9975572824478149 
vn 0.3642019033432007 0.0897677093744278 -0.926983654499054 
vn -0.022588860243558884 0.08430277556180954 -0.9961841106414795 
vn -0.026373766362667084 0.10577939450740814 -0.9940398335456848 
vn -0.022546812891960144 0.13752947747707367 -0.9902410507202148 
vn -0.022633099928498268 0.17674513161182404 -0.9839963912963867 
vn -0.017055721953511238 0.22034016251564026 -0.9752739667892456 
vn 0.3674044609069824 0.17573224008083344 -0.913308322429657 
vn 0.6913214325904846 0.07544795423746109 -0.7185974717140198 
vn 0.9094934463500977 -0.04527096822857857 -0.41324591636657715 
vn 0.9031758308410645 -0.08291124552488327 -0.42118772864341736 
vn 0.9775311946868896 -0.20237916707992554 -0.058952588587999344 
vn 0.36516186594963074 0.1614776849746704 -0.916832447052002 
vn 0.6904604434967041 0.0829584002494812 -0.7185974717140198 
vn 0.914071261882782 -0.015095404349267483 -0.405272513628006 
vn 0.9863817691802979 -0.15794813632965088 -0.04586252197623253 
vn 0.9139926433563232 -0.23872236907482147 0.3280687630176544 
vn 0.901258647441864 -0.2968042492866516 0.31565824151039124 
vn 0.6991680264472961 -0.29368507862091064 0.651853621006012 
vn 0.6892402172088623 -0.3486481010913849 0.6351318359375 
vn 0.38597166538238525 -0.294386625289917 0.87427818775177 
vn 0.37543541193008423 -0.3368617296218872 0.8634653687477112 
vn 0.0037539536133408546 -0.28437456488609314 0.9587059020996094 
vn 9.35487649259166e-14 -0.3011109232902527 0.953589141368866 
vn 0.0018801316618919373 -0.25494125485420227 0.9669547080993652 
vn 0.38897475600242615 -0.24266423285007477 0.888714075088501 
vn 0.7105167508125305 -0.230067640542984 0.6650074124336243 
vn 0.9228888154029846 -0.17996789515018463 0.34042292833328247 
vn 0.9938822388648987 -0.10547315329313278 -0.03276457265019417 
vn 0.9978873133659363 -0.06036106497049332 -0.024029340595006943 
vn 0.9158334136009216 0.015104653313755989 -0.401274174451828 
vn 0.6936225891113281 0.0829039141535759 -0.715552031993866 
vn 0.3609112799167633 0.1402944177389145 -0.9219872951507568 
vn 0.36000287532806396 0.11895999312400818 -0.9253358840942383 
vn 0.011218540370464325 -0.21644529700279236 0.976230263710022 
vn 0.3991299271583557 -0.18265306949615479 0.8985171914100647 
vn 0.7164900302886963 -0.16436222195625305 0.677958071231842 
vn 0.9279483556747437 -0.12042219936847687 0.3527185618877411 
vn 0.9996926784515381 -0.01510031707584858 -0.01966099627315998 
vn 0.916924774646759 0.037775006145238876 -0.3972681760787964 
vn 0.6936225891113281 0.0829039141535759 -0.715552031993866 
vn 0.3602919578552246 0.10435984283685684 -0.926983654499054 
vn 0.6936225891113281 0.0829039141535759 -0.715552031993866 
vn -0.47989243268966675 0.7959452271461487 -0.3690181374549866 
vn -0.7384525537490845 0.6650750041007996 -0.1111890971660614 
vn -0.8855100274085999 0.14655697345733643 0.4409002661705017 
vn -0.8816483020782471 0.15758608281612396 0.44481781125068665 
vn -0.015056527219712734 -0.3544423580169678 0.9349566102027893 
vn 0.3583078384399414 -0.40619274973869324 0.8406086564064026 
vn 0.6654519438743591 -0.4284754693508148 0.6112139225006104 
vn -0.005638293921947479 -0.32182103395462036 0.946783721446991 
vn 0.3672481179237366 -0.37257903814315796 0.8522403836250305 
vn 0.6767016053199768 -0.3892415761947632 0.6249527335166931 
vn 0.8890019655227661 -0.34678298234939575 0.2990269064903259 
vn -0.9275243878364563 -0.022651422768831253 -0.37307560443878174 
vn 0.07905955612659454 0.5209037065505981 -0.8499464392662048 
vn 0.05468408018350601 0.45518890023231506 -0.888714075088501 
vn 0.4241427481174469 0.34273409843444824 -0.838234007358551 
vn 0.40327736735343933 0.2836589515209198 -0.8700028657913208 
vn 0.6944785714149475 0.07539807260036469 -0.715552031993866 
vn 0.687629222869873 0.045306246727705 -0.7246471047401428 
vn 0.8816108703613281 -0.15779539942741394 -0.44481781125068665 
vn 0.884885847568512 -0.15027977526187897 -0.4409002661705017 
vn 0.9463147521018982 -0.31184348464012146 -0.08510008454322815 
vn 0.9561073780059814 -0.282883882522583 -0.0763898640871048 
vn 0.8775420188903809 -0.3813490569591522 0.29067665338516235 
vn 0.9670886397361755 -0.24643641710281372 -0.0633138045668602 
vn 0.8876137137413025 -0.34672120213508606 0.30319350957870483 
vn 0.9764394760131836 -0.20986466109752655 -0.05022686347365379 
vn 0.901258647441864 -0.2968042492866516 0.31565824151039124 
vn 0.98676997423172 -0.15781717002391815 -0.03713129088282585 
vn 0.9104998111724854 -0.2462473064661026 0.33219319581985474 
vn 0.994015097618103 -0.10548725724220276 -0.028397228568792343 
vn 0.9199005365371704 -0.18730555474758148 0.34452807903289795 
vn 0.9979826211929321 -0.06036682799458504 -0.01966099627315998 
vn 0.9253888130187988 -0.12785397469997406 0.3568037748336792 
vn 0.9279676079750061 -0.07539872080087662 0.3649536371231079 
vn 0.7204052805900574 -0.11257516592741013 0.6843559741973877 
vn 0.7192177176475525 -0.07521399855613708 0.6907016038894653 
vn 0.40378332138061523 -0.09684314578771591 0.9097144603729248 
vn 0.40164878964424133 -0.06742493063211441 0.913308322429657 
vn 0.022180303931236267 -0.10673747956752777 0.9940398335456848 
vn 0.018387380987405777 -0.08531774580478668 0.9961841106414795 
vn -0.3614118695259094 -0.10041287541389465 0.926983654499054 
vn -0.36012691259384155 -0.08935912698507309 0.9286137819290161 
vn -0.6913496851921082 -0.07518880814313889 0.7185974717140198 
vn -0.6913496851921082 -0.07518880814313889 0.7185974717140198 
vn -0.9157170653343201 -0.06033441051840782 0.3972681760787964 
vn -0.9151899218559265 -0.06786320358514786 0.3972681760787964 
vn -0.998856782913208 -0.04529063403606415 0.0152922747656703 
vn -0.9984862804412842 -0.05283254012465477 0.0152922747656703 
vn -0.9288005232810974 -0.03398827090859413 -0.3690181374549866 
vn -0.9984862804412842 -0.05283254012465477 0.0152922747656703 
vn -0.9284935593605042 -0.04153664782643318 -0.3690181374549866 
vn -0.9984862804412842 -0.05283254012465477 0.0152922747656703 
vn -0.928125262260437 -0.04908227548003197 -0.3690181374549866 
vn -0.9284935593605042 -0.04153664782643318 -0.3690181374549866 
vn -0.7160804867744446 -0.0377805195748806 -0.6969945430755615 
vn -0.7160804867744446 -0.0377805195748806 -0.6969945430755615 
vn -0.39460983872413635 -0.022702498361468315 -0.9185682535171509 
vn -0.39460983872413635 -0.022702498361468315 -0.9185682535171509 
vn -0.010896530002355576 -0.013663816265761852 -0.9998472929000854 
vn -0.01673441007733345 -0.014041837304830551 -0.9997613430023193 
vn -0.9157170653343201 -0.06033441051840782 0.3972681760787964 
vn -0.6921235918998718 -0.06769509613513947 0.7185974717140198 
vn -0.36345240473747253 -0.07469137012958527 0.9286137819290161 
vn 0.020166095346212387 -0.06687912344932556 0.9975572824478149 
vn 0.40075361728668213 -0.04501897469162941 0.9150791168212891 
vn 0.7186940312385559 -0.0452163964509964 0.6938546895980835 
vn 0.9286566972732544 -0.03771400824189186 0.3690181374549866 
vn 0.9999118447303772 0.007551383227109909 -0.010923261754214764 
vn 0.9996837377548218 -0.02265242673456669 -0.010923261754214764 
vn 0.9200237393379211 0.045316070318222046 -0.3892335295677185 
vn 0.9206433296203613 0.0302174910902977 -0.3892335295677185 
vn 0.6998894214630127 0.0829324871301651 -0.7094202041625977 
vn 0.6998894214630127 0.0829324871301651 -0.7094202041625977 
vn 0.369369775056839 0.1407063901424408 -0.9185682535171509 
vn 0.37368255853652954 0.1619543582201004 -0.913308322429657 
vn -0.015111430548131466 0.1775464564561844 -0.9839963912963867 
vn -0.0075639719143509865 0.2166038155555725 -0.976230263710022 
vn -0.015068050473928452 0.13854843378067017 -0.9902410507202148 
vn 0.36850106716156006 0.11893878877162933 -0.9219872951507568 
vn 0.6967542767524719 0.08298983424901962 -0.7124928832054138 
vn 0.919156551361084 0.06040245294570923 -0.3892335295677185 
vn 0.9996837377548218 0.02265242673456669 -0.010923261754214764 
vn 0.9174456000328064 0.06036905199289322 -0.3932546079158783 
vn 0.9992275834083557 0.0377483032643795 -0.010923261754214764 
vn 0.9989140033721924 0.04529322683811188 -0.010923261754214764 
vn 0.9275251030921936 0.022622125223279 0.37307560443878174 
vn 0.927310585975647 0.030160509049892426 0.37307560443878174 
vn 0.7170368432998657 0.007534182630479336 0.6969945430755615 
vn 0.7167202234268188 0.022599220275878906 0.6969945430755615 
vn 0.39497578144073486 -0.015047917142510414 0.9185682535171509 
vn 0.39526233077049255 0 0.9185682535171509 
vn 0.017892003059387207 -0.019157657399773598 0.9996563792228699 
vn 0.016146345064044 -0.006688034627586603 0.9998472929000854 
vn -0.3691440522670746 -0.037538278847932816 0.9286137819290161 
vn -0.3703620433807373 -0.022547665983438492 0.9286137819290161 
vn -0.6944063901901245 -0.037649620324373245 0.7185974717140198 
vn -0.6947734951972961 -0.030124999582767487 0.7185974717140198 
vn -0.9169268012046814 -0.03772559016942978 0.3972681760787964 
vn -0.9172060489654541 -0.03018353506922722 0.3972681760787964 
vn -0.998856782913208 -0.04529063403606415 0.0152922747656703 
vn -0.9991703629493713 -0.037746138870716095 0.0152922747656703 
vn -0.9284935593605042 -0.04153664782643318 -0.3690181374549866 
vn -0.7164389491081238 -0.03022945672273636 -0.6969945430755615 
vn -0.3949722945690155 -0.015139628201723099 -0.9185682535171509 
vn -0.01673441007733345 -0.014041837304830551 -0.9997613430023193 
vn -0.6934277415275574 -0.0526847243309021 0.7185974717140198 
vn -0.3673195242881775 -0.0524672195315361 0.9286137819290161 
vn 0.017523931339383125 -0.03519279882311821 0.9992268681526184 
vn 0.3981354832649231 -0.030105942860245705 0.916832447052002 
vn 0.7170764207839966 0 0.6969945430755615 
vn 0.7167202234268188 -0.022599220275878906 0.6969945430755615 
vn 0.9277703166007996 0.007541372440755367 0.37307560443878174 
vn 0.9293915629386902 -0.007544790394604206 0.3690181374549866 
vn -0.9157170653343201 -0.06033441051840782 0.3972681760787964 
vn -0.6928163170814514 -0.060193441808223724 0.7185974717140198 
vn -0.36489149928092957 -0.06730995327234268 0.9286137819290161 
vn 0.01615307293832302 -0.054425060749053955 0.9983872175216675 
vn -0.916182279586792 -0.05280153825879097 0.3972681760787964 
vn -0.015745941549539566 -0.007582846097648144 -0.9998472929000854 
vn -0.39460983872413635 -0.022702498361468315 -0.9185682535171509 
vn -0.7164389491081238 -0.03022945672273636 -0.6969945430755615 
vn -0.015745941549539566 0.007582846097648144 -0.9998472929000854 
vn -0.3949722945690155 -0.015139628201723099 -0.9185682535171509 
vn -0.7167178392410278 -0.022675031796097755 -0.6969945430755615 
vn -0.013106673955917358 0.022701425477862358 -0.9996563792228699 
vn -0.39526233077049255 -8.174938590649328e-14 -0.9185682535171509 
vn -0.7169170379638672 -0.015118088573217392 -0.6969945430755615 
vn -0.929046094417572 -0.026437651365995407 -0.3690181374549866 
vn -0.9293531179428101 -0.011331669986248016 -0.3690181374549866 
vn -0.9991703629493713 -0.037746138870716095 0.0152922747656703 
vn -0.9994269013404846 -0.03019949607551098 0.0152922747656703 
vn -0.9157170653343201 -0.06033441051840782 0.3972681760787964 
vn -0.916182279586792 -0.05280153825879097 0.3972681760787964 
vn -0.6904945969581604 -0.08267369121313095 0.7185974717140198 
vn -0.9169268012046814 -0.03772559016942978 0.3972681760787964 
vn -0.6904945969581604 -0.08267369121313095 0.7185974717140198 
vn -0.6904945969581604 -0.08267369121313095 0.7185974717140198 
vn -0.3596944808959961 -0.14338529109954834 0.9219872951507568 
vn -0.3638281524181366 -0.164460688829422 0.916832447052002 
vn 0.026030298322439194 -0.17627683281898499 0.9839963912963867 
vn 0.016871698200702667 -0.2203543335199356 0.9752739667892456 
vn 0.3976573050022125 -0.24335353076457977 0.8846737742424011 
vn 0.016872575506567955 -0.258620947599411 0.9658315181732178 
vn 0.39042243361473083 -0.29483333230018616 0.872148871421814 
vn 0.009403089992702007 -0.28843235969543457 0.9574540853500366 
vn 0.37951594591140747 -0.3435760736465454 0.8590245246887207 
vn 0.36719489097595215 -0.37783461809158325 0.8499464392662048 
vn 0.6892402172088623 -0.3486481010913849 0.6351318359375 
vn 0.679996907711029 -0.3889697790145874 0.6215357780456543 
vn -0.35905224084854126 -0.12179914861917496 0.9253358840942383 
vn 0.024200547486543655 -0.13724812865257263 0.9902410507202148 
vn 0.4034636914730072 -0.1401825100183487 0.9041935205459595 
vn 0.7177731394767761 -0.17183741927146912 0.67473965883255 
vn 0.40039101243019104 -0.18924085795879364 0.8965907096862793 
vn 0.7105167508125305 -0.230067640542984 0.6650074124336243 
vn 0.7021565437316895 -0.29390469193458557 0.6485338807106018 
vn -0.999854564666748 -0.007550950627774 0.0152922747656703 
vn -0.9996926784515381 0.01510031707584858 0.01966099627315998 
vn -0.9157639145851135 -0.018855594098567963 0.401274174451828 
vn -0.9983147382736206 0.05282346159219742 0.024029340595006943 
vn -0.9141258001327515 0.011321778409183025 0.405272513628006 
vn -0.9938822388648987 0.10547315329313278 0.03276457265019417 
vn -0.9869718551635742 0.15421800315380096 0.04586252197623253 
vn -0.9139149785041809 0.23901943862438202 -0.3280687630176544 
vn -0.976759135723114 0.20607326924800873 0.058952588587999344 
vn -0.8999484777450562 0.3007533550262451 -0.31565824151039124 
vn -0.8890019655227661 0.34678298234939575 -0.2990269064903259 
vn -0.6921197772026062 0.34289607405662537 -0.6351318359375 
vn -0.6782671809196472 0.3865070044994354 -0.6249527335166931 
vn -0.37171122431755066 0.3409667909145355 -0.8634653687477112 
vn -0.3638634979724884 0.3758851885795593 -0.8522403836250305 
vn 0.0037837717682123184 0.3010871410369873 -0.953589141368866 
vn 0.0056805238127708435 0.32182028889656067 -0.946783721446991 
vn -0.35488247871398926 0.4043075144290924 -0.8429672718048096 
vn -0.6691458225250244 0.42268359661102295 -0.6112139225006104 
vn -0.8771864771842957 0.3853122889995575 -0.2864931523799896 
vn -0.9664415121078491 0.24658092856407166 0.07203252613544464 
vn -0.8947501182556152 0.10908060520887375 0.43303996324539185 
vn -0.9013245701789856 0.08285164833068848 0.42514660954475403 
vn -0.6864795088768005 -0.060269515961408615 0.7246471047401428 
vn -0.9094934463500977 0.04527096822857857 0.41324591636657715 
vn -0.6913496851921082 -0.07518880814313889 0.7185974717140198 
vn -0.6904945969581604 -0.08267369121313095 0.7185974717140198 
vn -0.36719775199890137 -0.1851942092180252 0.9115201234817505 
vn -0.36834147572517395 -0.19168756902217865 0.9097144603729248 
vn 0.005629675462841988 -0.30938130617141724 0.9509214162826538 
vn 0.35736116766929626 -0.4118940830230713 0.838234007358551 
vn 0.6654519438743591 -0.4284754693508148 0.6112139225006104 
vn 0.8625997304916382 -0.4225832521915436 0.2781098484992981 
vn 0.9377110600471497 -0.3332625925540924 -0.0981530249118805 
vn 0.9261679649353027 -0.36165857315063477 -0.10684575140476227 
vn 0.8816108703613281 -0.15779539942741394 -0.44481781125068665 
vn 0.8829103112220764 -0.1503545343875885 -0.44481781125068665 
vn 0.7092804908752441 0.10545063763856888 -0.6969945430755615 
vn 0.7271251678466797 0.14270764589309692 -0.6715083718299866 
vn 0.45003679394721985 0.40063923597335815 -0.7980946898460388 
vn 0.4805699288845062 0.45252883434295654 -0.7511792182922363 
vn 0.11453580856323242 0.591545820236206 -0.7980946898460388 
vn 0.15169398486614227 0.6524865627288818 -0.7424622178077698 
vn -0.018930722028017044 0.10736146569252014 -0.9940398335456848 
vn 0.368620902299881 0.10465016961097717 -0.9236704111099243 
vn 0.697608232498169 0.0754760131239891 -0.7124928832054138 
vn -0.022588860243558884 0.08430277556180954 -0.9961841106414795 
vn 0.3642019033432007 0.0897677093744278 -0.926983654499054 
vn 0.6944785714149475 0.07539807260036469 -0.715552031993866 
vn 0.9174456000328064 0.06036905199289322 -0.3932546079158783 
vn 0.9985435009002686 0.05283556878566742 -0.010923261754214764 
vn 0.9985435009002686 0.05283556878566742 -0.010923261754214764 
vn 0.9270347952842712 0.037696897983551025 0.37307560443878174 
vn 0.9985435009002686 0.05283556878566742 -0.010923261754214764 
vn 0.9266977906227112 0.04523079842329025 0.37307560443878174 
vn 0.9989140033721924 0.04529322683811188 -0.010923261754214764 
vn 0.9283199310302734 0.04525134339928627 0.3690181374549866 
vn 0.9991703629493713 0.037746138870716095 -0.0152922747656703 
vn 0.9286566972732544 0.03771400824189186 0.3690181374549866 
vn 0.9994269013404846 0.03019949607551098 -0.0152922747656703 
vn 0.928932249546051 0.030174190178513527 0.3690181374549866 
vn 0.9291465878486633 0.022632382810115814 0.3690181374549866 
vn 0.7167202234268188 0.022599220275878906 0.6969945430755615 
vn 0.7169181108474731 0.01506753358989954 0.6969945430755615 
vn 0.39497578144073486 0.015047917142510414 0.9185682535171509 
vn 0.39519068598747253 0.007525322493165731 0.9185682535171509 
vn 0.012357876636087894 0.012357876636087894 0.9998472929000854 
vn 0.012357876636087894 0.012357876636087894 0.9998472929000854 
vn -0.37097156047821045 0.007520007435232401 0.9286137819290161 
vn -0.37074294686317444 0.015036925673484802 0.9286137819290161 
vn -0.698396623134613 0.015081916004419327 0.715552031993866 
vn -0.7011836171150208 0.02637111209332943 0.7124928832054138 
vn -0.9189347624778748 0.030161410570144653 0.3932546079158783 
vn -0.9179144501686096 0.05276293680071831 0.3932546079158783 
vn -0.9985435009002686 0.05283556878566742 0.010923261754214764 
vn -0.9970902800559998 0.07544279098510742 0.010923261754214764 
vn -0.9266526103019714 0.07169771939516068 -0.3690181374549866 
vn -0.9935315847396851 0.11302972584962845 0.010923261754214764 
vn -0.9238321185112 0.10178299993276596 -0.3690181374549866 
vn -0.986171305179596 0.16536876559257507 0.010923261754214764 
vn -0.9181966185569763 0.15402543544769287 -0.3649536371231079 
vn -0.9079819321632385 0.20585840940475464 -0.3649536371231079 
vn -0.7049490809440613 0.16117697954177856 -0.6907016038894653 
vn -0.6933577656745911 0.21575471758842468 -0.6875353455543518 
vn -0.3893868923187256 0.11935539543628693 -0.913308322429657 
vn -0.3781184256076813 0.16173294186592102 -0.9115201234817505 
vn -0.0205277930945158 0.007471505552530289 -0.9997613430023193 
vn -0.019215743988752365 0.01782960444688797 -0.9996563792228699 
vn 0.7164432406425476 0.030128413811326027 0.6969945430755615 
vn 0.39497578144073486 0.015047917142510414 0.9185682535171509 
vn 0.3946177065372467 0.02256505750119686 0.9185682535171509 
vn 0.011351687833666801 0.006553899962455034 0.9999141097068787 
vn 0.3946177065372467 0.02256505750119686 0.9185682535171509 
vn 0.012357876636087894 0.012357876636087894 0.9998472929000854 
vn 0.012357876636087894 0.012357876636087894 0.9998472929000854 
vn -0.3710477650165558 -7.674125278387539e-14 0.9286137819290161 
vn -0.3710477650165558 -7.674125278387539e-14 0.9286137819290161 
vn -0.6985187530517578 -0.007541397586464882 0.715552031993866 
vn -0.6985594630241394 -1.4447823363031298e-13 0.715552031993866 
vn -0.9193986654281616 -0.00754162110388279 0.3932546079158783 
vn -0.6985187530517578 0.007541397586464882 0.715552031993866 
vn -0.9194296002388 -1.9015928968187795e-13 0.3932546079158783 
vn -0.9193059206008911 0.015082734636962414 0.3932546079158783 
vn -0.999854564666748 0.007550950627774 0.0152922747656703 
vn -0.999484121799469 0.030201226472854614 0.010923261754214764 
vn -0.929230272769928 0.018885284662246704 -0.3690181374549866 
vn -0.9284935593605042 0.04153664782643318 -0.3690181374549866 
vn -0.7184418439865112 0.04906047508120537 -0.6938546895980835 
vn -0.7157517075538635 0.07915271818637848 -0.6938546895980835 
vn -0.4018388092517853 0.03399635851383209 -0.9150791168212891 
vn -0.3992909789085388 0.05654102563858032 -0.9150791168212891 
vn -0.0205277930945158 -0.007471505552530289 -0.9997613430023193 
vn -0.017476677894592285 -3.6145805417514814e-15 -0.9998472929000854 
vn -0.37097156047821045 0.007520007435232401 0.9286137819290161 
vn 0.012357876636087894 0.012357876636087894 0.9998472929000854 
vn 0.3946177065372467 0.02256505750119686 0.9185682535171509 
vn 0.7164432406425476 0.030128413811326027 0.6969945430755615 
vn 0.3946177065372467 0.02256505750119686 0.9185682535171509 
vn 0.7160871028900146 0.03765428066253662 0.6969945430755615 
vn 0.7160871028900146 0.03765428066253662 0.6969945430755615 
vn -0.37074294686317444 -0.015036925673484802 0.9286137819290161 
vn -0.698396623134613 -0.015081916004419327 0.715552031993866 
vn -0.919151246547699 -0.022622834891080856 0.3932546079158783 
vn -0.9996264576911926 -0.022651128470897675 0.0152922747656703 
vn -0.9997690320014954 -0.015101470053195953 0.0152922747656703 
vn -0.929230272769928 -0.018885284662246704 -0.3690181374549866 
vn -0.9998830556869507 -2.0679891989377336e-13 0.0152922747656703 
vn -0.9293531179428101 -0.011331669986248016 -0.3690181374549866 
vn -0.9294145107269287 0.0037773065268993378 -0.3690181374549866 
vn -0.720025897026062 0.011329957284033298 -0.6938546895980835 
vn -0.7196297645568848 0.026431718841195107 -0.6938546895980835 
vn -0.3992006480693817 0.007555876858532429 -0.916832447052002 
vn -0.3986288011074066 0.02265680581331253 -0.916832447052002 
vn -0.01673441007733345 -0.014041837304830551 -0.9997613430023193 
vn -0.01673441007733345 -0.014041837304830551 -0.9997613430023193 
vn -2.941017993919083e-14 0.2843993604183197 -0.9587059020996094 
vn -0.38053905963897705 0.29517635703086853 -0.8763908743858337 
vn -0.007554963231086731 0.25483620166778564 -0.9669547080993652 
vn -0.39025965332984924 0.2405923753976822 -0.888714075088501 
vn -0.0075639719143509865 0.2166038155555725 -0.976230263710022 
vn -0.39732396602630615 0.18654893338680267 -0.8985171914100647 
vn -0.015111430548131466 0.1775464564561844 -0.9839963912963867 
vn -0.4015129506587982 0.13363634049892426 -0.9060511589050293 
vn -0.015068050473928452 0.13854843378067017 -0.9902410507202148 
vn -0.3995817303657532 0.09729087352752686 -0.9115201234817505 
vn -0.018930722028017044 0.10736146569252014 -0.9940398335456848 
vn -0.39816033840179443 0.06401965022087097 -0.9150791168212891 
vn -0.022588860243558884 0.08430277556180954 -0.9961841106414795 
vn -0.4011305272579193 0.041526734828948975 -0.9150791168212891 
vn -0.018687747418880463 0.06730718165636063 -0.9975572824478149 
vn -0.3981286287307739 0.030196450650691986 -0.916832447052002 
vn -0.016921736299991608 0.049601659178733826 -0.9986256957054138 
vn -0.39898616075515747 0.015109047293663025 -0.916832447052002 
vn -0.015044965781271458 0.03632176294922829 -0.9992268681526184 
vn -0.7004384994506836 0.2906419634819031 -0.651853621006012 
vn -0.7115572690963745 0.22682909667491913 -0.6650074124336243 
vn -0.7172068357467651 0.1612055003643036 -0.677958071231842 
vn -0.718463659286499 0.10538081079721451 -0.6875353455543518 
vn -0.72028648853302 0.06417632848024368 -0.6907016038894653 
vn -0.7189169526100159 0.04152184724807739 -0.6938546895980835 
vn -0.7169170379638672 0.015118088573217392 -0.6969945430755615 
vn -0.7170764207839966 -1.4830797451671068e-13 -0.6969945430755615 
vn -0.9228444695472717 0.1801951825618744 -0.34042292833328247 
vn -0.9279283285140991 0.12057612091302872 -0.3527185618877411 
vn -0.9301362633705139 0.0679011195898056 -0.36088213324546814 
vn -0.9304061532020569 0.03395908698439598 -0.3649536371231079 
vn -0.9294145107269287 0.0037773065268993378 -0.3690181374549866 
vn -0.01673441007733345 -0.014041837304830551 -0.9997613430023193 
vn -0.3992721438407898 -8.25787057007546e-14 -0.916832447052002 
vn -0.7170764207839966 -1.4830797451671068e-13 -0.6969945430755615 
vn -0.01673441007733345 -0.014041837304830551 -0.9997613430023193 
vn -0.3992006480693817 -0.007555876858532429 -0.916832447052002 
vn -0.7169170379638672 -0.015118088573217392 -0.6969945430755615 
vn -0.01673441007733345 -0.014041837304830551 -0.9997613430023193 
vn -0.3949722945690155 -0.015139628201723099 -0.9185682535171509 
vn -0.7167178392410278 -0.022675031796097755 -0.6969945430755615 
vn -0.929046094417572 -0.026437651365995407 -0.3690181374549866 
vn -0.018687747418880463 0.06730718165636063 -0.9975572824478149 
vn 0.36752113699913025 0.07502997666597366 -0.926983654499054 
vn 0.695253312587738 0.06788342446088791 -0.715552031993866 
vn 0.9174456000328064 0.06036905199289322 -0.3932546079158783 
vn -0.016921736299991608 0.049601659178733826 -0.9986256957054138 
vn 0.3648115396499634 0.06774212419986725 -0.9286137819290161 
vn 0.6959467530250549 0.060360830277204514 -0.715552031993866 
vn 0.6965588331222534 0.05283117666840553 -0.715552031993866 
vn 0.9174456000328064 0.06036905199289322 -0.3932546079158783 
vn 0.6975384950637817 0.03775421902537346 -0.715552031993866 
vn 0.9179104566574097 0.05283183231949806 -0.3932546079158783 
vn 0.9186544418334961 0.037747208029031754 -0.3932546079158783 
vn -0.017476677894592285 -3.6145805417514814e-15 -0.9998472929000854 
vn -0.3939298987388611 0.08630993962287903 -0.9150791168212891 
vn -0.7136662602424622 0.1166694238781929 -0.6907016038894653 
vn -0.36457207798957825 -0.18153531849384308 0.913308322429657 
vn 0.9193055629730225 0.015102448873221874 -0.3932546079158783 
vn 0.7007383704185486 0.07542353868484497 -0.7094202041625977 
vn 0.9175781011581421 -0.015113590285182 -0.3972681760787964 
vn 0.6983811259269714 0.06795341521501541 -0.7124928832054138 
vn 0.9126694798469543 -0.05280690640211105 -0.405272513628006 
vn 0.6965588331222534 0.05283117666840553 -0.715552031993866 
vn 0.9068366885185242 -0.08291599899530411 -0.41324591636657715 
vn 0.8980439901351929 -0.11299258470535278 -0.42514660954475403 
vn 0.37619683146476746 0.17577114701271057 -0.9097144603729248 
vn -0.007554963231086731 0.25483620166778564 -0.9669547080993652 
vn 0.3772205114364624 0.18285992741584778 -0.9078915119171143 
vn -2.941017993919083e-14 0.2843993604183197 -0.9587059020996094 
vn 0.3772205114364624 0.18285992741584778 -0.9078915119171143 
vn 0.6912503838539124 0.037739288061857224 -0.7216291427612305 
vn 0.8911457061767578 -0.13540954887866974 -0.43303996324539185 
vn 0.37385764718055725 0.18964050710201263 -0.9078915119171143 
vn 0.6852806210517883 0.030235351994633675 -0.7276512384414673 
vn 0.37642961740493774 0.2100519835948944 -0.9023185968399048 
vn 0.6852806210517883 0.030235351994633675 -0.7276512384414673 
vn 0.3838908076286316 0.2434455156326294 -0.8907088041305542 
vn 0.013220029883086681 0.35451561212539673 -0.9349566102027893 
vn 0.030196450650691986 0.3981286287307739 -0.916832447052002 
vn 0.0056805238127708435 0.32182028889656067 -0.946783721446991 
vn 0.0037837717682123184 0.3010871410369873 -0.953589141368866 
vn 0.013220029883086681 0.35451561212539673 -0.9349566102027893 
vn -0.34453070163726807 0.44589436054229736 -0.8261215686798096 
vn -0.652730405330658 0.47050002217292786 -0.5937783122062683 
vn -0.6366403102874756 0.5166751146316528 -0.5724822878837585 
vn -0.8510882258415222 0.46013399958610535 -0.25283506512641907 
vn -0.8305827379226685 0.5064342021942139 -0.23163928091526031 
vn -0.9268462061882019 0.35430070757865906 0.1242060661315918 
vn -0.8097494840621948 0.5509899258613586 -0.2017817199230194 
vn -0.9181799292564392 0.37164679169654846 0.1372016966342926 
vn -0.7880303859710693 0.5911979675292969 -0.17173540592193604 
vn -0.9073319435119629 0.39267870783805847 0.15017375349998474 
vn -0.8982816338539124 0.4062727093696594 0.16742929816246033 
vn -0.8908888697624207 0.109197236597538 0.4409002661705017 
vn -0.8956314325332642 0.10159101337194443 0.43303996324539185 
vn -0.7554693818092346 -0.22682888805866241 0.6146662831306458 
vn -0.7763456702232361 -0.2558184266090393 0.5760593414306641 
vn -0.5388839840888977 -0.5455484986305237 0.641857385635376 
vn -0.5706157088279724 -0.5852805376052856 0.5760593414306641 
vn -0.2251199334859848 -0.7587743997573853 0.6112139225006104 
vn -0.26514533162117004 -0.7989420294761658 0.5398051738739014 
vn 0.11656060814857483 -0.8588794469833374 0.4987381398677826 
vn 0.0790955126285553 -0.9016619324684143 0.42514660954475403 
vn 0.41977590322494507 -0.8729166984558105 0.24860523641109467 
vn 0.04338153079152107 -0.9347233176231384 0.3527185618877411 
vn 0.38567283749580383 -0.9039728045463562 0.18463370203971863 
vn 0.013201496563851833 -0.9592341184616089 0.28230419754981995 
vn 0.3633144199848175 -0.9227567315101624 0.12854042649269104 
vn 0.3508528172969818 -0.9333096146583557 0.0763898640871048 
vn 0.6586707234382629 -0.7480862736701965 -0.08074574917554855 
vn 0.655512273311615 -0.7475878596305847 -0.10684575140476227 
vn 0.8702235817909241 -0.4370427131652832 -0.22738653421401978 
vn 0.875822126865387 -0.43015384674072266 -0.21886809170246124 
vn 0.9496792554855347 -0.06035389378666878 -0.30735430121421814 
vn 0.9590943455696106 -0.05284835025668144 -0.2781098484992981 
vn 0.8957439661026001 0.3327213227748871 -0.2948545813560486 
vn 0.9130313396453857 0.3327624499797821 -0.23588760197162628 
vn 0.7180956602096558 0.666050136089325 -0.2017817199230194 
vn 0.7327553033828735 0.6673938632011414 -0.1328723281621933 
vn 0.41709980368614197 0.8984450101852417 -0.1372016966342926 
vn 0.4274040162563324 0.9011865258216858 -0.07203252613544464 
vn -0.8844748139381409 0.12786144018173218 0.4487268626689911 
vn -0.7380603551864624 -0.1974375993013382 0.6452018022537231 
vn -0.5057159662246704 -0.5083797574043274 0.6969945430755615 
vn -0.19177384674549103 -0.7096447348594666 0.677958071231842 
vn 0.15560606122016907 -0.8100789189338684 0.5652954578399658 
vn 0.4476294219493866 -0.8382063508033752 0.31150925159454346 
vn 0.6960657238960266 -0.7174162864685059 0.028397228568792343 
vn 0.6798685193061829 -0.7332527041435242 -0.010923261754214764 
vn 0.8741405606269836 -0.4437025189399719 -0.1975002884864807 
vn 0.8701617121696472 -0.44358131289482117 -0.21460255980491638 
vn 0.922443151473999 -0.08291313052177429 -0.37712597846984863 
vn 0.9311266541481018 -0.0754598081111908 -0.3568037748336792 
vn 0.8262156248092651 0.2891053557395935 -0.4835140109062195 
vn 0.8487237691879272 0.30355289578437805 -0.43303996324539185 
vn 0.6366667151451111 0.6326629519462585 -0.4409002661705017 
vn 0.6649751663208008 0.6422757506370544 -0.3811691105365753 
vn 0.3626815974712372 0.8768249154090881 -0.31565824151039124 
vn 0.6831940412521362 0.656485378742218 -0.3198012113571167 
vn 0.3837244510650635 0.8881610035896301 -0.25283506512641907 
vn 0.7040472030639648 0.6586575508117676 -0.26549527049064636 
vn 0.40320903062820435 0.8944777250289917 -0.19321508705615997 
vn 0.6102124452590942 0.6062038540840149 -0.5100564956665039 
vn 0.8056007623672485 0.26731544733047485 -0.528724730014801 
vn 0.913225531578064 -0.09053812175989151 -0.3972681760787964 
vn 0.90449458360672 -0.10543879121541977 -0.41324591636657715 
vn 0.8802673816680908 -0.43708088994026184 -0.18463370203971863 
vn 0.8980439901351929 -0.11299258470535278 -0.42514660954475403 
vn 0.8901153206825256 -0.42386576533317566 -0.16742929816246033 
vn 0.8965166211128235 -0.4167802035808563 -0.15017375349998474 
vn 0.735920786857605 -0.6678754091262817 0.1111890971660614 
vn 0.7595091462135315 -0.6329247355461121 0.15017375349998474 
vn 0.5099507570266724 -0.7500340938568115 0.42118772864341736 
vn 0.5399267077445984 -0.6995155811309814 0.46814218163490295 
vn 0.22429029643535614 -0.7000476717948914 0.677958071231842 
vn 0.26423999667167664 -0.6330094337463379 0.7276512384414673 
vn -0.11982835084199905 -0.5975877642631531 0.7927988767623901 
vn -0.0824999064207077 -0.5353230834007263 0.8406086564064026 
vn -0.4492167830467224 -0.4119153618812561 0.7927988767623901 
vn -0.42197972536087036 -0.3568141758441925 0.8334367275238037 
vn -0.7032128572463989 -0.12378272414207458 0.7001210451126099 
vn -0.6895585060119629 -0.09014888107776642 0.7185974717140198 
vn -0.8787891864776611 0.13899557292461395 0.456519216299057 
vn -0.8775790333747864 0.14644204080104828 0.456519216299057 
vn -0.8775790333747864 0.14644204080104828 0.456519216299057 
vn -0.9368670582771301 0.33296263217926025 0.10684575140476227 
vn -0.9467463493347168 0.30801326036453247 0.09380380809307098 
vn -0.8666430115699768 0.4197486340999603 -0.26970529556274414 
vn 0.7806699275970459 -0.5970467329025269 0.18463370203971863 
vn 0.5725486874580383 -0.6418959498405457 0.5100564956665039 
vn 0.30032485723495483 -0.5653637051582336 0.7682244777679443 
vn -0.054533835500478745 -0.4707756042480469 0.8805659413337708 
vn -0.3996451199054718 -0.3015206456184387 0.865661084651947 
vn -0.6804211735725403 -0.05648085102438927 0.7306414246559143 
vn -0.8821890950202942 0.14278151094913483 0.4487268626689911 
vn -0.9563982486724854 0.27939286828041077 0.08510008454322815 
vn -0.8878500461578369 0.1316404938697815 0.4409002661705017 
vn -0.6780555844306946 -0.04522961378097534 0.7336177229881287 
vn -0.3828861713409424 -0.25216159224510193 0.888714075088501 
vn -0.0319850891828537 -0.41000980138778687 0.9115201234817505 
vn 0.3263128101825714 -0.5023622512817383 0.8007197380065918 
vn 0.603105902671814 -0.5804312229156494 0.5471406579017639 
vn 0.8045509457588196 -0.5537539720535278 0.21460255980491638 
vn 0.9161306023597717 -0.3825390040874481 -0.11986933648586273 
vn 0.9077505469322205 -0.39643993973731995 -0.1372016966342926 
vn 0.8872885704040527 -0.13537326455116272 -0.4409002661705017 
vn 0.7425703406333923 0.17973308265209198 -0.6452018022537231 
vn 0.5115227699279785 0.4981716275215149 -0.7001210451126099 
vn 0.18857735395431519 0.7074283361434937 -0.681163489818573 
vn 0.8265067338943481 -0.5091399550437927 0.2401314377784729 
vn 0.8470267057418823 -0.4629022181034088 0.2612801790237427 
vn 0.6323815584182739 -0.5218788981437683 0.5724822878837585 
vn 0.650958240032196 -0.4729488790035248 0.5937783122062683 
vn 0.3451017737388611 -0.4500032067298889 0.8236515522003174 
vn 1.0227170672838515e-13 -0.33013176918029785 0.9439348578453064 
vn -0.36735236644744873 -0.2019536793231964 0.9078915119171143 
vn -0.6844580173492432 -0.04517637565732002 0.7276512384414673 
vn -0.016893548890948296 -0.3665977120399475 0.9302261471748352 
vn -0.3694988489151001 -0.2220173180103302 0.9023185968399048 
vn -0.6785158514976501 -0.0376998633146286 0.7336177229881287 
vn 0.8821227550506592 0.3255329132080078 -0.34042292833328247 
vn 0.9393022060394287 -0.06786810606718063 -0.3363112509250641 
vn 0.8668072819709778 -0.4437798261642456 -0.22738653421401978 
vn 0.8679423928260803 -0.44372203946113586 -0.22312943637371063 
vn 0.6671628952026367 -0.7432165741920471 -0.05022686347365379 
vn 0.8644333481788635 0.31820160150527954 -0.3892335295677185 
vn 0.892248809337616 -0.12793923914432526 -0.43303996324539185 
vn 0.7633439898490906 0.20910152792930603 -0.6112139225006104 
vn 0.5462166666984558 0.5382067561149597 -0.641857385635376 
vn 0.22726298868656158 0.7581352591514587 -0.6112139225006104 
vn 0.7845431566238403 0.2382352501153946 -0.5724822878837585 
vn 0.5779946446418762 0.5779946446418762 -0.5760593414306641 
vn 0.2708928883075714 0.7994937896728516 -0.5361219048500061 
vn 0.3071630597114563 0.8328748345375061 -0.46040233969688416 
vn 0.3391551077365875 0.858248770236969 -0.3852050006389618 
vn -0.7203221321105957 -0.1608179211616516 0.67473965883255 
vn -0.47765663266181946 -0.46033626794815063 0.7482877969741821 
vn -0.14945253729820251 -0.659631609916687 0.736579954624176 
vn 0.19048605859279633 -0.7570661306381226 0.6249527335166931 
vn 0.4777173697948456 -0.7972525954246521 0.3690181374549866 
vn 0.71979820728302 -0.6904360055923462 0.07203252613544464 
vn -0.29937824606895447 -0.8335584998130798 0.4642767012119293 
vn -0.33368492126464844 -0.8585753440856934 0.3892335295677185 
vn -0.01320918370038271 -0.9766121506690979 0.21460255980491638 
vn -0.36030539870262146 -0.8747823238372803 0.3239381015300751 
vn -0.026410561054944992 -0.9869562387466431 0.15880759060382843 
vn -0.3815513849258423 -0.8866516947746277 0.2612801790237427 
vn -0.40468350052833557 -0.8919166922569275 0.2017817199230194 
vn -0.7020841240882874 -0.6607496738433838 0.26549527049064636 
vn -0.7206577658653259 -0.6632771492004395 0.2017817199230194 
vn -0.8959230780601501 -0.3359002470970154 0.29067665338516235 
vn -0.9115262627601624 -0.3397986590862274 0.23163928091526031 
vn -0.9608603715896606 0.041480109095573425 0.27391019463539124 
vn -0.9729206562042236 0.04148222878575325 0.22738653421401978 
vn -0.8867784142494202 0.41987141966819763 0.19321508705615997 
vn -0.9844201803207397 0.03773367404937744 0.17173540592193604 
vn -0.8956924676895142 0.41697385907173157 0.15449213981628418 
vn -0.9940170645713806 0.037733044475317 0.10250037163496017 
vn -0.902707576751709 0.41677698493003845 0.10684575140476227 
vn -0.9982846975326538 0.04526469111442566 0.03713129088282585 
vn -0.9087738990783691 0.41370272636413574 0.05459024757146835 
vn -0.9984372854232788 0.0452716089785099 -0.03276457265019417 
vn -0.9087722897529602 0.41728663444519043 -0.002184694167226553 
vn -0.9025042653083801 0.4238520860671997 -0.0763898640871048 
vn -0.6742216348648071 0.7382673621177673 -0.01966099627315998 
vn -0.8828513026237488 0.4371275305747986 -0.17173540592193604 
vn -0.6612604856491089 0.7453137636184692 -0.08510008454322815 
vn -0.6405625939369202 0.75392746925354 -0.1458524912595749 
vn -0.33326780796051025 0.9426271915435791 0.01966099627315998 
vn -0.32620200514793396 0.9452975392341614 -0.002184694167226553 
vn 0.04906744882464409 0.9915763735771179 0.11986933648586273 
vn 0.03773321211338043 0.9892147779464722 0.1415284425020218 
vn 0.39877283573150635 0.8764926195144653 0.26970529556274414 
vn 0.36726903915405273 0.8718816041946411 0.3239381015300751 
vn 0.032084327191114426 0.9860844016075134 0.16312000155448914 
vn -0.31899306178092957 0.9475530982017517 -0.01966099627315998 
vn -0.614575207233429 0.7637348771095276 -0.1975002884864807 
vn -0.8525964021682739 0.4501018226146698 -0.26549527049064636 
vn -0.9366023540496826 0.08299538493156433 -0.34042292833328247 
vn -0.9701550602912903 0.07171089947223663 -0.23163928091526031 
vn -0.9172117114067078 -0.3043728470802307 -0.25706008076667786 
vn -0.9913825988769531 0.05283842608332634 -0.11986933648586273 
vn -0.937685489654541 -0.3153933584690094 -0.1458524912595749 
vn -0.9447512030601501 -0.322443425655365 -0.058952588587999344 
vn -0.9452434182167053 -0.3261833190917969 0.010923261754214764 
vn -0.9377104043960571 -0.33683401346206665 0.08510008454322815 
vn -0.9273931980133057 -0.3366507291793823 0.16312000155448914 
vn -0.7491308450698853 -0.6597936153411865 0.058952588587999344 
vn -0.7352914214134216 -0.6645987033843994 0.1328723281621933 
vn -0.4339231848716736 -0.89732426404953 0.08074574917554855 
vn -0.42367783188819885 -0.894688069820404 0.1415284425020218 
vn -0.05469445884227753 -0.9967613220214844 0.058952588587999344 
vn -0.04525405541062355 -0.9932451844215393 0.10684575140476227 
vn 0.3188834488391876 -0.947227418422699 -0.03276457265019417 
vn 0.32619577646255493 -0.9452795386314392 -0.006554040592163801 
vn 0.6537632942199707 -0.7471445202827454 -0.11986933648586273 
vn 0.33315327763557434 -0.9423032402992249 0.03276457265019417 
vn 0.4217976927757263 0.8839518427848816 0.2017817199230194 
vn 0.05283736810088158 0.9937676787376404 0.0981530249118805 
vn 0.43874022364616394 0.8880780935287476 0.1372016966342926 
vn 0.05657946318387985 0.9954714179039001 0.0763898640871048 
vn 0.44070351123809814 0.8940137028694153 0.08074574917554855 
vn 0.05846231430768967 0.9965474009513855 0.058952588587999344 
vn 0.44423842430114746 0.8951388001441956 0.03713129088282585 
vn 0.06035414710640907 0.9977729916572571 0.028397228568792343 
vn 0.4377165138721466 0.8989830017089844 -0.0152922747656703 
vn 0.05283758416771889 0.99858158826828 -0.006554040592163801 
vn 0.4274040162563324 0.9011865258216858 -0.07203252613544464 
vn 0.05095016211271286 0.9974374175071716 -0.05022686347365379 
vn 0.41709980368614197 0.8984450101852417 -0.1372016966342926 
vn 0.037749674171209335 0.994455099105835 -0.0981530249118805 
vn 0.40320903062820435 0.8944777250289917 -0.19321508705615997 
vn 0.02831931598484516 0.9889009594917297 -0.1458524912595749 
vn 0.3837244510650635 0.8881610035896301 -0.25283506512641907 
vn 0.011329621076583862 0.9784739017486572 -0.2060592919588089 
vn 0.3626815974712372 0.8768249154090881 -0.31565824151039124 
vn -0.013218199834227562 0.9628521800041199 -0.26970529556274414 
vn 0.3391551077365875 0.858248770236969 -0.3852050006389618 
vn -0.049084313213825226 0.9389904141426086 -0.34042292833328247 
vn 0.3071630597114563 0.8328748345375061 -0.46040233969688416 
vn -0.077272430062294 0.9036757349967957 -0.42118772864341736 
vn 0.2708928883075714 0.7994937896728516 -0.5361219048500061 
vn -0.12230157852172852 0.860273540019989 -0.4949462115764618 
vn 0.22726298868656158 0.7581352591514587 -0.6112139225006104 
vn -0.15770111978054047 0.8121818900108337 -0.5616858005523682 
vn 0.18857735395431519 0.7074283361434937 -0.681163489818573 
vn -0.19260519742965698 0.7565297484397888 -0.6249527335166931 
vn 0.15169398486614227 0.6524865627288818 -0.7424622178077698 
vn -0.2355594038963318 0.6932013034820557 -0.681163489818573 
vn 0.11453580856323242 0.591545820236206 -0.7980946898460388 
vn -0.27006015181541443 0.6235964894294739 -0.7336177229881287 
vn 0.07905955612659454 0.5209037065505981 -0.8499464392662048 
vn -0.3040612041950226 0.5518307089805603 -0.7765498161315918 
vn 0.05468408018350601 0.45518890023231506 -0.888714075088501 
vn -0.32812196016311646 0.492770254611969 -0.8059239983558655 
vn 0.030196450650691986 0.3981286287307739 -0.916832447052002 
vn -0.3401494026184082 0.9394553303718567 0.04149730131030083 
vn -0.33491554856300354 0.9404021501541138 0.058952588587999344 
vn -0.3368951976299286 0.9391069412231445 0.06767380982637405 
vn -0.3368951976299286 0.9391069412231445 0.06767380982637405 
vn -0.33491554856300354 0.9404021501541138 0.058952588587999344 
vn -0.333045095205307 0.9419972896575928 0.04149730131030083 
vn -0.33329325914382935 0.9426991939544678 0.0152922747656703 
vn -0.3403768539428711 0.9400835037231445 -0.01966099627315998 
vn -0.3560633957386017 0.9323144555091858 -0.0633138045668602 
vn -0.37007591128349304 0.9217898845672607 -0.11553031951189041 
vn -0.3960912823677063 0.9020081162452698 -0.17173540592193604 
vn -0.42139682173728943 0.87566077709198 -0.23588760197162628 
vn -0.4545048773288727 0.8375554084777832 -0.30319350957870483 
vn -0.48148059844970703 0.7987117767333984 -0.36088213324546814 
vn -0.5148988962173462 0.751070499420166 -0.41324591636657715 
vn -0.5509528517723083 0.6934681534767151 -0.4642767012119293 
vn -0.5802121162414551 0.634977400302887 -0.5100564956665039 
vn -0.6128594875335693 0.5701230764389038 -0.5471406579017639 
vn -0.6796348690986633 0.7330006957054138 0.028397228568792343 
vn -0.6750456690788269 0.7350542545318604 0.0633138045668602 
vn -0.6719542741775513 0.7346280217170715 0.09380380809307098 
vn -0.6689384579658508 0.7342847585678101 0.11553031951189041 
vn -0.660768449306488 0.7395014762878418 0.12854042649269104 
vn -0.6590734720230103 0.7417513132095337 0.1242060661315918 
vn -0.6636711955070496 0.739714503288269 0.1111890971660614 
vn -0.6666350960731506 0.7399972081184387 0.08945280313491821 
vn -0.6750456690788269 0.7350542545318604 0.0633138045668602 
vn -0.6907072067260742 0.7227352261543274 0.024029340595006943 
vn -0.707024097442627 0.707024097442627 -0.0152922747656703 
vn -0.72365802526474 0.6876363158226013 -0.058952588587999344 
vn -0.7472573518753052 0.6565821170806885 -0.10250037163496017 
vn -0.7662988305091858 0.627663791179657 -0.1372016966342926 
vn -0.8818405270576477 0.419884592294693 0.21460255980491638 
vn -0.9516655206680298 0.04905559867620468 0.30319350957870483 
vn -0.8811684846878052 -0.33232036232948303 0.3363112509250641 
vn -0.6821799874305725 -0.6555109620094299 0.3239381015300751 
vn -0.6603578329086304 -0.6470221281051636 0.3811691105365753 
vn -0.8636830449104309 -0.32506728172302246 0.3852050006389618 
vn -0.941935122013092 0.0490497350692749 0.33219319581985474 
vn -0.8726878762245178 0.4298361837863922 0.23163928091526031 
vn -0.8754884600639343 0.42639803886413574 0.22738653421401978 
vn -0.6346318125724792 -0.6319648623466492 0.44481781125068665 
vn -0.844991147518158 -0.31379345059394836 0.43303996324539185 
vn -0.9322302937507629 0.060314029455184937 0.3568037748336792 
vn -0.8754884600639343 0.42639803886413574 0.22738653421401978 
vn -0.605536937713623 -0.6108742356300354 0.5100564956665039 
vn -0.8225473761558533 -0.299382746219635 0.4835140109062195 
vn -0.8020917177200317 -0.2776671051979065 0.528724730014801 
vn -0.9220133423805237 0.06783449649810791 0.3811691105365753 
vn -0.912536084651947 0.07910043746232986 0.401274174451828 
vn -0.8812812566757202 0.4232061505317688 0.2103329300880432 
vn -0.9046682715415955 0.08661496639251709 0.417220801115036 
vn -0.8867784142494202 0.41987141966819763 0.19321508705615997 
vn -0.8926408886909485 0.4131229817867279 0.18033768236637115 
vn -0.875822126865387 0.43015384674072266 0.21886809170246124 
vn 0.35343655943870544 0.8680679798126221 0.34862664341926575 
vn 0.02264375053346157 0.9848828315734863 0.17173540592193604 
vn -0.3117627203464508 0.9497355222702026 -0.028397228568792343 
vn -0.602451741695404 0.7675601840019226 -0.21886809170246124 
vn -0.7973209619522095 0.47122740745544434 -0.37712597846984863 
vn -0.8151977062225342 0.4655674695968628 -0.34452807903289795 
vn -0.871078372001648 0.10547545552253723 -0.4796847105026245 
vn -0.8917757868766785 0.10170000046491623 -0.4409002661705017 
vn -0.816273033618927 -0.2711838483810425 -0.5100564956665039 
vn -0.8386361002922058 -0.27844637632369995 -0.46814218163490295 
vn -0.6401350498199463 -0.6121063828468323 -0.4642767012119293 
vn -0.6616454124450684 -0.6148990392684937 -0.42909738421440125 
vn -0.36737528443336487 -0.8622614741325378 -0.34862664341926575 
vn -0.3849150836467743 -0.8626767992973328 -0.3280687630176544 
vn -0.033991724252700806 -0.9830172061920166 -0.18033768236637115 
vn -0.04527553543448448 -0.984102189540863 -0.17173540592193604 
vn 0.29744553565979004 -0.9545363187789917 0.01966099627315998 
vn 0.3046862781047821 -0.9523901343345642 0.010923261754214764 
vn 0.5905014276504517 -0.7767913341522217 0.21886809170246124 
vn 0.6027413010597229 -0.7731083631515503 0.1975002884864807 
vn 0.7897447943687439 -0.4806383550167084 0.3811691105365753 
vn 0.8078911304473877 -0.4751540422439575 0.34862664341926575 
vn 0.8658881187438965 -0.11288625001907349 0.48733407258987427 
vn 0.8874300122261047 -0.1054142564535141 0.4487268626689911 
vn 0.810569167137146 0.2740728557109833 0.5175535082817078 
vn 0.833440899848938 0.27436986565589905 0.4796847105026245 
vn 0.6354139447212219 0.614078164100647 0.46814218163490295 
vn 0.6498743891716003 0.6218655109405518 0.43697428703308105 
vn 0.35343655943870544 0.8680679798126221 0.34862664341926575 
vn 0.36726903915405273 0.8718816041946411 0.3239381015300751 
vn -0.8842825293540955 -0.28612929582595825 -0.3690181374549866 
vn -0.7007543444633484 -0.6246949434280396 -0.34452807903289795 
vn -0.7349368333816528 -0.6309225559234619 -0.24860523641109467 
vn -0.7522114515304565 -0.6415807008743286 -0.15017375349998474 
vn -0.755111813545227 -0.6511303186416626 -0.0763898640871048 
vn -0.7534522414207458 -0.6574118733406067 -0.010923261754214764 
vn -0.4510546028614044 -0.8918947577476501 -0.03276457265019417 
vn -0.4563741683959961 -0.8861166834831238 -0.08074574917554855 
vn -0.44912412762641907 -0.8835340738296509 -0.1328723281621933 
vn -0.43875521421432495 -0.8756586313247681 -0.2017817199230194 
vn -0.4146428406238556 -0.8690974712371826 -0.26970529556274414 
vn -0.07164404541254044 -0.9945007562637329 -0.0763898640871048 
vn -0.07544500380754471 -0.9923074245452881 -0.0981530249118805 
vn -0.07164226472377777 -0.989666759967804 -0.1242060661315918 
vn -0.05469442531466484 -0.9871455430984497 -0.15017375349998474 
vn 0.31896260380744934 -0.9474626183509827 -0.024029340595006943 
vn 0.3118877410888672 -0.9501164555549622 -0.002184694167226553 
vn 0.6272779107093811 -0.7658277153968811 0.1415284425020218 
vn 0.8444141149520874 -0.4628431797027588 0.26970529556274414 
vn 0.31877991557121277 -0.9469199180603027 -0.04149730131030083 
vn 0.6480443477630615 -0.757310152053833 0.08074574917554855 
vn 0.879476010799408 -0.4438794255256653 0.17173540592193604 
vn 0.9313499331474304 -0.0904264897108078 0.3527185618877411 
vn 0.8780838847160339 0.28927281498908997 0.3811691105365753 
vn 0.895983874797821 -0.437467098236084 0.0763898640871048 
vn 0.6630451083183289 -0.7484232187271118 0.0152922747656703 
vn 0.3242286741733551 -0.9441400170326233 -0.058952588587999344 
vn -0.07730717211961746 -0.9955116510391235 -0.05459024757146835 
vn -0.07542550563812256 -0.9968618750572205 -0.024029340595006943 
vn -0.44445905089378357 -0.8955833911895752 0.01966099627315998 
vn -0.06790688633918762 -0.9975744485855103 0.0152922747656703 
vn 0.3169960081577301 -0.9463112354278564 -0.0633138045668602 
vn 0.3226388692855835 -0.9440997838973999 -0.06767380982637405 
vn 0.6657235622406006 -0.7431234121322632 -0.06767380982637405 
vn 0.6683973073959351 -0.7430824637413025 -0.03276457265019417 
vn 0.9035571217536926 -0.4237639904022217 -0.0633138045668602 
vn 0.9055951237678528 -0.4241376221179962 -0.002184694167226553 
vn 0.9982003569602966 -0.052817411720752716 0.028397228568792343 
vn 0.9909519553184509 -0.06037803739309311 0.11986933648586273 
vn 0.9688509106636047 -0.0753985121846199 0.23588760197162628 
vn 0.914923369884491 0.3040188252925873 0.26549527049064636 
vn 0.6897150278091431 0.6323628425598145 0.3527185618877411 
vn 0.39877283573150635 0.8764926195144653 0.26970529556274414 
vn 0.9358625411987305 0.3187619149684906 0.15017375349998474 
vn 0.9437599182128906 0.32609376311302185 0.05459024757146835 
vn 0.9981130957603455 -0.04525691270828247 -0.04149730131030083 
vn 0.9426271915435791 0.33326780796051025 -0.01966099627315998 
vn 0.9927668571472168 -0.045287031680345535 -0.1111890971660614 
vn 0.9382434487342834 0.333016574382782 -0.09380380809307098 
vn 0.9825603365898132 -0.04531528055667877 -0.18033768236637115 
vn 0.9278550148010254 0.3332454562187195 -0.16742929816246033 
vn 0.9703445434570312 -0.052806030958890915 -0.23588760197162628 
vn 0.7236130833625793 0.6422293186187744 0.25283506512641907 
vn 0.7437461018562317 0.6503644585609436 0.15449213981628418 
vn 0.7501611113548279 0.6568278670310974 0.0763898640871048 
vn 0.7484660744667053 0.6630830764770508 0.010923261754214764 
vn 0.7466311454772949 0.6626209616661072 -0.058952588587999344 
vn 0.43874022364616394 0.8880780935287476 0.1372016966342926 
vn 0.44070351123809814 0.8940137028694153 0.08074574917554855 
vn 0.44423842430114746 0.8951388001441956 0.03713129088282585 
vn 0.4377165138721466 0.8989830017089844 -0.0152922747656703 
vn 0.4217976927757263 0.8839518427848816 0.2017817199230194 
vn 0.8984144926071167 -0.4236792325973511 -0.11553031951189041 
vn 0.8909968137741089 -0.423693984746933 -0.16312000155448914 
vn 0.8808696269989014 -0.43018871545791626 -0.1975002884864807 
vn 0.6548717021942139 -0.7468572854995728 -0.11553031951189041 
vn 0.6534121632575989 -0.7467432022094727 -0.1242060661315918 
vn 0.662525475025177 -0.7425805926322937 -0.0981530249118805 
vn 0.31715962290763855 -0.9467996954917908 -0.05459024757146835 
vn -0.015044965781271458 0.03632176294922829 -0.9992268681526184 
vn 0.3672710359096527 0.05280560255050659 -0.9286137819290161 
vn -0.013106673955917358 0.022701425477862358 -0.9996563792228699 
vn 0.369119256734848 0.03778119012713432 -0.9286137819290161 
vn -0.015745941549539566 0.007582846097648144 -0.9998472929000854 
vn 0.3703531324863434 0.022693898528814316 -0.9286137819290161 
vn 0.697905957698822 0.03020867332816124 -0.715552031993866 
vn 0.917204737663269 0.03022308088839054 -0.3972681760787964 
vn -0.015745941549539566 -0.007582846097648144 -0.9998472929000854 
vn 0.3707389831542969 0.01513451337814331 -0.9286137819290161 
vn 0.6983960866928101 0.015107870101928711 -0.715552031993866 
vn 0.9174225330352783 0.022669102996587753 -0.3972681760787964 
vn 0.9176714420318604 0.007557051256299019 -0.3972681760787964 
vn 0.9997690320014954 0.015101470053195953 -0.0152922747656703 
vn 0.9194296002388 0 -0.3932546079158783 
vn 0.999854564666748 0.007550950627774 -0.0152922747656703 
vn 0.999854564666748 -0.007550950627774 -0.0152922747656703 
vn 0.9293915629386902 0.007544790394604206 0.3690181374549866 
vn 0.9294221997261047 0 0.3690181374549866 
vn 0.7170764207839966 0 0.6969945430755615 
vn 0.9292997121810913 -0.015089083462953568 0.3690181374549866 
vn 0.7170368432998657 -0.007534182630479336 0.6969945430755615 
vn 0.7167202234268188 -0.022599220275878906 0.6969945430755615 
vn 0.39519068598747253 -0.007525322493165731 0.9185682535171509 
vn 0.39497578144073486 -0.015047917142510414 0.9185682535171509 
vn 0.006553899962455034 0.011351687833666801 0.9999141097068787 
vn 0.011351687833666801 0.006553899962455034 0.9999141097068787 
vn -0.3728178143501282 0.041329920291900635 0.926983654499054 
vn -0.376006156206131 0.048712581396102905 0.9253358840942383 
vn -0.6994529366493225 0.08653651922941208 0.7094202041625977 
vn -0.697627604007721 0.12003369629383087 0.7063339352607727 
vn -0.9146484732627869 0.10915810614824295 0.3892335295677185 
vn -0.9092447757720947 0.15776893496513367 0.3852050006389618 
vn -0.8987239003181458 0.20955301821231842 0.3852050006389618 
vn -0.9743873476982117 0.2246105968952179 0.010923261754214764 
vn -0.8849014639854431 0.2676928639411926 0.3811691105365753 
vn -0.9568832516670227 0.29026734828948975 0.010923261754214764 
vn -0.9294984340667725 0.3686642050743103 0.010923261754214764 
vn -0.8905586004257202 0.2715037167072296 -0.3649536371231079 
vn -0.8658915758132935 0.34640422463417053 -0.36088213324546814 
vn -0.6730235815048218 0.2726433575153351 -0.6875353455543518 
vn -0.6477774381637573 0.3347257077693939 -0.6843559741973877 
vn -0.36168840527534485 0.19573597609996796 -0.9115201234817505 
vn -0.3403207063674927 0.2379104495048523 -0.9097144603729248 
vn -0.013020745478570461 0.027670491486787796 -0.9995322823524475 
vn -0.012935593724250793 0.032465893775224686 -0.999389111995697 
vn -0.6902503967285156 0.1569928377866745 0.7063339352607727 
vn -0.37244677543640137 0.07097151130437851 0.9253358840942383 
vn 0.006694211158901453 0.005617110058665276 0.999961793422699 
vn 0.3934725522994995 -0.03757207468152046 0.9185682535171509 
vn 0.7138727307319641 -0.06770787388086319 0.6969945430755615 
vn 0.7156519889831543 -0.04517598822712898 0.6969945430755615 
vn 0.9274629354476929 -0.06031656637787819 0.3690181374549866 
vn 0.9286566972732544 -0.03771400824189186 0.3690181374549866 
vn 0.9989140033721924 -0.04529322683811188 -0.010923261754214764 
vn 0.9996837377548218 -0.02265242673456669 -0.010923261754214764 
vn 0.9189334511756897 -0.03020082414150238 -0.3932546079158783 
vn 0.9193055629730225 -0.015102448873221874 -0.3932546079158783 
vn 0.6985186338424683 -0.0075543769635260105 -0.715552031993866 
vn 0.6985594630241394 0 -0.715552031993866 
vn 0.37097057700157166 -0.00756883155554533 -0.9286137819290161 
vn 0.3710477650165558 0 -0.9286137819290161 
vn -0.01673441007733345 -0.014041837304830551 -0.9997613430023193 
vn -0.01673441007733345 -0.014041837304830551 -0.9997613430023193 
vn -0.010896530002355576 -0.013663816265761852 -0.9998472929000854 
vn 0.3710477650165558 0 -0.9286137819290161 
vn 0.6985186338424683 0.0075543769635260105 -0.715552031993866 
vn -0.01673441007733345 -0.014041837304830551 -0.9997613430023193 
vn 0.37097057700157166 -0.00756883155554533 -0.9286137819290161 
vn 0.6983960866928101 -0.015107870101928711 -0.715552031993866 
vn -0.01673441007733345 -0.014041837304830551 -0.9997613430023193 
vn 0.3707389831542969 -0.01513451337814331 -0.9286137819290161 
vn 0.697905957698822 -0.03020867332816124 -0.715552031993866 
vn 0.9183134436607361 -0.04529104754328728 -0.3932546079158783 
vn 0.9976316094398499 -0.06791078299283981 -0.010923261754214764 
vn 0.9943568110466003 -0.10552351921796799 -0.010923261754214764 
vn 0.9242515563964844 -0.09790139645338058 0.3690181374549866 
vn 0.987392008304596 -0.15791665017604828 -0.010923261754214764 
vn 0.918388843536377 -0.14278487861156464 0.3690181374549866 
vn 0.9776685833930969 -0.20986858010292053 -0.010923261754214764 
vn 0.9087971448898315 -0.19471348822116852 0.3690181374549866 
vn 0.9590480327606201 -0.2830328643321991 -0.010923261754214764 
vn 0.8921595811843872 -0.2605319917201996 0.3690181374549866 
vn 0.9349604845046997 -0.354583740234375 -0.010923261754214764 
vn 0.867027997970581 -0.3392215669155121 0.3649536371231079 
vn 0.833370566368103 -0.41509321331977844 0.3649536371231079 
vn 0.6450902223587036 -0.32678714394569397 0.6907016038894653 
vn 0.6076021790504456 -0.3921107351779938 0.6907016038894653 
vn 0.32867681980133057 -0.22669318318367004 0.916832447052002 
vn 0.306224524974823 -0.2624056339263916 0.9150791168212891 
vn -0.008778315968811512 -0.02469981275498867 0.9996563792228699 
vn -0.008770721964538097 -0.029296252876520157 0.9995322823524475 
vn -0.3405499756336212 0.18429642915725708 0.9219872951507568 
vn -0.3227275013923645 0.20659132301807404 0.9236704111099243 
vn -0.5804528594017029 0.41053152084350586 0.7032341957092285 
vn -0.5386518239974976 0.4640214145183563 0.7032341957092285 
vn -0.688819944858551 0.6141206622123718 0.3852050006389618 
vn -0.6262043714523315 0.6755481958389282 0.3892335295677185 
vn -0.7382673621177673 0.6742216348648071 0.01966099627315998 
vn -0.6685633063316345 0.7432669401168823 0.024029340595006943 
vn -0.6787974834442139 0.6440679430961609 -0.3527185618877411 
vn -0.6158481240272522 0.706534206867218 -0.34862664341926575 
vn -0.47951260209083557 0.5649284720420837 -0.6715083718299866 
vn -0.4271267056465149 0.6090859174728394 -0.6682642698287964 
vn -0.23077557981014252 0.3594116270542145 -0.9041935205459595 
vn -0.20007038116455078 0.3818284273147583 -0.9023185968399048 
vn 0.005732000805437565 0.05209427699446678 -0.9986256957054138 
vn 0.01325590442866087 0.05070454254746437 -0.9986256957054138 
vn 0.005732000805437565 0.05209427699446678 -0.9986256957054138 
vn -0.2616373598575592 0.337609201669693 -0.9041935205459595 
vn -0.5258742570877075 0.5178635120391846 -0.67473965883255 
vn -0.7379331588745117 0.5753644704818726 -0.3527185618877411 
vn -0.7963150143623352 0.604688823223114 0.0152922747656703 
vn -0.7904894948005676 0.4978126585483551 -0.3568037748336792 
vn -0.8517991900444031 0.5237545371055603 0.010923261754214764 
vn -0.8316473960876465 0.4220505356788635 -0.36088213324546814 
vn -0.8957030773162842 0.44451847672462463 0.010923261754214764 
vn -0.8601375818252563 0.33892983198165894 0.3811691105365753 
vn -0.6819658875465393 0.20095817744731903 0.7032341957092285 
vn -0.3726004660129547 0.08945345878601074 0.9236704111099243 
vn 0.008738672360777855 0 0.999961793422699 
vn 0.38662490248680115 -0.08217965811491013 0.9185682535171509 
vn 0.39175692200660706 -0.052524615079164505 0.9185682535171509 
vn 0.7093324065208435 -0.10510051250457764 0.6969945430755615 
vn -0.8296496272087097 0.4079112708568573 0.3811691105365753 
vn -0.665168285369873 0.2510235011577606 0.7032341957092285 
vn -0.3688012659549713 0.10401271283626556 0.9236704111099243 
vn 0.006694211158901453 -0.005617110058665276 0.999961793422699 
vn 0.3770625591278076 -0.11855857819318771 0.9185682535171509 
vn 0.7013019919395447 -0.14957985281944275 0.6969945430755615 
vn 4.0606729845218004e-15 -0.013107799924910069 0.9999141097068787 
vn -0.3595036268234253 0.13262788951396942 0.9236704111099243 
vn -0.641483724117279 0.30652937293052673 0.7032341957092285 
vn -0.6131772398948669 0.3598267138004303 0.7032341957092285 
vn -0.7897447943687439 0.4806383550167084 0.3811691105365753 
vn -0.7412248253822327 0.5497298240661621 0.3852050006389618 
vn -0.3538452982902527 0.157267227768898 0.9219872951507568 
vn 5.42963238728115e-15 -0.017476677894592285 0.9998472929000854 
vn 0.3521820604801178 -0.18811176717281342 0.916832447052002 
vn 0.6695460081100464 -0.26509201526641846 0.6938546895980835 
vn 0.36408549547195435 -0.1538638174533844 0.9185682535171509 
vn 0.6893801689147949 -0.20813614130020142 0.6938546895980835 
vn -0.01673441007733345 -0.014041837304830551 -0.9997613430023193 
vn 0.3703531324863434 -0.022693898528814316 -0.9286137819290161 
vn 0.6975384950637817 -0.03775421902537346 -0.715552031993866 
vn 0.9169188141822815 -0.06790219992399216 -0.3932546079158783 
vn -0.01673441007733345 -0.014041837304830551 -0.9997613430023193 
vn 0.36981314420700073 -0.03024383820593357 -0.9286137819290161 
vn 0.6959467530250549 -0.060360830277204514 -0.715552031993866 
vn 0.6936225891113281 -0.0829039141535759 -0.715552031993866 
vn 0.9133580327033997 -0.105489082634449 -0.3932546079158783 
vn 0.6925304532051086 -0.11294004321098328 -0.7124928832054138 
vn 0.909974992275238 -0.14297838509082794 -0.3892335295677185 
vn 0.9002703428268433 -0.19496312737464905 -0.3892335295677185 
vn 0.39526233077049255 0 0.9185682535171509 
vn 0.012357876636087894 0.012357876636087894 0.9998472929000854 
vn -0.3746294379234314 0.018816648051142693 0.926983654499054 
vn -0.700455367565155 0.041425976902246475 0.7124928832054138 
vn -0.9177336692810059 0.07913404703140259 0.3892335295677185 
vn 0.012357876636087894 0.012357876636087894 0.9998472929000854 
vn -0.3741762638092041 0.026332689449191093 0.926983654499054 
vn -0.6987572312355042 0.06397026777267456 0.7124928832054138 
vn -0.6153505444526672 0.3966861963272095 -0.681163489818573 
vn -0.5745564103126526 0.4585387706756592 -0.677958071231842 
vn -0.28835439682006836 0.3097144663333893 -0.9060511589050293 
vn -0.3195023536682129 0.2713877260684967 -0.9078915119171143 
vn -0.007669857237488031 0.038558974862098694 -0.9992268681526184 
vn -4.968388219150346e-15 0.048044804483652115 -0.9988451600074768 
vn -0.16583655774593353 0.39789360761642456 -0.9023185968399048 
vn -0.3697800040245056 0.6455119252204895 -0.6682642698287964 
vn -0.31305643916130066 0.6780566573143005 -0.6650074124336243 
vn -0.48531901836395264 0.8053432106971741 -0.34042292833328247 
vn -0.40861040353775024 0.8484882116317749 -0.3363112509250641 
vn -0.4510546028614044 0.8918947577476501 0.03276457265019417 
vn -0.36140647530555725 0.931668758392334 0.03713129088282585 
vn -0.4213285744190216 0.8152669668197632 0.3972681760787964 
vn -0.340480238199234 0.850324809551239 0.401274174451828 
vn -0.26819783449172974 0.6450234651565552 0.715552031993866 
vn -0.25871071219444275 0.8768255114555359 0.405272513628006 
vn -0.20435921847820282 0.6679989695549011 0.715552031993866 
vn -0.17071004211902618 0.8981159329414368 0.405272513628006 
vn -0.1347472071647644 0.6822469234466553 0.7185974717140198 
vn -0.08855047821998596 0.9098972678184509 0.405272513628006 
vn -0.06769509613513947 0.6921235918998718 0.7185974717140198 
vn -0.005660997703671455 0.9141783714294434 0.405272513628006 
vn 0.0037707537412643433 0.6985492706298828 0.715552031993866 
vn 0.07901673763990402 0.6940761208534241 0.715552031993866 
vn 0.01879326067864895 0.3705715239048004 0.9286137819290161 
vn 0.06360868364572525 0.36555489897727966 0.9286137819290161 
vn 0.03841542825102806 -0.020789390429854393 0.9990455508232117 
vn 0.04946611449122429 -0.02785879746079445 0.9983872175216675 
vn -0.016945602372288704 -0.41090622544288635 0.9115201234817505 
vn -0.0394899956882 -0.40935513377189636 0.9115201234817505 
vn -0.07902806252241135 -0.7278535962104797 0.681163489818573 
vn -0.12743966281414032 -0.7179248332977295 0.6843559741973877 
vn -0.1966402530670166 -0.9148344993591309 0.3527185618877411 
vn -0.1772974133491516 -0.7041738033294678 0.6875353455543518 
vn -0.2569306194782257 -0.8981524109840393 0.3568037748336792 
vn -0.22797606885433197 -0.6894360184669495 0.6875353455543518 
vn -0.3160172998905182 -0.8774378299713135 0.36088213324546814 
vn -0.27368512749671936 -0.6693487167358398 0.6907016038894653 
vn -0.3758069574832916 -0.8518086671829224 0.3649536371231079 
vn -0.3201884627342224 -0.6450154781341553 0.6938546895980835 
vn -0.4302252531051636 -0.8256604075431824 0.3649536371231079 
vn -0.36287933588027954 -0.6184797286987305 0.6969945430755615 
vn -0.06742493063211441 -0.40164878964424133 0.913308322429657 
vn 0.05413088575005531 -0.028410080820322037 0.9981296062469482 
vn 0.05413088575005531 -0.028410080820322037 0.9981296062469482 
vn 0.14117947220802307 0.3518833816051483 0.9253358840942383 
vn 0.10584254562854767 0.3598591983318329 0.926983654499054 
vn 0.2024468630552292 0.6718401312828064 0.7124928832054138 
vn 0.14404389262199402 0.686735212802887 0.7124928832054138 
vn 0.22763003408908844 0.8908060193061829 0.3932546079158783 
vn 0.1577054262161255 0.904050350189209 0.3972681760787964 
vn 0.15040382742881775 0.9882166981697083 0.028397228568792343 
vn 0.08097891509532928 0.9123713374137878 0.401274174451828 
vn 0.0678783655166626 0.997155487537384 0.03276457265019417 
vn -0.0150928208604455 0.9991964101791382 0.03713129088282585 
vn -0.0979495495557785 0.9944984316825867 0.03713129088282585 
vn -0.18751636147499084 0.9813845157623291 0.04149730131030083 
vn -0.27560847997665405 0.9605525732040405 0.03713129088282585 
vn -0.25170862674713135 0.9090052247047424 -0.33219319581985474 
vn -0.33232036232948303 0.8811684846878052 -0.3363112509250641 
vn -0.25720757246017456 0.7011486291885376 -0.6650074124336243 
vn -0.13751760125160217 0.40854620933532715 -0.9023185968399048 
vn 0.01325590442866087 0.05070454254746437 -0.9986256957054138 
vn -0.09496480971574783 -0.39193350076675415 0.9150791168212891 
vn 0.04549749568104744 -0.033955663442611694 0.9983872175216675 
vn 0.03446967154741287 -0.026828821748495102 0.9990455508232117 
vn 0.18193133175373077 0.33264777064323425 0.9253358840942383 
vn 0.18848849833011627 0.32897666096687317 0.9253358840942383 
vn 0.3181161880493164 0.6289078593254089 0.7094202041625977 
vn 0.3447434902191162 0.6147153377532959 0.7094202041625977 
vn 0.3994244635105133 0.8300345540046692 0.3892335295677185 
vn 0.43972301483154297 0.8094077706336975 0.3892335295677185 
vn 0.46469545364379883 0.8854032158851624 0.010923261754214764 
vn 0.47895944118499756 0.786825954914093 0.3892335295677185 
vn 0.5108298659324646 0.8596124053001404 0.010923261754214764 
vn 0.5126974582672119 0.7673059701919556 0.3852050006389618 
vn 0.5555371046066284 0.8314200043678284 0.010923261754214764 
vn 0.5926268100738525 0.8054030537605286 0.010923261754214764 
vn 0.5149844288825989 0.7737032175064087 -0.3690181374549866 
vn 0.5520905256271362 0.7476775050163269 -0.3690181374549866 
vn 0.4223558306694031 0.5832505822181702 -0.6938546895980835 
vn 0.4523509442806244 0.5603073239326477 -0.6938546895980835 
vn 0.24555175006389618 0.31483739614486694 -0.916832447052002 
vn 0.2572897672653198 0.3053198456764221 -0.916832447052002 
vn 0.0038889264687895775 0.01703849993646145 -0.9998472929000854 
vn 0.3707388937473297 0.5993960499763489 0.7094202041625977 
vn 0.19497162103652954 0.32517629861831665 0.9253358840942383 
vn 0.017892003059387207 -0.019157657399773598 0.9996563792228699 
vn -0.13123613595962524 -0.37708795070648193 0.916832447052002 
vn 0.006688034627586603 -0.016146345064044 0.9998472929000854 
vn 0.207705557346344 0.317193865776062 0.9253358840942383 
vn 0.39605477452278137 0.5829781889915466 0.7094202041625977 
vn 0.5478218793869019 0.7405325770378113 0.3892335295677185 
vn 0.6285000443458557 0.7777328491210938 0.010923261754214764 
vn 0.5820130705833435 0.7246284484863281 -0.3690181374549866 
vn 0.6630830764770508 0.7484660744667053 0.010923261754214764 
vn 0.6109743714332581 0.700382649898529 -0.3690181374549866 
vn 0.5776857137680054 0.7174792289733887 0.3892335295677185 
vn 0.42064473032951355 0.565491795539856 0.7094202041625977 
vn 0.21395137906074524 0.313014954328537 0.9253358840942383 
vn 0.0015174545114859939 -0.008605912327766418 0.999961793422699 
vn -0.21685077250003815 -0.3304664194583893 0.9185682535171509 
vn -0.19107823073863983 -0.3460078537464142 0.9185682535171509 
vn -0.16617506742477417 -0.3630483150482178 0.916832447052002 
vn 0.16184143722057343 0.3428715467453003 0.9253358840942383 
vn 0.29090583324432373 0.6419476270675659 0.7094202041625977 
vn 0.24910639226436615 0.6592943072319031 0.7094202041625977 
vn 0.35119712352752686 0.8515620231628418 0.3892335295677185 
vn 0.29271256923675537 0.8715906143188477 0.3932546079158783 
vn 0.36161357164382935 0.9322026371955872 0.0152922747656703 
vn 0.29744553565979004 0.9545363187789917 0.01966099627315998 
vn 0.3200996518135071 0.8776259422302246 -0.3568037748336792 
vn 0.2573569416999817 0.8996427059173584 -0.3527185618877411 
vn 0.22675666213035583 0.6929922699928284 -0.6843559741973877 
vn 0.18126875162124634 0.7093362212181091 -0.681163489818573 
vn 0.09923087060451508 0.40320315957069397 -0.9097144603729248 
vn 0.06781986355781555 0.41368287801742554 -0.9078915119171143 
vn -0.05071320757269859 0.04803809896111488 -0.9975572824478149 
vn -0.05071320757269859 0.04803809896111488 -0.9975572824478149 
vn 0.22455914318561554 0.9741641283035278 0.024029340595006943 
vn 0.19486765563488007 0.9167802929878235 -0.34862664341926575 
vn 0.12237885594367981 0.9307651519775391 -0.34452807903289795 
vn 0.049084313213825226 0.9389904141426086 -0.34042292833328247 
vn 0.07545052468776703 0.7371456623077393 -0.6715083718299866 
vn 0.028310280293226242 0.7433850765228271 -0.6682642698287964 
vn 0.020780963823199272 0.42661720514297485 -0.9041935205459595 
vn -0.0018899185815826058 0.42711883783340454 -0.9041935205459595 
vn -0.036653295159339905 0.043353721499443054 -0.9983872175216675 
vn -0.02181188575923443 0.04280823469161987 -0.9988451600074768 
vn 0.13146646320819855 0.7262526750564575 -0.67473965883255 
vn 0.04523461312055588 0.42074355483055115 -0.9060511589050293 
vn -0.05017128586769104 0.04209870845079422 -0.9978529810905457 
vn 0.46975603699684143 0.5457974672317505 -0.6938546895980835 
vn -0.022640148177742958 0.9414787292480469 -0.3363112509250641 
vn -0.02453705109655857 0.7435191869735718 -0.6682642698287964 
vn -0.09608936309814453 0.93830406665802 -0.33219319581985474 
vn -0.08107104897499084 0.7424234747886658 -0.6650074124336243 
vn -0.178223118185997 0.9262204170227051 -0.33219319581985474 
vn -0.14083385467529297 0.7334377765655518 -0.6650074124336243 
vn -0.1923830658197403 0.7216328382492065 -0.6650074124336243 
vn -0.026463009417057037 0.4302566647529602 -0.9023185968399048 
vn -0.04906991496682167 0.4282677173614502 -0.9023185968399048 
vn -0.07899010926485062 0.4237707555294037 -0.9023185968399048 
vn -0.10852117091417313 0.41718611121177673 -0.9023185968399048 
vn -0.014939445070922375 0.041045788675546646 -0.9990455508232117 
vn -4.517018337602159e-15 0.043680015951395035 -0.9990455508232117 
vn -4.517018337602159e-15 0.043680015951395035 -0.9990455508232117 
vn 0.007515863515436649 0.047453295439481735 -0.9988451600074768 
vn -0.04456428810954094 0.04184865206480026 -0.9981296062469482 
vn 0.13710182905197144 0.3877294957637787 -0.9115201234817505 
vn -0.028240028768777847 0.038869064301252365 -0.9988451600074768 
vn 0.17230980098247528 0.3690219521522522 -0.913308322429657 
vn -0.012935593724250793 0.032465893775224686 -0.999389111995697 
vn 0.19394738972187042 0.3535740077495575 -0.9150791168212891 
vn -0.005833018571138382 0.02555612474679947 -0.9996563792228699 
vn 0.21990317106246948 0.33804255723953247 -0.9150791168212891 
vn 0.0038889264687895775 0.01703849993646145 -0.9998472929000854 
vn 0.23346196115016937 0.3239039182662964 -0.916832447052002 
vn 0.010896530002355576 0.013663816265761852 -0.9998472929000854 
vn 0.2796297073364258 0.6701509952545166 -0.6875353455543518 
vn 0.3208860158920288 0.651404082775116 -0.6875353455543518 
vn 0.36266058683395386 0.6256265044212341 -0.6907016038894653 
vn 0.3975193500518799 0.6004531979560852 -0.6938546895980835 
vn 0.374261736869812 0.8542202711105347 -0.36088213324546814 
vn 0.4268747866153717 0.8273975849151611 -0.3649536371231079 
vn 0.47311827540397644 0.801852822303772 -0.3649536371231079 
vn 0.41723883152008057 0.9086682200431824 0.0152922747656703 
vn -0.5557627081871033 0.7565898895263672 -0.34452807903289795 
vn -0.5985550284385681 0.8007212281227112 0.024029340595006943 
vn -0.5299900770187378 0.8475282788276672 0.028397228568792343 
vn -0.5639419555664062 0.7261682152748108 0.3932546079158783 
vn -0.4932580292224884 0.7738698124885559 0.3972681760787964 
vn -0.4415299892425537 0.5493398308753967 0.7094202041625977 
vn -0.3929290473461151 0.5850895047187805 0.7094202041625977 
vn -0.25239402055740356 0.2829325199127197 0.9253358840942383 
vn -0.22321149706840515 0.3014596104621887 0.926983654499054 
vn -0.017546063289046288 -0.04000099375844002 0.9990455508232117 
vn -0.023890703916549683 -0.03656744584441185 0.9990455508232117 
vn 0.21943815052509308 -0.35251447558403015 0.9097144603729248 
vn 0.18666782975196838 -0.3709106147289276 0.9097144603729248 
vn 0.41949063539505005 -0.6036559343338013 0.677958071231842 
vn 0.3620992600917816 -0.6397320032119751 0.677958071231842 
vn 0.5509085655212402 -0.7582606077194214 0.34862664341926575 
vn 0.4845466613769531 -0.8040615320205688 0.34452807903289795 
vn 0.5984864830970764 -0.8006294965744019 -0.028397228568792343 
vn 0.5235745310783386 -0.8515064716339111 -0.028397228568792343 
vn 0.5602843165397644 -0.7268146276473999 -0.3972681760787964 
vn 0.4966474175453186 -0.7696235179901123 -0.401274174451828 
vn 0.44142547249794006 -0.5414137840270996 -0.715552031993866 
vn 0.3883201777935028 -0.5769100189208984 -0.7185974717140198 
vn 0.24433261156082153 -0.2683497667312622 -0.931820809841156 
vn 0.22118045389652252 -0.2877311706542969 -0.931820809841156 
vn 0.005732000805437565 0.05209427699446678 -0.9986256957054138 
vn 0.01325590442866087 0.05070454254746437 -0.9986256957054138 
vn 0.27060648798942566 -0.24789395928382874 -0.9302261471748352 
vn 0.486556738615036 -0.5012463331222534 -0.715552031993866 
vn 0.6237344741821289 -0.6731517910957336 -0.3972681760787964 
vn 0.6685633063316345 -0.7432669401168823 -0.024029340595006943 
vn 0.614067792892456 -0.7060526609420776 0.3527185618877411 
vn 0.4689983129501343 -0.5621893405914307 0.681163489818573 
vn 0.250480979681015 -0.32617536187171936 0.9115201234817505 
vn -0.017523931339383125 -0.03519279882311821 0.9992268681526184 
vn -0.2791494131088257 0.2565719187259674 0.9253358840942383 
vn -0.30092400312423706 0.2372293621301651 0.9236704111099243 
vn -0.4938385486602783 0.5071645379066467 0.7063339352607727 
vn -0.010799530893564224 -0.03323753923177719 0.999389111995697 
vn 0.27437520027160645 -0.3009752631187439 0.913308322429657 
vn 0.5208860635757446 -0.5102299451828003 0.6843559741973877 
vn 0.5668870210647583 -0.4537997841835022 0.6875353455543518 
vn 0.6776730418205261 -0.6430010199546814 0.3568037748336792 
vn 0.7382673621177673 -0.6742216348648071 -0.01966099627315998 
vn 0.7396033406257629 -0.5681117177009583 0.36088213324546814 
vn 0.8008587956428528 -0.5986579060554504 -0.0152922747656703 
vn 0.6845311522483826 -0.6138142347335815 -0.3932546079158783 
vn 0.532963216304779 -0.45159220695495605 -0.715552031993866 
vn 0.29009222984313965 -0.2247793972492218 -0.9302261471748352 
vn 0.005732000805437565 0.05209427699446678 -0.9986256957054138 
vn 0.30760931968688965 -0.20013943314552307 -0.9302261471748352 
vn 0.5733930468559265 -0.4044431746006012 -0.7124928832054138 
vn 0.3274576663970947 -0.17449334263801575 -0.9286137819290161 
vn 0.6060905456542969 -0.35356488823890686 -0.7124928832054138 
vn 0.3405908942222595 -0.1472218930721283 -0.9286137819290161 
vn 0.6342853307723999 -0.300059974193573 -0.7124928832054138 
vn 0.3489575982093811 -0.12611517310142517 -0.9286137819290161 
vn 0.6577680110931396 -0.2443258911371231 -0.7124928832054138 
vn 0.35601773858070374 -0.10453623533248901 -0.9286137819290161 
vn 0.6743118762969971 -0.19405509531497955 -0.7124928832054138 
vn 0.36174482107162476 -0.08256589621305466 -0.9286137819290161 
vn 0.6854422092437744 -0.15007621049880981 -0.7124928832054138 
vn 0.3648115396499634 -0.06774212419986725 -0.9286137819290161 
vn 0.3672710359096527 -0.05280560255050659 -0.9286137819290161 
vn 0.369119256734848 -0.03778119012713432 -0.9286137819290161 
vn -0.0205277930945158 -0.007471505552530289 -0.9997613430023193 
vn -0.017476677894592285 -3.6145805417514814e-15 -0.9998472929000854 
vn -0.017476677894592285 -3.6145805417514814e-15 -0.9998472929000854 
vn -0.0205277930945158 0.007471505552530289 -0.9997613430023193 
vn -0.019215743988752365 0.01782960444688797 -0.9996563792228699 
vn -0.013020745478570461 0.027670491486787796 -0.9995322823524475 
vn -0.012935593724250793 0.032465893775224686 -0.999389111995697 
vn -0.007669857237488031 0.038558974862098694 -0.9992268681526184 
vn -4.968388219150346e-15 0.048044804483652115 -0.9988451600074768 
vn -0.01673441007733345 -0.014041837304830551 -0.9997613430023193 
vn 0.7434367537498474 -0.5438741445541382 -0.3892335295677185 
vn 0.7894189357757568 -0.4746735692024231 -0.3892335295677185 
vn 0.8322450518608093 -0.3947979807853699 -0.3892335295677185 
vn 0.8617942333221436 -0.32528141140937805 -0.3892335295677185 
vn 0.8834384679794312 -0.26083269715309143 -0.3892335295677185 
vn 0.8990345001220703 -0.43774157762527466 -0.010923261754214764 
vn 0.8556811809539795 -0.5172773003578186 -0.0152922747656703 
vn 0.7911656498908997 -0.49378231167793274 0.36088213324546814 
vn 0.01325590442866087 0.05070454254746437 -0.9986256957054138 
vn 0.19022953510284424 -0.30427226424217224 -0.933397650718689 
vn 0.3329788148403168 -0.6069402694702148 -0.7216291427612305 
vn 0.264924019575119 -0.639583170413971 -0.7216291427612305 
vn 0.4229189157485962 -0.81048983335495 -0.405272513628006 
vn 0.34067457914352417 -0.8483483791351318 -0.405272513628006 
vn 0.36140647530555725 -0.931668758392334 -0.03713129088282585 
vn 0.25161704421043396 -0.8770362138748169 -0.40926313400268555 
vn 0.27560847997665405 -0.9605525732040405 -0.03713129088282585 
vn 0.1708213984966278 -0.8962832689285278 -0.40926313400268555 
vn 0.18754860758781433 -0.9815532565116882 -0.03713129088282585 
vn 0.0979495495557785 -0.9944984316825867 -0.03713129088282585 
vn 0.17070184648036957 -0.9246475696563721 0.34042292833328247 
vn 0.09603378176689148 -0.9353554248809814 0.34042292833328247 
vn 0.08089636266231537 -0.7336090207099915 0.67473965883255 
vn 0.02448325790464878 -0.7346927523612976 0.677958071231842 
vn 0.028173523023724556 -0.41427746415138245 0.9097144603729248 
vn 0.005638863425701857 -0.4151960611343384 0.9097144603729248 
vn 0.023384787142276764 -0.025971436873078346 0.999389111995697 
vn 0.25154951214790344 -0.905999481678009 0.34042292833328247 
vn 0.13310959935188293 -0.7259533405303955 0.67473965883255 
vn 0.19193318486213684 -0.7126626372337341 0.67473965883255 
vn 0.07114671915769577 -0.4131236970424652 0.9078915119171143 
vn 0.10060339421033859 -0.4069545567035675 0.9078915119171143 
vn -0.008770721964538097 -0.029296252876520157 0.9995322823524475 
vn -0.017474008724093437 -0.030265869572758675 0.999389111995697 
vn -0.15662220120429993 0.3363717198371887 0.9286137819290161 
vn -0.19188126921653748 0.32230862975120544 0.926983654499054 
vn -0.3310808539390564 0.6186593174934387 0.7124928832054138 
vn -0.017523931339383125 -0.03519279882311821 0.9992268681526184 
vn 0.1593373566865921 -0.38344642519950867 0.9097144603729248 
vn 0.1295415461063385 -0.3986878991127014 0.9078915119171143 
vn 0.24947533011436462 -0.6946138739585876 0.67473965883255 
vn 0.3053518533706665 -0.6719275712966919 0.67473965883255 
vn 0.40489086508750916 -0.8469732999801636 0.34452807903289795 
vn 0.3304385244846344 -0.8802968859672546 0.34042292833328247 
vn 0.44430631399154663 -0.8952755928039551 -0.03276457265019417 
vn 0.19563013315200806 -0.6607688069343567 -0.7246471047401428 
vn 0.12957356870174408 -0.6768288016319275 -0.7246471047401428 
vn 0.08861025422811508 -0.9081034660339355 -0.40926313400268555 
vn 0.06225605681538582 -0.6863022446632385 -0.7246471047401428 
vn -0.0018882994772866368 -0.9124144315719604 -0.40926313400268555 
vn -0.005667304620146751 -0.6890968084335327 -0.7246471047401428 
vn -0.08103498816490173 -0.9105973243713379 -0.405272513628006 
vn -0.08286842703819275 -0.6873021125793457 -0.7216291427612305 
vn -0.1615331470966339 -0.9016019701957703 -0.401274174451828 
vn -0.14983677864074707 -0.6758700013160706 -0.7216291427612305 
vn -0.2352430373430252 -0.8852342963218689 -0.401274174451828 
vn -0.20480848848819733 -0.6645835041999817 -0.7185974717140198 
vn -0.2986357808113098 -0.8677526712417603 -0.3972681760787964 
vn -0.25473782420158386 -0.6470906734466553 -0.7185974717140198 
vn -0.35511308908462524 -0.846210777759552 -0.3972681760787964 
vn -0.29112884402275085 -0.635003387928009 -0.715552031993866 
vn -0.3183167278766632 -0.6218197345733643 -0.715552031993866 
vn -0.17911136150360107 -0.3203098475933075 -0.9302261471748352 
vn -0.1657659411430359 -0.3274155557155609 -0.9302261471748352 
vn -0.13825415074825287 -0.3399486243724823 -0.9302261471748352 
vn -0.10783080011606216 -0.3465292751789093 -0.931820809841156 
vn -0.06396768242120743 -0.3530963361263275 -0.933397650718689 
vn -0.01699461229145527 -0.35435470938682556 -0.9349566102027893 
vn 0.02830507978796959 -0.35363104939460754 -0.9349566102027893 
vn 0.07314314693212509 -0.34713998436927795 -0.9349566102027893 
vn 0.10962749272584915 -0.3373987376689911 -0.9349566102027893 
vn 0.1517336666584015 -0.3206758201122284 -0.9349566102027893 
vn -0.05071320757269859 0.04803809896111488 -0.9975572824478149 
vn -0.05071320757269859 0.04803809896111488 -0.9975572824478149 
vn -0.05017128586769104 0.04209870845079422 -0.9978529810905457 
vn -0.036653295159339905 0.043353721499443054 -0.9983872175216675 
vn -0.02181188575923443 0.04280823469161987 -0.9988451600074768 
vn -0.014939445070922375 0.041045788675546646 -0.9990455508232117 
vn -4.517018337602159e-15 0.043680015951395035 -0.9990455508232117 
vn -4.517018337602159e-15 0.043680015951395035 -0.9990455508232117 
vn 0.007515863515436649 0.047453295439481735 -0.9988451600074768 
vn -0.04456428810954094 0.04184865206480026 -0.9981296062469482 
vn -0.02824818156659603 -0.7345576286315918 0.677958071231842 
vn -0.052821896970272064 -0.9357720613479614 0.34862664341926575 
vn -0.1297716200351715 -0.9266870617866516 0.3527185618877411 
vn -0.15786238014698029 -0.9870527386665344 -0.028397228568792343 
vn -0.23190946877002716 -0.9724405407905579 -0.024029340595006943 
vn -0.3046455681324005 -0.952262818813324 -0.01966099627315998 
vn -0.36158594489097595 -0.9321314692497253 -0.01966099627315998 
vn -0.41723883152008057 -0.9086682200431824 -0.0152922747656703 
vn -0.3996543884277344 -0.8280260562896729 -0.3932546079158783 
vn 0.01885583996772766 -0.9385866522789001 0.34452807903289795 
vn -0.07540678232908249 -0.996614396572113 -0.03276457265019417 
vn 0.007546626031398773 -0.9992818832397461 -0.03713129088282585 
vn 0.050625067204236984 -0.4121367037296295 0.9097144603729248 
vn 0.01205984503030777 -0.023274444043636322 0.9996563792228699 
vn -0.0017888620495796204 -0.026152238249778748 0.9996563792228699 
vn -0.06906155496835709 0.3604300022125244 0.9302261471748352 
vn -0.11466006934642792 0.3528873920440674 0.9286137819290161 
vn -0.03188108280301094 0.3655993342399597 0.9302261471748352 
vn -0.471341609954834 -0.8818181157112122 -0.0152922747656703 
vn -0.43995770812034607 -0.8073338866233826 -0.3932546079158783 
vn 0.22618843615055084 0.30428990721702576 0.9253358840942383 
vn 0.44446370005607605 0.546968936920166 0.7094202041625977 
vn 0.47308680415153503 0.5224096775054932 0.7094202041625977 
vn 0.6122390031814575 0.6882300972938538 0.3892335295677185 
vn 0.5003551840782166 0.4963544011116028 0.7094202041625977 
vn 0.6453134417533875 0.657318651676178 0.3892335295677185 
vn 0.5211418271064758 0.47448307275772095 0.7094202041625977 
vn 0.5361070036888123 0.45750659704208374 0.7094202041625977 
vn -0.037828002125024796 0.021840007975697517 -0.9990455508232117 
vn -0.06028640642762184 -0.3661174476146698 -0.9286137819290161 
vn -0.07352020591497421 -0.694679856300354 -0.715552031993866 
vn -0.14067865908145905 -0.6842476725578308 -0.715552031993866 
vn -0.07920398563146591 -0.9125271439552307 -0.401274174451828 
vn -0.15977081656455994 -0.903687596321106 -0.3972681760787964 
vn -0.15040382742881775 -0.9882166981697083 -0.028397228568792343 
vn -0.23356258869171143 -0.8874832391738892 -0.3972681760787964 
vn -0.23190946877002716 -0.9724405407905579 -0.024029340595006943 
vn -0.29744553565979004 -0.9545363187789917 -0.01966099627315998 
vn -0.2948704957962036 -0.8708629012107849 -0.3932546079158783 
vn -0.20312131941318512 -0.6716365218162537 -0.7124928832054138 
vn -0.10435984283685684 -0.3602919578552246 -0.926983654499054 
vn -0.050669681280851364 0.025604544207453728 -0.9983872175216675 
vn 0.011331874877214432 0.4110993444919586 -0.9115201234817505 
vn -0.24774503707885742 -0.6598070859909058 -0.7094202041625977 
vn -0.14004851877689362 -0.34797656536102295 -0.926983654499054 
vn -0.058527544140815735 0.0293936375528574 -0.9978529810905457 
vn 0.04148478806018829 0.40915778279304504 -0.9115201234817505 
vn 0.07727973908185959 0.7280412912368774 -0.681163489818573 
vn -0.054719407111406326 0.03598951920866966 -0.9978529810905457 
vn -0.1628008633852005 -0.34241703152656555 -0.9253358840942383 
vn -0.2896506190299988 -0.6425150036811829 -0.7094202041625977 
vn -0.3498852849006653 -0.8521018624305725 -0.3892335295677185 
vn -0.31693241000175476 -0.6295052170753479 -0.7094202041625977 
vn -0.3982079327106476 -0.8306188583374023 -0.3892335295677185 
vn -0.43858861923217773 -0.8100230097770691 -0.3892335295677185 
vn -0.46469545364379883 -0.8854032158851624 -0.010923261754214764 
vn 0.0640847310423851 0.4021952450275421 -0.913308322429657 
vn 0.12413275986909866 0.7185039520263672 -0.6843559741973877 
vn 0.191344752907753 0.9159567356109619 -0.3527185618877411 
vn 0.12794898450374603 0.928487241268158 -0.34862664341926575 
vn 0.17590780556201935 0.7076110243797302 -0.6843559741973877 
vn -0.04680482670664787 0.032129693776369095 -0.9983872175216675 
vn -0.18298743665218353 -0.33206799626350403 -0.9253358840942383 
vn -0.0678783655166626 -0.997155487537384 -0.03276457265019417 
vn -0.36161357164382935 -0.9322026371955872 -0.0152922747656703 
vn -0.41723883152008057 -0.9086682200431824 -0.0152922747656703 
vn 0.8802114129066467 -0.423289030790329 -0.21460255980491638 
vt 0.9975578188896179 0.10064279288053513 
vt 0.9865022897720337 0.10064279288053513 
vt 0.9975578188896179 0.10671676695346832 
vt 0.9865022897720337 0.10671676695346832 
vt 0.9975578188896179 0.11275790631771088 
vt 0.9865022897720337 0.11275790631771088 
vt 0.9975578188896179 0.11883188039064407 
vt 0.9865022897720337 0.11883188039064407 
vt 0.9975578188896179 0.12490586191415787 
vt 0.9865022897720337 0.12490586191415787 
vt 0.9975578188896179 0.13094700872898102 
vt 0.9865022897720337 0.13094700872898102 
vt 0.9975578188896179 0.13702097535133362 
vt 0.9865022897720337 0.13702097535133362 
vt 0.9975578188896179 0.14306211471557617 
vt 0.9865022897720337 0.14306211471557617 
vt 0.9975578188896179 0.14913609623908997 
vt 0.9865022897720337 0.14913609623908997 
vt 0.9975578188896179 0.15521007776260376 
vt 0.9865022897720337 0.15521007776260376 
vt 0.9975578188896179 0.1612512171268463 
vt 0.9865022897720337 0.1612512171268463 
vt 0.9975578188896179 0.1673251837491989 
vt 0.9865022897720337 0.1673251837491989 
vt 0.9975578188896179 0.17336633801460266 
vt 0.9865022897720337 0.17336633801460266 
vt 0.9975578188896179 0.17944030463695526 
vt 0.9865022897720337 0.17944030463695526 
vt 0.9975578188896179 0.18551428616046906 
vt 0.9865022897720337 0.18551428616046906 
vt 0.9975578188896179 0.1915554255247116 
vt 0.9865022897720337 0.1915554255247116 
vt 0.9975578188896179 0.1976294070482254 
vt 0.9865022897720337 0.1976294070482254 
vt 0.9754468202590942 0.18551428616046906 
vt 0.9754468202590942 0.17944030463695526 
vt 0.9754468202590942 0.17336633801460266 
vt 0.96439129114151 0.17944030463695526 
vt 0.96439129114151 0.17336633801460266 
vt 0.9533358216285706 0.17944030463695526 
vt 0.9533358216285706 0.17336633801460266 
vt 0.9422802925109863 0.17336633801460266 
vt 0.9533358216285706 0.1673251837491989 
vt 0.9422802925109863 0.1673251837491989 
vt 0.9422802925109863 0.1612512171268463 
vt 0.9312248229980469 0.1612512171268463 
vt 0.9312248229980469 0.15521007776260376 
vt 0.9201692938804626 0.15521007776260376 
vt 0.9312248229980469 0.14913609623908997 
vt 0.9201692938804626 0.14913609623908997 
vt 0.9312248229980469 0.14306211471557617 
vt 0.9201692938804626 0.14306211471557617 
vt 0.9201692938804626 0.13702097535133362 
vt 0.9091138243675232 0.13702097535133362 
vt 0.9091138243675232 0.13094700872898102 
vt 0.898058295249939 0.13094700872898102 
vt 0.9091138243675232 0.12490586191415787 
vt 0.898058295249939 0.12490586191415787 
vt 0.898058295249939 0.11883188039064407 
vt 0.8870028257369995 0.11883188039064407 
vt 0.898058295249939 0.11275790631771088 
vt 0.8870028257369995 0.11275790631771088 
vt 0.8870028257369995 0.10671676695346832 
vt 0.8759472966194153 0.10671676695346832 
vt 0.8759472966194153 0.10064279288053513 
vt 0.8648918271064758 0.10671676695346832 
vt 0.8648918271064758 0.10064279288053513 
vt 0.8538362979888916 0.10671676695346832 
vt 0.8538362979888916 0.10064279288053513 
vt 0.8427808284759521 0.10671676695346832 
vt 0.8427808284759521 0.10064279288053513 
vt 0.8317252993583679 0.10671676695346832 
vt 0.8317252993583679 0.10064279288053513 
vt 0.8206698298454285 0.10671676695346832 
vt 0.8206698298454285 0.10064279288053513 
vt 0.8096143007278442 0.10671676695346832 
vt 0.8096143007278442 0.10064279288053513 
vt 0.7985588312149048 0.10671676695346832 
vt 0.7985588312149048 0.10064279288053513 
vt 0.7875033020973206 0.10671676695346832 
vt 0.7875033020973206 0.10064279288053513 
vt 0.7764478325843811 0.10671676695346832 
vt 0.7764478325843811 0.10064279288053513 
vt 0.7653923034667969 0.10671676695346832 
vt 0.7653923034667969 0.10064279288053513 
vt 0.7543368339538574 0.10064279288053513 
vt 0.8759472966194153 0.11275790631771088 
vt 0.8648918271064758 0.11275790631771088 
vt 0.8538362979888916 0.11275790631771088 
vt 0.8427808284759521 0.11275790631771088 
vt 0.8317252993583679 0.11275790631771088 
vt 0.8206698298454285 0.11275790631771088 
vt 0.8096143007278442 0.11275790631771088 
vt 0.7985588312149048 0.11275790631771088 
vt 0.7875033020973206 0.11275790631771088 
vt 0.7764478325843811 0.11275790631771088 
vt 0.7653923034667969 0.11275790631771088 
vt 0.7543368339538574 0.10671676695346832 
vt 0.7543368339538574 0.11275790631771088 
vt 0.7432813048362732 0.10671676695346832 
vt 0.7432813048362732 0.11275790631771088 
vt 0.7322258353233337 0.10671676695346832 
vt 0.7322258353233337 0.11275790631771088 
vt 0.7211703062057495 0.10671676695346832 
vt 0.7211703062057495 0.11275790631771088 
vt 0.7101148366928101 0.10671676695346832 
vt 0.7101148366928101 0.11275790631771088 
vt 0.6990593075752258 0.10671676695346832 
vt 0.6990593075752258 0.11275790631771088 
vt 0.6880038380622864 0.10671676695346832 
vt 0.6880038380622864 0.11275790631771088 
vt 0.6769483089447021 0.10671676695346832 
vt 0.6769483089447021 0.11275790631771088 
vt 0.6658928394317627 0.10671676695346832 
vt 0.6658928394317627 0.11275790631771088 
vt 0.6548373103141785 0.10671676695346832 
vt 0.6548373103141785 0.11275790631771088 
vt 0.643781840801239 0.10671676695346832 
vt 0.643781840801239 0.11275790631771088 
vt 0.6327263116836548 0.10671676695346832 
vt 0.6327263116836548 0.11275790631771088 
vt 0.6216708421707153 0.10671676695346832 
vt 0.6216708421707153 0.11275790631771088 
vt 0.6106153130531311 0.10671676695346832 
vt 0.6106153130531311 0.11275790631771088 
vt 0.5995598435401917 0.10671676695346832 
vt 0.5995598435401917 0.11275790631771088 
vt 0.5885043144226074 0.10671676695346832 
vt 0.5885043144226074 0.11275790631771088 
vt 0.577448844909668 0.10671676695346832 
vt 0.577448844909668 0.11275790631771088 
vt 0.5663933157920837 0.10671676695346832 
vt 0.5663933157920837 0.11275790631771088 
vt 0.5553378462791443 0.10671676695346832 
vt 0.5553378462791443 0.11275790631771088 
vt 0.5442823171615601 0.10671676695346832 
vt 0.5442823171615601 0.11275790631771088 
vt 0.5332268476486206 0.10671676695346832 
vt 0.5332268476486206 0.11275790631771088 
vt 0.5221713185310364 0.10671676695346832 
vt 0.5221713185310364 0.11275790631771088 
vt 0.5111158490180969 0.10671676695346832 
vt 0.5111158490180969 0.11275790631771088 
vt 0.49993884563446045 0.10671676695346832 
vt 0.49993884563446045 0.11275790631771088 
vt 0.4888833463191986 0.10671676695346832 
vt 0.4888833463191986 0.11275790631771088 
vt 0.47782784700393677 0.10671676695346832 
vt 0.47782784700393677 0.11275790631771088 
vt 0.4667723476886749 0.10671676695346832 
vt 0.4667723476886749 0.11275790631771088 
vt 0.4557168483734131 0.10671676695346832 
vt 0.4557168483734131 0.11275790631771088 
vt 0.44466134905815125 0.10671676695346832 
vt 0.44466134905815125 0.11275790631771088 
vt 0.4336058497428894 0.10671676695346832 
vt 0.4336058497428894 0.11275790631771088 
vt 0.42255035042762756 0.10671676695346832 
vt 0.42255035042762756 0.11275790631771088 
vt 0.4114948511123657 0.10671676695346832 
vt 0.4114948511123657 0.11275790631771088 
vt 0.4004393517971039 0.10671676695346832 
vt 0.4004393517971039 0.11275790631771088 
vt 0.38938385248184204 0.10671676695346832 
vt 0.38938385248184204 0.11275790631771088 
vt 0.3783283531665802 0.10671676695346832 
vt 0.3783283531665802 0.11275790631771088 
vt 0.36727285385131836 0.10671676695346832 
vt 0.36727285385131836 0.11275790631771088 
vt 0.3562173545360565 0.10671676695346832 
vt 0.3562173545360565 0.11275790631771088 
vt 0.3451618552207947 0.10671676695346832 
vt 0.3451618552207947 0.11275790631771088 
vt 0.33410635590553284 0.10671676695346832 
vt 0.33410635590553284 0.11275790631771088 
vt 0.323050856590271 0.10671676695346832 
vt 0.323050856590271 0.11275790631771088 
vt 0.31199535727500916 0.10671676695346832 
vt 0.31199535727500916 0.11275790631771088 
vt 0.3009398877620697 0.10671676695346832 
vt 0.3009398877620697 0.11275790631771088 
vt 0.28988438844680786 0.10671676695346832 
vt 0.28988438844680786 0.11275790631771088 
vt 0.278828889131546 0.10671676695346832 
vt 0.278828889131546 0.11275790631771088 
vt 0.2677733898162842 0.10671676695346832 
vt 0.2677733898162842 0.11275790631771088 
vt 0.25671789050102234 0.10671676695346832 
vt 0.25671789050102234 0.11275790631771088 
vt 0.2456623762845993 0.10671676695346832 
vt 0.2456623762845993 0.11275790631771088 
vt 0.23460687696933746 0.10671676695346832 
vt 0.23460687696933746 0.11275790631771088 
vt 0.22355137765407562 0.10671676695346832 
vt 0.22355137765407562 0.11275790631771088 
vt 0.21249587833881378 0.10671676695346832 
vt 0.21249587833881378 0.11275790631771088 
vt 0.20144037902355194 0.10671676695346832 
vt 0.20144037902355194 0.11275790631771088 
vt 0.1903848797082901 0.10671676695346832 
vt 0.1903848797082901 0.11275790631771088 
vt 0.17932938039302826 0.10671676695346832 
vt 0.17932938039302826 0.11275790631771088 
vt 0.16827388107776642 0.10671676695346832 
vt 0.16827388107776642 0.11275790631771088 
vt 0.15721838176250458 0.10671676695346832 
vt 0.15721838176250458 0.11275790631771088 
vt 0.14616288244724274 0.10671676695346832 
vt 0.14616288244724274 0.11275790631771088 
vt 0.1351073831319809 0.10671676695346832 
vt 0.1351073831319809 0.11275790631771088 
vt 0.12405189126729965 0.10671676695346832 
vt 0.12405189126729965 0.11275790631771088 
vt 0.11299639195203781 0.10671676695346832 
vt 0.11299639195203781 0.11275790631771088 
vt 0.10194089263677597 0.10671676695346832 
vt 0.10194089263677597 0.11275790631771088 
vt 0.09088539332151413 0.10671676695346832 
vt 0.09088539332151413 0.11275790631771088 
vt 0.07982989400625229 0.10671676695346832 
vt 0.07982989400625229 0.11275790631771088 
vt 0.06877439469099045 0.10671676695346832 
vt 0.06877439469099045 0.11275790631771088 
vt 0.05771889537572861 0.10671676695346832 
vt 0.05771889537572861 0.11275790631771088 
vt 0.046663396060466766 0.10671676695346832 
vt 0.046663396060466766 0.11275790631771088 
vt 0.035607896745204926 0.10671676695346832 
vt 0.035607896745204926 0.11275790631771088 
vt 0.024552397429943085 0.10671676695346832 
vt 0.024552397429943085 0.11275790631771088 
vt 0.013496899046003819 0.10671676695346832 
vt 0.013496899046003819 0.11275790631771088 
vt 0.0024413999635726213 0.10671676695346832 
vt 0.0024413999635726213 0.11275790631771088 
vt 0.643781840801239 0.11883188039064407 
vt 0.6327263116836548 0.11883188039064407 
vt 0.6216708421707153 0.11883188039064407 
vt 0.6106153130531311 0.11883188039064407 
vt 0.5995598435401917 0.11883188039064407 
vt 0.5885043144226074 0.11883188039064407 
vt 0.577448844909668 0.11883188039064407 
vt 0.5663933157920837 0.11883188039064407 
vt 0.5553378462791443 0.11883188039064407 
vt 0.5442823171615601 0.11883188039064407 
vt 0.5332268476486206 0.11883188039064407 
vt 0.5221713185310364 0.11883188039064407 
vt 0.5332268476486206 0.12490586191415787 
vt 0.5221713185310364 0.12490586191415787 
vt 0.5221713185310364 0.13094700872898102 
vt 0.5111158490180969 0.13094700872898102 
vt 0.5221713185310364 0.13702097535133362 
vt 0.5111158490180969 0.13702097535133362 
vt 0.5111158490180969 0.14306211471557617 
vt 0.49993884563446045 0.13702097535133362 
vt 0.49993884563446045 0.14306211471557617 
vt 0.4888833463191986 0.13702097535133362 
vt 0.4888833463191986 0.14306211471557617 
vt 0.47782784700393677 0.13702097535133362 
vt 0.47782784700393677 0.14306211471557617 
vt 0.4667723476886749 0.13702097535133362 
vt 0.4667723476886749 0.14306211471557617 
vt 0.4557168483734131 0.13702097535133362 
vt 0.4557168483734131 0.14306211471557617 
vt 0.44466134905815125 0.13702097535133362 
vt 0.44466134905815125 0.14306211471557617 
vt 0.4336058497428894 0.13702097535133362 
vt 0.4336058497428894 0.14306211471557617 
vt 0.42255035042762756 0.13702097535133362 
vt 0.42255035042762756 0.14306211471557617 
vt 0.4114948511123657 0.13702097535133362 
vt 0.4114948511123657 0.14306211471557617 
vt 0.4004393517971039 0.14306211471557617 
vt 0.4114948511123657 0.14913609623908997 
vt 0.4004393517971039 0.14913609623908997 
vt 0.4004393517971039 0.15521007776260376 
vt 0.38938385248184204 0.15521007776260376 
vt 0.4004393517971039 0.1612512171268463 
vt 0.38938385248184204 0.1612512171268463 
vt 0.38938385248184204 0.1673251837491989 
vt 0.3783283531665802 0.1612512171268463 
vt 0.3783283531665802 0.1673251837491989 
vt 0.36727285385131836 0.1612512171268463 
vt 0.36727285385131836 0.1673251837491989 
vt 0.3562173545360565 0.1612512171268463 
vt 0.3562173545360565 0.1673251837491989 
vt 0.3451618552207947 0.1673251837491989 
vt 0.3562173545360565 0.17336633801460266 
vt 0.3451618552207947 0.17336633801460266 
vt 0.3451618552207947 0.17944030463695526 
vt 0.33410635590553284 0.17944030463695526 
vt 0.3451618552207947 0.18551428616046906 
vt 0.33410635590553284 0.18551428616046906 
vt 0.3451618552207947 0.1915554255247116 
vt 0.33410635590553284 0.1915554255247116 
vt 0.33410635590553284 0.1976294070482254 
vt 0.323050856590271 0.1976294070482254 
vt 0.36727285385131836 0.15521007776260376 
vt 0.3783283531665802 0.15521007776260376 
vt 0.3783283531665802 0.14913609623908997 
vt 0.38938385248184204 0.14913609623908997 
vt 0.38938385248184204 0.14306211471557617 
vt 0.4004393517971039 0.13702097535133362 
vt 0.4004393517971039 0.13094700872898102 
vt 0.4114948511123657 0.13094700872898102 
vt 0.4114948511123657 0.12490586191415787 
vt 0.42255035042762756 0.12490586191415787 
vt 0.42255035042762756 0.11883188039064407 
vt 0.4336058497428894 0.11883188039064407 
vt 0.42255035042762756 0.13094700872898102 
vt 0.4336058497428894 0.12490586191415787 
vt 0.44466134905815125 0.12490586191415787 
vt 0.44466134905815125 0.11883188039064407 
vt 0.4557168483734131 0.11883188039064407 
vt 0.4336058497428894 0.13094700872898102 
vt 0.44466134905815125 0.13094700872898102 
vt 0.4557168483734131 0.13094700872898102 
vt 0.4557168483734131 0.12490586191415787 
vt 0.4667723476886749 0.12490586191415787 
vt 0.4667723476886749 0.11883188039064407 
vt 0.47782784700393677 0.12490586191415787 
vt 0.47782784700393677 0.11883188039064407 
vt 0.4888833463191986 0.11883188039064407 
vt 0.4667723476886749 0.13094700872898102 
vt 0.47782784700393677 0.13094700872898102 
vt 0.4888833463191986 0.13094700872898102 
vt 0.4888833463191986 0.12490586191415787 
vt 0.49993884563446045 0.12490586191415787 
vt 0.49993884563446045 0.11883188039064407 
vt 0.5111158490180969 0.12490586191415787 
vt 0.5111158490180969 0.11883188039064407 
vt 0.49993884563446045 0.13094700872898102 
vt 0.8870028257369995 0.10064279288053513 
vt 0.898058295249939 0.10064279288053513 
vt 0.898058295249939 0.10671676695346832 
vt 0.9091138243675232 0.11275790631771088 
vt 0.9091138243675232 0.11883188039064407 
vt 0.9201692938804626 0.11883188039064407 
vt 0.9201692938804626 0.12490586191415787 
vt 0.9312248229980469 0.11883188039064407 
vt 0.9312248229980469 0.12490586191415787 
vt 0.9422802925109863 0.12490586191415787 
vt 0.9312248229980469 0.13094700872898102 
vt 0.9422802925109863 0.13094700872898102 
vt 0.9422802925109863 0.13702097535133362 
vt 0.9533358216285706 0.13702097535133362 
vt 0.9533358216285706 0.14306211471557617 
vt 0.96439129114151 0.14306211471557617 
vt 0.9533358216285706 0.14913609623908997 
vt 0.96439129114151 0.14913609623908997 
vt 0.9533358216285706 0.15521007776260376 
vt 0.96439129114151 0.15521007776260376 
vt 0.96439129114151 0.1612512171268463 
vt 0.9754468202590942 0.1612512171268463 
vt 0.9754468202590942 0.1673251837491989 
vt 0.9533358216285706 0.13094700872898102 
vt 0.96439129114151 0.13702097535133362 
vt 0.9754468202590942 0.14306211471557617 
vt 0.9754468202590942 0.14913609623908997 
vt 0.9754468202590942 0.15521007776260376 
vt 0.9754468202590942 0.13702097535133362 
vt 0.96439129114151 0.13094700872898102 
vt 0.96439129114151 0.12490586191415787 
vt 0.9533358216285706 0.12490586191415787 
vt 0.96439129114151 0.11883188039064407 
vt 0.9533358216285706 0.11883188039064407 
vt 0.9533358216285706 0.11275790631771088 
vt 0.9422802925109863 0.11275790631771088 
vt 0.9422802925109863 0.10671676695346832 
vt 0.9312248229980469 0.10671676695346832 
vt 0.9422802925109863 0.10064279288053513 
vt 0.9312248229980469 0.10064279288053513 
vt 0.9533358216285706 0.10671676695346832 
vt 0.96439129114151 0.11275790631771088 
vt 0.9754468202590942 0.11883188039064407 
vt 0.9754468202590942 0.12490586191415787 
vt 0.9754468202590942 0.13094700872898102 
vt 0.9754468202590942 0.11275790631771088 
vt 0.96439129114151 0.10671676695346832 
vt 0.96439129114151 0.10064279288053513 
vt 0.9533358216285706 0.10064279288053513 
vt 0.9754468202590942 0.10064279288053513 
vt 0.9754468202590942 0.10671676695346832 
vt 0.5442823171615601 0.12490586191415787 
vt 0.5553378462791443 0.12490586191415787 
vt 0.5663933157920837 0.12490586191415787 
vt 0.5553378462791443 0.13094700872898102 
vt 0.5663933157920837 0.13094700872898102 
vt 0.5663933157920837 0.13702097535133362 
vt 0.577448844909668 0.13702097535133362 
vt 0.577448844909668 0.14306211471557617 
vt 0.5885043144226074 0.14306211471557617 
vt 0.577448844909668 0.14913609623908997 
vt 0.5885043144226074 0.14913609623908997 
vt 0.577448844909668 0.15521007776260376 
vt 0.5885043144226074 0.15521007776260376 
vt 0.5885043144226074 0.1612512171268463 
vt 0.5995598435401917 0.1612512171268463 
vt 0.5885043144226074 0.1673251837491989 
vt 0.5995598435401917 0.1673251837491989 
vt 0.5995598435401917 0.17336633801460266 
vt 0.6106153130531311 0.1673251837491989 
vt 0.6106153130531311 0.17336633801460266 
vt 0.6216708421707153 0.1673251837491989 
vt 0.6216708421707153 0.17336633801460266 
vt 0.6327263116836548 0.17336633801460266 
vt 0.6216708421707153 0.17944030463695526 
vt 0.6327263116836548 0.17944030463695526 
vt 0.6327263116836548 0.18551428616046906 
vt 0.643781840801239 0.18551428616046906 
vt 0.643781840801239 0.1915554255247116 
vt 0.6548373103141785 0.1915554255247116 
vt 0.643781840801239 0.1976294070482254 
vt 0.6548373103141785 0.1976294070482254 
vt 0.5885043144226074 0.13702097535133362 
vt 0.5995598435401917 0.14306211471557617 
vt 0.5995598435401917 0.13702097535133362 
vt 0.6106153130531311 0.14306211471557617 
vt 0.6106153130531311 0.13702097535133362 
vt 0.6216708421707153 0.14306211471557617 
vt 0.6216708421707153 0.13702097535133362 
vt 0.6327263116836548 0.14306211471557617 
vt 0.6327263116836548 0.13702097535133362 
vt 0.643781840801239 0.14306211471557617 
vt 0.643781840801239 0.13702097535133362 
vt 0.6548373103141785 0.13702097535133362 
vt 0.643781840801239 0.13094700872898102 
vt 0.6548373103141785 0.13094700872898102 
vt 0.6548373103141785 0.12490586191415787 
vt 0.6658928394317627 0.12490586191415787 
vt 0.6548373103141785 0.11883188039064407 
vt 0.6658928394317627 0.11883188039064407 
vt 0.6769483089447021 0.11883188039064407 
vt 0.6880038380622864 0.11883188039064407 
vt 0.6990593075752258 0.11883188039064407 
vt 0.7101148366928101 0.11883188039064407 
vt 0.7211703062057495 0.11883188039064407 
vt 0.7322258353233337 0.11883188039064407 
vt 0.7432813048362732 0.11883188039064407 
vt 0.7543368339538574 0.11883188039064407 
vt 0.7653923034667969 0.11883188039064407 
vt 0.6990593075752258 0.12490586191415787 
vt 0.6880038380622864 0.12490586191415787 
vt 0.6769483089447021 0.12490586191415787 
vt 0.6769483089447021 0.13094700872898102 
vt 0.6658928394317627 0.13094700872898102 
vt 0.6769483089447021 0.13702097535133362 
vt 0.6658928394317627 0.13702097535133362 
vt 0.6769483089447021 0.14306211471557617 
vt 0.6658928394317627 0.14306211471557617 
vt 0.6658928394317627 0.14913609623908997 
vt 0.6548373103141785 0.14306211471557617 
vt 0.6548373103141785 0.14913609623908997 
vt 0.643781840801239 0.14913609623908997 
vt 0.6327263116836548 0.14913609623908997 
vt 0.6216708421707153 0.14913609623908997 
vt 0.6106153130531311 0.14913609623908997 
vt 0.6106153130531311 0.15521007776260376 
vt 0.5995598435401917 0.15521007776260376 
vt 0.6106153130531311 0.1612512171268463 
vt 0.9975578188896179 0.002441379940137267 
vt 0.9975578188896179 0.008515355177223682 
vt 0.9865022897720337 0.002441379940137267 
vt 0.9865022897720337 0.008515355177223682 
vt 0.9754468202590942 0.002441379940137267 
vt 0.9754468202590942 0.008515355177223682 
vt 0.96439129114151 0.008515355177223682 
vt 0.9754468202590942 0.014556498266756535 
vt 0.96439129114151 0.014556498266756535 
vt 0.9754468202590942 0.020630473271012306 
vt 0.96439129114151 0.020630473271012306 
vt 0.96439129114151 0.026671618223190308 
vt 0.9533358216285706 0.026671618223190308 
vt 0.9533358216285706 0.032745592296123505 
vt 0.9422802925109863 0.026671618223190308 
vt 0.9422802925109863 0.032745592296123505 
vt 0.9312248229980469 0.032745592296123505 
vt 0.9422802925109863 0.038819570094347 
vt 0.9312248229980469 0.038819570094347 
vt 0.9422802925109863 0.04486071318387985 
vt 0.9312248229980469 0.04486071318387985 
vt 0.9312248229980469 0.05093468725681305 
vt 0.9201692938804626 0.05093468725681305 
vt 0.9201692938804626 0.0569758303463459 
vt 0.9091138243675232 0.0569758303463459 
vt 0.9201692938804626 0.0630498081445694 
vt 0.9091138243675232 0.0630498081445694 
vt 0.9201692938804626 0.0691237822175026 
vt 0.9091138243675232 0.0691237822175026 
vt 0.9091138243675232 0.07516492158174515 
vt 0.898058295249939 0.0691237822175026 
vt 0.898058295249939 0.07516492158174515 
vt 0.8870028257369995 0.0691237822175026 
vt 0.8870028257369995 0.07516492158174515 
vt 0.8759472966194153 0.0691237822175026 
vt 0.8759472966194153 0.07516492158174515 
vt 0.8648918271064758 0.0691237822175026 
vt 0.8648918271064758 0.07516492158174515 
vt 0.8538362979888916 0.07516492158174515 
vt 0.8648918271064758 0.08123890310525894 
vt 0.8538362979888916 0.08123890310525894 
vt 0.8648918271064758 0.0872800424695015 
vt 0.8538362979888916 0.0872800424695015 
vt 0.8648918271064758 0.09335401654243469 
vt 0.8538362979888916 0.09335401654243469 
vt 0.8538362979888916 0.09942799061536789 
vt 0.8427808284759521 0.09942799061536789 
vt 0.9533358216285706 0.038819570094347 
vt 0.9533358216285706 0.04486071318387985 
vt 0.9422802925109863 0.05093468725681305 
vt 0.9312248229980469 0.0569758303463459 
vt 0.9312248229980469 0.0630498081445694 
vt 0.9312248229980469 0.0691237822175026 
vt 0.9201692938804626 0.07516492158174515 
vt 0.9201692938804626 0.08123890310525894 
vt 0.9091138243675232 0.08123890310525894 
vt 0.9201692938804626 0.0872800424695015 
vt 0.9091138243675232 0.0872800424695015 
vt 0.9201692938804626 0.09335401654243469 
vt 0.9091138243675232 0.09335401654243469 
vt 0.9091138243675232 0.09942799061536789 
vt 0.898058295249939 0.09942799061536789 
vt 0.9312248229980469 0.07516492158174515 
vt 0.9422802925109863 0.07516492158174515 
vt 0.9422802925109863 0.0691237822175026 
vt 0.9533358216285706 0.0691237822175026 
vt 0.9422802925109863 0.0630498081445694 
vt 0.9533358216285706 0.0630498081445694 
vt 0.9422802925109863 0.0569758303463459 
vt 0.9533358216285706 0.0569758303463459 
vt 0.9533358216285706 0.05093468725681305 
vt 0.96439129114151 0.04486071318387985 
vt 0.96439129114151 0.038819570094347 
vt 0.96439129114151 0.032745592296123505 
vt 0.9754468202590942 0.026671618223190308 
vt 0.9865022897720337 0.020630473271012306 
vt 0.9865022897720337 0.014556498266756535 
vt 0.9975578188896179 0.014556498266756535 
vt 0.577448844909668 0.12490586191415787 
vt 0.577448844909668 0.13094700872898102 
vt 0.5885043144226074 0.12490586191415787 
vt 0.5885043144226074 0.13094700872898102 
vt 0.5995598435401917 0.12490586191415787 
vt 0.5995598435401917 0.13094700872898102 
vt 0.6106153130531311 0.13094700872898102 
vt 0.6106153130531311 0.12490586191415787 
vt 0.6216708421707153 0.13094700872898102 
vt 0.6216708421707153 0.12490586191415787 
vt 0.6327263116836548 0.13094700872898102 
vt 0.6327263116836548 0.12490586191415787 
vt 0.643781840801239 0.12490586191415787 
vt 0.5995598435401917 0.14913609623908997 
vt 0.9422802925109863 0.11883188039064407 
vt 0.9312248229980469 0.11275790631771088 
vt 0.9201692938804626 0.10671676695346832 
vt 0.9201692938804626 0.10064279288053513 
vt 0.9201692938804626 0.11275790631771088 
vt 0.9091138243675232 0.10671676695346832 
vt 0.9091138243675232 0.10064279288053513 
vt 0.018356459215283394 0.24352896213531494 
vt 0.023094529286026955 0.2506864070892334 
vt 0.005235646851360798 0.2489791214466095 
vt 0.013010943308472633 0.2607659101486206 
vt 0.024795375764369965 0.26857998967170715 
vt 0.013010943308472633 0.2607659101486206 
vt 0.030262380838394165 0.2554470896720886 
vt 0.023094529286026955 0.2506864070892334 
vt 0.030262380838394165 0.2554470896720886 
vt 0.038645122200250626 0.2571543753147125 
vt 0.024795375764369965 0.26857998967170715 
vt 0.038645122200250626 0.2713707387447357 
vt 0.047149352729320526 0.2554470896720886 
vt 0.05249486863613129 0.26857998967170715 
vt 0.047149352729320526 0.2554470896720886 
vt 0.05431720241904259 0.2506864070892334 
vt 0.05249486863613129 0.26857998967170715 
vt 0.06427930295467377 0.2607659101486206 
vt 0.07217608392238617 0.2489791214466095 
vt 0.06427930295467377 0.2607659101486206 
vt 0.05905527248978615 0.24352896213531494 
vt 0.05431720241904259 0.2506864070892334 
vt 0.06075612083077431 0.2351238876581192 
vt 0.05905527248978615 0.22668598592281342 
vt 0.07497033476829529 0.2351238876581192 
vt 0.07217608392238617 0.2212686538696289 
vt 0.05431720241904259 0.21952854096889496 
vt 0.06427930295467377 0.2094818651676178 
vt 0.05431720241904259 0.21952854096889496 
vt 0.047149352729320526 0.21480070054531097 
vt 0.06427930295467377 0.2094818651676178 
vt 0.05249486863613129 0.20166777074337006 
vt 0.038645122200250626 0.21309341490268707 
vt 0.038645122200250626 0.19887703657150269 
vt 0.030262380838394165 0.21480070054531097 
vt 0.024795375764369965 0.20166777074337006 
vt 0.023094529286026955 0.21952854096889496 
vt 0.013010943308472633 0.2094818651676178 
vt 0.018356459215283394 0.22668598592281342 
vt 0.005235646851360798 0.2212686538696289 
vt 0.016655612736940384 0.2351238876581192 
vt 0.0024413999635726213 0.2351238876581192 
vt 0.07497033476829529 0.2351238876581192 
vt 0.07217608392238617 0.2489791214466095 
vt 0.06075612083077431 0.2351238876581192 
vt 0.05905527248978615 0.24352896213531494 
vt 0.1199212595820427 0.25419944524765015 
vt 0.12684613466262817 0.2495701014995575 
vt 0.12526677548885345 0.26703688502311707 
vt 0.13668674230575562 0.25938695669174194 
vt 0.13158421218395233 0.2425439953804016 
vt 0.14434054493904114 0.2478628158569336 
vt 0.13316357135772705 0.23433591425418854 
vt 0.14713479578495026 0.23433591425418854 
vt 0.13158421218395233 0.22609500586986542 
vt 0.14434054493904114 0.22077617049217224 
vt 0.13158421218395233 0.22609500586986542 
vt 0.12684613466262817 0.21906889975070953 
vt 0.14434054493904114 0.22077617049217224 
vt 0.13668674230575562 0.20925204455852509 
vt 0.1199212595820427 0.2144395411014557 
vt 0.12526677548885345 0.20160211622714996 
vt 0.11166001111268997 0.21276509761810303 
vt 0.11166001111268997 0.19887703657150269 
vt 0.10339876264333725 0.2144395411014557 
vt 0.09805323928594589 0.20160211622714996 
vt 0.09647388756275177 0.21906889975070953 
vt 0.08663327991962433 0.20925204455852509 
vt 0.09173581749200821 0.22609500586986542 
vt 0.07897946983575821 0.22077617049217224 
vt 0.09015645831823349 0.23433591425418854 
vt 0.07618522644042969 0.2343030869960785 
vt 0.9975578188896179 0.020630473271012306 
vt 0.9975578188896179 0.026671618223190308 
vt 0.9865022897720337 0.026671618223190308 
vt 0.9865022897720337 0.032745592296123505 
vt 0.9754468202590942 0.032745592296123505 
vt 0.9754468202590942 0.038819570094347 
vt 0.9865022897720337 0.038819570094347 
vt 0.9865022897720337 0.04486071318387985 
vt 0.9754468202590942 0.04486071318387985 
vt 0.9754468202590942 0.05093468725681305 
vt 0.96439129114151 0.05093468725681305 
vt 0.96439129114151 0.0569758303463459 
vt 0.96439129114151 0.0630498081445694 
vt 0.96439129114151 0.0691237822175026 
vt 0.9533358216285706 0.07516492158174515 
vt 0.9533358216285706 0.08123890310525894 
vt 0.9422802925109863 0.08123890310525894 
vt 0.9533358216285706 0.0872800424695015 
vt 0.9422802925109863 0.0872800424695015 
vt 0.9533358216285706 0.09335401654243469 
vt 0.9422802925109863 0.09335401654243469 
vt 0.9422802925109863 0.09942799061536789 
vt 0.9312248229980469 0.09942799061536789 
vt 0.09015645831823349 0.23433591425418854 
vt 0.09173581749200821 0.2425439953804016 
vt 0.07618522644042969 0.2343030869960785 
vt 0.07897946983575821 0.2478628158569336 
vt 0.08663327991962433 0.25938695669174194 
vt 0.07897946983575821 0.2478628158569336 
vt 0.09647388756275177 0.2495701014995575 
vt 0.09173581749200821 0.2425439953804016 
vt 0.9975578188896179 0.032745592296123505 
vt 0.9975578188896179 0.038819570094347 
vt 0.9975578188896179 0.04486071318387985 
vt 0.9975578188896179 0.05093468725681305 
vt 0.9865022897720337 0.05093468725681305 
vt 0.9865022897720337 0.0569758303463459 
vt 0.9754468202590942 0.0569758303463459 
vt 0.9754468202590942 0.0630498081445694 
vt 0.9865022897720337 0.0630498081445694 
vt 0.9865022897720337 0.0691237822175026 
vt 0.9754468202590942 0.0691237822175026 
vt 0.9754468202590942 0.07516492158174515 
vt 0.96439129114151 0.07516492158174515 
vt 0.96439129114151 0.08123890310525894 
vt 0.96439129114151 0.0872800424695015 
vt 0.96439129114151 0.09335401654243469 
vt 0.9533358216285706 0.09942799061536789 
vt 0.0024413999635726213 0.2351238876581192 
vt 0.018356459215283394 0.24352896213531494 
vt 0.016655612736940384 0.2351238876581192 
vt 0.09647388756275177 0.2495701014995575 
vt 0.10339876264333725 0.25419944524765015 
vt 0.08663327991962433 0.25938695669174194 
vt 0.09805323928594589 0.26703688502311707 
vt 0.11166001111268997 0.2558739185333252 
vt 0.11166001111268997 0.26976197957992554 
vt 0.1199212595820427 0.25419944524765015 
vt 0.898058295249939 0.0630498081445694 
vt 0.898058295249939 0.0569758303463459 
vt 0.8870028257369995 0.0569758303463459 
vt 0.898058295249939 0.05093468725681305 
vt 0.8870028257369995 0.05093468725681305 
vt 0.898058295249939 0.04486071318387985 
vt 0.8870028257369995 0.04486071318387985 
vt 0.8870028257369995 0.038819570094347 
vt 0.8759472966194153 0.038819570094347 
vt 0.8759472966194153 0.032745592296123505 
vt 0.8648918271064758 0.032745592296123505 
vt 0.8648918271064758 0.026671618223190308 
vt 0.8538362979888916 0.026671618223190308 
vt 0.8648918271064758 0.020630473271012306 
vt 0.8538362979888916 0.020630473271012306 
vt 0.8538362979888916 0.014556498266756535 
vt 0.8427808284759521 0.014556498266756535 
vt 0.8427808284759521 0.008515355177223682 
vt 0.8317252993583679 0.008515355177223682 
vt 0.8427808284759521 0.002441379940137267 
vt 0.8317252993583679 0.002441379940137267 
vt 0.9091138243675232 0.05093468725681305 
vt 0.9201692938804626 0.04486071318387985 
vt 0.9201692938804626 0.038819570094347 
vt 0.9201692938804626 0.032745592296123505 
vt 0.9312248229980469 0.026671618223190308 
vt 0.9312248229980469 0.020630473271012306 
vt 0.9422802925109863 0.020630473271012306 
vt 0.9312248229980469 0.014556498266756535 
vt 0.9422802925109863 0.014556498266756535 
vt 0.9312248229980469 0.008515355177223682 
vt 0.9422802925109863 0.008515355177223682 
vt 0.9422802925109863 0.002441379940137267 
vt 0.9533358216285706 0.008515355177223682 
vt 0.9533358216285706 0.002441379940137267 
vt 0.96439129114151 0.002441379940137267 
vt 0.9091138243675232 0.04486071318387985 
vt 0.9091138243675232 0.038819570094347 
vt 0.9091138243675232 0.032745592296123505 
vt 0.9091138243675232 0.026671618223190308 
vt 0.9201692938804626 0.026671618223190308 
vt 0.9201692938804626 0.020630473271012306 
vt 0.9201692938804626 0.014556498266756535 
vt 0.9201692938804626 0.008515355177223682 
vt 0.9312248229980469 0.002441379940137267 
vt 0.898058295249939 0.038819570094347 
vt 0.898058295249939 0.032745592296123505 
vt 0.8870028257369995 0.032745592296123505 
vt 0.898058295249939 0.026671618223190308 
vt 0.898058295249939 0.020630473271012306 
vt 0.9091138243675232 0.020630473271012306 
vt 0.9091138243675232 0.014556498266756535 
vt 0.8870028257369995 0.026671618223190308 
vt 0.8759472966194153 0.026671618223190308 
vt 0.8759472966194153 0.020630473271012306 
vt 0.8648918271064758 0.014556498266756535 
vt 0.8538362979888916 0.008515355177223682 
vt 0.8538362979888916 0.002441379940137267 
vt 0.8648918271064758 0.002441379940137267 
vt 0.8648918271064758 0.008515355177223682 
vt 0.8759472966194153 0.014556498266756535 
vt 0.8870028257369995 0.020630473271012306 
vt 0.8759472966194153 0.002441379940137267 
vt 0.8759472966194153 0.008515355177223682 
vt 0.8870028257369995 0.014556498266756535 
vt 0.898058295249939 0.014556498266756535 
vt 0.8870028257369995 0.008515355177223682 
vt 0.898058295249939 0.008515355177223682 
vt 0.9091138243675232 0.008515355177223682 
vt 0.898058295249939 0.002441379940137267 
vt 0.9091138243675232 0.002441379940137267 
vt 0.9201692938804626 0.002441379940137267 
vt 0.8870028257369995 0.002441379940137267 
vt 0.9201692938804626 0.09942799061536789 
vt 0.9312248229980469 0.09335401654243469 
vt 0.9312248229980469 0.0872800424695015 
vt 0.9312248229980469 0.08123890310525894 
vt 0.96439129114151 0.09942799061536789 
vt 0.9754468202590942 0.09335401654243469 
vt 0.9754468202590942 0.09942799061536789 
vt 0.9865022897720337 0.09335401654243469 
vt 0.9865022897720337 0.09942799061536789 
vt 0.9975578188896179 0.09942799061536789 
vt 0.9975578188896179 0.09335401654243469 
vt 0.9865022897720337 0.0872800424695015 
vt 0.9975578188896179 0.0872800424695015 
vt 0.9865022897720337 0.08123890310525894 
vt 0.9975578188896179 0.08123890310525894 
vt 0.9865022897720337 0.07516492158174515 
vt 0.9975578188896179 0.07516492158174515 
vt 0.9975578188896179 0.0691237822175026 
vt 0.9975578188896179 0.0630498081445694 
vt 0.9975578188896179 0.0569758303463459 
vt 0.9754468202590942 0.08123890310525894 
vt 0.9754468202590942 0.0872800424695015 
vt 0.8870028257369995 0.0630498081445694 
vt 0.8759472966194153 0.0569758303463459 
vt 0.8759472966194153 0.05093468725681305 
vt 0.8648918271064758 0.0569758303463459 
vt 0.8648918271064758 0.05093468725681305 
vt 0.8538362979888916 0.0569758303463459 
vt 0.8538362979888916 0.05093468725681305 
vt 0.8427808284759521 0.0569758303463459 
vt 0.8427808284759521 0.05093468725681305 
vt 0.8317252993583679 0.0569758303463459 
vt 0.8317252993583679 0.05093468725681305 
vt 0.8206698298454285 0.05093468725681305 
vt 0.8317252993583679 0.04486071318387985 
vt 0.8206698298454285 0.04486071318387985 
vt 0.8206698298454285 0.038819570094347 
vt 0.8096143007278442 0.038819570094347 
vt 0.8096143007278442 0.032745592296123505 
vt 0.7985588312149048 0.032745592296123505 
vt 0.8096143007278442 0.026671618223190308 
vt 0.7985588312149048 0.026671618223190308 
vt 0.8096143007278442 0.020630473271012306 
vt 0.7985588312149048 0.020630473271012306 
vt 0.7985588312149048 0.014556498266756535 
vt 0.7875033020973206 0.014556498266756535 
vt 0.7875033020973206 0.008515355177223682 
vt 0.7764478325843811 0.008515355177223682 
vt 0.7875033020973206 0.002441379940137267 
vt 0.7764478325843811 0.002441379940137267 
vt 0.7985588312149048 0.002441379940137267 
vt 0.7985588312149048 0.008515355177223682 
vt 0.8096143007278442 0.014556498266756535 
vt 0.8206698298454285 0.020630473271012306 
vt 0.8206698298454285 0.026671618223190308 
vt 0.8317252993583679 0.020630473271012306 
vt 0.8317252993583679 0.026671618223190308 
vt 0.8427808284759521 0.020630473271012306 
vt 0.8427808284759521 0.026671618223190308 
vt 0.8427808284759521 0.032745592296123505 
vt 0.8538362979888916 0.032745592296123505 
vt 0.8538362979888916 0.038819570094347 
vt 0.8648918271064758 0.038819570094347 
vt 0.8759472966194153 0.04486071318387985 
vt 0.8317252993583679 0.032745592296123505 
vt 0.8427808284759521 0.038819570094347 
vt 0.8538362979888916 0.04486071318387985 
vt 0.8648918271064758 0.04486071318387985 
vt 0.8427808284759521 0.04486071318387985 
vt 0.8317252993583679 0.038819570094347 
vt 0.8206698298454285 0.032745592296123505 
vt 0.42255035042762756 0.14913609623908997 
vt 0.4336058497428894 0.14913609623908997 
vt 0.44466134905815125 0.14913609623908997 
vt 0.4336058497428894 0.15521007776260376 
vt 0.44466134905815125 0.15521007776260376 
vt 0.44466134905815125 0.1612512171268463 
vt 0.4557168483734131 0.1612512171268463 
vt 0.4557168483734131 0.1673251837491989 
vt 0.4667723476886749 0.1612512171268463 
vt 0.4667723476886749 0.1673251837491989 
vt 0.47782784700393677 0.1612512171268463 
vt 0.47782784700393677 0.1673251837491989 
vt 0.4888833463191986 0.1673251837491989 
vt 0.47782784700393677 0.17336633801460266 
vt 0.4888833463191986 0.17336633801460266 
vt 0.4888833463191986 0.17944030463695526 
vt 0.49993884563446045 0.17336633801460266 
vt 0.49993884563446045 0.17944030463695526 
vt 0.5111158490180969 0.17944030463695526 
vt 0.5111158490180969 0.18551428616046906 
vt 0.5221713185310364 0.18551428616046906 
vt 0.5221713185310364 0.1915554255247116 
vt 0.5332268476486206 0.1915554255247116 
vt 0.5221713185310364 0.1976294070482254 
vt 0.5332268476486206 0.1976294070482254 
vt 0.4557168483734131 0.15521007776260376 
vt 0.4667723476886749 0.15521007776260376 
vt 0.47782784700393677 0.15521007776260376 
vt 0.4888833463191986 0.1612512171268463 
vt 0.4888833463191986 0.15521007776260376 
vt 0.49993884563446045 0.1612512171268463 
vt 0.49993884563446045 0.15521007776260376 
vt 0.5111158490180969 0.1612512171268463 
vt 0.5111158490180969 0.15521007776260376 
vt 0.5221713185310364 0.1612512171268463 
vt 0.5221713185310364 0.15521007776260376 
vt 0.5332268476486206 0.1612512171268463 
vt 0.5332268476486206 0.15521007776260376 
vt 0.5442823171615601 0.1612512171268463 
vt 0.5442823171615601 0.15521007776260376 
vt 0.5553378462791443 0.1612512171268463 
vt 0.5553378462791443 0.15521007776260376 
vt 0.5663933157920837 0.1612512171268463 
vt 0.5663933157920837 0.15521007776260376 
vt 0.577448844909668 0.1612512171268463 
vt 0.577448844909668 0.1673251837491989 
vt 0.5663933157920837 0.1673251837491989 
vt 0.5553378462791443 0.1673251837491989 
vt 0.5442823171615601 0.1673251837491989 
vt 0.5332268476486206 0.1673251837491989 
vt 0.5221713185310364 0.1673251837491989 
vt 0.5332268476486206 0.17336633801460266 
vt 0.5221713185310364 0.17336633801460266 
vt 0.5221713185310364 0.17944030463695526 
vt 0.5332268476486206 0.18551428616046906 
vt 0.5332268476486206 0.17944030463695526 
vt 0.5442823171615601 0.17944030463695526 
vt 0.5442823171615601 0.17336633801460266 
vt 0.5553378462791443 0.17336633801460266 
vt 0.5663933157920837 0.17336633801460266 
vt 0.577448844909668 0.17336633801460266 
vt 0.5885043144226074 0.17336633801460266 
vt 0.5442823171615601 0.1915554255247116 
vt 0.5442823171615601 0.18551428616046906 
vt 0.5553378462791443 0.1915554255247116 
vt 0.5553378462791443 0.18551428616046906 
vt 0.5663933157920837 0.1915554255247116 
vt 0.5663933157920837 0.18551428616046906 
vt 0.577448844909668 0.1915554255247116 
vt 0.577448844909668 0.18551428616046906 
vt 0.5885043144226074 0.1915554255247116 
vt 0.5885043144226074 0.18551428616046906 
vt 0.5995598435401917 0.1915554255247116 
vt 0.5995598435401917 0.18551428616046906 
vt 0.6106153130531311 0.1915554255247116 
vt 0.6106153130531311 0.18551428616046906 
vt 0.6216708421707153 0.1915554255247116 
vt 0.6216708421707153 0.18551428616046906 
vt 0.6327263116836548 0.1915554255247116 
vt 0.5442823171615601 0.1976294070482254 
vt 0.5553378462791443 0.1976294070482254 
vt 0.5663933157920837 0.1976294070482254 
vt 0.577448844909668 0.1976294070482254 
vt 0.5885043144226074 0.1976294070482254 
vt 0.5995598435401917 0.1976294070482254 
vt 0.6106153130531311 0.1976294070482254 
vt 0.6216708421707153 0.1976294070482254 
vt 0.6327263116836548 0.1976294070482254 
vt 0.6216708421707153 0.1612512171268463 
vt 0.6216708421707153 0.15521007776260376 
vt 0.6327263116836548 0.1673251837491989 
vt 0.6327263116836548 0.1612512171268463 
vt 0.6327263116836548 0.15521007776260376 
vt 0.643781840801239 0.15521007776260376 
vt 0.643781840801239 0.1612512171268463 
vt 0.643781840801239 0.1673251837491989 
vt 0.643781840801239 0.17336633801460266 
vt 0.643781840801239 0.17944030463695526 
vt 0.6548373103141785 0.17336633801460266 
vt 0.6548373103141785 0.1673251837491989 
vt 0.6548373103141785 0.1612512171268463 
vt 0.6658928394317627 0.1612512171268463 
vt 0.6548373103141785 0.15521007776260376 
vt 0.6658928394317627 0.15521007776260376 
vt 0.6769483089447021 0.14913609623908997 
vt 0.6880038380622864 0.14306211471557617 
vt 0.6880038380622864 0.13702097535133362 
vt 0.6880038380622864 0.13094700872898102 
vt 0.6769483089447021 0.1612512171268463 
vt 0.6769483089447021 0.15521007776260376 
vt 0.6880038380622864 0.14913609623908997 
vt 0.6990593075752258 0.14913609623908997 
vt 0.6990593075752258 0.14306211471557617 
vt 0.7101148366928101 0.14306211471557617 
vt 0.6990593075752258 0.13702097535133362 
vt 0.7101148366928101 0.13702097535133362 
vt 0.6990593075752258 0.13094700872898102 
vt 0.7101148366928101 0.13094700872898102 
vt 0.7101148366928101 0.12490586191415787 
vt 0.5111158490180969 0.1976294070482254 
vt 0.5111158490180969 0.1915554255247116 
vt 0.49993884563446045 0.1976294070482254 
vt 0.49993884563446045 0.1915554255247116 
vt 0.4888833463191986 0.1976294070482254 
vt 0.4888833463191986 0.1915554255247116 
vt 0.47782784700393677 0.1976294070482254 
vt 0.47782784700393677 0.1915554255247116 
vt 0.4667723476886749 0.1976294070482254 
vt 0.4667723476886749 0.1915554255247116 
vt 0.4557168483734131 0.1976294070482254 
vt 0.4557168483734131 0.1915554255247116 
vt 0.44466134905815125 0.1976294070482254 
vt 0.44466134905815125 0.1915554255247116 
vt 0.4336058497428894 0.1976294070482254 
vt 0.4336058497428894 0.1915554255247116 
vt 0.42255035042762756 0.1976294070482254 
vt 0.42255035042762756 0.1915554255247116 
vt 0.4114948511123657 0.1976294070482254 
vt 0.4114948511123657 0.1915554255247116 
vt 0.4004393517971039 0.1976294070482254 
vt 0.4004393517971039 0.1915554255247116 
vt 0.38938385248184204 0.1976294070482254 
vt 0.38938385248184204 0.1915554255247116 
vt 0.3783283531665802 0.1976294070482254 
vt 0.3783283531665802 0.1915554255247116 
vt 0.36727285385131836 0.1976294070482254 
vt 0.36727285385131836 0.1915554255247116 
vt 0.3562173545360565 0.1976294070482254 
vt 0.3562173545360565 0.1915554255247116 
vt 0.3451618552207947 0.1976294070482254 
vt 0.49993884563446045 0.18551428616046906 
vt 0.4888833463191986 0.18551428616046906 
vt 0.47782784700393677 0.18551428616046906 
vt 0.4667723476886749 0.18551428616046906 
vt 0.4557168483734131 0.18551428616046906 
vt 0.44466134905815125 0.18551428616046906 
vt 0.4336058497428894 0.18551428616046906 
vt 0.42255035042762756 0.18551428616046906 
vt 0.4114948511123657 0.18551428616046906 
vt 0.4004393517971039 0.18551428616046906 
vt 0.38938385248184204 0.18551428616046906 
vt 0.3783283531665802 0.18551428616046906 
vt 0.36727285385131836 0.18551428616046906 
vt 0.3562173545360565 0.18551428616046906 
vt 0.47782784700393677 0.17944030463695526 
vt 0.4667723476886749 0.17944030463695526 
vt 0.4557168483734131 0.17944030463695526 
vt 0.44466134905815125 0.17944030463695526 
vt 0.4336058497428894 0.17944030463695526 
vt 0.42255035042762756 0.17944030463695526 
vt 0.4114948511123657 0.17944030463695526 
vt 0.4004393517971039 0.17944030463695526 
vt 0.38938385248184204 0.17944030463695526 
vt 0.3783283531665802 0.17944030463695526 
vt 0.36727285385131836 0.17944030463695526 
vt 0.3562173545360565 0.17944030463695526 
vt 0.4114948511123657 0.17336633801460266 
vt 0.42255035042762756 0.17336633801460266 
vt 0.4336058497428894 0.17336633801460266 
vt 0.4336058497428894 0.1673251837491989 
vt 0.44466134905815125 0.17336633801460266 
vt 0.44466134905815125 0.1673251837491989 
vt 0.4557168483734131 0.17336633801460266 
vt 0.4667723476886749 0.17336633801460266 
vt 0.4336058497428894 0.1612512171268463 
vt 0.42255035042762756 0.1612512171268463 
vt 0.42255035042762756 0.1673251837491989 
vt 0.4114948511123657 0.1612512171268463 
vt 0.4114948511123657 0.1673251837491989 
vt 0.4004393517971039 0.1673251837491989 
vt 0.4004393517971039 0.17336633801460266 
vt 0.38938385248184204 0.17336633801460266 
vt 0.3783283531665802 0.17336633801460266 
vt 0.4114948511123657 0.15521007776260376 
vt 0.42255035042762756 0.15521007776260376 
vt 0.5553378462791443 0.17944030463695526 
vt 0.5663933157920837 0.17944030463695526 
vt 0.577448844909668 0.17944030463695526 
vt 0.5885043144226074 0.17944030463695526 
vt 0.5995598435401917 0.17944030463695526 
vt 0.6106153130531311 0.17944030463695526 
vt 0.4557168483734131 0.14913609623908997 
vt 0.4667723476886749 0.14913609623908997 
vt 0.47782784700393677 0.14913609623908997 
vt 0.4888833463191986 0.14913609623908997 
vt 0.49993884563446045 0.14913609623908997 
vt 0.5111158490180969 0.14913609623908997 
vt 0.5221713185310364 0.14913609623908997 
vt 0.5221713185310364 0.14306211471557617 
vt 0.5332268476486206 0.14913609623908997 
vt 0.5332268476486206 0.14306211471557617 
vt 0.5442823171615601 0.14306211471557617 
vt 0.5332268476486206 0.13702097535133362 
vt 0.5442823171615601 0.13702097535133362 
vt 0.5332268476486206 0.13094700872898102 
vt 0.5442823171615601 0.13094700872898102 
vt 0.5442823171615601 0.14913609623908997 
vt 0.5553378462791443 0.14913609623908997 
vt 0.5663933157920837 0.14913609623908997 
vt 0.5553378462791443 0.14306211471557617 
vt 0.5553378462791443 0.13702097535133362 
vt 0.5663933157920837 0.14306211471557617 
vt 0.49993884563446045 0.1673251837491989 
vt 0.5111158490180969 0.1673251837491989 
vt 0.5111158490180969 0.17336633801460266 
vt 0.36727285385131836 0.17336633801460266 
vt 0.8759472966194153 0.08123890310525894 
vt 0.8759472966194153 0.0872800424695015 
vt 0.8870028257369995 0.0872800424695015 
vt 0.8870028257369995 0.09335401654243469 
vt 0.898058295249939 0.09335401654243469 
vt 0.8870028257369995 0.09942799061536789 
vt 0.8759472966194153 0.09942799061536789 
vt 0.8759472966194153 0.09335401654243469 
vt 0.8648918271064758 0.09942799061536789 
vt 0.96439129114151 0.1673251837491989 
vt 0.9533358216285706 0.1612512171268463 
vt 0.9422802925109863 0.15521007776260376 
vt 0.9422802925109863 0.14913609623908997 
vt 0.9422802925109863 0.14306211471557617 
vt 0.9312248229980469 0.13702097535133362 
vt 0.9201692938804626 0.13094700872898102 
vt 0.898058295249939 0.0872800424695015 
vt 0.898058295249939 0.08123890310525894 
vt 0.8870028257369995 0.08123890310525894 
vt 0.0024413999635726213 0.10064279288053513 
vt 0.013496899046003819 0.10064279288053513 
vt 0.024552397429943085 0.10064279288053513 
vt 0.035607896745204926 0.10064279288053513 
vt 0.046663396060466766 0.10064279288053513 
vt 0.05771889537572861 0.10064279288053513 
vt 0.06877439469099045 0.10064279288053513 
vt 0.07982989400625229 0.10064279288053513 
vt 0.09088539332151413 0.10064279288053513 
vt 0.10194089263677597 0.10064279288053513 
vt 0.11299639195203781 0.10064279288053513 
vt 0.12405189126729965 0.10064279288053513 
vt 0.1351073831319809 0.10064279288053513 
vt 0.14616288244724274 0.10064279288053513 
vt 0.15721838176250458 0.10064279288053513 
vt 0.16827388107776642 0.10064279288053513 
vt 0.17932938039302826 0.10064279288053513 
vt 0.1903848797082901 0.10064279288053513 
vt 0.20144037902355194 0.10064279288053513 
vt 0.21249587833881378 0.10064279288053513 
vt 0.22355137765407562 0.10064279288053513 
vt 0.23460687696933746 0.10064279288053513 
vt 0.2456623762845993 0.10064279288053513 
vt 0.25671789050102234 0.10064279288053513 
vt 0.2677733898162842 0.10064279288053513 
vt 0.278828889131546 0.10064279288053513 
vt 0.28988438844680786 0.10064279288053513 
vt 0.3009398877620697 0.10064279288053513 
vt 0.31199535727500916 0.10064279288053513 
vt 0.323050856590271 0.10064279288053513 
vt 0.33410635590553284 0.10064279288053513 
vt 0.3451618552207947 0.10064279288053513 
vt 0.3562173545360565 0.10064279288053513 
vt 0.36727285385131836 0.10064279288053513 
vt 0.3783283531665802 0.10064279288053513 
vt 0.38938385248184204 0.10064279288053513 
vt 0.4004393517971039 0.10064279288053513 
vt 0.4114948511123657 0.10064279288053513 
vt 0.42255035042762756 0.10064279288053513 
vt 0.4336058497428894 0.10064279288053513 
vt 0.44466134905815125 0.10064279288053513 
vt 0.4557168483734131 0.10064279288053513 
vt 0.4667723476886749 0.10064279288053513 
vt 0.47782784700393677 0.10064279288053513 
vt 0.4888833463191986 0.10064279288053513 
vt 0.49993884563446045 0.10064279288053513 
vt 0.5111158490180969 0.10064279288053513 
vt 0.5221713185310364 0.10064279288053513 
vt 0.5332268476486206 0.10064279288053513 
vt 0.5442823171615601 0.10064279288053513 
vt 0.5553378462791443 0.10064279288053513 
vt 0.5663933157920837 0.10064279288053513 
vt 0.577448844909668 0.10064279288053513 
vt 0.5885043144226074 0.10064279288053513 
vt 0.5995598435401917 0.10064279288053513 
vt 0.6106153130531311 0.10064279288053513 
vt 0.6216708421707153 0.10064279288053513 
vt 0.6327263116836548 0.10064279288053513 
vt 0.643781840801239 0.10064279288053513 
vt 0.6548373103141785 0.10064279288053513 
vt 0.6658928394317627 0.10064279288053513 
vt 0.6769483089447021 0.10064279288053513 
vt 0.6880038380622864 0.10064279288053513 
vt 0.6990593075752258 0.10064279288053513 
vt 0.7101148366928101 0.10064279288053513 
vt 0.7211703062057495 0.10064279288053513 
vt 0.7322258353233337 0.10064279288053513 
vt 0.7432813048362732 0.10064279288053513 
vt 0.9754468202590942 0.1976294070482254 
vt 0.9754468202590942 0.1915554255247116 
vt 0.96439129114151 0.1976294070482254 
vt 0.96439129114151 0.1915554255247116 
vt 0.9533358216285706 0.1976294070482254 
vt 0.9533358216285706 0.1915554255247116 
vt 0.9422802925109863 0.1976294070482254 
vt 0.9422802925109863 0.1915554255247116 
vt 0.9312248229980469 0.1976294070482254 
vt 0.9312248229980469 0.1915554255247116 
vt 0.9201692938804626 0.1976294070482254 
vt 0.9201692938804626 0.1915554255247116 
vt 0.9091138243675232 0.1976294070482254 
vt 0.9091138243675232 0.1915554255247116 
vt 0.898058295249939 0.1976294070482254 
vt 0.898058295249939 0.1915554255247116 
vt 0.8870028257369995 0.1976294070482254 
vt 0.8870028257369995 0.1915554255247116 
vt 0.8759472966194153 0.1976294070482254 
vt 0.8759472966194153 0.1915554255247116 
vt 0.8648918271064758 0.1976294070482254 
vt 0.8648918271064758 0.1915554255247116 
vt 0.8538362979888916 0.1976294070482254 
vt 0.8538362979888916 0.1915554255247116 
vt 0.8427808284759521 0.1976294070482254 
vt 0.8427808284759521 0.1915554255247116 
vt 0.8317252993583679 0.1976294070482254 
vt 0.8317252993583679 0.1915554255247116 
vt 0.8206698298454285 0.1976294070482254 
vt 0.8206698298454285 0.1915554255247116 
vt 0.8096143007278442 0.1976294070482254 
vt 0.8096143007278442 0.1915554255247116 
vt 0.7985588312149048 0.1976294070482254 
vt 0.7985588312149048 0.1915554255247116 
vt 0.7875033020973206 0.1976294070482254 
vt 0.7875033020973206 0.1915554255247116 
vt 0.7764478325843811 0.1976294070482254 
vt 0.7764478325843811 0.1915554255247116 
vt 0.7653923034667969 0.1976294070482254 
vt 0.7653923034667969 0.1915554255247116 
vt 0.7543368339538574 0.1976294070482254 
vt 0.7543368339538574 0.1915554255247116 
vt 0.7432813048362732 0.1976294070482254 
vt 0.7432813048362732 0.1915554255247116 
vt 0.7322258353233337 0.1976294070482254 
vt 0.7322258353233337 0.1915554255247116 
vt 0.7211703062057495 0.1976294070482254 
vt 0.7211703062057495 0.1915554255247116 
vt 0.7101148366928101 0.1976294070482254 
vt 0.7101148366928101 0.1915554255247116 
vt 0.6990593075752258 0.1976294070482254 
vt 0.6990593075752258 0.1915554255247116 
vt 0.6880038380622864 0.1976294070482254 
vt 0.6880038380622864 0.1915554255247116 
vt 0.6769483089447021 0.1976294070482254 
vt 0.6769483089447021 0.1915554255247116 
vt 0.6658928394317627 0.1976294070482254 
vt 0.6658928394317627 0.1915554255247116 
vt 0.96439129114151 0.18551428616046906 
vt 0.9533358216285706 0.18551428616046906 
vt 0.9422802925109863 0.18551428616046906 
vt 0.9312248229980469 0.18551428616046906 
vt 0.9201692938804626 0.18551428616046906 
vt 0.9091138243675232 0.18551428616046906 
vt 0.898058295249939 0.18551428616046906 
vt 0.8870028257369995 0.18551428616046906 
vt 0.8759472966194153 0.18551428616046906 
vt 0.8648918271064758 0.18551428616046906 
vt 0.8538362979888916 0.18551428616046906 
vt 0.8427808284759521 0.18551428616046906 
vt 0.8317252993583679 0.18551428616046906 
vt 0.8206698298454285 0.18551428616046906 
vt 0.8096143007278442 0.18551428616046906 
vt 0.7985588312149048 0.18551428616046906 
vt 0.7875033020973206 0.18551428616046906 
vt 0.7764478325843811 0.18551428616046906 
vt 0.7653923034667969 0.18551428616046906 
vt 0.7543368339538574 0.18551428616046906 
vt 0.7432813048362732 0.18551428616046906 
vt 0.7322258353233337 0.18551428616046906 
vt 0.7211703062057495 0.18551428616046906 
vt 0.7101148366928101 0.18551428616046906 
vt 0.6990593075752258 0.18551428616046906 
vt 0.6880038380622864 0.18551428616046906 
vt 0.6769483089447021 0.18551428616046906 
vt 0.6658928394317627 0.18551428616046906 
vt 0.6548373103141785 0.18551428616046906 
vt 0.9422802925109863 0.17944030463695526 
vt 0.9312248229980469 0.17944030463695526 
vt 0.9201692938804626 0.17944030463695526 
vt 0.9091138243675232 0.17944030463695526 
vt 0.898058295249939 0.17944030463695526 
vt 0.8870028257369995 0.17944030463695526 
vt 0.8759472966194153 0.17944030463695526 
vt 0.8648918271064758 0.17944030463695526 
vt 0.8538362979888916 0.17944030463695526 
vt 0.8427808284759521 0.17944030463695526 
vt 0.8317252993583679 0.17944030463695526 
vt 0.8206698298454285 0.17944030463695526 
vt 0.8096143007278442 0.17944030463695526 
vt 0.7985588312149048 0.17944030463695526 
vt 0.7875033020973206 0.17944030463695526 
vt 0.7764478325843811 0.17944030463695526 
vt 0.7653923034667969 0.17944030463695526 
vt 0.7543368339538574 0.17944030463695526 
vt 0.7432813048362732 0.17944030463695526 
vt 0.7322258353233337 0.17944030463695526 
vt 0.7211703062057495 0.17944030463695526 
vt 0.7101148366928101 0.17944030463695526 
vt 0.6990593075752258 0.17944030463695526 
vt 0.6880038380622864 0.17944030463695526 
vt 0.6769483089447021 0.17944030463695526 
vt 0.6658928394317627 0.17944030463695526 
vt 0.6548373103141785 0.17944030463695526 
vt 0.6990593075752258 0.17336633801460266 
vt 0.7101148366928101 0.17336633801460266 
vt 0.6990593075752258 0.1673251837491989 
vt 0.7101148366928101 0.1673251837491989 
vt 0.6990593075752258 0.1612512171268463 
vt 0.7101148366928101 0.1612512171268463 
vt 0.6990593075752258 0.15521007776260376 
vt 0.7101148366928101 0.15521007776260376 
vt 0.7101148366928101 0.14913609623908997 
vt 0.7211703062057495 0.14306211471557617 
vt 0.7211703062057495 0.13702097535133362 
vt 0.7211703062057495 0.13094700872898102 
vt 0.7211703062057495 0.12490586191415787 
vt 0.7322258353233337 0.12490586191415787 
vt 0.6880038380622864 0.17336633801460266 
vt 0.6769483089447021 0.17336633801460266 
vt 0.6658928394317627 0.17336633801460266 
vt 0.6769483089447021 0.1673251837491989 
vt 0.6658928394317627 0.1673251837491989 
vt 0.6880038380622864 0.1673251837491989 
vt 0.6880038380622864 0.1612512171268463 
vt 0.6880038380622864 0.15521007776260376 
vt 0.7432813048362732 0.12490586191415787 
vt 0.7543368339538574 0.12490586191415787 
vt 0.7543368339538574 0.13094700872898102 
vt 0.7653923034667969 0.13094700872898102 
vt 0.7653923034667969 0.13702097535133362 
vt 0.7764478325843811 0.13702097535133362 
vt 0.7653923034667969 0.14306211471557617 
vt 0.7764478325843811 0.14306211471557617 
vt 0.7764478325843811 0.14913609623908997 
vt 0.7875033020973206 0.14913609623908997 
vt 0.7764478325843811 0.15521007776260376 
vt 0.7875033020973206 0.15521007776260376 
vt 0.7875033020973206 0.1612512171268463 
vt 0.7985588312149048 0.1612512171268463 
vt 0.7985588312149048 0.1673251837491989 
vt 0.8096143007278442 0.1673251837491989 
vt 0.7985588312149048 0.17336633801460266 
vt 0.8096143007278442 0.17336633801460266 
vt 0.7875033020973206 0.13702097535133362 
vt 0.7875033020973206 0.14306211471557617 
vt 0.7985588312149048 0.14306211471557617 
vt 0.7985588312149048 0.14913609623908997 
vt 0.7985588312149048 0.15521007776260376 
vt 0.8096143007278442 0.1612512171268463 
vt 0.8206698298454285 0.1673251837491989 
vt 0.8206698298454285 0.17336633801460266 
vt 0.8317252993583679 0.17336633801460266 
vt 0.8427808284759521 0.17336633801460266 
vt 0.8538362979888916 0.17336633801460266 
vt 0.8317252993583679 0.1673251837491989 
vt 0.8206698298454285 0.1612512171268463 
vt 0.8096143007278442 0.15521007776260376 
vt 0.8096143007278442 0.14913609623908997 
vt 0.8096143007278442 0.14306211471557617 
vt 0.7985588312149048 0.13702097535133362 
vt 0.7875033020973206 0.13094700872898102 
vt 0.7764478325843811 0.13094700872898102 
vt 0.7875033020973206 0.12490586191415787 
vt 0.7764478325843811 0.12490586191415787 
vt 0.7764478325843811 0.11883188039064407 
vt 0.7875033020973206 0.11883188039064407 
vt 0.7985588312149048 0.11883188039064407 
vt 0.7985588312149048 0.12490586191415787 
vt 0.7985588312149048 0.13094700872898102 
vt 0.8096143007278442 0.13702097535133362 
vt 0.8206698298454285 0.14306211471557617 
vt 0.8206698298454285 0.14913609623908997 
vt 0.8317252993583679 0.14306211471557617 
vt 0.8317252993583679 0.14913609623908997 
vt 0.8427808284759521 0.14306211471557617 
vt 0.8427808284759521 0.14913609623908997 
vt 0.8538362979888916 0.14306211471557617 
vt 0.8538362979888916 0.14913609623908997 
vt 0.8648918271064758 0.14306211471557617 
vt 0.8648918271064758 0.14913609623908997 
vt 0.8759472966194153 0.14913609623908997 
vt 0.8648918271064758 0.15521007776260376 
vt 0.8759472966194153 0.15521007776260376 
vt 0.8759472966194153 0.1612512171268463 
vt 0.8870028257369995 0.1612512171268463 
vt 0.8870028257369995 0.1673251837491989 
vt 0.898058295249939 0.1612512171268463 
vt 0.898058295249939 0.1673251837491989 
vt 0.9091138243675232 0.1612512171268463 
vt 0.9091138243675232 0.1673251837491989 
vt 0.9201692938804626 0.1673251837491989 
vt 0.9091138243675232 0.17336633801460266 
vt 0.9201692938804626 0.17336633801460266 
vt 0.9312248229980469 0.17336633801460266 
vt 0.8206698298454285 0.15521007776260376 
vt 0.8317252993583679 0.1612512171268463 
vt 0.8427808284759521 0.1612512171268463 
vt 0.8427808284759521 0.1673251837491989 
vt 0.8538362979888916 0.1612512171268463 
vt 0.8538362979888916 0.1673251837491989 
vt 0.8648918271064758 0.1673251837491989 
vt 0.8648918271064758 0.17336633801460266 
vt 0.8759472966194153 0.17336633801460266 
vt 0.8870028257369995 0.17336633801460266 
vt 0.8759472966194153 0.1673251837491989 
vt 0.8648918271064758 0.1612512171268463 
vt 0.8538362979888916 0.15521007776260376 
vt 0.8427808284759521 0.15521007776260376 
vt 0.898058295249939 0.17336633801460266 
vt 0.7653923034667969 0.12490586191415787 
vt 0.9533358216285706 0.014556498266756535 
vt 0.9533358216285706 0.020630473271012306 
vt 0.8317252993583679 0.15521007776260376 
vt 0.8759472966194153 0.11883188039064407 
vt 0.8870028257369995 0.12490586191415787 
vt 0.8759472966194153 0.12490586191415787 
vt 0.8870028257369995 0.13094700872898102 
vt 0.8759472966194153 0.13094700872898102 
vt 0.8870028257369995 0.13702097535133362 
vt 0.8759472966194153 0.13702097535133362 
vt 0.8870028257369995 0.14306211471557617 
vt 0.8759472966194153 0.14306211471557617 
vt 0.8648918271064758 0.11883188039064407 
vt 0.8648918271064758 0.12490586191415787 
vt 0.8648918271064758 0.13094700872898102 
vt 0.8648918271064758 0.13702097535133362 
vt 0.8538362979888916 0.11883188039064407 
vt 0.8538362979888916 0.12490586191415787 
vt 0.8427808284759521 0.11883188039064407 
vt 0.8427808284759521 0.12490586191415787 
vt 0.8317252993583679 0.12490586191415787 
vt 0.8317252993583679 0.13094700872898102 
vt 0.8206698298454285 0.12490586191415787 
vt 0.8206698298454285 0.13094700872898102 
vt 0.8096143007278442 0.13094700872898102 
vt 0.8206698298454285 0.13702097535133362 
vt 0.8317252993583679 0.13702097535133362 
vt 0.8427808284759521 0.13702097535133362 
vt 0.8427808284759521 0.13094700872898102 
vt 0.8538362979888916 0.13702097535133362 
vt 0.8538362979888916 0.13094700872898102 
vt 0.898058295249939 0.13702097535133362 
vt 0.9091138243675232 0.14306211471557617 
vt 0.9091138243675232 0.14913609623908997 
vt 0.9091138243675232 0.15521007776260376 
vt 0.9201692938804626 0.1612512171268463 
vt 0.9312248229980469 0.1673251837491989 
vt 0.898058295249939 0.14306211471557617 
vt 0.898058295249939 0.14913609623908997 
vt 0.898058295249939 0.15521007776260376 
vt 0.8870028257369995 0.14913609623908997 
vt 0.8870028257369995 0.15521007776260376 
vt 0.8096143007278442 0.12490586191415787 
vt 0.8096143007278442 0.11883188039064407 
vt 0.8206698298454285 0.11883188039064407 
vt 0.8317252993583679 0.11883188039064407 
vt 0.8096143007278442 0.002441379940137267 
vt 0.8096143007278442 0.008515355177223682 
vt 0.8206698298454285 0.014556498266756535 
vt 0.8206698298454285 0.002441379940137267 
vt 0.8206698298454285 0.008515355177223682 
vt 0.8317252993583679 0.014556498266756535 
vt 0.4114948511123657 0.11883188039064407 
vt 0.4004393517971039 0.11883188039064407 
vt 0.4004393517971039 0.12490586191415787 
vt 0.38938385248184204 0.11883188039064407 
vt 0.38938385248184204 0.12490586191415787 
vt 0.3783283531665802 0.11883188039064407 
vt 0.3783283531665802 0.12490586191415787 
vt 0.36727285385131836 0.11883188039064407 
vt 0.36727285385131836 0.12490586191415787 
vt 0.3562173545360565 0.12490586191415787 
vt 0.36727285385131836 0.13094700872898102 
vt 0.3562173545360565 0.13094700872898102 
vt 0.3562173545360565 0.13702097535133362 
vt 0.3451618552207947 0.13094700872898102 
vt 0.3451618552207947 0.13702097535133362 
vt 0.33410635590553284 0.13094700872898102 
vt 0.33410635590553284 0.13702097535133362 
vt 0.323050856590271 0.13094700872898102 
vt 0.323050856590271 0.13702097535133362 
vt 0.31199535727500916 0.13094700872898102 
vt 0.31199535727500916 0.13702097535133362 
vt 0.3009398877620697 0.13094700872898102 
vt 0.3009398877620697 0.13702097535133362 
vt 0.28988438844680786 0.13094700872898102 
vt 0.28988438844680786 0.13702097535133362 
vt 0.278828889131546 0.13094700872898102 
vt 0.278828889131546 0.13702097535133362 
vt 0.2677733898162842 0.13094700872898102 
vt 0.2677733898162842 0.13702097535133362 
vt 0.25671789050102234 0.13094700872898102 
vt 0.25671789050102234 0.13702097535133362 
vt 0.2456623762845993 0.13094700872898102 
vt 0.2456623762845993 0.13702097535133362 
vt 0.23460687696933746 0.13702097535133362 
vt 0.2456623762845993 0.14306211471557617 
vt 0.23460687696933746 0.14306211471557617 
vt 0.23460687696933746 0.14913609623908997 
vt 0.22355137765407562 0.14913609623908997 
vt 0.22355137765407562 0.15521007776260376 
vt 0.21249587833881378 0.15521007776260376 
vt 0.22355137765407562 0.1612512171268463 
vt 0.21249587833881378 0.1612512171268463 
vt 0.21249587833881378 0.1673251837491989 
vt 0.20144037902355194 0.1612512171268463 
vt 0.20144037902355194 0.1673251837491989 
vt 0.1903848797082901 0.1612512171268463 
vt 0.1903848797082901 0.1673251837491989 
vt 0.17932938039302826 0.1612512171268463 
vt 0.17932938039302826 0.1673251837491989 
vt 0.16827388107776642 0.1612512171268463 
vt 0.16827388107776642 0.1673251837491989 
vt 0.15721838176250458 0.1673251837491989 
vt 0.16827388107776642 0.17336633801460266 
vt 0.15721838176250458 0.17336633801460266 
vt 0.15721838176250458 0.17944030463695526 
vt 0.14616288244724274 0.17944030463695526 
vt 0.15721838176250458 0.18551428616046906 
vt 0.14616288244724274 0.18551428616046906 
vt 0.15721838176250458 0.1915554255247116 
vt 0.14616288244724274 0.1915554255247116 
vt 0.14616288244724274 0.1976294070482254 
vt 0.1351073831319809 0.1976294070482254 
vt 0.15721838176250458 0.1976294070482254 
vt 0.16827388107776642 0.1915554255247116 
vt 0.16827388107776642 0.18551428616046906 
vt 0.16827388107776642 0.17944030463695526 
vt 0.17932938039302826 0.17944030463695526 
vt 0.17932938039302826 0.17336633801460266 
vt 0.1903848797082901 0.17336633801460266 
vt 0.20144037902355194 0.17336633801460266 
vt 0.21249587833881378 0.17336633801460266 
vt 0.22355137765407562 0.17336633801460266 
vt 0.22355137765407562 0.1673251837491989 
vt 0.23460687696933746 0.17336633801460266 
vt 0.23460687696933746 0.1673251837491989 
vt 0.2456623762845993 0.1673251837491989 
vt 0.23460687696933746 0.1612512171268463 
vt 0.2456623762845993 0.1612512171268463 
vt 0.23460687696933746 0.15521007776260376 
vt 0.2456623762845993 0.15521007776260376 
vt 0.2456623762845993 0.14913609623908997 
vt 0.25671789050102234 0.14913609623908997 
vt 0.25671789050102234 0.14306211471557617 
vt 0.3562173545360565 0.11883188039064407 
vt 0.3451618552207947 0.11883188039064407 
vt 0.33410635590553284 0.11883188039064407 
vt 0.323050856590271 0.11883188039064407 
vt 0.31199535727500916 0.11883188039064407 
vt 0.3009398877620697 0.11883188039064407 
vt 0.28988438844680786 0.11883188039064407 
vt 0.278828889131546 0.11883188039064407 
vt 0.28988438844680786 0.12490586191415787 
vt 0.278828889131546 0.12490586191415787 
vt 0.2677733898162842 0.11883188039064407 
vt 0.2677733898162842 0.12490586191415787 
vt 0.25671789050102234 0.12490586191415787 
vt 0.2456623762845993 0.12490586191415787 
vt 0.23460687696933746 0.12490586191415787 
vt 0.23460687696933746 0.13094700872898102 
vt 0.22355137765407562 0.13094700872898102 
vt 0.22355137765407562 0.13702097535133362 
vt 0.22355137765407562 0.14306211471557617 
vt 0.21249587833881378 0.14913609623908997 
vt 0.20144037902355194 0.14913609623908997 
vt 0.20144037902355194 0.15521007776260376 
vt 0.1903848797082901 0.15521007776260376 
vt 0.21249587833881378 0.14306211471557617 
vt 0.21249587833881378 0.13702097535133362 
vt 0.21249587833881378 0.13094700872898102 
vt 0.22355137765407562 0.12490586191415787 
vt 0.22355137765407562 0.11883188039064407 
vt 0.23460687696933746 0.11883188039064407 
vt 0.21249587833881378 0.11883188039064407 
vt 0.21249587833881378 0.12490586191415787 
vt 0.20144037902355194 0.12490586191415787 
vt 0.20144037902355194 0.13094700872898102 
vt 0.20144037902355194 0.13702097535133362 
vt 0.20144037902355194 0.14306211471557617 
vt 0.1903848797082901 0.14306211471557617 
vt 0.1903848797082901 0.14913609623908997 
vt 0.17932938039302826 0.14913609623908997 
vt 0.17932938039302826 0.15521007776260376 
vt 0.16827388107776642 0.15521007776260376 
vt 0.17932938039302826 0.14306211471557617 
vt 0.16827388107776642 0.14913609623908997 
vt 0.15721838176250458 0.15521007776260376 
vt 0.15721838176250458 0.1612512171268463 
vt 0.14616288244724274 0.1673251837491989 
vt 0.14616288244724274 0.17336633801460266 
vt 0.1351073831319809 0.17336633801460266 
vt 0.1351073831319809 0.17944030463695526 
vt 0.12405189126729965 0.17944030463695526 
vt 0.1351073831319809 0.18551428616046906 
vt 0.12405189126729965 0.18551428616046906 
vt 0.1351073831319809 0.1915554255247116 
vt 0.12405189126729965 0.1915554255247116 
vt 0.12405189126729965 0.1976294070482254 
vt 0.11299639195203781 0.1976294070482254 
vt 0.16827388107776642 0.1976294070482254 
vt 0.17932938039302826 0.1915554255247116 
vt 0.17932938039302826 0.18551428616046906 
vt 0.17932938039302826 0.1976294070482254 
vt 0.1903848797082901 0.1915554255247116 
vt 0.1903848797082901 0.18551428616046906 
vt 0.1903848797082901 0.17944030463695526 
vt 0.1903848797082901 0.1976294070482254 
vt 0.20144037902355194 0.1915554255247116 
vt 0.20144037902355194 0.18551428616046906 
vt 0.20144037902355194 0.17944030463695526 
vt 0.21249587833881378 0.17944030463695526 
vt 0.20144037902355194 0.1976294070482254 
vt 0.21249587833881378 0.1915554255247116 
vt 0.21249587833881378 0.18551428616046906 
vt 0.21249587833881378 0.1976294070482254 
vt 0.22355137765407562 0.1915554255247116 
vt 0.22355137765407562 0.18551428616046906 
vt 0.22355137765407562 0.17944030463695526 
vt 0.22355137765407562 0.1976294070482254 
vt 0.23460687696933746 0.1915554255247116 
vt 0.23460687696933746 0.18551428616046906 
vt 0.23460687696933746 0.17944030463695526 
vt 0.2456623762845993 0.17944030463695526 
vt 0.2456623762845993 0.17336633801460266 
vt 0.25671789050102234 0.17336633801460266 
vt 0.25671789050102234 0.1673251837491989 
vt 0.25671789050102234 0.1612512171268463 
vt 0.25671789050102234 0.15521007776260376 
vt 0.2677733898162842 0.15521007776260376 
vt 0.2677733898162842 0.14913609623908997 
vt 0.278828889131546 0.14913609623908997 
vt 0.2677733898162842 0.14306211471557617 
vt 0.278828889131546 0.14306211471557617 
vt 0.278828889131546 0.15521007776260376 
vt 0.28988438844680786 0.14913609623908997 
vt 0.28988438844680786 0.14306211471557617 
vt 0.3009398877620697 0.14306211471557617 
vt 0.31199535727500916 0.14306211471557617 
vt 0.323050856590271 0.14306211471557617 
vt 0.33410635590553284 0.14306211471557617 
vt 0.3451618552207947 0.14306211471557617 
vt 0.3562173545360565 0.14306211471557617 
vt 0.36727285385131836 0.14306211471557617 
vt 0.36727285385131836 0.13702097535133362 
vt 0.3783283531665802 0.14306211471557617 
vt 0.3783283531665802 0.13702097535133362 
vt 0.38938385248184204 0.13702097535133362 
vt 0.38938385248184204 0.13094700872898102 
vt 0.3009398877620697 0.14913609623908997 
vt 0.28988438844680786 0.15521007776260376 
vt 0.28988438844680786 0.1612512171268463 
vt 0.278828889131546 0.1612512171268463 
vt 0.278828889131546 0.1673251837491989 
vt 0.2677733898162842 0.1673251837491989 
vt 0.278828889131546 0.17336633801460266 
vt 0.2677733898162842 0.17336633801460266 
vt 0.2677733898162842 0.17944030463695526 
vt 0.25671789050102234 0.17944030463695526 
vt 0.25671789050102234 0.18551428616046906 
vt 0.2456623762845993 0.18551428616046906 
vt 0.25671789050102234 0.1915554255247116 
vt 0.2456623762845993 0.1915554255247116 
vt 0.2456623762845993 0.1976294070482254 
vt 0.23460687696933746 0.1976294070482254 
vt 0.2677733898162842 0.1612512171268463 
vt 0.3009398877620697 0.12490586191415787 
vt 0.31199535727500916 0.12490586191415787 
vt 0.323050856590271 0.12490586191415787 
vt 0.33410635590553284 0.12490586191415787 
vt 0.3451618552207947 0.12490586191415787 
vt 0.20144037902355194 0.11883188039064407 
vt 0.1903848797082901 0.11883188039064407 
vt 0.1903848797082901 0.12490586191415787 
vt 0.17932938039302826 0.12490586191415787 
vt 0.17932938039302826 0.13094700872898102 
vt 0.16827388107776642 0.13094700872898102 
vt 0.17932938039302826 0.13702097535133362 
vt 0.16827388107776642 0.13702097535133362 
vt 0.16827388107776642 0.14306211471557617 
vt 0.15721838176250458 0.14306211471557617 
vt 0.15721838176250458 0.14913609623908997 
vt 0.14616288244724274 0.14306211471557617 
vt 0.14616288244724274 0.14913609623908997 
vt 0.1351073831319809 0.14306211471557617 
vt 0.1351073831319809 0.14913609623908997 
vt 0.12405189126729965 0.14306211471557617 
vt 0.12405189126729965 0.14913609623908997 
vt 0.11299639195203781 0.14913609623908997 
vt 0.11299639195203781 0.15521007776260376 
vt 0.10194089263677597 0.15521007776260376 
vt 0.11299639195203781 0.1612512171268463 
vt 0.10194089263677597 0.1612512171268463 
vt 0.11299639195203781 0.1673251837491989 
vt 0.10194089263677597 0.1673251837491989 
vt 0.10194089263677597 0.17336633801460266 
vt 0.09088539332151413 0.1673251837491989 
vt 0.09088539332151413 0.17336633801460266 
vt 0.07982989400625229 0.1673251837491989 
vt 0.07982989400625229 0.17336633801460266 
vt 0.06877439469099045 0.1673251837491989 
vt 0.06877439469099045 0.17336633801460266 
vt 0.05771889537572861 0.1673251837491989 
vt 0.05771889537572861 0.17336633801460266 
vt 0.046663396060466766 0.17336633801460266 
vt 0.046663396060466766 0.17944030463695526 
vt 0.035607896745204926 0.17336633801460266 
vt 0.035607896745204926 0.17944030463695526 
vt 0.024552397429943085 0.17944030463695526 
vt 0.035607896745204926 0.18551428616046906 
vt 0.024552397429943085 0.18551428616046906 
vt 0.035607896745204926 0.1915554255247116 
vt 0.024552397429943085 0.1915554255247116 
vt 0.024552397429943085 0.1976294070482254 
vt 0.013496899046003819 0.1976294070482254 
vt 0.09088539332151413 0.1612512171268463 
vt 0.09088539332151413 0.15521007776260376 
vt 0.10194089263677597 0.14913609623908997 
vt 0.11299639195203781 0.14306211471557617 
vt 0.11299639195203781 0.13702097535133362 
vt 0.12405189126729965 0.13702097535133362 
vt 0.12405189126729965 0.13094700872898102 
vt 0.1351073831319809 0.13702097535133362 
vt 0.1351073831319809 0.13094700872898102 
vt 0.14616288244724274 0.13702097535133362 
vt 0.14616288244724274 0.13094700872898102 
vt 0.15721838176250458 0.13702097535133362 
vt 0.15721838176250458 0.13094700872898102 
vt 0.11299639195203781 0.13094700872898102 
vt 0.10194089263677597 0.13702097535133362 
vt 0.10194089263677597 0.14306211471557617 
vt 0.09088539332151413 0.14913609623908997 
vt 0.07982989400625229 0.15521007776260376 
vt 0.07982989400625229 0.1612512171268463 
vt 0.06877439469099045 0.1612512171268463 
vt 0.05771889537572861 0.1612512171268463 
vt 0.046663396060466766 0.1612512171268463 
vt 0.046663396060466766 0.1673251837491989 
vt 0.035607896745204926 0.1612512171268463 
vt 0.035607896745204926 0.1673251837491989 
vt 0.024552397429943085 0.1673251837491989 
vt 0.024552397429943085 0.17336633801460266 
vt 0.013496899046003819 0.17944030463695526 
vt 0.013496899046003819 0.18551428616046906 
vt 0.013496899046003819 0.1915554255247116 
vt 0.0024413999635726213 0.1976294070482254 
vt 0.05771889537572861 0.15521007776260376 
vt 0.06877439469099045 0.15521007776260376 
vt 0.06877439469099045 0.14913609623908997 
vt 0.07982989400625229 0.14913609623908997 
vt 0.09088539332151413 0.14306211471557617 
vt 0.09088539332151413 0.13702097535133362 
vt 0.09088539332151413 0.13094700872898102 
vt 0.10194089263677597 0.13094700872898102 
vt 0.10194089263677597 0.12490586191415787 
vt 0.11299639195203781 0.12490586191415787 
vt 0.12405189126729965 0.12490586191415787 
vt 0.1351073831319809 0.12490586191415787 
vt 0.14616288244724274 0.12490586191415787 
vt 0.15721838176250458 0.12490586191415787 
vt 0.14616288244724274 0.11883188039064407 
vt 0.15721838176250458 0.11883188039064407 
vt 0.16827388107776642 0.12490586191415787 
vt 0.16827388107776642 0.11883188039064407 
vt 0.17932938039302826 0.11883188039064407 
vt 0.14616288244724274 0.15521007776260376 
vt 0.14616288244724274 0.1612512171268463 
vt 0.1351073831319809 0.1612512171268463 
vt 0.1351073831319809 0.1673251837491989 
vt 0.12405189126729965 0.1612512171268463 
vt 0.12405189126729965 0.1673251837491989 
vt 0.12405189126729965 0.17336633801460266 
vt 0.11299639195203781 0.17944030463695526 
vt 0.11299639195203781 0.18551428616046906 
vt 0.11299639195203781 0.1915554255247116 
vt 0.10194089263677597 0.1976294070482254 
vt 0.10194089263677597 0.17944030463695526 
vt 0.09088539332151413 0.17944030463695526 
vt 0.07982989400625229 0.17944030463695526 
vt 0.10194089263677597 0.18551428616046906 
vt 0.09088539332151413 0.18551428616046906 
vt 0.07982989400625229 0.18551428616046906 
vt 0.06877439469099045 0.17944030463695526 
vt 0.06877439469099045 0.18551428616046906 
vt 0.05771889537572861 0.17944030463695526 
vt 0.05771889537572861 0.18551428616046906 
vt 0.046663396060466766 0.18551428616046906 
vt 0.046663396060466766 0.1915554255247116 
vt 0.05771889537572861 0.1915554255247116 
vt 0.06877439469099045 0.1915554255247116 
vt 0.07982989400625229 0.1915554255247116 
vt 0.09088539332151413 0.1915554255247116 
vt 0.10194089263677597 0.1915554255247116 
vt 0.046663396060466766 0.1976294070482254 
vt 0.05771889537572861 0.1976294070482254 
vt 0.06877439469099045 0.1976294070482254 
vt 0.07982989400625229 0.1976294070482254 
vt 0.09088539332151413 0.1976294070482254 
vt 0.035607896745204926 0.1976294070482254 
vt 0.1351073831319809 0.15521007776260376 
vt 0.12405189126729965 0.15521007776260376 
vt 0.1351073831319809 0.11883188039064407 
vt 0.12405189126729965 0.11883188039064407 
vt 0.11299639195203781 0.11883188039064407 
vt 0.10194089263677597 0.11883188039064407 
vt 0.09088539332151413 0.11883188039064407 
vt 0.07982989400625229 0.11883188039064407 
vt 0.06877439469099045 0.11883188039064407 
vt 0.05771889537572861 0.11883188039064407 
vt 0.046663396060466766 0.11883188039064407 
vt 0.035607896745204926 0.11883188039064407 
vt 0.024552397429943085 0.11883188039064407 
vt 0.035607896745204926 0.12490586191415787 
vt 0.024552397429943085 0.12490586191415787 
vt 0.024552397429943085 0.13094700872898102 
vt 0.013496899046003819 0.13094700872898102 
vt 0.024552397429943085 0.13702097535133362 
vt 0.013496899046003819 0.13702097535133362 
vt 0.013496899046003819 0.14306211471557617 
vt 0.0024413999635726213 0.13702097535133362 
vt 0.0024413999635726213 0.14306211471557617 
vt 0.09088539332151413 0.12490586191415787 
vt 0.07982989400625229 0.12490586191415787 
vt 0.07982989400625229 0.13094700872898102 
vt 0.06877439469099045 0.12490586191415787 
vt 0.06877439469099045 0.13094700872898102 
vt 0.05771889537572861 0.13094700872898102 
vt 0.06877439469099045 0.13702097535133362 
vt 0.05771889537572861 0.13702097535133362 
vt 0.06877439469099045 0.14306211471557617 
vt 0.05771889537572861 0.14306211471557617 
vt 0.05771889537572861 0.14913609623908997 
vt 0.046663396060466766 0.15521007776260376 
vt 0.07982989400625229 0.13702097535133362 
vt 0.07982989400625229 0.14306211471557617 
vt 0.05771889537572861 0.12490586191415787 
vt 0.046663396060466766 0.12490586191415787 
vt 0.046663396060466766 0.13094700872898102 
vt 0.035607896745204926 0.13094700872898102 
vt 0.046663396060466766 0.13702097535133362 
vt 0.035607896745204926 0.13702097535133362 
vt 0.046663396060466766 0.14306211471557617 
vt 0.035607896745204926 0.14306211471557617 
vt 0.035607896745204926 0.14913609623908997 
vt 0.024552397429943085 0.14306211471557617 
vt 0.024552397429943085 0.14913609623908997 
vt 0.013496899046003819 0.14913609623908997 
vt 0.0024413999635726213 0.14913609623908997 
vt 0.046663396060466766 0.14913609623908997 
vt 0.035607896745204926 0.15521007776260376 
vt 0.024552397429943085 0.15521007776260376 
vt 0.024552397429943085 0.1612512171268463 
vt 0.013496899046003819 0.1673251837491989 
vt 0.013496899046003819 0.17336633801460266 
vt 0.0024413999635726213 0.17336633801460266 
vt 0.0024413999635726213 0.17944030463695526 
vt 0.013496899046003819 0.11883188039064407 
vt 0.013496899046003819 0.12490586191415787 
vt 0.0024413999635726213 0.12490586191415787 
vt 0.0024413999635726213 0.13094700872898102 
vt 0.0024413999635726213 0.11883188039064407 
vt 0.0024413999635726213 0.1673251837491989 
vt 0.0024413999635726213 0.1612512171268463 
vt 0.013496899046003819 0.1612512171268463 
vt 0.0024413999635726213 0.15521007776260376 
vt 0.013496899046003819 0.15521007776260376 
vt 0.0024413999635726213 0.18551428616046906 
vt 0.0024413999635726213 0.1915554255247116 
vt 0.36727285385131836 0.14913609623908997 
vt 0.3562173545360565 0.15521007776260376 
vt 0.3562173545360565 0.14913609623908997 
vt 0.3451618552207947 0.14913609623908997 
vt 0.33410635590553284 0.14913609623908997 
vt 0.323050856590271 0.14913609623908997 
vt 0.31199535727500916 0.14913609623908997 
vt 0.3009398877620697 0.15521007776260376 
vt 0.3009398877620697 0.1612512171268463 
vt 0.3009398877620697 0.1673251837491989 
vt 0.28988438844680786 0.1673251837491989 
vt 0.28988438844680786 0.17336633801460266 
vt 0.31199535727500916 0.15521007776260376 
vt 0.31199535727500916 0.1612512171268463 
vt 0.31199535727500916 0.1673251837491989 
vt 0.3009398877620697 0.17336633801460266 
vt 0.3009398877620697 0.17944030463695526 
vt 0.28988438844680786 0.17944030463695526 
vt 0.3009398877620697 0.18551428616046906 
vt 0.28988438844680786 0.18551428616046906 
vt 0.3009398877620697 0.1915554255247116 
vt 0.28988438844680786 0.1915554255247116 
vt 0.28988438844680786 0.1976294070482254 
vt 0.278828889131546 0.1976294070482254 
vt 0.3009398877620697 0.1976294070482254 
vt 0.31199535727500916 0.1915554255247116 
vt 0.31199535727500916 0.18551428616046906 
vt 0.31199535727500916 0.17944030463695526 
vt 0.31199535727500916 0.17336633801460266 
vt 0.323050856590271 0.17336633801460266 
vt 0.323050856590271 0.1673251837491989 
vt 0.323050856590271 0.1612512171268463 
vt 0.323050856590271 0.15521007776260376 
vt 0.33410635590553284 0.15521007776260376 
vt 0.31199535727500916 0.1976294070482254 
vt 0.323050856590271 0.1915554255247116 
vt 0.323050856590271 0.18551428616046906 
vt 0.323050856590271 0.17944030463695526 
vt 0.33410635590553284 0.17336633801460266 
vt 0.33410635590553284 0.1673251837491989 
vt 0.3451618552207947 0.1612512171268463 
vt 0.3451618552207947 0.15521007776260376 
vt 0.33410635590553284 0.1612512171268463 
vt 0.1903848797082901 0.13702097535133362 
vt 0.1903848797082901 0.13094700872898102 
vt 0.25671789050102234 0.11883188039064407 
vt 0.2456623762845993 0.11883188039064407 
vt 0.25671789050102234 0.1976294070482254 
vt 0.2677733898162842 0.1915554255247116 
vt 0.2677733898162842 0.18551428616046906 
vt 0.2677733898162842 0.1976294070482254 
vt 0.278828889131546 0.1915554255247116 
vt 0.278828889131546 0.18551428616046906 
vt 0.278828889131546 0.17944030463695526 
vt 0.3783283531665802 0.13094700872898102 
vt 0.22355137765407562 0.002441379940137267 
vt 0.23460687696933746 0.002441379940137267 
vt 0.22355137765407562 0.008515355177223682 
vt 0.23460687696933746 0.008515355177223682 
vt 0.23460687696933746 0.014556498266756535 
vt 0.2456623762845993 0.014556498266756535 
vt 0.2456623762845993 0.020630473271012306 
vt 0.25671789050102234 0.020630473271012306 
vt 0.25671789050102234 0.026671618223190308 
vt 0.2677733898162842 0.026671618223190308 
vt 0.2677733898162842 0.032745592296123505 
vt 0.278828889131546 0.026671618223190308 
vt 0.278828889131546 0.032745592296123505 
vt 0.28988438844680786 0.026671618223190308 
vt 0.28988438844680786 0.032745592296123505 
vt 0.3009398877620697 0.026671618223190308 
vt 0.3009398877620697 0.032745592296123505 
vt 0.31199535727500916 0.026671618223190308 
vt 0.31199535727500916 0.032745592296123505 
vt 0.323050856590271 0.026671618223190308 
vt 0.323050856590271 0.032745592296123505 
vt 0.33410635590553284 0.032745592296123505 
vt 0.33410635590553284 0.038819570094347 
vt 0.3451618552207947 0.038819570094347 
vt 0.3451618552207947 0.04486071318387985 
vt 0.3562173545360565 0.04486071318387985 
vt 0.3451618552207947 0.05093468725681305 
vt 0.3562173545360565 0.05093468725681305 
vt 0.3451618552207947 0.0569758303463459 
vt 0.3562173545360565 0.0569758303463459 
vt 0.3562173545360565 0.0630498081445694 
vt 0.36727285385131836 0.0630498081445694 
vt 0.36727285385131836 0.0691237822175026 
vt 0.3783283531665802 0.0691237822175026 
vt 0.3783283531665802 0.07516492158174515 
vt 0.38938385248184204 0.07516492158174515 
vt 0.38938385248184204 0.08123890310525894 
vt 0.4004393517971039 0.07516492158174515 
vt 0.4004393517971039 0.08123890310525894 
vt 0.4114948511123657 0.07516492158174515 
vt 0.4114948511123657 0.08123890310525894 
vt 0.42255035042762756 0.08123890310525894 
vt 0.42255035042762756 0.0872800424695015 
vt 0.4336058497428894 0.0872800424695015 
vt 0.4336058497428894 0.09335401654243469 
vt 0.44466134905815125 0.09335401654243469 
vt 0.4336058497428894 0.09942799061536789 
vt 0.44466134905815125 0.09942799061536789 
vt 0.38938385248184204 0.0691237822175026 
vt 0.3783283531665802 0.0630498081445694 
vt 0.36727285385131836 0.0569758303463459 
vt 0.36727285385131836 0.05093468725681305 
vt 0.36727285385131836 0.04486071318387985 
vt 0.3562173545360565 0.038819570094347 
vt 0.3451618552207947 0.032745592296123505 
vt 0.3451618552207947 0.026671618223190308 
vt 0.33410635590553284 0.026671618223190308 
vt 0.3451618552207947 0.020630473271012306 
vt 0.33410635590553284 0.020630473271012306 
vt 0.33410635590553284 0.014556498266756535 
vt 0.323050856590271 0.014556498266756535 
vt 0.323050856590271 0.008515355177223682 
vt 0.31199535727500916 0.008515355177223682 
vt 0.323050856590271 0.002441379940137267 
vt 0.31199535727500916 0.002441379940137267 
vt 0.33410635590553284 0.002441379940137267 
vt 0.33410635590553284 0.008515355177223682 
vt 0.3451618552207947 0.014556498266756535 
vt 0.3562173545360565 0.020630473271012306 
vt 0.3562173545360565 0.026671618223190308 
vt 0.36727285385131836 0.020630473271012306 
vt 0.36727285385131836 0.026671618223190308 
vt 0.3783283531665802 0.026671618223190308 
vt 0.3783283531665802 0.032745592296123505 
vt 0.38938385248184204 0.032745592296123505 
vt 0.38938385248184204 0.038819570094347 
vt 0.4004393517971039 0.038819570094347 
vt 0.38938385248184204 0.04486071318387985 
vt 0.4004393517971039 0.04486071318387985 
vt 0.4004393517971039 0.05093468725681305 
vt 0.4114948511123657 0.05093468725681305 
vt 0.4004393517971039 0.0569758303463459 
vt 0.4114948511123657 0.0569758303463459 
vt 0.4114948511123657 0.0630498081445694 
vt 0.42255035042762756 0.0630498081445694 
vt 0.42255035042762756 0.0691237822175026 
vt 0.4336058497428894 0.0691237822175026 
vt 0.42255035042762756 0.07516492158174515 
vt 0.4336058497428894 0.07516492158174515 
vt 0.4336058497428894 0.08123890310525894 
vt 0.44466134905815125 0.0872800424695015 
vt 0.4557168483734131 0.09335401654243469 
vt 0.4557168483734131 0.09942799061536789 
vt 0.4004393517971039 0.0630498081445694 
vt 0.38938385248184204 0.0569758303463459 
vt 0.38938385248184204 0.05093468725681305 
vt 0.3783283531665802 0.04486071318387985 
vt 0.3783283531665802 0.038819570094347 
vt 0.36727285385131836 0.038819570094347 
vt 0.36727285385131836 0.032745592296123505 
vt 0.3562173545360565 0.032745592296123505 
vt 0.4004393517971039 0.0691237822175026 
vt 0.38938385248184204 0.0630498081445694 
vt 0.3783283531665802 0.0569758303463459 
vt 0.3783283531665802 0.05093468725681305 
vt 0.4114948511123657 0.0691237822175026 
vt 0.42255035042762756 0.09942799061536789 
vt 0.42255035042762756 0.09335401654243469 
vt 0.4114948511123657 0.0872800424695015 
vt 0.4114948511123657 0.09942799061536789 
vt 0.4114948511123657 0.09335401654243469 
vt 0.4004393517971039 0.0872800424695015 
vt 0.4004393517971039 0.09942799061536789 
vt 0.4004393517971039 0.09335401654243469 
vt 0.38938385248184204 0.0872800424695015 
vt 0.3783283531665802 0.08123890310525894 
vt 0.36727285385131836 0.08123890310525894 
vt 0.36727285385131836 0.07516492158174515 
vt 0.3562173545360565 0.07516492158174515 
vt 0.3562173545360565 0.0691237822175026 
vt 0.3451618552207947 0.0691237822175026 
vt 0.3451618552207947 0.0630498081445694 
vt 0.33410635590553284 0.0691237822175026 
vt 0.33410635590553284 0.0630498081445694 
vt 0.323050856590271 0.0630498081445694 
vt 0.323050856590271 0.0569758303463459 
vt 0.31199535727500916 0.0569758303463459 
vt 0.323050856590271 0.05093468725681305 
vt 0.31199535727500916 0.05093468725681305 
vt 0.31199535727500916 0.04486071318387985 
vt 0.3009398877620697 0.05093468725681305 
vt 0.3009398877620697 0.04486071318387985 
vt 0.28988438844680786 0.05093468725681305 
vt 0.28988438844680786 0.04486071318387985 
vt 0.278828889131546 0.04486071318387985 
vt 0.28988438844680786 0.038819570094347 
vt 0.278828889131546 0.038819570094347 
vt 0.33410635590553284 0.0569758303463459 
vt 0.33410635590553284 0.05093468725681305 
vt 0.33410635590553284 0.04486071318387985 
vt 0.323050856590271 0.038819570094347 
vt 0.323050856590271 0.04486071318387985 
vt 0.31199535727500916 0.038819570094347 
vt 0.3009398877620697 0.038819570094347 
vt 0.3451618552207947 0.07516492158174515 
vt 0.33410635590553284 0.07516492158174515 
vt 0.323050856590271 0.0691237822175026 
vt 0.323050856590271 0.07516492158174515 
vt 0.31199535727500916 0.0691237822175026 
vt 0.31199535727500916 0.07516492158174515 
vt 0.3009398877620697 0.07516492158174515 
vt 0.3009398877620697 0.08123890310525894 
vt 0.28988438844680786 0.07516492158174515 
vt 0.28988438844680786 0.08123890310525894 
vt 0.278828889131546 0.08123890310525894 
vt 0.28988438844680786 0.0872800424695015 
vt 0.278828889131546 0.0872800424695015 
vt 0.28988438844680786 0.09335401654243469 
vt 0.278828889131546 0.09335401654243469 
vt 0.278828889131546 0.09942799061536789 
vt 0.2677733898162842 0.09942799061536789 
vt 0.2677733898162842 0.09335401654243469 
vt 0.2677733898162842 0.0872800424695015 
vt 0.2677733898162842 0.08123890310525894 
vt 0.278828889131546 0.07516492158174515 
vt 0.278828889131546 0.0691237822175026 
vt 0.28988438844680786 0.0691237822175026 
vt 0.28988438844680786 0.0630498081445694 
vt 0.3009398877620697 0.0691237822175026 
vt 0.3009398877620697 0.0630498081445694 
vt 0.31199535727500916 0.0630498081445694 
vt 0.28988438844680786 0.0569758303463459 
vt 0.278828889131546 0.0569758303463459 
vt 0.278828889131546 0.05093468725681305 
vt 0.2677733898162842 0.04486071318387985 
vt 0.2677733898162842 0.038819570094347 
vt 0.25671789050102234 0.032745592296123505 
vt 0.2456623762845993 0.026671618223190308 
vt 0.23460687696933746 0.026671618223190308 
vt 0.23460687696933746 0.020630473271012306 
vt 0.22355137765407562 0.020630473271012306 
vt 0.22355137765407562 0.014556498266756535 
vt 0.21249587833881378 0.014556498266756535 
vt 0.21249587833881378 0.008515355177223682 
vt 0.20144037902355194 0.008515355177223682 
vt 0.21249587833881378 0.002441379940137267 
vt 0.20144037902355194 0.002441379940137267 
vt 0.3451618552207947 0.002441379940137267 
vt 0.3451618552207947 0.008515355177223682 
vt 0.3562173545360565 0.014556498266756535 
vt 0.3562173545360565 0.002441379940137267 
vt 0.3562173545360565 0.008515355177223682 
vt 0.36727285385131836 0.014556498266756535 
vt 0.3783283531665802 0.020630473271012306 
vt 0.38938385248184204 0.026671618223190308 
vt 0.4004393517971039 0.026671618223190308 
vt 0.4004393517971039 0.032745592296123505 
vt 0.4114948511123657 0.026671618223190308 
vt 0.4114948511123657 0.032745592296123505 
vt 0.42255035042762756 0.026671618223190308 
vt 0.42255035042762756 0.032745592296123505 
vt 0.4336058497428894 0.026671618223190308 
vt 0.4336058497428894 0.032745592296123505 
vt 0.44466134905815125 0.026671618223190308 
vt 0.44466134905815125 0.032745592296123505 
vt 0.4557168483734131 0.032745592296123505 
vt 0.4557168483734131 0.038819570094347 
vt 0.4667723476886749 0.038819570094347 
vt 0.4667723476886749 0.04486071318387985 
vt 0.47782784700393677 0.04486071318387985 
vt 0.4667723476886749 0.05093468725681305 
vt 0.47782784700393677 0.05093468725681305 
vt 0.4667723476886749 0.0569758303463459 
vt 0.47782784700393677 0.0569758303463459 
vt 0.47782784700393677 0.0630498081445694 
vt 0.4888833463191986 0.0630498081445694 
vt 0.4888833463191986 0.0691237822175026 
vt 0.49993884563446045 0.0691237822175026 
vt 0.49993884563446045 0.07516492158174515 
vt 0.5111158490180969 0.07516492158174515 
vt 0.5111158490180969 0.08123890310525894 
vt 0.5221713185310364 0.07516492158174515 
vt 0.5221713185310364 0.08123890310525894 
vt 0.5332268476486206 0.07516492158174515 
vt 0.5332268476486206 0.08123890310525894 
vt 0.5442823171615601 0.08123890310525894 
vt 0.5442823171615601 0.0872800424695015 
vt 0.5553378462791443 0.0872800424695015 
vt 0.5553378462791443 0.09335401654243469 
vt 0.5663933157920837 0.09335401654243469 
vt 0.5553378462791443 0.09942799061536789 
vt 0.5663933157920837 0.09942799061536789 
vt 0.4114948511123657 0.038819570094347 
vt 0.4114948511123657 0.04486071318387985 
vt 0.42255035042762756 0.04486071318387985 
vt 0.42255035042762756 0.05093468725681305 
vt 0.4336058497428894 0.04486071318387985 
vt 0.4336058497428894 0.05093468725681305 
vt 0.44466134905815125 0.05093468725681305 
vt 0.4336058497428894 0.0569758303463459 
vt 0.44466134905815125 0.0569758303463459 
vt 0.44466134905815125 0.0630498081445694 
vt 0.4557168483734131 0.0630498081445694 
vt 0.4557168483734131 0.0691237822175026 
vt 0.4667723476886749 0.0630498081445694 
vt 0.4667723476886749 0.0691237822175026 
vt 0.47782784700393677 0.0691237822175026 
vt 0.47782784700393677 0.07516492158174515 
vt 0.4888833463191986 0.07516492158174515 
vt 0.4888833463191986 0.08123890310525894 
vt 0.49993884563446045 0.08123890310525894 
vt 0.5111158490180969 0.0872800424695015 
vt 0.5221713185310364 0.0872800424695015 
vt 0.5221713185310364 0.09335401654243469 
vt 0.5332268476486206 0.09335401654243469 
vt 0.5221713185310364 0.09942799061536789 
vt 0.5332268476486206 0.09942799061536789 
vt 0.4557168483734131 0.0569758303463459 
vt 0.4557168483734131 0.05093468725681305 
vt 0.4557168483734131 0.04486071318387985 
vt 0.44466134905815125 0.038819570094347 
vt 0.44466134905815125 0.04486071318387985 
vt 0.4336058497428894 0.038819570094347 
vt 0.42255035042762756 0.038819570094347 
vt 0.42255035042762756 0.0569758303463459 
vt 0.4336058497428894 0.0630498081445694 
vt 0.44466134905815125 0.0691237822175026 
vt 0.44466134905815125 0.07516492158174515 
vt 0.4557168483734131 0.07516492158174515 
vt 0.4557168483734131 0.08123890310525894 
vt 0.4667723476886749 0.07516492158174515 
vt 0.4667723476886749 0.08123890310525894 
vt 0.47782784700393677 0.08123890310525894 
vt 0.4888833463191986 0.0872800424695015 
vt 0.49993884563446045 0.0872800424695015 
vt 0.49993884563446045 0.09335401654243469 
vt 0.5111158490180969 0.09335401654243469 
vt 0.49993884563446045 0.09942799061536789 
vt 0.5111158490180969 0.09942799061536789 
vt 0.28988438844680786 0.09942799061536789 
vt 0.3009398877620697 0.09335401654243469 
vt 0.3009398877620697 0.09942799061536789 
vt 0.31199535727500916 0.09335401654243469 
vt 0.31199535727500916 0.09942799061536789 
vt 0.323050856590271 0.09335401654243469 
vt 0.323050856590271 0.09942799061536789 
vt 0.33410635590553284 0.09335401654243469 
vt 0.33410635590553284 0.09942799061536789 
vt 0.3451618552207947 0.09335401654243469 
vt 0.3451618552207947 0.09942799061536789 
vt 0.3562173545360565 0.09335401654243469 
vt 0.3562173545360565 0.09942799061536789 
vt 0.36727285385131836 0.09335401654243469 
vt 0.36727285385131836 0.09942799061536789 
vt 0.3783283531665802 0.09335401654243469 
vt 0.3783283531665802 0.09942799061536789 
vt 0.38938385248184204 0.09335401654243469 
vt 0.38938385248184204 0.09942799061536789 
vt 0.3009398877620697 0.0872800424695015 
vt 0.31199535727500916 0.0872800424695015 
vt 0.323050856590271 0.0872800424695015 
vt 0.33410635590553284 0.0872800424695015 
vt 0.3451618552207947 0.0872800424695015 
vt 0.3562173545360565 0.0872800424695015 
vt 0.36727285385131836 0.0872800424695015 
vt 0.3783283531665802 0.0872800424695015 
vt 0.31199535727500916 0.08123890310525894 
vt 0.323050856590271 0.08123890310525894 
vt 0.33410635590553284 0.08123890310525894 
vt 0.3451618552207947 0.08123890310525894 
vt 0.3562173545360565 0.08123890310525894 
vt 0.4888833463191986 0.09942799061536789 
vt 0.4888833463191986 0.09335401654243469 
vt 0.47782784700393677 0.0872800424695015 
vt 0.47782784700393677 0.09942799061536789 
vt 0.47782784700393677 0.09335401654243469 
vt 0.4667723476886749 0.0872800424695015 
vt 0.4667723476886749 0.09942799061536789 
vt 0.4667723476886749 0.09335401654243469 
vt 0.4557168483734131 0.0872800424695015 
vt 0.44466134905815125 0.08123890310525894 
vt 0.36727285385131836 0.002441379940137267 
vt 0.36727285385131836 0.008515355177223682 
vt 0.3783283531665802 0.014556498266756535 
vt 0.38938385248184204 0.020630473271012306 
vt 0.3783283531665802 0.002441379940137267 
vt 0.3783283531665802 0.008515355177223682 
vt 0.38938385248184204 0.014556498266756535 
vt 0.4004393517971039 0.014556498266756535 
vt 0.4004393517971039 0.020630473271012306 
vt 0.4114948511123657 0.014556498266756535 
vt 0.4114948511123657 0.020630473271012306 
vt 0.42255035042762756 0.020630473271012306 
vt 0.5442823171615601 0.09942799061536789 
vt 0.5442823171615601 0.09335401654243469 
vt 0.5332268476486206 0.0872800424695015 
vt 0.3009398877620697 0.0569758303463459 
vt 0.323050856590271 0.020630473271012306 
vt 0.31199535727500916 0.014556498266756535 
vt 0.31199535727500916 0.020630473271012306 
vt 0.3009398877620697 0.014556498266756535 
vt 0.3009398877620697 0.020630473271012306 
vt 0.28988438844680786 0.014556498266756535 
vt 0.28988438844680786 0.020630473271012306 
vt 0.278828889131546 0.020630473271012306 
vt 0.3009398877620697 0.008515355177223682 
vt 0.3009398877620697 0.002441379940137267 
vt 0.28988438844680786 0.008515355177223682 
vt 0.28988438844680786 0.002441379940137267 
vt 0.278828889131546 0.008515355177223682 
vt 0.278828889131546 0.014556498266756535 
vt 0.2677733898162842 0.020630473271012306 
vt 0.2677733898162842 0.008515355177223682 
vt 0.2677733898162842 0.014556498266756535 
vt 0.25671789050102234 0.008515355177223682 
vt 0.25671789050102234 0.014556498266756535 
vt 0.2456623762845993 0.008515355177223682 
vt 0.25671789050102234 0.002441379940137267 
vt 0.2456623762845993 0.002441379940137267 
vt 0.2677733898162842 0.002441379940137267 
vt 0.278828889131546 0.002441379940137267 
vt 0.25671789050102234 0.09942799061536789 
vt 0.25671789050102234 0.09335401654243469 
vt 0.25671789050102234 0.0872800424695015 
vt 0.2456623762845993 0.0872800424695015 
vt 0.2456623762845993 0.08123890310525894 
vt 0.23460687696933746 0.08123890310525894 
vt 0.23460687696933746 0.07516492158174515 
vt 0.22355137765407562 0.08123890310525894 
vt 0.22355137765407562 0.07516492158174515 
vt 0.21249587833881378 0.08123890310525894 
vt 0.21249587833881378 0.07516492158174515 
vt 0.20144037902355194 0.07516492158174515 
vt 0.20144037902355194 0.0691237822175026 
vt 0.1903848797082901 0.0691237822175026 
vt 0.1903848797082901 0.0630498081445694 
vt 0.17932938039302826 0.0630498081445694 
vt 0.17932938039302826 0.0569758303463459 
vt 0.16827388107776642 0.0569758303463459 
vt 0.17932938039302826 0.05093468725681305 
vt 0.16827388107776642 0.05093468725681305 
vt 0.17932938039302826 0.04486071318387985 
vt 0.16827388107776642 0.04486071318387985 
vt 0.16827388107776642 0.038819570094347 
vt 0.15721838176250458 0.04486071318387985 
vt 0.15721838176250458 0.038819570094347 
vt 0.14616288244724274 0.04486071318387985 
vt 0.14616288244724274 0.038819570094347 
vt 0.1351073831319809 0.038819570094347 
vt 0.1351073831319809 0.032745592296123505 
vt 0.12405189126729965 0.032745592296123505 
vt 0.12405189126729965 0.026671618223190308 
vt 0.11299639195203781 0.026671618223190308 
vt 0.12405189126729965 0.020630473271012306 
vt 0.11299639195203781 0.020630473271012306 
vt 0.11299639195203781 0.014556498266756535 
vt 0.10194089263677597 0.014556498266756535 
vt 0.10194089263677597 0.008515355177223682 
vt 0.09088539332151413 0.008515355177223682 
vt 0.10194089263677597 0.002441379940137267 
vt 0.09088539332151413 0.002441379940137267 
vt 0.21249587833881378 0.0691237822175026 
vt 0.20144037902355194 0.0630498081445694 
vt 0.1903848797082901 0.0569758303463459 
vt 0.1903848797082901 0.05093468725681305 
vt 0.1903848797082901 0.04486071318387985 
vt 0.17932938039302826 0.038819570094347 
vt 0.16827388107776642 0.032745592296123505 
vt 0.15721838176250458 0.032745592296123505 
vt 0.16827388107776642 0.026671618223190308 
vt 0.15721838176250458 0.026671618223190308 
vt 0.15721838176250458 0.020630473271012306 
vt 0.14616288244724274 0.020630473271012306 
vt 0.15721838176250458 0.014556498266756535 
vt 0.14616288244724274 0.014556498266756535 
vt 0.14616288244724274 0.008515355177223682 
vt 0.1351073831319809 0.008515355177223682 
vt 0.1351073831319809 0.002441379940137267 
vt 0.12405189126729965 0.008515355177223682 
vt 0.12405189126729965 0.002441379940137267 
vt 0.11299639195203781 0.008515355177223682 
vt 0.11299639195203781 0.002441379940137267 
vt 0.15721838176250458 0.008515355177223682 
vt 0.16827388107776642 0.014556498266756535 
vt 0.16827388107776642 0.020630473271012306 
vt 0.17932938039302826 0.020630473271012306 
vt 0.17932938039302826 0.026671618223190308 
vt 0.1903848797082901 0.020630473271012306 
vt 0.1903848797082901 0.026671618223190308 
vt 0.20144037902355194 0.026671618223190308 
vt 0.1903848797082901 0.032745592296123505 
vt 0.20144037902355194 0.032745592296123505 
vt 0.20144037902355194 0.038819570094347 
vt 0.21249587833881378 0.038819570094347 
vt 0.21249587833881378 0.04486071318387985 
vt 0.22355137765407562 0.04486071318387985 
vt 0.21249587833881378 0.05093468725681305 
vt 0.22355137765407562 0.05093468725681305 
vt 0.21249587833881378 0.0569758303463459 
vt 0.22355137765407562 0.0569758303463459 
vt 0.22355137765407562 0.0630498081445694 
vt 0.23460687696933746 0.0630498081445694 
vt 0.22355137765407562 0.0691237822175026 
vt 0.23460687696933746 0.0691237822175026 
vt 0.2456623762845993 0.0691237822175026 
vt 0.2456623762845993 0.07516492158174515 
vt 0.25671789050102234 0.07516492158174515 
vt 0.25671789050102234 0.08123890310525894 
vt 0.21249587833881378 0.032745592296123505 
vt 0.22355137765407562 0.038819570094347 
vt 0.23460687696933746 0.04486071318387985 
vt 0.23460687696933746 0.05093468725681305 
vt 0.23460687696933746 0.0569758303463459 
vt 0.2456623762845993 0.0630498081445694 
vt 0.25671789050102234 0.0691237822175026 
vt 0.2677733898162842 0.07516492158174515 
vt 0.2677733898162842 0.0691237822175026 
vt 0.25671789050102234 0.0630498081445694 
vt 0.2456623762845993 0.0569758303463459 
vt 0.2456623762845993 0.05093468725681305 
vt 0.2456623762845993 0.04486071318387985 
vt 0.23460687696933746 0.038819570094347 
vt 0.22355137765407562 0.032745592296123505 
vt 0.22355137765407562 0.026671618223190308 
vt 0.21249587833881378 0.026671618223190308 
vt 0.21249587833881378 0.020630473271012306 
vt 0.20144037902355194 0.014556498266756535 
vt 0.1903848797082901 0.008515355177223682 
vt 0.1903848797082901 0.002441379940137267 
vt 0.23460687696933746 0.032745592296123505 
vt 0.2456623762845993 0.032745592296123505 
vt 0.2456623762845993 0.038819570094347 
vt 0.25671789050102234 0.038819570094347 
vt 0.25671789050102234 0.04486071318387985 
vt 0.2677733898162842 0.05093468725681305 
vt 0.2677733898162842 0.0569758303463459 
vt 0.278828889131546 0.0630498081445694 
vt 0.25671789050102234 0.05093468725681305 
vt 0.25671789050102234 0.0569758303463459 
vt 0.2677733898162842 0.0630498081445694 
vt 0.12405189126729965 0.014556498266756535 
vt 0.1351073831319809 0.020630473271012306 
vt 0.1351073831319809 0.026671618223190308 
vt 0.14616288244724274 0.026671618223190308 
vt 0.14616288244724274 0.032745592296123505 
vt 0.1351073831319809 0.014556498266756535 
vt 0.20144037902355194 0.020630473271012306 
vt 0.1903848797082901 0.014556498266756535 
vt 0.17932938039302826 0.008515355177223682 
vt 0.17932938039302826 0.002441379940137267 
vt 0.17932938039302826 0.014556498266756535 
vt 0.16827388107776642 0.008515355177223682 
vt 0.16827388107776642 0.002441379940137267 
vt 0.15721838176250458 0.002441379940137267 
vt 0.14616288244724274 0.002441379940137267 
vt 0.21249587833881378 0.0630498081445694 
vt 0.20144037902355194 0.0569758303463459 
vt 0.20144037902355194 0.05093468725681305 
vt 0.20144037902355194 0.04486071318387985 
vt 0.1903848797082901 0.038819570094347 
vt 0.17932938039302826 0.032745592296123505 
vt 0.15721838176250458 0.05093468725681305 
vt 0.14616288244724274 0.05093468725681305 
vt 0.1351073831319809 0.04486071318387985 
vt 0.1351073831319809 0.05093468725681305 
vt 0.12405189126729965 0.04486071318387985 
vt 0.12405189126729965 0.05093468725681305 
vt 0.11299639195203781 0.05093468725681305 
vt 0.11299639195203781 0.0569758303463459 
vt 0.10194089263677597 0.0569758303463459 
vt 0.11299639195203781 0.0630498081445694 
vt 0.10194089263677597 0.0630498081445694 
vt 0.11299639195203781 0.0691237822175026 
vt 0.10194089263677597 0.0691237822175026 
vt 0.10194089263677597 0.07516492158174515 
vt 0.09088539332151413 0.0691237822175026 
vt 0.09088539332151413 0.07516492158174515 
vt 0.07982989400625229 0.0691237822175026 
vt 0.07982989400625229 0.07516492158174515 
vt 0.06877439469099045 0.0691237822175026 
vt 0.06877439469099045 0.07516492158174515 
vt 0.05771889537572861 0.0691237822175026 
vt 0.05771889537572861 0.07516492158174515 
vt 0.046663396060466766 0.07516492158174515 
vt 0.046663396060466766 0.08123890310525894 
vt 0.035607896745204926 0.07516492158174515 
vt 0.035607896745204926 0.08123890310525894 
vt 0.024552397429943085 0.08123890310525894 
vt 0.035607896745204926 0.0872800424695015 
vt 0.024552397429943085 0.0872800424695015 
vt 0.035607896745204926 0.09335401654243469 
vt 0.024552397429943085 0.09335401654243469 
vt 0.024552397429943085 0.09942799061536789 
vt 0.013496899046003819 0.09942799061536789 
vt 0.013496899046003819 0.09335401654243469 
vt 0.013496899046003819 0.0872800424695015 
vt 0.013496899046003819 0.08123890310525894 
vt 0.024552397429943085 0.07516492158174515 
vt 0.024552397429943085 0.0691237822175026 
vt 0.035607896745204926 0.0691237822175026 
vt 0.035607896745204926 0.0630498081445694 
vt 0.046663396060466766 0.0691237822175026 
vt 0.046663396060466766 0.0630498081445694 
vt 0.05771889537572861 0.0630498081445694 
vt 0.06877439469099045 0.0630498081445694 
vt 0.07982989400625229 0.0630498081445694 
vt 0.09088539332151413 0.0630498081445694 
vt 0.07982989400625229 0.0569758303463459 
vt 0.09088539332151413 0.0569758303463459 
vt 0.09088539332151413 0.05093468725681305 
vt 0.10194089263677597 0.05093468725681305 
vt 0.10194089263677597 0.04486071318387985 
vt 0.11299639195203781 0.04486071318387985 
vt 0.10194089263677597 0.038819570094347 
vt 0.11299639195203781 0.038819570094347 
vt 0.11299639195203781 0.032745592296123505 
vt 0.12405189126729965 0.038819570094347 
vt 0.035607896745204926 0.09942799061536789 
vt 0.046663396060466766 0.09335401654243469 
vt 0.046663396060466766 0.09942799061536789 
vt 0.05771889537572861 0.09335401654243469 
vt 0.05771889537572861 0.09942799061536789 
vt 0.06877439469099045 0.09335401654243469 
vt 0.06877439469099045 0.09942799061536789 
vt 0.07982989400625229 0.09335401654243469 
vt 0.07982989400625229 0.09942799061536789 
vt 0.09088539332151413 0.09335401654243469 
vt 0.09088539332151413 0.09942799061536789 
vt 0.10194089263677597 0.09335401654243469 
vt 0.10194089263677597 0.09942799061536789 
vt 0.11299639195203781 0.09335401654243469 
vt 0.11299639195203781 0.09942799061536789 
vt 0.12405189126729965 0.09335401654243469 
vt 0.12405189126729965 0.09942799061536789 
vt 0.1351073831319809 0.09335401654243469 
vt 0.1351073831319809 0.09942799061536789 
vt 0.14616288244724274 0.09335401654243469 
vt 0.14616288244724274 0.09942799061536789 
vt 0.15721838176250458 0.09335401654243469 
vt 0.15721838176250458 0.09942799061536789 
vt 0.16827388107776642 0.09335401654243469 
vt 0.16827388107776642 0.09942799061536789 
vt 0.17932938039302826 0.09335401654243469 
vt 0.17932938039302826 0.09942799061536789 
vt 0.1903848797082901 0.09335401654243469 
vt 0.1903848797082901 0.09942799061536789 
vt 0.20144037902355194 0.09335401654243469 
vt 0.20144037902355194 0.09942799061536789 
vt 0.21249587833881378 0.09335401654243469 
vt 0.21249587833881378 0.09942799061536789 
vt 0.22355137765407562 0.09335401654243469 
vt 0.22355137765407562 0.09942799061536789 
vt 0.23460687696933746 0.09335401654243469 
vt 0.23460687696933746 0.09942799061536789 
vt 0.2456623762845993 0.09335401654243469 
vt 0.2456623762845993 0.09942799061536789 
vt 0.046663396060466766 0.0872800424695015 
vt 0.05771889537572861 0.0872800424695015 
vt 0.06877439469099045 0.0872800424695015 
vt 0.07982989400625229 0.0872800424695015 
vt 0.09088539332151413 0.0872800424695015 
vt 0.10194089263677597 0.0872800424695015 
vt 0.11299639195203781 0.0872800424695015 
vt 0.12405189126729965 0.0872800424695015 
vt 0.1351073831319809 0.0872800424695015 
vt 0.14616288244724274 0.0872800424695015 
vt 0.15721838176250458 0.0872800424695015 
vt 0.16827388107776642 0.0872800424695015 
vt 0.17932938039302826 0.0872800424695015 
vt 0.1903848797082901 0.0872800424695015 
vt 0.20144037902355194 0.0872800424695015 
vt 0.21249587833881378 0.0872800424695015 
vt 0.22355137765407562 0.0872800424695015 
vt 0.23460687696933746 0.0872800424695015 
vt 0.05771889537572861 0.08123890310525894 
vt 0.06877439469099045 0.08123890310525894 
vt 0.07982989400625229 0.08123890310525894 
vt 0.09088539332151413 0.08123890310525894 
vt 0.10194089263677597 0.08123890310525894 
vt 0.11299639195203781 0.08123890310525894 
vt 0.12405189126729965 0.08123890310525894 
vt 0.1351073831319809 0.08123890310525894 
vt 0.14616288244724274 0.08123890310525894 
vt 0.15721838176250458 0.08123890310525894 
vt 0.16827388107776642 0.08123890310525894 
vt 0.17932938039302826 0.08123890310525894 
vt 0.1903848797082901 0.08123890310525894 
vt 0.20144037902355194 0.08123890310525894 
vt 0.11299639195203781 0.07516492158174515 
vt 0.12405189126729965 0.0691237822175026 
vt 0.12405189126729965 0.0630498081445694 
vt 0.12405189126729965 0.0569758303463459 
vt 0.1351073831319809 0.0569758303463459 
vt 0.1351073831319809 0.0630498081445694 
vt 0.1351073831319809 0.0691237822175026 
vt 0.1351073831319809 0.07516492158174515 
vt 0.12405189126729965 0.07516492158174515 
vt 0.14616288244724274 0.0569758303463459 
vt 0.14616288244724274 0.0630498081445694 
vt 0.14616288244724274 0.0691237822175026 
vt 0.14616288244724274 0.07516492158174515 
vt 0.15721838176250458 0.0569758303463459 
vt 0.15721838176250458 0.0630498081445694 
vt 0.16827388107776642 0.0630498081445694 
vt 0.15721838176250458 0.0691237822175026 
vt 0.16827388107776642 0.0691237822175026 
vt 0.16827388107776642 0.07516492158174515 
vt 0.17932938039302826 0.0691237822175026 
vt 0.17932938039302826 0.07516492158174515 
vt 0.1903848797082901 0.07516492158174515 
vt 0.15721838176250458 0.07516492158174515 
vt 0.0024413999635726213 0.09942799061536789 
vt 0.0024413999635726213 0.09335401654243469 
vt 0.0024413999635726213 0.0872800424695015 
vt 0.0024413999635726213 0.08123890310525894 
vt 0.0024413999635726213 0.07516492158174515 
vt 0.013496899046003819 0.07516492158174515 
vt 0.0024413999635726213 0.0691237822175026 
vt 0.013496899046003819 0.0691237822175026 
vt 0.0024413999635726213 0.0630498081445694 
vt 0.013496899046003819 0.0630498081445694 
vt 0.0024413999635726213 0.0569758303463459 
vt 0.013496899046003819 0.0569758303463459 
vt 0.0024413999635726213 0.05093468725681305 
vt 0.013496899046003819 0.05093468725681305 
vt 0.0024413999635726213 0.04486071318387985 
vt 0.013496899046003819 0.04486071318387985 
vt 0.0024413999635726213 0.038819570094347 
vt 0.013496899046003819 0.038819570094347 
vt 0.0024413999635726213 0.032745592296123505 
vt 0.013496899046003819 0.032745592296123505 
vt 0.0024413999635726213 0.026671618223190308 
vt 0.013496899046003819 0.026671618223190308 
vt 0.0024413999635726213 0.020630473271012306 
vt 0.013496899046003819 0.020630473271012306 
vt 0.0024413999635726213 0.014556498266756535 
vt 0.013496899046003819 0.014556498266756535 
vt 0.0024413999635726213 0.008515355177223682 
vt 0.013496899046003819 0.008515355177223682 
vt 0.0024413999635726213 0.002441379940137267 
vt 0.013496899046003819 0.002441379940137267 
vt 0.024552397429943085 0.0630498081445694 
vt 0.024552397429943085 0.0569758303463459 
vt 0.035607896745204926 0.0569758303463459 
vt 0.046663396060466766 0.0569758303463459 
vt 0.05771889537572861 0.0569758303463459 
vt 0.06877439469099045 0.0569758303463459 
vt 0.06877439469099045 0.05093468725681305 
vt 0.05771889537572861 0.05093468725681305 
vt 0.046663396060466766 0.05093468725681305 
vt 0.035607896745204926 0.05093468725681305 
vt 0.024552397429943085 0.05093468725681305 
vt 0.05771889537572861 0.04486071318387985 
vt 0.046663396060466766 0.04486071318387985 
vt 0.035607896745204926 0.04486071318387985 
vt 0.024552397429943085 0.04486071318387985 
vt 0.035607896745204926 0.038819570094347 
vt 0.024552397429943085 0.038819570094347 
vt 0.024552397429943085 0.032745592296123505 
vt 0.024552397429943085 0.026671618223190308 
vt 0.046663396060466766 0.038819570094347 
vt 0.035607896745204926 0.032745592296123505 
vt 0.035607896745204926 0.026671618223190308 
vt 0.024552397429943085 0.020630473271012306 
vt 0.024552397429943085 0.014556498266756535 
vt 0.046663396060466766 0.026671618223190308 
vt 0.046663396060466766 0.032745592296123505 
vt 0.05771889537572861 0.038819570094347 
vt 0.06877439469099045 0.04486071318387985 
vt 0.07982989400625229 0.04486071318387985 
vt 0.07982989400625229 0.05093468725681305 
vt 0.09088539332151413 0.04486071318387985 
vt 0.07982989400625229 0.038819570094347 
vt 0.06877439469099045 0.038819570094347 
vt 0.06877439469099045 0.032745592296123505 
vt 0.05771889537572861 0.032745592296123505 
vt 0.06877439469099045 0.026671618223190308 
vt 0.05771889537572861 0.026671618223190308 
vt 0.05771889537572861 0.020630473271012306 
vt 0.046663396060466766 0.020630473271012306 
vt 0.035607896745204926 0.020630473271012306 
vt 0.035607896745204926 0.014556498266756535 
vt 0.024552397429943085 0.008515355177223682 
vt 0.024552397429943085 0.002441379940137267 
vt 0.046663396060466766 0.014556498266756535 
vt 0.05771889537572861 0.014556498266756535 
vt 0.06877439469099045 0.020630473271012306 
vt 0.06877439469099045 0.014556498266756535 
vt 0.07982989400625229 0.020630473271012306 
vt 0.07982989400625229 0.014556498266756535 
vt 0.09088539332151413 0.020630473271012306 
vt 0.09088539332151413 0.014556498266756535 
vt 0.10194089263677597 0.020630473271012306 
vt 0.035607896745204926 0.008515355177223682 
vt 0.046663396060466766 0.008515355177223682 
vt 0.05771889537572861 0.008515355177223682 
vt 0.06877439469099045 0.008515355177223682 
vt 0.07982989400625229 0.008515355177223682 
vt 0.046663396060466766 0.002441379940137267 
vt 0.05771889537572861 0.002441379940137267 
vt 0.06877439469099045 0.002441379940137267 
vt 0.07982989400625229 0.002441379940137267 
vt 0.035607896745204926 0.002441379940137267 
vt 0.07982989400625229 0.026671618223190308 
vt 0.09088539332151413 0.026671618223190308 
vt 0.10194089263677597 0.026671618223190308 
vt 0.09088539332151413 0.032745592296123505 
vt 0.10194089263677597 0.032745592296123505 
vt 0.07982989400625229 0.032745592296123505 
vt 0.09088539332151413 0.038819570094347 
vt 0.38938385248184204 0.002441379940137267 
vt 0.38938385248184204 0.008515355177223682 
vt 0.4004393517971039 0.002441379940137267 
vt 0.4004393517971039 0.008515355177223682 
vt 0.4114948511123657 0.002441379940137267 
vt 0.4114948511123657 0.008515355177223682 
vt 0.42255035042762756 0.014556498266756535 
vt 0.4336058497428894 0.020630473271012306 
vt 0.42255035042762756 0.002441379940137267 
vt 0.42255035042762756 0.008515355177223682 
vt 0.4336058497428894 0.014556498266756535 
vt 0.44466134905815125 0.020630473271012306 
vt 0.4557168483734131 0.020630473271012306 
vt 0.4557168483734131 0.026671618223190308 
vt 0.4667723476886749 0.020630473271012306 
vt 0.4667723476886749 0.026671618223190308 
vt 0.47782784700393677 0.026671618223190308 
vt 0.4667723476886749 0.032745592296123505 
vt 0.47782784700393677 0.032745592296123505 
vt 0.47782784700393677 0.038819570094347 
vt 0.4888833463191986 0.032745592296123505 
vt 0.4888833463191986 0.038819570094347 
vt 0.49993884563446045 0.038819570094347 
vt 0.49993884563446045 0.04486071318387985 
vt 0.5111158490180969 0.04486071318387985 
vt 0.5111158490180969 0.05093468725681305 
vt 0.5221713185310364 0.05093468725681305 
vt 0.5111158490180969 0.0569758303463459 
vt 0.5221713185310364 0.0569758303463459 
vt 0.5221713185310364 0.0630498081445694 
vt 0.5332268476486206 0.0630498081445694 
vt 0.5221713185310364 0.0691237822175026 
vt 0.5332268476486206 0.0691237822175026 
vt 0.5442823171615601 0.0691237822175026 
vt 0.5442823171615601 0.07516492158174515 
vt 0.5553378462791443 0.0691237822175026 
vt 0.5553378462791443 0.07516492158174515 
vt 0.5663933157920837 0.07516492158174515 
vt 0.5553378462791443 0.08123890310525894 
vt 0.5663933157920837 0.08123890310525894 
vt 0.5663933157920837 0.0872800424695015 
vt 0.577448844909668 0.0872800424695015 
vt 0.577448844909668 0.09335401654243469 
vt 0.5885043144226074 0.09335401654243469 
vt 0.577448844909668 0.09942799061536789 
vt 0.5885043144226074 0.09942799061536789 
vt 0.5442823171615601 0.0630498081445694 
vt 0.5332268476486206 0.0569758303463459 
vt 0.5332268476486206 0.05093468725681305 
vt 0.5221713185310364 0.04486071318387985 
vt 0.5221713185310364 0.038819570094347 
vt 0.5111158490180969 0.038819570094347 
vt 0.5111158490180969 0.032745592296123505 
vt 0.49993884563446045 0.032745592296123505 
vt 0.49993884563446045 0.026671618223190308 
vt 0.4888833463191986 0.026671618223190308 
vt 0.4888833463191986 0.020630473271012306 
vt 0.47782784700393677 0.020630473271012306 
vt 0.4667723476886749 0.014556498266756535 
vt 0.4557168483734131 0.014556498266756535 
vt 0.4557168483734131 0.008515355177223682 
vt 0.44466134905815125 0.008515355177223682 
vt 0.4557168483734131 0.002441379940137267 
vt 0.44466134905815125 0.002441379940137267 
vt 0.4336058497428894 0.002441379940137267 
vt 0.4336058497428894 0.008515355177223682 
vt 0.44466134905815125 0.014556498266756535 
vt 0.4667723476886749 0.002441379940137267 
vt 0.4667723476886749 0.008515355177223682 
vt 0.47782784700393677 0.014556498266756535 
vt 0.47782784700393677 0.002441379940137267 
vt 0.47782784700393677 0.008515355177223682 
vt 0.4888833463191986 0.014556498266756535 
vt 0.49993884563446045 0.020630473271012306 
vt 0.5111158490180969 0.026671618223190308 
vt 0.5221713185310364 0.026671618223190308 
vt 0.5221713185310364 0.032745592296123505 
vt 0.5332268476486206 0.026671618223190308 
vt 0.5332268476486206 0.032745592296123505 
vt 0.5442823171615601 0.026671618223190308 
vt 0.5442823171615601 0.032745592296123505 
vt 0.5553378462791443 0.026671618223190308 
vt 0.5553378462791443 0.032745592296123505 
vt 0.5663933157920837 0.026671618223190308 
vt 0.5663933157920837 0.032745592296123505 
vt 0.577448844909668 0.032745592296123505 
vt 0.577448844909668 0.038819570094347 
vt 0.5885043144226074 0.038819570094347 
vt 0.5885043144226074 0.04486071318387985 
vt 0.5995598435401917 0.04486071318387985 
vt 0.5885043144226074 0.05093468725681305 
vt 0.5995598435401917 0.05093468725681305 
vt 0.5885043144226074 0.0569758303463459 
vt 0.5995598435401917 0.0569758303463459 
vt 0.5995598435401917 0.0630498081445694 
vt 0.6106153130531311 0.0630498081445694 
vt 0.6106153130531311 0.0691237822175026 
vt 0.6216708421707153 0.0691237822175026 
vt 0.6106153130531311 0.07516492158174515 
vt 0.6216708421707153 0.07516492158174515 
vt 0.6106153130531311 0.08123890310525894 
vt 0.6216708421707153 0.08123890310525894 
vt 0.6216708421707153 0.0872800424695015 
vt 0.6327263116836548 0.0872800424695015 
vt 0.6327263116836548 0.09335401654243469 
vt 0.643781840801239 0.09335401654243469 
vt 0.6327263116836548 0.09942799061536789 
vt 0.643781840801239 0.09942799061536789 
vt 0.6216708421707153 0.09942799061536789 
vt 0.6216708421707153 0.09335401654243469 
vt 0.6106153130531311 0.0872800424695015 
vt 0.5995598435401917 0.08123890310525894 
vt 0.5995598435401917 0.07516492158174515 
vt 0.5885043144226074 0.08123890310525894 
vt 0.5885043144226074 0.07516492158174515 
vt 0.577448844909668 0.08123890310525894 
vt 0.577448844909668 0.07516492158174515 
vt 0.5663933157920837 0.0691237822175026 
vt 0.5553378462791443 0.0630498081445694 
vt 0.5442823171615601 0.0569758303463459 
vt 0.5442823171615601 0.05093468725681305 
vt 0.5442823171615601 0.04486071318387985 
vt 0.5332268476486206 0.04486071318387985 
vt 0.5332268476486206 0.038819570094347 
vt 0.577448844909668 0.0691237822175026 
vt 0.5663933157920837 0.0630498081445694 
vt 0.5553378462791443 0.0569758303463459 
vt 0.5553378462791443 0.05093468725681305 
vt 0.5553378462791443 0.04486071318387985 
vt 0.5442823171615601 0.038819570094347 
vt 0.5663933157920837 0.05093468725681305 
vt 0.5663933157920837 0.0569758303463459 
vt 0.577448844909668 0.0630498081445694 
vt 0.5885043144226074 0.0630498081445694 
vt 0.5885043144226074 0.0691237822175026 
vt 0.5995598435401917 0.0691237822175026 
vt 0.577448844909668 0.0569758303463459 
vt 0.577448844909668 0.05093468725681305 
vt 0.577448844909668 0.04486071318387985 
vt 0.5663933157920837 0.038819570094347 
vt 0.5663933157920837 0.04486071318387985 
vt 0.5553378462791443 0.038819570094347 
vt 0.4888833463191986 0.002441379940137267 
vt 0.4888833463191986 0.008515355177223682 
vt 0.49993884563446045 0.014556498266756535 
vt 0.5111158490180969 0.020630473271012306 
vt 0.49993884563446045 0.002441379940137267 
vt 0.49993884563446045 0.008515355177223682 
vt 0.5111158490180969 0.014556498266756535 
vt 0.5221713185310364 0.014556498266756535 
vt 0.5221713185310364 0.020630473271012306 
vt 0.5332268476486206 0.014556498266756535 
vt 0.5332268476486206 0.020630473271012306 
vt 0.5442823171615601 0.020630473271012306 
vt 0.4888833463191986 0.04486071318387985 
vt 0.4888833463191986 0.05093468725681305 
vt 0.4888833463191986 0.0569758303463459 
vt 0.49993884563446045 0.0630498081445694 
vt 0.5111158490180969 0.0691237822175026 
vt 0.49993884563446045 0.05093468725681305 
vt 0.49993884563446045 0.0569758303463459 
vt 0.5111158490180969 0.0630498081445694 
vt 0.5885043144226074 0.0872800424695015 
vt 0.5995598435401917 0.0872800424695015 
vt 0.6106153130531311 0.09335401654243469 
vt 0.5995598435401917 0.09335401654243469 
vt 0.5995598435401917 0.09942799061536789 
vt 0.6106153130531311 0.09942799061536789 
vt 0.6548373103141785 0.09335401654243469 
vt 0.643781840801239 0.0872800424695015 
vt 0.6548373103141785 0.0872800424695015 
vt 0.643781840801239 0.08123890310525894 
vt 0.6548373103141785 0.08123890310525894 
vt 0.6548373103141785 0.07516492158174515 
vt 0.6658928394317627 0.07516492158174515 
vt 0.6548373103141785 0.0691237822175026 
vt 0.6658928394317627 0.0691237822175026 
vt 0.6658928394317627 0.0630498081445694 
vt 0.6769483089447021 0.0691237822175026 
vt 0.6769483089447021 0.0630498081445694 
vt 0.6880038380622864 0.0691237822175026 
vt 0.6880038380622864 0.0630498081445694 
vt 0.6990593075752258 0.0691237822175026 
vt 0.6990593075752258 0.0630498081445694 
vt 0.7101148366928101 0.0691237822175026 
vt 0.7101148366928101 0.0630498081445694 
vt 0.7211703062057495 0.0630498081445694 
vt 0.7101148366928101 0.0569758303463459 
vt 0.7211703062057495 0.0569758303463459 
vt 0.7211703062057495 0.05093468725681305 
vt 0.7322258353233337 0.05093468725681305 
vt 0.7322258353233337 0.04486071318387985 
vt 0.7432813048362732 0.04486071318387985 
vt 0.7322258353233337 0.038819570094347 
vt 0.7432813048362732 0.038819570094347 
vt 0.7432813048362732 0.032745592296123505 
vt 0.7543368339538574 0.038819570094347 
vt 0.7543368339538574 0.032745592296123505 
vt 0.7653923034667969 0.038819570094347 
vt 0.7653923034667969 0.032745592296123505 
vt 0.7764478325843811 0.038819570094347 
vt 0.7764478325843811 0.032745592296123505 
vt 0.7875033020973206 0.038819570094347 
vt 0.7875033020973206 0.032745592296123505 
vt 0.7985588312149048 0.038819570094347 
vt 0.7543368339538574 0.04486071318387985 
vt 0.7543368339538574 0.05093468725681305 
vt 0.7432813048362732 0.05093468725681305 
vt 0.7432813048362732 0.0569758303463459 
vt 0.7322258353233337 0.0569758303463459 
vt 0.7432813048362732 0.0630498081445694 
vt 0.7322258353233337 0.0630498081445694 
vt 0.7432813048362732 0.0691237822175026 
vt 0.7322258353233337 0.0691237822175026 
vt 0.7322258353233337 0.07516492158174515 
vt 0.7211703062057495 0.0691237822175026 
vt 0.7211703062057495 0.07516492158174515 
vt 0.7101148366928101 0.07516492158174515 
vt 0.6990593075752258 0.07516492158174515 
vt 0.6880038380622864 0.07516492158174515 
vt 0.6769483089447021 0.07516492158174515 
vt 0.6769483089447021 0.08123890310525894 
vt 0.6658928394317627 0.08123890310525894 
vt 0.6658928394317627 0.0872800424695015 
vt 0.6658928394317627 0.09335401654243469 
vt 0.6548373103141785 0.09942799061536789 
vt 0.7653923034667969 0.04486071318387985 
vt 0.7653923034667969 0.05093468725681305 
vt 0.7764478325843811 0.05093468725681305 
vt 0.7653923034667969 0.0569758303463459 
vt 0.7764478325843811 0.0569758303463459 
vt 0.7764478325843811 0.0630498081445694 
vt 0.7875033020973206 0.0630498081445694 
vt 0.7764478325843811 0.0691237822175026 
vt 0.7875033020973206 0.0691237822175026 
vt 0.7875033020973206 0.07516492158174515 
vt 0.7985588312149048 0.0691237822175026 
vt 0.7985588312149048 0.07516492158174515 
vt 0.8096143007278442 0.0691237822175026 
vt 0.8096143007278442 0.07516492158174515 
vt 0.8206698298454285 0.07516492158174515 
vt 0.8096143007278442 0.08123890310525894 
vt 0.8206698298454285 0.08123890310525894 
vt 0.8206698298454285 0.0872800424695015 
vt 0.8317252993583679 0.0872800424695015 
vt 0.8317252993583679 0.09335401654243469 
vt 0.8427808284759521 0.09335401654243469 
vt 0.8317252993583679 0.09942799061536789 
vt 0.7985588312149048 0.0630498081445694 
vt 0.7875033020973206 0.0569758303463459 
vt 0.7875033020973206 0.05093468725681305 
vt 0.7764478325843811 0.04486071318387985 
vt 0.7985588312149048 0.05093468725681305 
vt 0.7985588312149048 0.0569758303463459 
vt 0.8096143007278442 0.0630498081445694 
vt 0.8206698298454285 0.0691237822175026 
vt 0.8317252993583679 0.07516492158174515 
vt 0.8317252993583679 0.08123890310525894 
vt 0.8427808284759521 0.07516492158174515 
vt 0.8427808284759521 0.08123890310525894 
vt 0.8317252993583679 0.0691237822175026 
vt 0.8206698298454285 0.0630498081445694 
vt 0.8096143007278442 0.0569758303463459 
vt 0.8096143007278442 0.05093468725681305 
vt 0.8096143007278442 0.04486071318387985 
vt 0.7985588312149048 0.04486071318387985 
vt 0.7875033020973206 0.04486071318387985 
vt 0.7543368339538574 0.0569758303463459 
vt 0.7653923034667969 0.0630498081445694 
vt 0.7543368339538574 0.0630498081445694 
vt 0.7653923034667969 0.0691237822175026 
vt 0.7543368339538574 0.0691237822175026 
vt 0.7653923034667969 0.07516492158174515 
vt 0.7543368339538574 0.07516492158174515 
vt 0.7653923034667969 0.08123890310525894 
vt 0.7543368339538574 0.08123890310525894 
vt 0.7653923034667969 0.0872800424695015 
vt 0.7543368339538574 0.0872800424695015 
vt 0.7653923034667969 0.09335401654243469 
vt 0.7543368339538574 0.09335401654243469 
vt 0.7543368339538574 0.09942799061536789 
vt 0.7432813048362732 0.09942799061536789 
vt 0.7432813048362732 0.07516492158174515 
vt 0.7432813048362732 0.08123890310525894 
vt 0.7322258353233337 0.08123890310525894 
vt 0.7211703062057495 0.08123890310525894 
vt 0.7322258353233337 0.0872800424695015 
vt 0.7211703062057495 0.0872800424695015 
vt 0.7322258353233337 0.09335401654243469 
vt 0.7211703062057495 0.09335401654243469 
vt 0.7211703062057495 0.09942799061536789 
vt 0.7101148366928101 0.09942799061536789 
vt 0.7432813048362732 0.0872800424695015 
vt 0.7432813048362732 0.09335401654243469 
vt 0.7322258353233337 0.09942799061536789 
vt 0.8427808284759521 0.0872800424695015 
vt 0.7101148366928101 0.08123890310525894 
vt 0.7101148366928101 0.0872800424695015 
vt 0.6990593075752258 0.08123890310525894 
vt 0.6990593075752258 0.0872800424695015 
vt 0.6880038380622864 0.08123890310525894 
vt 0.6880038380622864 0.0872800424695015 
vt 0.6769483089447021 0.0872800424695015 
vt 0.7101148366928101 0.09335401654243469 
vt 0.6990593075752258 0.09335401654243469 
vt 0.6880038380622864 0.09335401654243469 
vt 0.6769483089447021 0.09335401654243469 
vt 0.6990593075752258 0.09942799061536789 
vt 0.6880038380622864 0.09942799061536789 
vt 0.6769483089447021 0.09942799061536789 
vt 0.6658928394317627 0.09942799061536789 
vt 0.7653923034667969 0.09942799061536789 
vt 0.7764478325843811 0.09335401654243469 
vt 0.7764478325843811 0.09942799061536789 
vt 0.7875033020973206 0.09335401654243469 
vt 0.7875033020973206 0.09942799061536789 
vt 0.7985588312149048 0.09335401654243469 
vt 0.7985588312149048 0.09942799061536789 
vt 0.8096143007278442 0.09335401654243469 
vt 0.8096143007278442 0.09942799061536789 
vt 0.8206698298454285 0.09335401654243469 
vt 0.8206698298454285 0.09942799061536789 
vt 0.7764478325843811 0.0872800424695015 
vt 0.7875033020973206 0.0872800424695015 
vt 0.7985588312149048 0.0872800424695015 
vt 0.8096143007278442 0.0872800424695015 
vt 0.7764478325843811 0.08123890310525894 
vt 0.7875033020973206 0.08123890310525894 
vt 0.7985588312149048 0.08123890310525894 
vt 0.7764478325843811 0.07516492158174515 
vt 0.6327263116836548 0.08123890310525894 
vt 0.6327263116836548 0.07516492158174515 
vt 0.643781840801239 0.07516492158174515 
vt 0.6327263116836548 0.0691237822175026 
vt 0.643781840801239 0.0691237822175026 
vt 0.6327263116836548 0.0630498081445694 
vt 0.643781840801239 0.0630498081445694 
vt 0.6327263116836548 0.0569758303463459 
vt 0.643781840801239 0.0569758303463459 
vt 0.6327263116836548 0.05093468725681305 
vt 0.643781840801239 0.05093468725681305 
vt 0.6327263116836548 0.04486071318387985 
vt 0.643781840801239 0.04486071318387985 
vt 0.6327263116836548 0.038819570094347 
vt 0.643781840801239 0.038819570094347 
vt 0.6327263116836548 0.032745592296123505 
vt 0.643781840801239 0.032745592296123505 
vt 0.6327263116836548 0.026671618223190308 
vt 0.643781840801239 0.026671618223190308 
vt 0.6327263116836548 0.020630473271012306 
vt 0.643781840801239 0.020630473271012306 
vt 0.6327263116836548 0.014556498266756535 
vt 0.643781840801239 0.014556498266756535 
vt 0.6327263116836548 0.008515355177223682 
vt 0.643781840801239 0.008515355177223682 
vt 0.6327263116836548 0.002441379940137267 
vt 0.643781840801239 0.002441379940137267 
vt 0.6216708421707153 0.008515355177223682 
vt 0.6216708421707153 0.014556498266756535 
vt 0.6216708421707153 0.020630473271012306 
vt 0.6216708421707153 0.026671618223190308 
vt 0.6216708421707153 0.032745592296123505 
vt 0.6216708421707153 0.038819570094347 
vt 0.6216708421707153 0.04486071318387985 
vt 0.6216708421707153 0.05093468725681305 
vt 0.6216708421707153 0.0569758303463459 
vt 0.6106153130531311 0.0569758303463459 
vt 0.6216708421707153 0.0630498081445694 
vt 0.6106153130531311 0.05093468725681305 
vt 0.6106153130531311 0.04486071318387985 
vt 0.6106153130531311 0.038819570094347 
vt 0.5995598435401917 0.038819570094347 
vt 0.6106153130531311 0.032745592296123505 
vt 0.6106153130531311 0.026671618223190308 
vt 0.5995598435401917 0.032745592296123505 
vt 0.5995598435401917 0.026671618223190308 
vt 0.6106153130531311 0.020630473271012306 
vt 0.6106153130531311 0.014556498266756535 
vt 0.6106153130531311 0.008515355177223682 
vt 0.6216708421707153 0.002441379940137267 
vt 0.5995598435401917 0.008515355177223682 
vt 0.5995598435401917 0.014556498266756535 
vt 0.5885043144226074 0.008515355177223682 
vt 0.5885043144226074 0.014556498266756535 
vt 0.577448844909668 0.008515355177223682 
vt 0.577448844909668 0.014556498266756535 
vt 0.5663933157920837 0.008515355177223682 
vt 0.5663933157920837 0.014556498266756535 
vt 0.5553378462791443 0.008515355177223682 
vt 0.5553378462791443 0.014556498266756535 
vt 0.5442823171615601 0.008515355177223682 
vt 0.5442823171615601 0.014556498266756535 
vt 0.5332268476486206 0.008515355177223682 
vt 0.5221713185310364 0.008515355177223682 
vt 0.5111158490180969 0.008515355177223682 
vt 0.5221713185310364 0.002441379940137267 
vt 0.5332268476486206 0.002441379940137267 
vt 0.5442823171615601 0.002441379940137267 
vt 0.5553378462791443 0.002441379940137267 
vt 0.5663933157920837 0.002441379940137267 
vt 0.577448844909668 0.002441379940137267 
vt 0.5885043144226074 0.002441379940137267 
vt 0.5995598435401917 0.002441379940137267 
vt 0.6106153130531311 0.002441379940137267 
vt 0.5111158490180969 0.002441379940137267 
vt 0.5995598435401917 0.020630473271012306 
vt 0.5885043144226074 0.020630473271012306 
vt 0.577448844909668 0.020630473271012306 
vt 0.5663933157920837 0.020630473271012306 
vt 0.5553378462791443 0.020630473271012306 
vt 0.577448844909668 0.026671618223190308 
vt 0.5885043144226074 0.026671618223190308 
vt 0.5885043144226074 0.032745592296123505 
vt 0.6548373103141785 0.002441379940137267 
vt 0.6548373103141785 0.008515355177223682 
vt 0.6548373103141785 0.014556498266756535 
vt 0.6658928394317627 0.014556498266756535 
vt 0.6548373103141785 0.020630473271012306 
vt 0.6658928394317627 0.020630473271012306 
vt 0.6658928394317627 0.026671618223190308 
vt 0.6769483089447021 0.020630473271012306 
vt 0.6769483089447021 0.026671618223190308 
vt 0.6880038380622864 0.020630473271012306 
vt 0.6880038380622864 0.026671618223190308 
vt 0.6990593075752258 0.026671618223190308 
vt 0.6880038380622864 0.032745592296123505 
vt 0.6990593075752258 0.032745592296123505 
vt 0.6990593075752258 0.038819570094347 
vt 0.7101148366928101 0.038819570094347 
vt 0.7101148366928101 0.04486071318387985 
vt 0.7211703062057495 0.04486071318387985 
vt 0.7101148366928101 0.05093468725681305 
vt 0.6769483089447021 0.032745592296123505 
vt 0.6880038380622864 0.038819570094347 
vt 0.6769483089447021 0.038819570094347 
vt 0.6880038380622864 0.04486071318387985 
vt 0.6769483089447021 0.04486071318387985 
vt 0.6769483089447021 0.05093468725681305 
vt 0.6658928394317627 0.05093468725681305 
vt 0.6658928394317627 0.0569758303463459 
vt 0.6548373103141785 0.0569758303463459 
vt 0.6548373103141785 0.0630498081445694 
vt 0.6548373103141785 0.05093468725681305 
vt 0.6548373103141785 0.04486071318387985 
vt 0.6658928394317627 0.04486071318387985 
vt 0.6658928394317627 0.038819570094347 
vt 0.6548373103141785 0.038819570094347 
vt 0.6548373103141785 0.032745592296123505 
vt 0.6658928394317627 0.032745592296123505 
vt 0.6548373103141785 0.026671618223190308 
vt 0.6769483089447021 0.014556498266756535 
vt 0.6880038380622864 0.014556498266756535 
vt 0.6990593075752258 0.020630473271012306 
vt 0.6990593075752258 0.014556498266756535 
vt 0.7101148366928101 0.020630473271012306 
vt 0.7101148366928101 0.014556498266756535 
vt 0.7211703062057495 0.020630473271012306 
vt 0.7211703062057495 0.014556498266756535 
vt 0.7322258353233337 0.020630473271012306 
vt 0.7322258353233337 0.014556498266756535 
vt 0.7432813048362732 0.020630473271012306 
vt 0.7432813048362732 0.014556498266756535 
vt 0.7543368339538574 0.020630473271012306 
vt 0.7543368339538574 0.014556498266756535 
vt 0.7653923034667969 0.020630473271012306 
vt 0.7653923034667969 0.014556498266756535 
vt 0.7764478325843811 0.014556498266756535 
vt 0.7653923034667969 0.008515355177223682 
vt 0.7543368339538574 0.008515355177223682 
vt 0.7432813048362732 0.008515355177223682 
vt 0.7322258353233337 0.008515355177223682 
vt 0.7211703062057495 0.008515355177223682 
vt 0.7101148366928101 0.008515355177223682 
vt 0.6990593075752258 0.008515355177223682 
vt 0.6880038380622864 0.008515355177223682 
vt 0.6769483089447021 0.008515355177223682 
vt 0.6658928394317627 0.008515355177223682 
vt 0.7543368339538574 0.002441379940137267 
vt 0.7432813048362732 0.002441379940137267 
vt 0.7322258353233337 0.002441379940137267 
vt 0.7211703062057495 0.002441379940137267 
vt 0.7101148366928101 0.002441379940137267 
vt 0.6990593075752258 0.002441379940137267 
vt 0.6880038380622864 0.002441379940137267 
vt 0.6769483089447021 0.002441379940137267 
vt 0.6658928394317627 0.002441379940137267 
vt 0.7653923034667969 0.002441379940137267 
vt 0.7211703062057495 0.038819570094347 
vt 0.7211703062057495 0.032745592296123505 
vt 0.7322258353233337 0.032745592296123505 
vt 0.7322258353233337 0.026671618223190308 
vt 0.7432813048362732 0.026671618223190308 
vt 0.7543368339538574 0.026671618223190308 
vt 0.7653923034667969 0.026671618223190308 
vt 0.7764478325843811 0.026671618223190308 
vt 0.7764478325843811 0.020630473271012306 
vt 0.7101148366928101 0.032745592296123505 
vt 0.7211703062057495 0.026671618223190308 
vt 0.7101148366928101 0.026671618223190308 
vt 0.6990593075752258 0.04486071318387985 
vt 0.6990593075752258 0.05093468725681305 
vt 0.6880038380622864 0.05093468725681305 
vt 0.6880038380622864 0.0569758303463459 
vt 0.6769483089447021 0.0569758303463459 
vt 0.6990593075752258 0.0569758303463459 
vt 0.7875033020973206 0.026671618223190308 
vt 0.7875033020973206 0.020630473271012306 
vt 0.8206698298454285 0.0569758303463459 
vt 0.8317252993583679 0.0630498081445694 
vt 0.8427808284759521 0.0630498081445694 
vt 0.8427808284759521 0.0691237822175026 
vt 0.8538362979888916 0.0630498081445694 
vt 0.8538362979888916 0.0691237822175026 
vt 0.8648918271064758 0.0630498081445694 
vt 0.8759472966194153 0.0630498081445694 
vt 0.7211703062057495 0.14913609623908997 
vt 0.7211703062057495 0.15521007776260376 
vt 0.7211703062057495 0.1612512171268463 
vt 0.7322258353233337 0.1612512171268463 
vt 0.7211703062057495 0.1673251837491989 
vt 0.7322258353233337 0.1673251837491989 
vt 0.7322258353233337 0.17336633801460266 
vt 0.7432813048362732 0.1673251837491989 
vt 0.7432813048362732 0.17336633801460266 
vt 0.7543368339538574 0.17336633801460266 
vt 0.7543368339538574 0.1673251837491989 
vt 0.7432813048362732 0.1612512171268463 
vt 0.7322258353233337 0.15521007776260376 
vt 0.7322258353233337 0.14913609623908997 
vt 0.7322258353233337 0.14306211471557617 
vt 0.7543368339538574 0.1612512171268463 
vt 0.7432813048362732 0.15521007776260376 
vt 0.7432813048362732 0.14913609623908997 
vt 0.7432813048362732 0.14306211471557617 
vt 0.7322258353233337 0.13702097535133362 
vt 0.7543368339538574 0.14913609623908997 
vt 0.7543368339538574 0.15521007776260376 
vt 0.7653923034667969 0.1612512171268463 
vt 0.7653923034667969 0.1673251837491989 
vt 0.7764478325843811 0.1612512171268463 
vt 0.7764478325843811 0.1673251837491989 
vt 0.7875033020973206 0.1673251837491989 
vt 0.7875033020973206 0.17336633801460266 
vt 0.7543368339538574 0.14306211471557617 
vt 0.7432813048362732 0.13702097535133362 
vt 0.7432813048362732 0.13094700872898102 
vt 0.7322258353233337 0.13094700872898102 
vt 0.7543368339538574 0.13702097535133362 
vt 0.7653923034667969 0.14913609623908997 
vt 0.7653923034667969 0.15521007776260376 
vt 0.7211703062057495 0.17336633801460266 
vt 0.7653923034667969 0.17336633801460266 
vt 0.7764478325843811 0.17336633801460266 
vt 0.11299639195203781 0.17336633801460266 
s on 
f 1/1/1 2/2/2 3/3/3 
f 2/2/2 4/4/4 3/3/3 
f 3/3/3 4/4/4 5/5/5 
f 4/4/4 6/6/6 5/5/5 
f 5/5/5 6/6/6 7/7/7 
f 6/6/6 8/8/8 7/7/7 
f 7/7/7 8/8/8 9/9/9 
f 8/8/8 10/10/10 9/9/9 
f 9/9/9 10/10/10 11/11/11 
f 10/10/10 12/12/12 11/11/11 
f 11/11/11 12/12/12 13/13/13 
f 12/12/12 14/14/14 13/13/13 
f 13/13/13 14/14/14 15/15/15 
f 14/14/14 16/16/16 15/15/15 
f 15/15/15 16/16/16 17/17/17 
f 16/16/16 18/18/18 17/17/17 
f 17/17/17 18/18/18 19/19/19 
f 18/18/18 20/20/20 19/19/19 
f 19/19/19 20/20/20 21/21/21 
f 20/20/20 22/22/22 21/21/21 
f 21/21/21 22/22/22 23/23/23 
f 22/22/22 24/24/24 23/23/23 
f 23/23/23 24/24/24 25/25/25 
f 24/24/24 26/26/26 25/25/25 
f 25/25/25 26/26/26 27/27/27 
f 26/26/26 28/28/28 27/27/27 
f 27/27/27 28/28/28 29/29/29 
f 28/28/28 30/30/30 29/29/29 
f 29/29/29 30/30/30 31/31/31 
f 30/30/30 32/32/32 31/31/31 
f 31/31/31 32/32/32 33/33/33 
f 32/32/32 34/34/34 33/33/33 
f 33/33/33 34/34/34 34/34/34 
f 34/34/34 32/32/32 34/34/34 
f 34/34/34 32/32/32 32/32/32 
f 32/32/32 30/30/30 32/32/32 
f 32/32/32 30/30/30 35/35/35 
f 30/30/30 28/28/28 35/35/35 
f 35/35/35 28/28/28 36/36/36 
f 28/28/28 37/37/37 36/36/36 
f 36/36/36 37/37/37 38/38/38 
f 37/37/37 39/39/39 38/38/38 
f 38/38/38 39/39/39 40/40/40 
f 39/39/39 41/41/41 40/40/40 
f 40/40/40 41/41/41 42/42/42 
f 41/41/41 43/43/43 42/42/42 
f 42/42/42 43/43/43 44/44/44 
f 43/43/43 45/45/45 44/44/44 
f 44/44/44 45/45/45 46/46/46 
f 45/45/45 47/47/47 46/46/46 
f 46/46/46 47/47/47 48/48/48 
f 47/47/47 49/49/49 48/48/48 
f 48/48/48 49/49/49 50/50/50 
f 49/49/49 51/51/51 50/50/50 
f 50/50/50 51/51/51 52/52/52 
f 51/51/51 53/53/53 52/52/52 
f 52/52/52 53/53/53 54/54/54 
f 53/53/53 55/55/55 54/54/54 
f 54/54/54 55/55/55 56/56/56 
f 55/55/55 57/57/57 56/56/56 
f 56/56/56 57/57/57 58/58/58 
f 57/57/57 59/59/59 58/58/58 
f 58/58/58 59/59/59 60/60/60 
f 59/59/59 61/61/61 60/60/60 
f 60/60/60 61/61/61 62/62/62 
f 61/61/61 63/63/63 62/62/62 
f 62/62/62 63/63/63 64/64/64 
f 63/63/63 65/65/65 64/64/64 
f 64/64/64 65/65/65 66/66/66 
f 65/65/65 67/67/67 66/66/66 
f 66/66/66 67/67/67 68/68/68 
f 67/67/67 69/69/69 68/68/68 
f 68/68/68 69/69/69 70/70/70 
f 69/69/69 71/71/71 70/70/70 
f 70/70/70 71/71/71 72/72/72 
f 71/71/71 73/73/73 72/72/72 
f 72/72/72 73/73/73 74/74/74 
f 73/73/73 75/75/75 74/74/74 
f 74/74/74 75/75/75 76/76/76 
f 75/75/75 77/77/77 76/76/76 
f 76/76/76 77/77/77 78/78/78 
f 77/77/77 79/79/79 78/78/78 
f 78/78/78 79/79/79 80/80/80 
f 79/79/79 81/81/81 80/80/80 
f 80/80/80 81/81/81 82/82/82 
f 81/81/81 83/83/83 82/82/82 
f 82/82/82 83/83/83 84/84/84 
f 83/83/83 85/85/85 84/84/84 
f 84/84/84 85/85/85 86/86/86 
f 85/85/85 86/86/86 86/86/86 
f 86/86/86 86/86/86 62/62/62 
f 86/86/86 62/62/62 62/62/62 
f 62/62/62 62/62/62 62/62/62 
f 62/62/62 64/64/64 62/62/62 
f 62/62/62 64/64/64 87/87/87 
f 64/64/64 66/66/66 87/87/87 
f 87/87/87 66/66/66 88/88/88 
f 66/66/66 68/68/68 88/88/88 
f 88/88/88 68/68/68 89/89/89 
f 68/68/68 70/70/70 89/89/89 
f 89/89/89 70/70/70 90/90/90 
f 70/70/70 72/72/72 90/90/90 
f 90/90/90 72/72/72 91/91/91 
f 72/72/72 74/74/74 91/91/91 
f 91/91/91 74/74/74 92/92/92 
f 74/74/74 76/76/76 92/92/92 
f 92/92/92 76/76/76 93/93/93 
f 76/76/76 78/78/78 93/93/93 
f 93/93/93 78/78/78 94/94/94 
f 78/78/78 80/80/80 94/94/94 
f 94/94/94 80/80/80 95/95/95 
f 80/80/80 82/82/82 95/95/95 
f 95/95/95 82/82/82 96/96/96 
f 82/82/82 84/84/84 96/96/96 
f 96/96/96 84/84/84 97/97/97 
f 84/84/84 98/98/98 97/97/97 
f 97/97/97 98/98/98 99/99/99 
f 98/98/98 100/100/100 99/99/99 
f 99/99/99 100/100/100 101/101/101 
f 100/100/100 102/102/102 101/101/101 
f 101/101/101 102/102/102 103/103/103 
f 102/102/102 104/104/104 103/103/103 
f 103/103/103 104/104/104 105/105/105 
f 104/104/104 106/106/106 105/105/105 
f 105/105/105 106/106/106 107/107/107 
f 106/106/106 108/108/108 107/107/107 
f 107/107/107 108/108/108 109/109/109 
f 108/108/108 110/110/110 109/109/109 
f 109/109/109 110/110/110 111/111/111 
f 110/110/110 112/112/112 111/111/111 
f 111/111/111 112/112/112 113/113/113 
f 112/112/112 114/114/114 113/113/113 
f 113/113/113 114/114/114 115/115/115 
f 114/114/114 116/116/116 115/115/115 
f 115/115/115 116/116/116 117/117/117 
f 116/116/116 118/118/118 117/117/117 
f 117/117/117 118/118/118 119/119/119 
f 118/118/118 120/120/120 119/119/119 
f 119/119/119 120/120/120 121/121/121 
f 120/120/120 122/122/122 121/121/121 
f 121/121/121 122/122/122 123/123/123 
f 122/122/122 124/124/124 123/123/123 
f 123/123/123 124/124/124 125/125/125 
f 124/124/124 126/126/126 125/125/125 
f 125/125/125 126/126/126 127/127/127 
f 126/126/126 128/128/128 127/127/127 
f 127/127/127 128/128/128 129/129/129 
f 128/128/128 130/130/130 129/129/129 
f 129/129/129 130/130/130 131/131/131 
f 130/130/130 132/132/132 131/131/131 
f 131/131/131 132/132/132 133/133/133 
f 132/132/132 134/134/134 133/133/133 
f 133/133/133 134/134/134 135/135/135 
f 134/134/134 136/136/136 135/135/135 
f 135/135/135 136/136/136 137/137/137 
f 136/136/136 138/138/138 137/137/137 
f 137/137/137 138/138/138 139/139/139 
f 138/138/138 140/140/140 139/139/139 
f 139/139/139 140/140/140 141/141/141 
f 140/140/140 142/142/142 141/141/141 
f 141/141/141 142/142/142 143/143/143 
f 142/142/142 144/144/144 143/143/143 
f 143/143/143 144/144/144 145/145/145 
f 144/144/144 146/146/146 145/145/145 
f 145/145/145 146/146/146 147/147/147 
f 146/146/146 148/148/148 147/147/147 
f 147/147/147 148/148/148 149/149/149 
f 148/148/148 150/150/150 149/149/149 
f 149/149/149 150/150/150 151/151/151 
f 150/150/150 152/152/152 151/151/151 
f 151/151/151 152/152/152 153/153/153 
f 152/152/152 154/154/154 153/153/153 
f 153/153/153 154/154/154 155/155/155 
f 154/154/154 156/156/156 155/155/155 
f 155/155/155 156/156/156 157/157/157 
f 156/156/156 158/158/158 157/157/157 
f 157/157/157 158/158/158 159/159/159 
f 158/158/158 160/160/160 159/159/159 
f 159/159/159 160/160/160 161/161/161 
f 160/160/160 162/162/162 161/161/161 
f 161/161/161 162/162/162 163/163/163 
f 162/162/162 164/164/164 163/163/163 
f 163/163/163 164/164/164 165/165/165 
f 164/164/164 166/166/166 165/165/165 
f 165/165/165 166/166/166 167/167/167 
f 166/166/166 168/168/168 167/167/167 
f 167/167/167 168/168/168 169/169/169 
f 168/168/168 170/170/170 169/169/169 
f 169/169/169 170/170/170 171/171/171 
f 170/170/170 172/172/172 171/171/171 
f 171/171/171 172/172/172 173/173/173 
f 172/172/172 174/174/174 173/173/173 
f 173/173/173 174/174/174 175/175/175 
f 174/174/174 176/176/176 175/175/175 
f 175/175/175 176/176/176 177/177/177 
f 176/176/176 178/178/178 177/177/177 
f 177/177/177 178/178/178 179/179/179 
f 178/178/178 180/180/180 179/179/179 
f 179/179/179 180/180/180 181/181/181 
f 180/180/180 182/182/182 181/181/181 
f 181/181/181 182/182/182 183/183/183 
f 182/182/182 184/184/184 183/183/183 
f 183/183/183 184/184/184 185/185/185 
f 184/184/184 186/186/186 185/185/185 
f 185/185/185 186/186/186 187/187/187 
f 186/186/186 188/188/188 187/187/187 
f 187/187/187 188/188/188 189/189/189 
f 188/188/188 190/190/190 189/189/189 
f 189/189/189 190/190/190 191/191/191 
f 190/190/190 192/192/192 191/191/191 
f 191/191/191 192/192/192 193/193/193 
f 192/192/192 194/194/194 193/193/193 
f 193/193/193 194/194/194 195/195/195 
f 194/194/194 196/196/196 195/195/195 
f 195/195/195 196/196/196 197/197/197 
f 196/196/196 198/198/198 197/197/197 
f 197/197/197 198/198/198 199/199/199 
f 198/198/198 200/200/200 199/199/199 
f 199/199/199 200/200/200 201/201/201 
f 200/200/200 202/202/202 201/201/201 
f 201/201/201 202/202/202 203/203/203 
f 202/202/202 204/204/204 203/203/203 
f 203/203/203 204/204/204 205/205/205 
f 204/204/204 206/206/206 205/205/205 
f 205/205/205 206/206/206 207/207/207 
f 206/206/206 208/208/208 207/207/207 
f 207/207/207 208/208/208 209/209/209 
f 208/208/208 210/210/210 209/209/209 
f 209/209/209 210/210/210 211/211/211 
f 210/210/210 212/212/212 211/211/211 
f 211/211/211 212/212/212 213/213/213 
f 212/212/212 214/214/214 213/213/213 
f 213/213/213 214/214/214 215/215/215 
f 214/214/214 216/216/216 215/215/215 
f 215/215/215 216/216/216 217/217/217 
f 216/216/216 218/218/218 217/217/217 
f 217/217/217 218/218/218 219/219/219 
f 218/218/218 220/220/220 219/219/219 
f 219/219/219 220/220/220 221/221/221 
f 220/220/220 222/222/222 221/221/221 
f 221/221/221 222/222/222 223/223/223 
f 222/222/222 224/224/224 223/223/223 
f 223/223/223 224/224/224 225/225/225 
f 224/224/224 226/226/226 225/225/225 
f 225/225/225 226/226/226 227/227/227 
f 226/226/226 228/228/228 227/227/227 
f 227/227/227 228/228/228 229/229/229 
f 228/228/228 230/230/230 229/229/229 
f 229/229/229 230/230/230 231/231/231 
f 230/230/230 232/232/232 231/231/231 
f 231/231/231 232/232/232 233/233/233 
f 232/232/232 234/234/234 233/233/233 
f 233/233/233 234/234/234 235/235/235 
f 234/234/234 235/235/235 235/235/235 
f 235/235/235 235/235/235 117/117/117 
f 235/235/235 117/117/117 117/117/117 
f 117/117/117 117/117/117 117/117/117 
f 117/117/117 119/119/119 117/117/117 
f 117/117/117 119/119/119 236/236/236 
f 119/119/119 121/121/121 236/236/236 
f 236/236/236 121/121/121 237/237/237 
f 121/121/121 123/123/123 237/237/237 
f 237/237/237 123/123/123 238/238/238 
f 123/123/123 125/125/125 238/238/238 
f 238/238/238 125/125/125 239/239/239 
f 125/125/125 127/127/127 239/239/239 
f 239/239/239 127/127/127 240/240/240 
f 127/127/127 129/129/129 240/240/240 
f 240/240/240 129/129/129 241/241/241 
f 129/129/129 131/131/131 241/241/241 
f 241/241/241 131/131/131 242/242/242 
f 131/131/131 133/133/133 242/242/242 
f 242/242/242 133/133/133 243/243/243 
f 133/133/133 135/135/135 243/243/243 
f 243/243/243 135/135/135 244/244/244 
f 135/135/135 137/137/137 244/244/244 
f 244/244/244 137/137/137 245/245/245 
f 137/137/137 139/139/139 245/245/245 
f 245/245/245 139/139/139 246/246/246 
f 139/139/139 247/247/247 246/246/246 
f 246/246/246 247/247/247 248/248/248 
f 247/247/247 249/249/249 248/248/248 
f 248/248/248 249/249/249 250/250/250 
f 249/249/249 251/251/251 250/250/250 
f 250/250/250 251/251/251 252/252/252 
f 251/251/251 253/253/253 252/252/252 
f 252/252/252 253/253/253 254/254/254 
f 253/253/253 255/255/255 254/254/254 
f 254/254/254 255/255/255 256/256/256 
f 255/255/255 257/257/257 256/256/256 
f 256/256/256 257/257/257 258/258/258 
f 257/257/257 259/259/259 258/258/258 
f 258/258/258 259/259/259 260/260/260 
f 259/259/259 261/261/261 260/260/260 
f 260/260/260 261/261/261 262/262/262 
f 261/261/261 263/263/263 262/262/262 
f 262/262/262 263/263/263 264/264/264 
f 263/263/263 265/265/265 264/264/264 
f 264/264/264 265/265/265 266/266/266 
f 265/265/265 267/267/267 266/266/266 
f 266/266/266 267/267/267 268/268/268 
f 267/267/267 269/269/269 268/268/268 
f 268/268/268 269/269/269 270/270/270 
f 269/269/269 271/271/271 270/270/270 
f 270/270/270 271/271/271 272/272/272 
f 271/271/271 273/273/273 272/272/272 
f 272/272/272 273/273/273 274/274/274 
f 273/273/273 275/275/275 274/274/274 
f 274/274/274 275/275/275 276/276/276 
f 275/275/275 277/277/277 276/276/276 
f 276/276/276 277/277/277 278/278/278 
f 277/277/277 279/279/279 278/278/278 
f 278/278/278 279/279/279 280/280/280 
f 279/279/279 281/281/281 280/280/280 
f 280/280/280 281/281/281 282/282/282 
f 281/281/281 283/283/283 282/282/282 
f 282/282/282 283/283/283 284/284/284 
f 283/283/283 285/285/285 284/284/284 
f 284/284/284 285/285/285 286/286/286 
f 285/285/285 287/287/287 286/286/286 
f 286/286/286 287/287/287 288/288/288 
f 287/287/287 289/289/289 288/288/288 
f 288/288/288 289/289/289 290/290/290 
f 289/289/289 291/291/291 290/290/290 
f 290/290/290 291/291/291 292/292/292 
f 291/291/291 293/293/293 292/292/292 
f 292/292/292 293/293/293 294/294/294 
f 293/293/293 295/295/295 294/294/294 
f 294/294/294 295/295/295 296/296/296 
f 295/295/295 297/297/297 296/296/296 
f 296/296/296 297/297/297 297/297/297 
f 297/297/297 283/283/283 297/297/297 
f 297/297/297 283/283/283 283/283/283 
f 283/283/283 281/281/281 283/283/283 
f 283/283/283 281/281/281 298/298/298 
f 281/281/281 299/299/299 298/298/298 
f 298/298/298 299/299/299 300/300/300 
f 299/299/299 277/277/277 300/300/300 
f 300/300/300 277/277/277 301/301/301 
f 277/277/277 275/275/275 301/301/301 
f 301/301/301 275/275/275 302/302/302 
f 275/275/275 273/273/273 302/302/302 
f 302/302/302 273/273/273 303/303/303 
f 273/273/273 271/271/271 303/303/303 
f 303/303/303 271/271/271 304/304/304 
f 271/271/271 305/305/305 304/304/304 
f 304/304/304 305/305/305 306/306/306 
f 305/305/305 307/307/307 306/306/306 
f 306/306/306 307/307/307 308/308/308 
f 307/307/307 309/309/309 308/308/308 
f 308/308/308 309/309/309 159/159/159 
f 309/309/309 157/157/157 159/159/159 
f 159/159/159 157/157/157 157/157/157 
f 157/157/157 271/271/271 157/157/157 
f 157/157/157 271/271/271 271/271/271 
f 271/271/271 269/269/269 271/271/271 
f 271/271/271 269/269/269 305/305/305 
f 269/269/269 310/310/310 305/305/305 
f 305/305/305 310/310/310 307/307/307 
f 310/310/310 311/311/311 307/307/307 
f 307/307/307 311/311/311 309/309/309 
f 311/311/311 312/312/312 309/309/309 
f 309/309/309 312/312/312 313/313/313 
f 312/312/312 314/314/314 313/313/313 
f 313/313/313 314/314/314 155/155/155 
f 314/314/314 153/153/153 155/155/155 
f 155/155/155 153/153/153 153/153/153 
f 153/153/153 269/269/269 153/153/153 
f 153/153/153 269/269/269 269/269/269 
f 269/269/269 267/267/267 269/269/269 
f 269/269/269 267/267/267 310/310/310 
f 267/267/267 315/315/315 310/310/310 
f 310/310/310 315/315/315 311/311/311 
f 315/315/315 312/312/312 311/311/311 
f 311/311/311 312/312/312 312/312/312 
f 312/312/312 267/267/267 312/312/312 
f 312/312/312 267/267/267 267/267/267 
f 267/267/267 265/265/265 267/267/267 
f 267/267/267 265/265/265 315/315/315 
f 265/265/265 316/316/316 315/315/315 
f 315/315/315 316/316/316 312/312/312 
f 316/316/316 317/317/317 312/312/312 
f 312/312/312 317/317/317 318/318/318 
f 317/317/317 319/319/319 318/318/318 
f 318/318/318 319/319/319 320/320/320 
f 319/319/319 321/321/321 320/320/320 
f 320/320/320 321/321/321 322/322/322 
f 321/321/321 323/323/323 322/322/322 
f 322/322/322 323/323/323 149/149/149 
f 323/323/323 147/147/147 149/149/149 
f 149/149/149 147/147/147 147/147/147 
f 147/147/147 316/316/316 147/147/147 
f 147/147/147 316/316/316 316/316/316 
f 316/316/316 263/263/263 316/316/316 
f 316/316/316 263/263/263 317/317/317 
f 263/263/263 261/261/261 317/317/317 
f 317/317/317 261/261/261 324/324/324 
f 261/261/261 259/259/259 324/324/324 
f 324/324/324 259/259/259 325/325/325 
f 259/259/259 326/326/326 325/325/325 
f 325/325/325 326/326/326 321/321/321 
f 326/326/326 327/327/327 321/321/321 
f 321/321/321 327/327/327 323/323/323 
f 327/327/327 328/328/328 323/323/323 
f 323/323/323 328/328/328 329/329/329 
f 328/328/328 330/330/330 329/329/329 
f 329/329/329 330/330/330 331/331/331 
f 330/330/330 249/249/249 331/331/331 
f 331/331/331 249/249/249 247/247/247 
f 249/249/249 247/247/247 247/247/247 
f 247/247/247 247/247/247 249/249/249 
f 247/247/247 249/249/249 249/249/249 
f 249/249/249 249/249/249 249/249/249 
f 249/249/249 330/330/330 249/249/249 
f 249/249/249 330/330/330 251/251/251 
f 330/330/330 328/328/328 251/251/251 
f 251/251/251 328/328/328 332/332/332 
f 328/328/328 327/327/327 332/332/332 
f 332/332/332 327/327/327 326/326/326 
f 327/327/327 326/326/326 326/326/326 
f 326/326/326 326/326/326 326/326/326 
f 326/326/326 255/255/255 326/326/326 
f 326/326/326 255/255/255 332/332/332 
f 255/255/255 253/253/253 332/332/332 
f 332/332/332 253/253/253 251/251/251 
f 253/253/253 251/251/251 251/251/251 
f 251/251/251 251/251/251 255/255/255 
f 251/251/251 255/255/255 255/255/255 
f 255/255/255 255/255/255 255/255/255 
f 255/255/255 326/326/326 255/255/255 
f 255/255/255 326/326/326 257/257/257 
f 326/326/326 259/259/259 257/257/257 
f 257/257/257 259/259/259 259/259/259 
f 259/259/259 65/65/65 259/259/259 
f 259/259/259 65/65/65 65/65/65 
f 65/65/65 63/63/63 65/65/65 
f 65/65/65 63/63/63 333/333/333 
f 63/63/63 334/334/334 333/333/333 
f 333/333/333 334/334/334 334/334/334 
f 334/334/334 63/63/63 334/334/334 
f 334/334/334 63/63/63 335/335/335 
f 63/63/63 61/61/61 335/335/335 
f 335/335/335 61/61/61 336/336/336 
f 61/61/61 59/59/59 336/336/336 
f 336/336/336 59/59/59 337/337/337 
f 59/59/59 57/57/57 337/337/337 
f 337/337/337 57/57/57 338/338/338 
f 57/57/57 339/339/339 338/338/338 
f 338/338/338 339/339/339 340/340/340 
f 339/339/339 341/341/341 340/340/340 
f 340/340/340 341/341/341 342/342/342 
f 341/341/341 343/343/343 342/342/342 
f 342/342/342 343/343/343 344/344/344 
f 343/343/343 345/345/345 344/344/344 
f 344/344/344 345/345/345 346/346/346 
f 345/345/345 347/347/347 346/346/346 
f 346/346/346 347/347/347 348/348/348 
f 347/347/347 349/349/349 348/348/348 
f 348/348/348 349/349/349 350/350/350 
f 349/349/349 351/351/351 350/350/350 
f 350/350/350 351/351/351 352/352/352 
f 351/351/351 353/353/353 352/352/352 
f 352/352/352 353/353/353 354/354/354 
f 353/353/353 355/355/355 354/354/354 
f 354/354/354 355/355/355 24/24/24 
f 355/355/355 37/37/37 24/24/24 
f 24/24/24 37/37/37 26/26/26 
f 37/37/37 28/28/28 26/26/26 
f 26/26/26 28/28/28 28/28/28 
f 28/28/28 342/342/342 28/28/28 
f 28/28/28 342/342/342 342/342/342 
f 342/342/342 344/344/344 342/342/342 
f 342/342/342 344/344/344 356/356/356 
f 344/344/344 346/346/346 356/356/356 
f 356/356/356 346/346/346 357/357/357 
f 346/346/346 348/348/348 357/357/357 
f 357/357/357 348/348/348 358/358/358 
f 348/348/348 350/350/350 358/358/358 
f 358/358/358 350/350/350 359/359/359 
f 350/350/350 352/352/352 359/359/359 
f 359/359/359 352/352/352 360/360/360 
f 352/352/352 354/354/354 360/360/360 
f 360/360/360 354/354/354 20/20/20 
f 354/354/354 22/22/22 20/20/20 
f 20/20/20 22/22/22 22/22/22 
f 22/22/22 359/359/359 22/22/22 
f 22/22/22 359/359/359 359/359/359 
f 359/359/359 16/16/16 359/359/359 
f 359/359/359 16/16/16 358/358/358 
f 16/16/16 361/361/361 358/358/358 
f 358/358/358 361/361/361 357/357/357 
f 361/361/361 362/362/362 357/357/357 
f 357/357/357 362/362/362 356/356/356 
f 362/362/362 363/363/363 356/356/356 
f 356/356/356 363/363/363 364/364/364 
f 363/363/363 365/365/365 364/364/364 
f 364/364/364 365/365/365 366/366/366 
f 365/365/365 367/367/367 366/366/366 
f 366/366/366 367/367/367 368/368/368 
f 367/367/367 369/369/369 368/368/368 
f 368/368/368 369/369/369 370/370/370 
f 369/369/369 371/371/371 370/370/370 
f 370/370/370 371/371/371 372/372/372 
f 371/371/371 372/372/372 372/372/372 
f 372/372/372 372/372/372 371/371/371 
f 372/372/372 371/371/371 371/371/371 
f 371/371/371 371/371/371 371/371/371 
f 371/371/371 369/369/369 371/371/371 
f 371/371/371 369/369/369 373/373/373 
f 369/369/369 367/367/367 373/373/373 
f 373/373/373 367/367/367 374/374/374 
f 367/367/367 365/365/365 374/374/374 
f 374/374/374 365/365/365 375/375/375 
f 365/365/365 363/363/363 375/375/375 
f 375/375/375 363/363/363 376/376/376 
f 363/363/363 362/362/362 376/376/376 
f 376/376/376 362/362/362 377/377/377 
f 362/362/362 361/361/361 377/377/377 
f 377/377/377 361/361/361 12/12/12 
f 361/361/361 14/14/14 12/12/12 
f 12/12/12 14/14/14 14/14/14 
f 14/14/14 376/376/376 14/14/14 
f 14/14/14 376/376/376 376/376/376 
f 376/376/376 8/8/8 376/376/376 
f 376/376/376 8/8/8 375/375/375 
f 8/8/8 378/378/378 375/375/375 
f 375/375/375 378/378/378 374/374/374 
f 378/378/378 379/379/379 374/374/374 
f 374/374/374 379/379/379 373/373/373 
f 379/379/379 380/380/380 373/373/373 
f 373/373/373 380/380/380 381/381/381 
f 380/380/380 381/381/381 381/381/381 
f 381/381/381 381/381/381 380/380/380 
f 381/381/381 380/380/380 380/380/380 
f 380/380/380 380/380/380 380/380/380 
f 380/380/380 379/379/379 380/380/380 
f 380/380/380 379/379/379 382/382/382 
f 379/379/379 383/383/383 382/382/382 
f 382/382/382 383/383/383 4/4/4 
f 383/383/383 378/378/378 4/4/4 
f 4/4/4 378/378/378 6/6/6 
f 378/378/378 8/8/8 6/6/6 
f 6/6/6 8/8/8 8/8/8 
f 8/8/8 246/246/246 8/8/8 
f 8/8/8 246/246/246 246/246/246 
f 246/246/246 248/248/248 246/246/246 
f 246/246/246 248/248/248 245/245/245 
f 248/248/248 384/384/384 245/245/245 
f 245/245/245 384/384/384 244/244/244 
f 384/384/384 385/385/385 244/244/244 
f 244/244/244 385/385/385 386/386/386 
f 385/385/385 387/387/387 386/386/386 
f 386/386/386 387/387/387 388/388/388 
f 387/387/387 389/389/389 388/388/388 
f 388/388/388 389/389/389 390/390/390 
f 389/389/389 391/391/391 390/390/390 
f 390/390/390 391/391/391 392/392/392 
f 391/391/391 393/393/393 392/392/392 
f 392/392/392 393/393/393 394/394/394 
f 393/393/393 395/395/395 394/394/394 
f 394/394/394 395/395/395 396/396/396 
f 395/395/395 397/397/397 396/396/396 
f 396/396/396 397/397/397 398/398/398 
f 397/397/397 399/399/399 398/398/398 
f 398/398/398 399/399/399 400/400/400 
f 399/399/399 401/401/401 400/400/400 
f 400/400/400 401/401/401 402/402/402 
f 401/401/401 403/403/403 402/402/402 
f 402/402/402 403/403/403 404/404/404 
f 403/403/403 405/405/405 404/404/404 
f 404/404/404 405/405/405 406/406/406 
f 405/405/405 407/407/407 406/406/406 
f 406/406/406 407/407/407 408/408/408 
f 407/407/407 409/409/409 408/408/408 
f 408/408/408 409/409/409 410/410/410 
f 409/409/409 411/411/411 410/410/410 
f 410/410/410 411/411/411 412/412/412 
f 411/411/411 413/413/413 412/412/412 
f 412/412/412 413/413/413 414/414/414 
f 413/413/413 414/414/414 414/414/414 
f 414/414/414 414/414/414 390/390/390 
f 414/414/414 390/390/390 390/390/390 
f 390/390/390 390/390/390 390/390/390 
f 390/390/390 392/392/392 390/390/390 
f 390/390/390 392/392/392 415/415/415 
f 392/392/392 416/416/416 415/415/415 
f 415/415/415 416/416/416 417/417/417 
f 416/416/416 418/418/418 417/417/417 
f 417/417/417 418/418/418 419/419/419 
f 418/418/418 420/420/420 419/419/419 
f 419/419/419 420/420/420 421/421/421 
f 420/420/420 422/422/422 421/421/421 
f 421/421/421 422/422/422 423/423/423 
f 422/422/422 424/424/424 423/423/423 
f 423/423/423 424/424/424 425/425/425 
f 424/424/424 426/426/426 425/425/425 
f 425/425/425 426/426/426 427/427/427 
f 426/426/426 428/428/428 427/427/427 
f 427/427/427 428/428/428 429/429/429 
f 428/428/428 430/430/430 429/429/429 
f 429/429/429 430/430/430 431/431/431 
f 430/430/430 432/432/432 431/431/431 
f 431/431/431 432/432/432 115/115/115 
f 432/432/432 433/433/433 115/115/115 
f 115/115/115 433/433/433 113/113/113 
f 433/433/433 434/434/434 113/113/113 
f 113/113/113 434/434/434 111/111/111 
f 434/434/434 435/435/435 111/111/111 
f 111/111/111 435/435/435 109/109/109 
f 435/435/435 436/436/436 109/109/109 
f 109/109/109 436/436/436 107/107/107 
f 436/436/436 437/437/437 107/107/107 
f 107/107/107 437/437/437 105/105/105 
f 437/437/437 438/438/438 105/105/105 
f 105/105/105 438/438/438 103/103/103 
f 438/438/438 439/439/439 103/103/103 
f 103/103/103 439/439/439 101/101/101 
f 439/439/439 440/440/440 101/101/101 
f 101/101/101 440/440/440 99/99/99 
f 440/440/440 441/441/441 99/99/99 
f 99/99/99 441/441/441 97/97/97 
f 441/441/441 96/96/96 97/97/97 
f 97/97/97 96/96/96 96/96/96 
f 96/96/96 436/436/436 96/96/96 
f 96/96/96 436/436/436 436/436/436 
f 436/436/436 435/435/435 436/436/436 
f 436/436/436 435/435/435 442/442/442 
f 435/435/435 434/434/434 442/442/442 
f 442/442/442 434/434/434 443/443/443 
f 434/434/434 444/444/444 443/443/443 
f 443/443/443 444/444/444 445/445/445 
f 444/444/444 446/446/446 445/445/445 
f 445/445/445 446/446/446 447/447/447 
f 446/446/446 448/448/448 447/447/447 
f 447/447/447 448/448/448 449/449/449 
f 448/448/448 450/450/450 449/449/449 
f 449/449/449 450/450/450 451/451/451 
f 450/450/450 452/452/452 451/451/451 
f 451/451/451 452/452/452 453/453/453 
f 452/452/452 424/424/424 453/453/453 
f 453/453/453 424/424/424 454/454/454 
f 424/424/424 422/422/422 454/454/454 
f 454/454/454 422/422/422 455/455/455 
f 422/422/422 420/420/420 455/455/455 
f 455/455/455 420/420/420 456/456/456 
f 420/420/420 457/457/457 456/456/456 
f 456/456/456 457/457/457 458/458/458 
f 457/457/457 459/459/459 458/458/458 
f 458/458/458 459/459/459 460/460/460 
f 459/459/459 398/398/398 460/460/460 
f 460/460/460 398/398/398 402/402/402 
f 398/398/398 400/400/400 402/402/402 
f 402/402/402 400/400/400 400/400/400 
f 400/400/400 424/424/424 400/400/400 
f 400/400/400 424/424/424 424/424/424 
f 424/424/424 452/452/452 424/424/424 
f 424/424/424 452/452/452 426/426/426 
f 452/452/452 448/448/448 426/426/426 
f 426/426/426 448/448/448 428/428/428 
f 448/448/448 446/446/446 428/428/428 
f 428/428/428 446/446/446 430/430/430 
f 446/446/446 444/444/444 430/430/430 
f 430/430/430 444/444/444 433/433/433 
f 444/444/444 434/434/434 433/433/433 
f 433/433/433 434/434/434 434/434/434 
f 434/434/434 461/461/461 434/434/434 
f 434/434/434 461/461/461 461/461/461 
f 461/461/461 462/462/462 461/461/461 
f 461/461/461 462/462/462 463/463/463 
f 462/462/462 464/464/464 463/463/463 
f 463/463/463 464/464/464 465/465/465 
f 464/464/464 466/466/466 465/465/465 
f 465/465/465 466/466/466 467/467/467 
f 466/466/466 468/468/468 467/467/467 
f 467/467/467 468/468/468 469/469/469 
f 468/468/468 470/470/470 469/469/469 
f 469/469/469 470/470/470 471/471/471 
f 470/470/470 472/472/472 471/471/471 
f 471/471/471 472/472/472 473/473/473 
f 472/472/472 474/474/474 473/473/473 
f 473/473/473 474/474/474 475/475/475 
f 474/474/474 476/476/476 475/475/475 
f 475/475/475 476/476/476 477/477/477 
f 476/476/476 478/478/478 477/477/477 
f 477/477/477 478/478/478 479/479/479 
f 478/478/478 480/480/480 479/479/479 
f 479/479/479 480/480/480 481/481/481 
f 480/480/480 482/482/482 481/481/481 
f 481/481/481 482/482/482 483/483/483 
f 482/482/482 484/484/484 483/483/483 
f 483/483/483 484/484/484 485/485/485 
f 484/484/484 486/486/486 485/485/485 
f 485/485/485 486/486/486 487/487/487 
f 486/486/486 488/488/488 487/487/487 
f 487/487/487 488/488/488 489/489/489 
f 488/488/488 490/490/490 489/489/489 
f 489/489/489 490/490/490 491/491/491 
f 490/490/490 492/492/492 491/491/491 
f 491/491/491 492/492/492 493/493/493 
f 492/492/492 494/494/494 493/493/493 
f 493/493/493 494/494/494 495/495/495 
f 494/494/494 496/496/496 495/495/495 
f 495/495/495 496/496/496 497/497/497 
f 496/496/496 498/498/498 497/497/497 
f 497/497/497 498/498/498 499/499/499 
f 498/498/498 500/500/500 499/499/499 
f 499/499/499 500/500/500 501/501/501 
f 500/500/500 502/502/502 501/501/501 
f 501/501/501 502/502/502 503/503/503 
f 502/502/502 504/504/504 503/503/503 
f 503/503/503 504/504/504 505/505/505 
f 504/504/504 506/506/506 505/505/505 
f 505/505/505 506/506/506 507/507/507 
f 506/506/506 507/507/507 507/507/507 
f 507/507/507 507/507/507 476/476/476 
f 507/507/507 476/476/476 476/476/476 
f 476/476/476 476/476/476 476/476/476 
f 476/476/476 508/508/508 476/476/476 
f 476/476/476 508/508/508 478/478/478 
f 508/508/508 509/509/509 478/478/478 
f 478/478/478 509/509/509 480/480/480 
f 509/509/509 510/510/510 480/480/480 
f 480/480/480 510/510/510 482/482/482 
f 510/510/510 511/511/511 482/482/482 
f 482/482/482 511/511/511 484/484/484 
f 511/511/511 512/512/512 484/484/484 
f 484/484/484 512/512/512 486/486/486 
f 512/512/512 513/513/513 486/486/486 
f 486/486/486 513/513/513 488/488/488 
f 513/513/513 514/514/514 488/488/488 
f 488/488/488 514/514/514 490/490/490 
f 514/514/514 515/515/515 490/490/490 
f 490/490/490 515/515/515 516/516/516 
f 515/515/515 517/517/517 516/516/516 
f 516/516/516 517/517/517 518/518/518 
f 517/517/517 519/519/519 518/518/518 
f 518/518/518 519/519/519 520/520/520 
f 519/519/519 521/521/521 520/520/520 
f 520/520/520 521/521/521 522/522/522 
f 521/521/521 522/522/522 522/522/522 
f 522/522/522 522/522/522 515/515/515 
f 522/522/522 515/515/515 515/515/515 
f 515/515/515 515/515/515 515/515/515 
f 515/515/515 514/514/514 515/515/515 
f 515/515/515 514/514/514 523/523/523 
f 514/514/514 513/513/513 523/523/523 
f 523/523/523 513/513/513 524/524/524 
f 513/513/513 525/525/525 524/524/524 
f 524/524/524 525/525/525 526/526/526 
f 525/525/525 527/527/527 526/526/526 
f 526/526/526 527/527/527 528/528/528 
f 527/527/527 529/529/529 528/528/528 
f 528/528/528 529/529/529 530/530/530 
f 529/529/529 510/510/510 530/530/530 
f 530/530/530 510/510/510 531/531/531 
f 510/510/510 509/509/509 531/531/531 
f 531/531/531 509/509/509 532/532/532 
f 509/509/509 508/508/508 532/532/532 
f 532/532/532 508/508/508 533/533/533 
f 508/508/508 474/474/474 533/533/533 
f 533/533/533 474/474/474 534/534/534 
f 474/474/474 472/472/472 534/534/534 
f 534/534/534 472/472/472 535/535/535 
f 472/472/472 470/470/470 535/535/535 
f 535/535/535 470/470/470 536/536/536 
f 470/470/470 468/468/468 536/536/536 
f 536/536/536 468/468/468 537/537/537 
f 468/468/468 464/464/464 537/537/537 
f 537/537/537 464/464/464 538/538/538 
f 464/464/464 462/462/462 538/538/538 
f 538/538/538 462/462/462 462/462/462 
f 462/462/462 510/510/510 462/462/462 
f 462/462/462 510/510/510 510/510/510 
f 510/510/510 529/529/529 510/510/510 
f 510/510/510 529/529/529 511/511/511 
f 529/529/529 527/527/527 511/511/511 
f 511/511/511 527/527/527 512/512/512 
f 527/527/527 525/525/525 512/512/512 
f 512/512/512 525/525/525 513/513/513 
f 525/525/525 513/513/513 513/513/513 
f 513/513/513 513/513/513 244/244/244 
f 513/513/513 244/244/244 244/244/244 
f 244/244/244 244/244/244 244/244/244 
f 244/244/244 386/386/386 244/244/244 
f 244/244/244 386/386/386 243/243/243 
f 386/386/386 242/242/242 243/243/243 
f 243/243/243 242/242/242 242/242/242 
f 242/242/242 386/386/386 242/242/242 
f 242/242/242 386/386/386 539/539/539 
f 386/386/386 540/540/540 539/539/539 
f 539/539/539 540/540/540 541/541/541 
f 540/540/540 542/542/542 541/541/541 
f 541/541/541 542/542/542 543/543/543 
f 542/542/542 544/544/544 543/543/543 
f 543/543/543 544/544/544 545/545/545 
f 544/544/544 417/417/417 545/545/545 
f 545/545/545 417/417/417 419/419/419 
f 417/417/417 419/419/419 419/419/419 
f 419/419/419 419/419/419 543/543/543 
f 419/419/419 543/543/543 543/543/543 
f 543/543/543 543/543/543 543/543/543 
f 543/543/543 545/545/545 543/543/543 
f 543/543/543 545/545/545 546/546/546 
f 545/545/545 547/547/547 546/546/546 
f 546/546/546 547/547/547 548/548/548 
f 547/547/547 549/549/549 548/548/548 
f 548/548/548 549/549/549 550/550/550 
f 549/549/549 427/427/427 550/550/550 
f 550/550/550 427/427/427 551/551/551 
f 427/427/427 429/429/429 551/551/551 
f 551/551/551 429/429/429 236/236/236 
f 429/429/429 431/431/431 236/236/236 
f 236/236/236 431/431/431 117/117/117 
f 431/431/431 115/115/115 117/117/117 
f 117/117/117 115/115/115 115/115/115 
f 115/115/115 546/546/546 115/115/115 
f 115/115/115 546/546/546 546/546/546 
f 546/546/546 548/548/548 546/546/546 
f 546/546/546 548/548/548 238/238/238 
f 548/548/548 550/550/550 238/238/238 
f 238/238/238 550/550/550 237/237/237 
f 550/550/550 551/551/551 237/237/237 
f 237/237/237 551/551/551 236/236/236 
f 551/551/551 236/236/236 236/236/236 
f 236/236/236 236/236/236 238/238/238 
f 236/236/236 238/238/238 238/238/238 
f 238/238/238 238/238/238 238/238/238 
f 238/238/238 239/239/239 238/238/238 
f 238/238/238 239/239/239 546/546/546 
f 239/239/239 543/543/543 546/546/546 
f 546/546/546 543/543/543 543/543/543 
f 543/543/543 239/239/239 543/543/543 
f 543/543/543 239/239/239 239/239/239 
f 239/239/239 240/240/240 239/239/239 
f 239/239/239 240/240/240 543/543/543 
f 240/240/240 241/241/241 543/543/543 
f 543/543/543 241/241/241 541/541/541 
f 241/241/241 539/539/539 541/541/541 
f 541/541/541 539/539/539 539/539/539 
f 539/539/539 386/386/386 539/539/539 
f 539/539/539 386/386/386 386/386/386 
f 386/386/386 388/388/388 386/386/386 
f 386/386/386 388/388/388 540/540/540 
f 388/388/388 390/390/390 540/540/540 
f 540/540/540 390/390/390 415/415/415 
f 390/390/390 415/415/415 415/415/415 
f 415/415/415 415/415/415 540/540/540 
f 415/415/415 540/540/540 540/540/540 
f 540/540/540 540/540/540 540/540/540 
f 540/540/540 415/415/415 540/540/540 
f 540/540/540 415/415/415 542/542/542 
f 415/415/415 417/417/417 542/542/542 
f 542/542/542 417/417/417 544/544/544 
f 417/417/417 544/544/544 544/544/544 
f 544/544/544 544/544/544 545/545/545 
f 544/544/544 545/545/545 545/545/545 
f 545/545/545 545/545/545 545/545/545 
f 545/545/545 419/419/419 545/545/545 
f 545/545/545 419/419/419 547/547/547 
f 419/419/419 421/421/421 547/547/547 
f 547/547/547 421/421/421 423/423/423 
f 421/421/421 423/423/423 423/423/423 
f 423/423/423 423/423/423 547/547/547 
f 423/423/423 547/547/547 547/547/547 
f 547/547/547 547/547/547 547/547/547 
f 547/547/547 423/423/423 547/547/547 
f 547/547/547 423/423/423 549/549/549 
f 423/423/423 425/425/425 549/549/549 
f 549/549/549 425/425/425 427/427/427 
f 425/425/425 427/427/427 427/427/427 
f 427/427/427 427/427/427 398/398/398 
f 427/427/427 398/398/398 398/398/398 
f 398/398/398 398/398/398 398/398/398 
f 398/398/398 459/459/459 398/398/398 
f 398/398/398 459/459/459 396/396/396 
f 459/459/459 552/552/552 396/396/396 
f 396/396/396 552/552/552 394/394/394 
f 552/552/552 416/416/416 394/394/394 
f 394/394/394 416/416/416 392/392/392 
f 416/416/416 392/392/392 392/392/392 
f 392/392/392 392/392/392 416/416/416 
f 392/392/392 416/416/416 416/416/416 
f 416/416/416 416/416/416 416/416/416 
f 416/416/416 552/552/552 416/416/416 
f 416/416/416 552/552/552 418/418/418 
f 552/552/552 457/457/457 418/418/418 
f 418/418/418 457/457/457 420/420/420 
f 457/457/457 420/420/420 420/420/420 
f 420/420/420 420/420/420 356/356/356 
f 420/420/420 356/356/356 356/356/356 
f 356/356/356 356/356/356 356/356/356 
f 356/356/356 364/364/364 356/356/356 
f 356/356/356 364/364/364 342/342/342 
f 364/364/364 366/366/366 342/342/342 
f 342/342/342 366/366/366 553/553/553 
f 366/366/366 368/368/368 553/553/553 
f 553/553/553 368/368/368 554/554/554 
f 368/368/368 370/370/370 554/554/554 
f 554/554/554 370/370/370 555/555/555 
f 370/370/370 372/372/372 555/555/555 
f 555/555/555 372/372/372 556/556/556 
f 372/372/372 556/556/556 556/556/556 
f 556/556/556 556/556/556 342/342/342 
f 556/556/556 342/342/342 342/342/342 
f 342/342/342 342/342/342 342/342/342 
f 342/342/342 553/553/553 342/342/342 
f 342/342/342 553/553/553 340/340/340 
f 553/553/553 554/554/554 340/340/340 
f 340/340/340 554/554/554 557/557/557 
f 554/554/554 555/555/555 557/557/557 
f 557/557/557 555/555/555 558/558/558 
f 555/555/555 556/556/556 558/558/558 
f 558/558/558 556/556/556 559/559/559 
f 556/556/556 559/559/559 559/559/559 
f 559/559/559 559/559/559 559/559/559 
f 559/559/559 335/335/335 559/559/559 
f 559/559/559 335/335/335 558/558/558 
f 335/335/335 336/336/336 558/558/558 
f 558/558/558 336/336/336 557/557/557 
f 336/336/336 338/338/338 557/557/557 
f 557/557/557 338/338/338 340/340/340 
f 338/338/338 340/340/340 340/340/340 
f 340/340/340 340/340/340 560/560/560 
f 340/340/340 560/560/560 560/560/560 
f 560/560/560 560/560/560 560/560/560 
f 560/560/560 561/561/561 560/560/560 
f 560/560/560 561/561/561 562/562/562 
f 561/561/561 563/563/563 562/562/562 
f 562/562/562 563/563/563 563/563/563 
f 563/563/563 564/564/564 563/563/563 
f 563/563/563 564/564/564 564/564/564 
f 564/564/564 565/565/565 564/564/564 
f 564/564/564 565/565/565 566/566/566 
f 565/565/565 567/567/567 566/566/566 
f 566/566/566 567/567/567 567/567/567 
f 567/567/567 568/568/568 567/567/567 
f 567/567/567 568/568/568 568/568/568 
f 568/568/568 569/569/569 568/568/568 
f 568/568/568 569/569/569 570/570/570 
f 569/569/569 571/571/571 570/570/570 
f 570/570/570 571/571/571 571/571/571 
f 571/571/571 569/569/569 571/571/571 
f 571/571/571 569/569/569 569/569/569 
f 569/569/569 572/572/572 569/569/569 
f 569/569/569 572/572/572 571/571/571 
f 572/572/572 573/573/573 571/571/571 
f 571/571/571 573/573/573 573/573/573 
f 573/573/573 574/574/574 573/573/573 
f 573/573/573 574/574/574 574/574/574 
f 574/574/574 575/575/575 574/574/574 
f 574/574/574 575/575/575 576/576/576 
f 575/575/575 577/577/577 576/576/576 
f 576/576/576 577/577/577 577/577/577 
f 577/577/577 578/578/578 577/577/577 
f 577/577/577 578/578/578 578/578/578 
f 578/578/578 579/579/579 578/578/578 
f 578/578/578 579/579/579 580/580/580 
f 579/579/579 581/581/581 580/580/580 
f 580/580/580 581/581/581 581/581/581 
f 581/581/581 582/582/582 581/581/581 
f 581/581/581 582/582/582 582/582/582 
f 582/582/582 583/583/583 582/582/582 
f 582/582/582 583/583/583 584/584/584 
f 583/583/583 585/585/585 584/584/584 
f 584/584/584 585/585/585 585/585/585 
f 585/585/585 583/583/583 585/585/585 
f 585/585/585 583/583/583 583/583/583 
f 583/583/583 586/586/586 583/583/583 
f 583/583/583 586/586/586 585/585/585 
f 586/586/586 587/587/587 585/585/585 
f 585/585/585 587/587/587 587/587/587 
f 587/587/587 588/588/588 587/587/587 
f 587/587/587 588/588/588 588/588/588 
f 588/588/588 589/589/589 588/588/588 
f 588/588/588 589/589/589 590/590/590 
f 589/589/589 591/591/591 590/590/590 
f 590/590/590 591/591/591 591/591/591 
f 591/591/591 589/589/589 591/591/591 
f 591/591/591 589/589/589 589/589/589 
f 589/589/589 592/592/592 589/589/589 
f 589/589/589 592/592/592 591/591/591 
f 592/592/592 593/593/593 591/591/591 
f 591/591/591 593/593/593 593/593/593 
f 593/593/593 592/592/592 593/593/593 
f 593/593/593 592/592/592 592/592/592 
f 592/592/592 594/594/594 592/592/592 
f 592/592/592 594/594/594 593/593/593 
f 594/594/594 595/595/595 593/593/593 
f 593/593/593 595/595/595 595/595/595 
f 595/595/595 594/594/594 595/595/595 
f 595/595/595 594/594/594 594/594/594 
f 594/594/594 596/596/596 594/594/594 
f 594/594/594 596/596/596 595/595/595 
f 596/596/596 597/597/597 595/595/595 
f 595/595/595 597/597/597 597/597/597 
f 597/597/597 596/596/596 597/597/597 
f 597/597/597 596/596/596 596/596/596 
f 596/596/596 598/598/598 596/596/596 
f 596/596/596 598/598/598 597/597/597 
f 598/598/598 599/599/599 597/597/597 
f 597/597/597 599/599/599 599/599/599 
f 599/599/599 598/598/598 599/599/599 
f 599/599/599 598/598/598 598/598/598 
f 598/598/598 600/600/600 598/598/598 
f 598/598/598 600/600/600 599/599/599 
f 600/600/600 601/601/601 599/599/599 
f 599/599/599 601/601/601 601/601/601 
f 601/601/601 602/602/602 601/601/601 
f 601/601/601 602/602/602 602/602/602 
f 602/602/602 603/603/603 602/602/602 
f 602/602/602 603/603/603 604/604/604 
f 603/603/603 605/605/605 604/604/604 
f 604/604/604 605/605/605 605/605/605 
f 605/605/605 606/606/606 605/605/605 
f 605/605/605 606/606/606 606/606/606 
f 606/606/606 607/607/607 606/606/606 
f 606/606/606 607/607/607 608/608/608 
f 607/607/607 609/609/609 608/608/608 
f 608/608/608 609/609/609 609/609/609 
f 609/609/609 607/607/607 609/609/609 
f 609/609/609 607/607/607 607/607/607 
f 607/607/607 610/610/610 607/607/607 
f 607/607/607 610/610/610 609/609/609 
f 610/610/610 611/611/611 609/609/609 
f 609/609/609 611/611/611 611/611/611 
f 611/611/611 610/610/610 611/611/611 
f 611/611/611 610/610/610 610/610/610 
f 610/610/610 612/612/612 610/610/610 
f 610/610/610 612/612/612 611/611/611 
f 612/612/612 613/613/613 611/611/611 
f 611/611/611 613/613/613 613/613/613 
f 613/613/613 612/612/612 613/613/613 
f 613/613/613 612/612/612 612/612/612 
f 612/612/612 614/614/614 612/612/612 
f 612/612/612 614/614/614 613/613/613 
f 614/614/614 615/615/615 613/613/613 
f 613/613/613 615/615/615 615/615/615 
f 615/615/615 616/616/616 615/615/615 
f 615/615/615 616/616/616 616/616/616 
f 616/616/616 617/617/617 616/616/616 
f 616/616/616 617/617/617 618/618/618 
f 617/617/617 619/619/619 618/618/618 
f 618/618/618 619/619/619 619/619/619 
f 619/619/619 617/617/617 619/619/619 
f 619/619/619 617/617/617 617/617/617 
f 617/617/617 620/620/620 617/617/617 
f 617/617/617 620/620/620 619/619/619 
f 620/620/620 621/621/621 619/619/619 
f 619/619/619 621/621/621 621/621/621 
f 621/621/621 620/620/620 621/621/621 
f 621/621/621 620/620/620 620/620/620 
f 620/620/620 622/622/622 620/620/620 
f 620/620/620 622/622/622 621/621/621 
f 622/622/622 623/623/623 621/621/621 
f 621/621/621 623/623/623 623/623/623 
f 623/623/623 622/622/622 623/623/623 
f 623/623/623 622/622/622 622/622/622 
f 622/622/622 624/624/624 622/622/622 
f 622/622/622 624/624/624 623/623/623 
f 624/624/624 625/625/625 623/623/623 
f 623/623/623 625/625/625 625/625/625 
f 625/625/625 624/624/624 625/625/625 
f 625/625/625 624/624/624 624/624/624 
f 624/624/624 626/626/626 624/624/624 
f 624/624/624 626/626/626 625/625/625 
f 626/626/626 627/627/627 625/625/625 
f 625/625/625 627/627/627 627/627/627 
f 627/627/627 626/626/626 627/627/627 
f 627/627/627 626/626/626 626/626/626 
f 626/626/626 628/628/628 626/626/626 
f 626/626/626 628/628/628 627/627/627 
f 628/628/628 629/629/629 627/627/627 
f 627/627/627 629/629/629 629/629/629 
f 629/629/629 628/628/628 629/629/629 
f 629/629/629 628/628/628 628/628/628 
f 628/628/628 630/630/630 628/628/628 
f 628/628/628 630/630/630 629/629/629 
f 630/630/630 631/631/631 629/629/629 
f 629/629/629 631/631/631 631/631/631 
f 631/631/631 538/538/538 631/631/631 
f 631/631/631 538/538/538 538/538/538 
f 538/538/538 632/632/632 538/538/538 
f 538/538/538 632/632/632 537/537/537 
f 632/632/632 536/536/536 537/537/537 
f 537/537/537 536/536/536 536/536/536 
f 536/536/536 632/632/632 536/536/536 
f 536/536/536 632/632/632 632/632/632 
f 632/632/632 633/633/633 632/632/632 
f 632/632/632 633/633/633 536/536/536 
f 633/633/633 634/634/634 536/536/536 
f 536/536/536 634/634/634 535/535/535 
f 634/634/634 635/635/635 535/535/535 
f 535/535/535 635/635/635 636/636/636 
f 635/635/635 637/637/637 636/636/636 
f 636/636/636 637/637/637 534/534/534 
f 637/637/637 533/533/533 534/534/534 
f 534/534/534 533/533/533 533/533/533 
f 533/533/533 635/635/635 533/533/533 
f 533/533/533 635/635/635 635/635/635 
f 635/635/635 638/638/638 635/635/635 
f 635/635/635 638/638/638 637/637/637 
f 638/638/638 639/639/639 637/637/637 
f 637/637/637 639/639/639 640/640/640 
f 639/639/639 641/641/641 640/640/640 
f 640/640/640 641/641/641 642/642/642 
f 641/641/641 643/643/643 642/642/642 
f 642/642/642 643/643/643 530/530/530 
f 643/643/643 644/644/644 530/530/530 
f 530/530/530 644/644/644 528/528/528 
f 644/644/644 645/645/645 528/528/528 
f 528/528/528 645/645/645 526/526/526 
f 645/645/645 646/646/646 526/526/526 
f 526/526/526 646/646/646 524/524/524 
f 646/646/646 647/647/647 524/524/524 
f 524/524/524 647/647/647 648/648/648 
f 647/647/647 649/649/649 648/648/648 
f 648/648/648 649/649/649 650/650/650 
f 649/649/649 651/651/651 650/650/650 
f 650/650/650 651/651/651 652/652/652 
f 651/651/651 653/653/653 652/652/652 
f 652/652/652 653/653/653 654/654/654 
f 653/653/653 654/654/654 654/654/654 
f 654/654/654 654/654/654 530/530/530 
f 654/654/654 530/530/530 530/530/530 
f 530/530/530 530/530/530 530/530/530 
f 530/530/530 531/531/531 530/530/530 
f 530/530/530 531/531/531 642/642/642 
f 531/531/531 532/532/532 642/642/642 
f 642/642/642 532/532/532 640/640/640 
f 532/532/532 533/533/533 640/640/640 
f 640/640/640 533/533/533 637/637/637 
f 533/533/533 637/637/637 637/637/637 
f 637/637/637 637/637/637 655/655/655 
f 637/637/637 655/655/655 655/655/655 
f 655/655/655 655/655/655 655/655/655 
f 655/655/655 656/656/656 655/655/655 
f 655/655/655 656/656/656 657/657/657 
f 656/656/656 658/658/658 657/657/657 
f 657/657/657 658/658/658 658/658/658 
f 658/658/658 659/659/659 658/658/658 
f 658/658/658 659/659/659 659/659/659 
f 659/659/659 660/660/660 659/659/659 
f 659/659/659 660/660/660 661/661/661 
f 660/660/660 662/662/662 661/661/661 
f 661/661/661 662/662/662 662/662/662 
f 662/662/662 323/323/323 662/662/662 
f 662/662/662 323/323/323 323/323/323 
f 323/323/323 329/329/329 323/323/323 
f 323/323/323 329/329/329 147/147/147 
f 329/329/329 145/145/145 147/147/147 
f 147/147/147 145/145/145 145/145/145 
f 145/145/145 329/329/329 145/145/145 
f 145/145/145 329/329/329 329/329/329 
f 329/329/329 331/331/331 329/329/329 
f 329/329/329 331/331/331 145/145/145 
f 331/331/331 143/143/143 145/145/145 
f 145/145/145 143/143/143 143/143/143 
f 143/143/143 331/331/331 143/143/143 
f 143/143/143 331/331/331 141/141/141 
f 331/331/331 247/247/247 141/141/141 
f 141/141/141 247/247/247 139/139/139 
f 247/247/247 139/139/139 139/139/139 
f 139/139/139 139/139/139 633/633/633 
f 139/139/139 633/633/633 633/633/633 
f 633/633/633 633/633/633 633/633/633 
f 633/633/633 663/663/663 633/633/633 
f 633/633/633 663/663/663 634/634/634 
f 663/663/663 635/635/635 634/634/634 
f 634/634/634 635/635/635 635/635/635 
f 635/635/635 663/663/663 635/635/635 
f 635/635/635 663/663/663 663/663/663 
f 663/663/663 664/664/664 663/663/663 
f 663/663/663 664/664/664 635/635/635 
f 664/664/664 638/638/638 635/635/635 
f 635/635/635 638/638/638 638/638/638 
f 638/638/638 664/664/664 638/638/638 
f 638/638/638 664/664/664 664/664/664 
f 664/664/664 665/665/665 664/664/664 
f 664/664/664 665/665/665 638/638/638 
f 665/665/665 639/639/639 638/638/638 
f 638/638/638 639/639/639 639/639/639 
f 639/639/639 665/665/665 639/639/639 
f 639/639/639 665/665/665 665/665/665 
f 665/665/665 666/666/666 665/665/665 
f 665/665/665 666/666/666 639/639/639 
f 666/666/666 667/667/667 639/639/639 
f 639/639/639 667/667/667 641/641/641 
f 667/667/667 668/668/668 641/641/641 
f 641/641/641 668/668/668 669/669/669 
f 668/668/668 670/670/670 669/669/669 
f 669/669/669 670/670/670 643/643/643 
f 670/670/670 644/644/644 643/643/643 
f 643/643/643 644/644/644 644/644/644 
f 644/644/644 668/668/668 644/644/644 
f 644/644/644 668/668/668 668/668/668 
f 668/668/668 671/671/671 668/668/668 
f 668/668/668 671/671/671 670/670/670 
f 671/671/671 672/672/672 670/670/670 
f 670/670/670 672/672/672 673/673/673 
f 672/672/672 674/674/674 673/673/673 
f 673/673/673 674/674/674 675/675/675 
f 674/674/674 676/676/676 675/675/675 
f 675/675/675 676/676/676 647/647/647 
f 676/676/676 677/677/677 647/647/647 
f 647/647/647 677/677/677 649/649/649 
f 677/677/677 678/678/678 649/649/649 
f 649/649/649 678/678/678 651/651/651 
f 678/678/678 679/679/679 651/651/651 
f 651/651/651 679/679/679 653/653/653 
f 679/679/679 653/653/653 653/653/653 
f 653/653/653 653/653/653 647/647/647 
f 653/653/653 647/647/647 647/647/647 
f 647/647/647 647/647/647 647/647/647 
f 647/647/647 646/646/646 647/647/647 
f 647/647/647 646/646/646 675/675/675 
f 646/646/646 645/645/645 675/675/675 
f 675/675/675 645/645/645 673/673/673 
f 645/645/645 644/644/644 673/673/673 
f 673/673/673 644/644/644 670/670/670 
f 644/644/644 670/670/670 670/670/670 
f 670/670/670 670/670/670 562/562/562 
f 670/670/670 562/562/562 562/562/562 
f 562/562/562 562/562/562 562/562/562 
f 562/562/562 680/680/680 562/562/562 
f 562/562/562 680/680/680 681/681/681 
f 680/680/680 682/682/682 681/681/681 
f 681/681/681 682/682/682 682/682/682 
f 682/682/682 149/149/149 682/682/682 
f 682/682/682 149/149/149 149/149/149 
f 149/149/149 151/151/151 149/149/149 
f 149/149/149 151/151/151 322/322/322 
f 151/151/151 320/320/320 322/322/322 
f 322/322/322 320/320/320 320/320/320 
f 320/320/320 151/151/151 320/320/320 
f 320/320/320 151/151/151 151/151/151 
f 151/151/151 153/153/153 151/151/151 
f 151/151/151 153/153/153 320/320/320 
f 153/153/153 314/314/314 320/320/320 
f 320/320/320 314/314/314 318/318/318 
f 314/314/314 312/312/312 318/318/318 
f 318/318/318 312/312/312 312/312/312 
f 312/312/312 325/325/325 312/312/312 
f 312/312/312 325/325/325 325/325/325 
f 325/325/325 321/321/321 325/325/325 
f 325/325/325 321/321/321 324/324/324 
f 321/321/321 319/319/319 324/324/324 
f 324/324/324 319/319/319 317/317/317 
f 319/319/319 317/317/317 317/317/317 
f 317/317/317 317/317/317 683/683/683 
f 317/317/317 683/683/683 683/683/683 
f 683/683/683 683/683/683 683/683/683 
f 683/683/683 684/684/684 683/683/683 
f 683/683/683 684/684/684 685/685/685 
f 684/684/684 686/686/686 685/685/685 
f 685/685/685 686/686/686 686/686/686 
f 686/686/686 684/684/684 686/686/686 
f 686/686/686 684/684/684 684/684/684 
f 684/684/684 687/687/687 684/684/684 
f 684/684/684 687/687/687 686/686/686 
f 687/687/687 688/688/688 686/686/686 
f 686/686/686 688/688/688 688/688/688 
f 688/688/688 687/687/687 688/688/688 
f 688/688/688 687/687/687 687/687/687 
f 687/687/687 689/689/689 687/687/687 
f 687/687/687 689/689/689 688/688/688 
f 689/689/689 608/608/608 688/688/688 
f 688/688/688 608/608/608 608/608/608 
f 608/608/608 360/360/360 608/608/608 
f 608/608/608 360/360/360 360/360/360 
f 360/360/360 20/20/20 360/360/360 
f 360/360/360 20/20/20 359/359/359 
f 20/20/20 18/18/18 359/359/359 
f 359/359/359 18/18/18 16/16/16 
f 18/18/18 16/16/16 16/16/16 
f 16/16/16 16/16/16 489/489/489 
f 16/16/16 489/489/489 489/489/489 
f 489/489/489 489/489/489 489/489/489 
f 489/489/489 491/491/491 489/489/489 
f 489/489/489 491/491/491 487/487/487 
f 491/491/491 690/690/690 487/487/487 
f 487/487/487 690/690/690 691/691/691 
f 690/690/690 692/692/692 691/691/691 
f 691/691/691 692/692/692 693/693/693 
f 692/692/692 694/694/694 693/693/693 
f 693/693/693 694/694/694 695/695/695 
f 694/694/694 696/696/696 695/695/695 
f 695/695/695 696/696/696 697/697/697 
f 696/696/696 698/698/698 697/697/697 
f 697/697/697 698/698/698 699/699/699 
f 698/698/698 700/700/700 699/699/699 
f 699/699/699 700/700/700 701/701/701 
f 700/700/700 702/702/702 701/701/701 
f 701/701/701 702/702/702 703/703/703 
f 702/702/702 704/704/704 703/703/703 
f 703/703/703 704/704/704 705/705/705 
f 704/704/704 706/706/706 705/705/705 
f 705/705/705 706/706/706 707/707/707 
f 706/706/706 708/708/708 707/707/707 
f 707/707/707 708/708/708 709/709/709 
f 708/708/708 710/710/710 709/709/709 
f 709/709/709 710/710/710 710/710/710 
f 710/710/710 487/487/487 710/710/710 
f 710/710/710 487/487/487 487/487/487 
f 487/487/487 691/691/691 487/487/487 
f 487/487/487 691/691/691 485/485/485 
f 691/691/691 711/711/711 485/485/485 
f 485/485/485 711/711/711 483/483/483 
f 711/711/711 712/712/712 483/483/483 
f 483/483/483 712/712/712 481/481/481 
f 712/712/712 713/713/713 481/481/481 
f 481/481/481 713/713/713 479/479/479 
f 713/713/713 714/714/714 479/479/479 
f 479/479/479 714/714/714 477/477/477 
f 714/714/714 715/715/715 477/477/477 
f 477/477/477 715/715/715 475/475/475 
f 715/715/715 716/716/716 475/475/475 
f 475/475/475 716/716/716 717/717/717 
f 716/716/716 718/718/718 717/717/717 
f 717/717/717 718/718/718 719/719/719 
f 718/718/718 720/720/720 719/719/719 
f 719/719/719 720/720/720 721/721/721 
f 720/720/720 722/722/722 721/721/721 
f 721/721/721 722/722/722 723/723/723 
f 722/722/722 724/724/724 723/723/723 
f 723/723/723 724/724/724 725/725/725 
f 724/724/724 725/725/725 725/725/725 
f 725/725/725 725/725/725 691/691/691 
f 725/725/725 691/691/691 691/691/691 
f 691/691/691 691/691/691 691/691/691 
f 691/691/691 693/693/693 691/691/691 
f 691/691/691 693/693/693 711/711/711 
f 693/693/693 726/726/726 711/711/711 
f 711/711/711 726/726/726 712/712/712 
f 726/726/726 727/727/727 712/712/712 
f 712/712/712 727/727/727 713/713/713 
f 727/727/727 728/728/728 713/713/713 
f 713/713/713 728/728/728 714/714/714 
f 728/728/728 729/729/729 714/714/714 
f 714/714/714 729/729/729 730/730/730 
f 729/729/729 731/731/731 730/730/730 
f 730/730/730 731/731/731 716/716/716 
f 731/731/731 732/732/732 716/716/716 
f 716/716/716 732/732/732 718/718/718 
f 732/732/732 733/733/733 718/718/718 
f 718/718/718 733/733/733 720/720/720 
f 733/733/733 734/734/734 720/720/720 
f 720/720/720 734/734/734 722/722/722 
f 734/734/734 722/722/722 722/722/722 
f 722/722/722 722/722/722 693/693/693 
f 722/722/722 693/693/693 693/693/693 
f 693/693/693 693/693/693 693/693/693 
f 693/693/693 695/695/695 693/693/693 
f 693/693/693 695/695/695 726/726/726 
f 695/695/695 735/735/735 726/726/726 
f 726/726/726 735/735/735 727/727/727 
f 735/735/735 736/736/736 727/727/727 
f 727/727/727 736/736/736 728/728/728 
f 736/736/736 729/729/729 728/728/728 
f 728/728/728 729/729/729 729/729/729 
f 729/729/729 695/695/695 729/729/729 
f 729/729/729 695/695/695 695/695/695 
f 695/695/695 697/697/697 695/695/695 
f 695/695/695 697/697/697 735/735/735 
f 697/697/697 737/737/737 735/735/735 
f 735/735/735 737/737/737 736/736/736 
f 737/737/737 738/738/738 736/736/736 
f 736/736/736 738/738/738 729/729/729 
f 738/738/738 739/739/739 729/729/729 
f 729/729/729 739/739/739 740/740/740 
f 739/739/739 741/741/741 740/740/740 
f 740/740/740 741/741/741 731/731/731 
f 741/741/741 732/732/732 731/731/731 
f 731/731/731 732/732/732 732/732/732 
f 732/732/732 738/738/738 732/732/732 
f 732/732/732 738/738/738 738/738/738 
f 738/738/738 737/737/737 738/738/738 
f 738/738/738 737/737/737 742/742/742 
f 737/737/737 743/743/743 742/742/742 
f 742/742/742 743/743/743 744/744/744 
f 743/743/743 703/703/703 744/744/744 
f 744/744/744 703/703/703 745/745/745 
f 703/703/703 705/705/705 745/745/745 
f 745/745/745 705/705/705 746/746/746 
f 705/705/705 707/707/707 746/746/746 
f 746/746/746 707/707/707 747/747/747 
f 707/707/707 709/709/709 747/747/747 
f 747/747/747 709/709/709 709/709/709 
f 709/709/709 747/747/747 709/709/709 
f 709/709/709 747/747/747 747/747/747 
f 747/747/747 748/748/748 747/747/747 
f 747/747/747 748/748/748 746/746/746 
f 748/748/748 749/749/749 746/746/746 
f 746/746/746 749/749/749 745/745/745 
f 749/749/749 750/750/750 745/745/745 
f 745/745/745 750/750/750 744/744/744 
f 750/750/750 751/751/751 744/744/744 
f 744/744/744 751/751/751 742/742/742 
f 751/751/751 738/738/738 742/742/742 
f 742/742/742 738/738/738 738/738/738 
f 738/738/738 748/748/748 738/738/738 
f 738/738/738 748/748/748 748/748/748 
f 748/748/748 752/752/752 748/748/748 
f 748/748/748 752/752/752 749/749/749 
f 752/752/752 753/753/753 749/749/749 
f 749/749/749 753/753/753 750/750/750 
f 753/753/753 754/754/754 750/750/750 
f 750/750/750 754/754/754 751/751/751 
f 754/754/754 755/755/755 751/751/751 
f 751/751/751 755/755/755 739/739/739 
f 755/755/755 741/741/741 739/739/739 
f 739/739/739 741/741/741 741/741/741 
f 741/741/741 754/754/754 741/741/741 
f 741/741/741 754/754/754 754/754/754 
f 754/754/754 756/756/756 754/754/754 
f 754/754/754 756/756/756 755/755/755 
f 756/756/756 757/757/757 755/755/755 
f 755/755/755 757/757/757 741/741/741 
f 757/757/757 758/758/758 741/741/741 
f 741/741/741 758/758/758 732/732/732 
f 758/758/758 733/733/733 732/732/732 
f 732/732/732 733/733/733 733/733/733 
f 733/733/733 756/756/756 733/733/733 
f 733/733/733 756/756/756 756/756/756 
f 756/756/756 759/759/759 756/756/756 
f 756/756/756 759/759/759 757/757/757 
f 759/759/759 760/760/760 757/757/757 
f 757/757/757 760/760/760 758/758/758 
f 760/760/760 761/761/761 758/758/758 
f 758/758/758 761/761/761 733/733/733 
f 761/761/761 734/734/734 733/733/733 
f 733/733/733 734/734/734 734/734/734 
f 734/734/734 759/759/759 734/734/734 
f 734/734/734 759/759/759 759/759/759 
f 759/759/759 756/756/756 759/759/759 
f 759/759/759 756/756/756 762/762/762 
f 756/756/756 752/752/752 762/762/762 
f 762/762/762 752/752/752 752/752/752 
f 752/752/752 756/756/756 752/752/752 
f 752/752/752 756/756/756 753/753/753 
f 756/756/756 754/754/754 753/753/753 
f 753/753/753 754/754/754 754/754/754 
f 754/754/754 521/521/521 754/754/754 
f 754/754/754 521/521/521 521/521/521 
f 521/521/521 519/519/519 521/521/521 
f 521/521/521 519/519/519 763/763/763 
f 519/519/519 764/764/764 763/763/763 
f 763/763/763 764/764/764 654/654/654 
f 764/764/764 652/652/652 654/654/654 
f 654/654/654 652/652/652 652/652/652 
f 652/652/652 519/519/519 652/652/652 
f 652/652/652 519/519/519 519/519/519 
f 519/519/519 517/517/517 519/519/519 
f 519/519/519 517/517/517 764/764/764 
f 517/517/517 765/765/765 764/764/764 
f 764/764/764 765/765/765 652/652/652 
f 765/765/765 650/650/650 652/652/652 
f 652/652/652 650/650/650 650/650/650 
f 650/650/650 517/517/517 650/650/650 
f 650/650/650 517/517/517 517/517/517 
f 517/517/517 515/515/515 517/517/517 
f 517/517/517 515/515/515 765/765/765 
f 515/515/515 766/766/766 765/765/765 
f 765/765/765 766/766/766 650/650/650 
f 766/766/766 648/648/648 650/650/650 
f 650/650/650 648/648/648 648/648/648 
f 648/648/648 515/515/515 648/648/648 
f 648/648/648 515/515/515 515/515/515 
f 515/515/515 523/523/523 515/515/515 
f 515/515/515 523/523/523 766/766/766 
f 523/523/523 524/524/524 766/766/766 
f 766/766/766 524/524/524 648/648/648 
f 524/524/524 648/648/648 648/648/648 
f 648/648/648 648/648/648 697/697/697 
f 648/648/648 697/697/697 697/697/697 
f 697/697/697 697/697/697 697/697/697 
f 697/697/697 699/699/699 697/697/697 
f 697/697/697 699/699/699 737/737/737 
f 699/699/699 743/743/743 737/737/737 
f 737/737/737 743/743/743 743/743/743 
f 743/743/743 699/699/699 743/743/743 
f 743/743/743 699/699/699 699/699/699 
f 699/699/699 701/701/701 699/699/699 
f 699/699/699 701/701/701 743/743/743 
f 701/701/701 703/703/703 743/743/743 
f 743/743/743 703/703/703 703/703/703 
f 703/703/703 716/716/716 703/703/703 
f 703/703/703 716/716/716 716/716/716 
f 716/716/716 715/715/715 716/716/716 
f 716/716/716 715/715/715 730/730/730 
f 715/715/715 714/714/714 730/730/730 
f 730/730/730 714/714/714 714/714/714 
f 714/714/714 679/679/679 714/714/714 
f 714/714/714 679/679/679 679/679/679 
f 679/679/679 678/678/678 679/679/679 
f 679/679/679 678/678/678 767/767/767 
f 678/678/678 768/768/768 767/767/767 
f 767/767/767 768/768/768 769/769/769 
f 768/768/768 770/770/770 769/769/769 
f 769/769/769 770/770/770 771/771/771 
f 770/770/770 772/772/772 771/771/771 
f 771/771/771 772/772/772 772/772/772 
f 772/772/772 770/770/770 772/772/772 
f 772/772/772 770/770/770 773/773/773 
f 770/770/770 774/774/774 773/773/773 
f 773/773/773 774/774/774 775/775/775 
f 774/774/774 776/776/776 775/775/775 
f 775/775/775 776/776/776 777/777/777 
f 776/776/776 778/778/778 777/777/777 
f 777/777/777 778/778/778 779/779/779 
f 778/778/778 672/672/672 779/779/779 
f 779/779/779 672/672/672 780/780/780 
f 672/672/672 671/671/671 780/780/780 
f 780/780/780 671/671/671 781/781/781 
f 671/671/671 668/668/668 781/781/781 
f 781/781/781 668/668/668 782/782/782 
f 668/668/668 667/667/667 782/782/782 
f 782/782/782 667/667/667 666/666/666 
f 667/667/667 666/666/666 666/666/666 
f 666/666/666 666/666/666 778/778/778 
f 666/666/666 778/778/778 778/778/778 
f 778/778/778 778/778/778 778/778/778 
f 778/778/778 776/776/776 778/778/778 
f 778/778/778 776/776/776 674/674/674 
f 776/776/776 783/783/783 674/674/674 
f 674/674/674 783/783/783 676/676/676 
f 783/783/783 784/784/784 676/676/676 
f 676/676/676 784/784/784 677/677/677 
f 784/784/784 768/768/768 677/677/677 
f 677/677/677 768/768/768 678/678/678 
f 768/768/768 678/678/678 678/678/678 
f 678/678/678 678/678/678 783/783/783 
f 678/678/678 783/783/783 783/783/783 
f 783/783/783 783/783/783 783/783/783 
f 783/783/783 776/776/776 783/783/783 
f 783/783/783 776/776/776 784/784/784 
f 776/776/776 774/774/774 784/784/784 
f 784/784/784 774/774/774 770/770/770 
f 774/774/774 770/770/770 770/770/770 
f 770/770/770 770/770/770 309/309/309 
f 770/770/770 309/309/309 309/309/309 
f 309/309/309 309/309/309 309/309/309 
f 309/309/309 313/313/313 309/309/309 
f 309/309/309 313/313/313 157/157/157 
f 313/313/313 155/155/155 157/157/157 
f 157/157/157 155/155/155 155/155/155 
f 155/155/155 491/491/491 155/155/155 
f 155/155/155 491/491/491 491/491/491 
f 491/491/491 493/493/493 491/491/491 
f 491/491/491 493/493/493 690/690/690 
f 493/493/493 785/785/785 690/690/690 
f 690/690/690 785/785/785 692/692/692 
f 785/785/785 786/786/786 692/692/692 
f 692/692/692 786/786/786 787/787/787 
f 786/786/786 788/788/788 787/787/787 
f 787/787/787 788/788/788 789/789/789 
f 788/788/788 790/790/790 789/789/789 
f 789/789/789 790/790/790 791/791/791 
f 790/790/790 792/792/792 791/791/791 
f 791/791/791 792/792/792 793/793/793 
f 792/792/792 794/794/794 793/793/793 
f 793/793/793 794/794/794 795/795/795 
f 794/794/794 796/796/796 795/795/795 
f 795/795/795 796/796/796 797/797/797 
f 796/796/796 798/798/798 797/797/797 
f 797/797/797 798/798/798 799/799/799 
f 798/798/798 800/800/800 799/799/799 
f 799/799/799 800/800/800 801/801/801 
f 800/800/800 802/802/802 801/801/801 
f 801/801/801 802/802/802 803/803/803 
f 802/802/802 804/804/804 803/803/803 
f 803/803/803 804/804/804 805/805/805 
f 804/804/804 806/806/806 805/805/805 
f 805/805/805 806/806/806 807/807/807 
f 806/806/806 808/808/808 807/807/807 
f 807/807/807 808/808/808 809/809/809 
f 808/808/808 810/810/810 809/809/809 
f 809/809/809 810/810/810 811/811/811 
f 810/810/810 812/812/812 811/811/811 
f 811/811/811 812/812/812 812/812/812 
f 812/812/812 811/811/811 812/812/812 
f 812/812/812 811/811/811 811/811/811 
f 811/811/811 813/813/813 811/811/811 
f 811/811/811 813/813/813 809/809/809 
f 813/813/813 814/814/814 809/809/809 
f 809/809/809 814/814/814 807/807/807 
f 814/814/814 815/815/815 807/807/807 
f 807/807/807 815/815/815 805/805/805 
f 815/815/815 816/816/816 805/805/805 
f 805/805/805 816/816/816 817/817/817 
f 816/816/816 818/818/818 817/817/817 
f 817/817/817 818/818/818 819/819/819 
f 818/818/818 820/820/820 819/819/819 
f 819/819/819 820/820/820 821/821/821 
f 820/820/820 702/702/702 821/821/821 
f 821/821/821 702/702/702 822/822/822 
f 702/702/702 823/823/823 822/822/822 
f 822/822/822 823/823/823 824/824/824 
f 823/823/823 700/700/700 824/824/824 
f 824/824/824 700/700/700 825/825/825 
f 700/700/700 698/698/698 825/825/825 
f 825/825/825 698/698/698 826/826/826 
f 698/698/698 696/696/696 826/826/826 
f 826/826/826 696/696/696 787/787/787 
f 696/696/696 694/694/694 787/787/787 
f 787/787/787 694/694/694 692/692/692 
f 694/694/694 692/692/692 692/692/692 
f 692/692/692 692/692/692 819/819/819 
f 692/692/692 819/819/819 819/819/819 
f 819/819/819 819/819/819 819/819/819 
f 819/819/819 821/821/821 819/819/819 
f 819/819/819 821/821/821 827/827/827 
f 821/821/821 822/822/822 827/827/827 
f 827/827/827 822/822/822 828/828/828 
f 822/822/822 824/824/824 828/828/828 
f 828/828/828 824/824/824 829/829/829 
f 824/824/824 830/830/830 829/829/829 
f 829/829/829 830/830/830 791/791/791 
f 830/830/830 789/789/789 791/791/791 
f 791/791/791 789/789/789 789/789/789 
f 789/789/789 791/791/791 789/789/789 
f 789/789/789 791/791/791 791/791/791 
f 791/791/791 793/793/793 791/791/791 
f 791/791/791 793/793/793 829/829/829 
f 793/793/793 831/831/831 829/829/829 
f 829/829/829 831/831/831 828/828/828 
f 831/831/831 832/832/832 828/828/828 
f 828/828/828 832/832/832 827/827/827 
f 832/832/832 833/833/833 827/827/827 
f 827/827/827 833/833/833 817/817/817 
f 833/833/833 801/801/801 817/817/817 
f 817/817/817 801/801/801 803/803/803 
f 801/801/801 803/803/803 803/803/803 
f 803/803/803 803/803/803 801/801/801 
f 803/803/803 801/801/801 801/801/801 
f 801/801/801 801/801/801 801/801/801 
f 801/801/801 833/833/833 801/801/801 
f 801/801/801 833/833/833 799/799/799 
f 833/833/833 832/832/832 799/799/799 
f 799/799/799 832/832/832 797/797/797 
f 832/832/832 831/831/831 797/797/797 
f 797/797/797 831/831/831 795/795/795 
f 831/831/831 793/793/793 795/795/795 
f 795/795/795 793/793/793 793/793/793 
f 793/793/793 272/272/272 793/793/793 
f 793/793/793 272/272/272 272/272/272 
f 272/272/272 274/274/274 272/272/272 
f 272/272/272 274/274/274 270/270/270 
f 274/274/274 834/834/834 270/270/270 
f 270/270/270 834/834/834 268/268/268 
f 834/834/834 835/835/835 268/268/268 
f 268/268/268 835/835/835 836/836/836 
f 835/835/835 837/837/837 836/836/836 
f 836/836/836 837/837/837 838/838/838 
f 837/837/837 839/839/839 838/838/838 
f 838/838/838 839/839/839 840/840/840 
f 839/839/839 841/841/841 840/840/840 
f 840/840/840 841/841/841 842/842/842 
f 841/841/841 843/843/843 842/842/842 
f 842/842/842 843/843/843 844/844/844 
f 843/843/843 845/845/845 844/844/844 
f 844/844/844 845/845/845 846/846/846 
f 845/845/845 847/847/847 846/846/846 
f 846/846/846 847/847/847 848/848/848 
f 847/847/847 849/849/849 848/848/848 
f 848/848/848 849/849/849 850/850/850 
f 849/849/849 851/851/851 850/850/850 
f 850/850/850 851/851/851 852/852/852 
f 851/851/851 853/853/853 852/852/852 
f 852/852/852 853/853/853 854/854/854 
f 853/853/853 855/855/855 854/854/854 
f 854/854/854 855/855/855 856/856/856 
f 855/855/855 857/857/857 856/856/856 
f 856/856/856 857/857/857 858/858/858 
f 857/857/857 858/858/858 858/858/858 
f 858/858/858 858/858/858 838/838/838 
f 858/858/858 838/838/838 838/838/838 
f 838/838/838 838/838/838 838/838/838 
f 838/838/838 840/840/840 838/838/838 
f 838/838/838 840/840/840 859/859/859 
f 840/840/840 842/842/842 859/859/859 
f 859/859/859 842/842/842 860/860/860 
f 842/842/842 844/844/844 860/860/860 
f 860/860/860 844/844/844 861/861/861 
f 844/844/844 862/862/862 861/861/861 
f 861/861/861 862/862/862 863/863/863 
f 862/862/862 864/864/864 863/863/863 
f 863/863/863 864/864/864 865/865/865 
f 864/864/864 866/866/866 865/865/865 
f 865/865/865 866/866/866 867/867/867 
f 866/866/866 868/868/868 867/867/867 
f 867/867/867 868/868/868 869/869/869 
f 868/868/868 870/870/870 869/869/869 
f 869/869/869 870/870/870 871/871/871 
f 870/870/870 872/872/872 871/871/871 
f 871/871/871 872/872/872 873/873/873 
f 872/872/872 874/874/874 873/873/873 
f 873/873/873 874/874/874 875/875/875 
f 874/874/874 876/876/876 875/875/875 
f 875/875/875 876/876/876 877/877/877 
f 876/876/876 878/878/878 877/877/877 
f 877/877/877 878/878/878 395/395/395 
f 878/878/878 397/397/397 395/395/395 
f 395/395/395 397/397/397 397/397/397 
f 397/397/397 878/878/878 397/397/397 
f 397/397/397 878/878/878 879/879/879 
f 878/878/878 876/876/876 879/879/879 
f 879/879/879 876/876/876 880/880/880 
f 876/876/876 874/874/874 880/880/880 
f 880/880/880 874/874/874 881/881/881 
f 874/874/874 872/872/872 881/881/881 
f 881/881/881 872/872/872 882/882/882 
f 872/872/872 870/870/870 882/882/882 
f 882/882/882 870/870/870 883/883/883 
f 870/870/870 884/884/884 883/883/883 
f 883/883/883 884/884/884 885/885/885 
f 884/884/884 886/886/886 885/885/885 
f 885/885/885 886/886/886 887/887/887 
f 886/886/886 852/852/852 887/887/887 
f 887/887/887 852/852/852 854/854/854 
f 852/852/852 854/854/854 854/854/854 
f 854/854/854 854/854/854 854/854/854 
f 854/854/854 888/888/888 854/854/854 
f 854/854/854 888/888/888 887/887/887 
f 888/888/888 889/889/889 887/887/887 
f 887/887/887 889/889/889 885/885/885 
f 889/889/889 890/890/890 885/885/885 
f 885/885/885 890/890/890 891/891/891 
f 890/890/890 892/892/892 891/891/891 
f 891/891/891 892/892/892 881/881/881 
f 892/892/892 893/893/893 881/881/881 
f 881/881/881 893/893/893 880/880/880 
f 893/893/893 894/894/894 880/880/880 
f 880/880/880 894/894/894 879/879/879 
f 894/894/894 895/895/895 879/879/879 
f 879/879/879 895/895/895 399/399/399 
f 895/895/895 401/401/401 399/399/399 
f 399/399/399 401/401/401 401/401/401 
f 401/401/401 854/854/854 401/401/401 
f 401/401/401 854/854/854 854/854/854 
f 854/854/854 856/856/856 854/854/854 
f 854/854/854 856/856/856 888/888/888 
f 856/856/856 896/896/896 888/888/888 
f 888/888/888 896/896/896 897/897/897 
f 896/896/896 898/898/898 897/897/897 
f 897/897/897 898/898/898 899/899/899 
f 898/898/898 900/900/900 899/899/899 
f 899/899/899 900/900/900 901/901/901 
f 900/900/900 902/902/902 901/901/901 
f 901/901/901 902/902/902 903/903/903 
f 902/902/902 904/904/904 903/903/903 
f 903/903/903 904/904/904 905/905/905 
f 904/904/904 906/906/906 905/905/905 
f 905/905/905 906/906/906 907/907/907 
f 906/906/906 908/908/908 907/907/907 
f 907/907/907 908/908/908 909/909/909 
f 908/908/908 910/910/910 909/909/909 
f 909/909/909 910/910/910 911/911/911 
f 910/910/910 912/912/912 911/911/911 
f 911/911/911 912/912/912 409/409/409 
f 912/912/912 411/411/411 409/409/409 
f 409/409/409 411/411/411 411/411/411 
f 411/411/411 856/856/856 411/411/411 
f 411/411/411 856/856/856 856/856/856 
f 856/856/856 858/858/858 856/856/856 
f 856/856/856 858/858/858 896/896/896 
f 858/858/858 913/913/913 896/896/896 
f 896/896/896 913/913/913 898/898/898 
f 913/913/913 914/914/914 898/898/898 
f 898/898/898 914/914/914 900/900/900 
f 914/914/914 915/915/915 900/900/900 
f 900/900/900 915/915/915 902/902/902 
f 915/915/915 916/916/916 902/902/902 
f 902/902/902 916/916/916 904/904/904 
f 916/916/916 917/917/917 904/904/904 
f 904/904/904 917/917/917 906/906/906 
f 917/917/917 918/918/918 906/906/906 
f 906/906/906 918/918/918 908/908/908 
f 918/918/918 919/919/919 908/908/908 
f 908/908/908 919/919/919 910/910/910 
f 919/919/919 920/920/920 910/910/910 
f 910/910/910 920/920/920 912/912/912 
f 920/920/920 921/921/921 912/912/912 
f 912/912/912 921/921/921 411/411/411 
f 921/921/921 413/413/413 411/411/411 
f 411/411/411 413/413/413 413/413/413 
f 413/413/413 402/402/402 413/413/413 
f 413/413/413 402/402/402 402/402/402 
f 402/402/402 404/404/404 402/402/402 
f 402/402/402 404/404/404 460/460/460 
f 404/404/404 922/922/922 460/460/460 
f 460/460/460 922/922/922 458/458/458 
f 922/922/922 923/923/923 458/458/458 
f 458/458/458 923/923/923 456/456/456 
f 923/923/923 455/455/455 456/456/456 
f 456/456/456 455/455/455 455/455/455 
f 455/455/455 404/404/404 455/455/455 
f 455/455/455 404/404/404 404/404/404 
f 404/404/404 924/924/924 404/404/404 
f 404/404/404 924/924/924 922/922/922 
f 924/924/924 925/925/925 922/922/922 
f 922/922/922 925/925/925 923/923/923 
f 925/925/925 926/926/926 923/923/923 
f 923/923/923 926/926/926 455/455/455 
f 926/926/926 927/927/927 455/455/455 
f 455/455/455 927/927/927 454/454/454 
f 927/927/927 453/453/453 454/454/454 
f 454/454/454 453/453/453 453/453/453 
f 453/453/453 927/927/927 453/453/453 
f 453/453/453 927/927/927 927/927/927 
f 927/927/927 926/926/926 927/927/927 
f 927/927/927 926/926/926 928/928/928 
f 926/926/926 925/925/925 928/928/928 
f 928/928/928 925/925/925 929/929/929 
f 925/925/925 924/924/924 929/929/929 
f 929/929/929 924/924/924 930/930/930 
f 924/924/924 406/406/406 930/930/930 
f 930/930/930 406/406/406 931/931/931 
f 406/406/406 408/408/408 931/931/931 
f 931/931/931 408/408/408 410/410/410 
f 408/408/408 410/410/410 410/410/410 
f 410/410/410 410/410/410 930/930/930 
f 410/410/410 930/930/930 930/930/930 
f 930/930/930 930/930/930 930/930/930 
f 930/930/930 932/932/932 930/930/930 
f 930/930/930 932/932/932 929/929/929 
f 932/932/932 933/933/933 929/929/929 
f 929/929/929 933/933/933 934/934/934 
f 933/933/933 935/935/935 934/934/934 
f 934/934/934 935/935/935 936/936/936 
f 935/935/935 937/937/937 936/936/936 
f 936/936/936 937/937/937 451/451/451 
f 937/937/937 938/938/938 451/451/451 
f 451/451/451 938/938/938 449/449/449 
f 938/938/938 939/939/939 449/449/449 
f 449/449/449 939/939/939 447/447/447 
f 939/939/939 940/940/940 447/447/447 
f 447/447/447 940/940/940 445/445/445 
f 940/940/940 941/941/941 445/445/445 
f 445/445/445 941/941/941 443/443/443 
f 941/941/941 442/442/442 443/443/443 
f 443/443/443 442/442/442 442/442/442 
f 442/442/442 935/935/935 442/442/442 
f 442/442/442 935/935/935 935/935/935 
f 935/935/935 942/942/942 935/935/935 
f 935/935/935 942/942/942 937/937/937 
f 942/942/942 943/943/943 937/937/937 
f 937/937/937 943/943/943 938/938/938 
f 943/943/943 944/944/944 938/938/938 
f 938/938/938 944/944/944 939/939/939 
f 944/944/944 945/945/945 939/939/939 
f 939/939/939 945/945/945 946/946/946 
f 945/945/945 947/947/947 946/946/946 
f 946/946/946 947/947/947 948/948/948 
f 947/947/947 949/949/949 948/948/948 
f 948/948/948 949/949/949 950/950/950 
f 949/949/949 951/951/951 950/950/950 
f 950/950/950 951/951/951 442/442/442 
f 951/951/951 952/952/952 442/442/442 
f 442/442/442 952/952/952 436/436/436 
f 952/952/952 437/437/437 436/436/436 
f 436/436/436 437/437/437 437/437/437 
f 437/437/437 939/939/939 437/437/437 
f 437/437/437 939/939/939 939/939/939 
f 939/939/939 946/946/946 939/939/939 
f 939/939/939 946/946/946 940/940/940 
f 946/946/946 948/948/948 940/940/940 
f 940/940/940 948/948/948 941/941/941 
f 948/948/948 950/950/950 941/941/941 
f 941/941/941 950/950/950 442/442/442 
f 950/950/950 442/442/442 442/442/442 
f 442/442/442 442/442/442 857/857/857 
f 442/442/442 857/857/857 857/857/857 
f 857/857/857 857/857/857 857/857/857 
f 857/857/857 855/855/855 857/857/857 
f 857/857/857 855/855/855 953/953/953 
f 855/855/855 954/954/954 953/953/953 
f 953/953/953 954/954/954 955/955/955 
f 954/954/954 956/956/956 955/955/955 
f 955/955/955 956/956/956 957/957/957 
f 956/956/956 958/958/958 957/957/957 
f 957/957/957 958/958/958 959/959/959 
f 958/958/958 960/960/960 959/959/959 
f 959/959/959 960/960/960 961/961/961 
f 960/960/960 962/962/962 961/961/961 
f 961/961/961 962/962/962 963/963/963 
f 962/962/962 964/964/964 963/963/963 
f 963/963/963 964/964/964 965/965/965 
f 964/964/964 966/966/966 965/965/965 
f 965/965/965 966/966/966 967/967/967 
f 966/966/966 968/968/968 967/967/967 
f 967/967/967 968/968/968 969/969/969 
f 968/968/968 970/970/970 969/969/969 
f 969/969/969 970/970/970 971/971/971 
f 970/970/970 972/972/972 971/971/971 
f 971/971/971 972/972/972 973/973/973 
f 972/972/972 974/974/974 973/973/973 
f 973/973/973 974/974/974 975/975/975 
f 974/974/974 976/976/976 975/975/975 
f 975/975/975 976/976/976 977/977/977 
f 976/976/976 978/978/978 977/977/977 
f 977/977/977 978/978/978 979/979/979 
f 978/978/978 980/980/980 979/979/979 
f 979/979/979 980/980/980 981/981/981 
f 980/980/980 982/982/982 981/981/981 
f 981/981/981 982/982/982 983/983/983 
f 982/982/982 294/294/294 983/983/983 
f 983/983/983 294/294/294 296/296/296 
f 294/294/294 296/296/296 296/296/296 
f 296/296/296 296/296/296 855/855/855 
f 296/296/296 855/855/855 855/855/855 
f 855/855/855 855/855/855 855/855/855 
f 855/855/855 853/853/853 855/855/855 
f 855/855/855 853/853/853 954/954/954 
f 853/853/853 984/984/984 954/954/954 
f 954/954/954 984/984/984 956/956/956 
f 984/984/984 985/985/985 956/956/956 
f 956/956/956 985/985/985 958/958/958 
f 985/985/985 986/986/986 958/958/958 
f 958/958/958 986/986/986 960/960/960 
f 986/986/986 987/987/987 960/960/960 
f 960/960/960 987/987/987 962/962/962 
f 987/987/987 988/988/988 962/962/962 
f 962/962/962 988/988/988 964/964/964 
f 988/988/988 989/989/989 964/964/964 
f 964/964/964 989/989/989 966/966/966 
f 989/989/989 990/990/990 966/966/966 
f 966/966/966 990/990/990 968/968/968 
f 990/990/990 991/991/991 968/968/968 
f 968/968/968 991/991/991 970/970/970 
f 991/991/991 992/992/992 970/970/970 
f 970/970/970 992/992/992 972/972/972 
f 992/992/992 993/993/993 972/972/972 
f 972/972/972 993/993/993 974/974/974 
f 993/993/993 994/994/994 974/974/974 
f 974/974/974 994/994/994 976/976/976 
f 994/994/994 995/995/995 976/976/976 
f 976/976/976 995/995/995 978/978/978 
f 995/995/995 996/996/996 978/978/978 
f 978/978/978 996/996/996 980/980/980 
f 996/996/996 997/997/997 980/980/980 
f 980/980/980 997/997/997 982/982/982 
f 997/997/997 292/292/292 982/982/982 
f 982/982/982 292/292/292 294/294/294 
f 292/292/292 294/294/294 294/294/294 
f 294/294/294 294/294/294 853/853/853 
f 294/294/294 853/853/853 853/853/853 
f 853/853/853 853/853/853 853/853/853 
f 853/853/853 851/851/851 853/853/853 
f 853/853/853 851/851/851 984/984/984 
f 851/851/851 849/849/849 984/984/984 
f 984/984/984 849/849/849 985/985/985 
f 849/849/849 998/998/998 985/985/985 
f 985/985/985 998/998/998 986/986/986 
f 998/998/998 999/999/999 986/986/986 
f 986/986/986 999/999/999 987/987/987 
f 999/999/999 1000/1000/1000 987/987/987 
f 987/987/987 1000/1000/1000 988/988/988 
f 1000/1000/1000 1001/1001/1001 988/988/988 
f 988/988/988 1001/1001/1001 989/989/989 
f 1001/1001/1001 1002/1002/1002 989/989/989 
f 989/989/989 1002/1002/1002 990/990/990 
f 1002/1002/1002 1003/1003/1003 990/990/990 
f 990/990/990 1003/1003/1003 991/991/991 
f 1003/1003/1003 1004/1004/1004 991/991/991 
f 991/991/991 1004/1004/1004 992/992/992 
f 1004/1004/1004 1005/1005/1005 992/992/992 
f 992/992/992 1005/1005/1005 993/993/993 
f 1005/1005/1005 1006/1006/1006 993/993/993 
f 993/993/993 1006/1006/1006 994/994/994 
f 1006/1006/1006 1007/1007/1007 994/994/994 
f 994/994/994 1007/1007/1007 995/995/995 
f 1007/1007/1007 1008/1008/1008 995/995/995 
f 995/995/995 1008/1008/1008 996/996/996 
f 1008/1008/1008 1009/1009/1009 996/996/996 
f 996/996/996 1009/1009/1009 997/997/997 
f 1009/1009/1009 290/290/290 997/997/997 
f 997/997/997 290/290/290 292/292/292 
f 290/290/290 292/292/292 292/292/292 
f 292/292/292 292/292/292 1005/1005/1005 
f 292/292/292 1005/1005/1005 1005/1005/1005 
f 1005/1005/1005 1005/1005/1005 1005/1005/1005 
f 1005/1005/1005 1004/1004/1004 1005/1005/1005 
f 1005/1005/1005 1004/1004/1004 1010/1010/1010 
f 1004/1004/1004 1003/1003/1003 1010/1010/1010 
f 1010/1010/1010 1003/1003/1003 1011/1011/1011 
f 1003/1003/1003 1012/1012/1012 1011/1011/1011 
f 1011/1011/1011 1012/1012/1012 1013/1013/1013 
f 1012/1012/1012 1014/1014/1014 1013/1013/1013 
f 1013/1013/1013 1014/1014/1014 1015/1015/1015 
f 1014/1014/1014 1016/1016/1016 1015/1015/1015 
f 1015/1015/1015 1016/1016/1016 841/841/841 
f 1016/1016/1016 1017/1017/1017 841/841/841 
f 841/841/841 1017/1017/1017 843/843/843 
f 1017/1017/1017 847/847/847 843/843/843 
f 843/843/843 847/847/847 845/845/845 
f 847/847/847 845/845/845 845/845/845 
f 845/845/845 845/845/845 841/841/841 
f 845/845/845 841/841/841 841/841/841 
f 841/841/841 841/841/841 841/841/841 
f 841/841/841 839/839/839 841/841/841 
f 841/841/841 839/839/839 1015/1015/1015 
f 839/839/839 1018/1018/1018 1015/1015/1015 
f 1015/1015/1015 1018/1018/1018 1013/1013/1013 
f 1018/1018/1018 1019/1019/1019 1013/1013/1013 
f 1013/1013/1013 1019/1019/1019 1020/1020/1020 
f 1019/1019/1019 1021/1021/1021 1020/1020/1020 
f 1020/1020/1020 1021/1021/1021 1022/1022/1022 
f 1021/1021/1021 1023/1023/1023 1022/1022/1022 
f 1022/1022/1022 1023/1023/1023 1010/1010/1010 
f 1023/1023/1023 1024/1024/1024 1010/1010/1010 
f 1010/1010/1010 1024/1024/1024 1005/1005/1005 
f 1024/1024/1024 1006/1006/1006 1005/1005/1005 
f 1005/1005/1005 1006/1006/1006 1006/1006/1006 
f 1006/1006/1006 1021/1021/1021 1006/1006/1006 
f 1006/1006/1006 1021/1021/1021 1021/1021/1021 
f 1021/1021/1021 278/278/278 1021/1021/1021 
f 1021/1021/1021 278/278/278 1023/1023/1023 
f 278/278/278 280/280/280 1023/1023/1023 
f 1023/1023/1023 280/280/280 1024/1024/1024 
f 280/280/280 1025/1025/1025 1024/1024/1024 
f 1024/1024/1024 1025/1025/1025 1006/1006/1006 
f 1025/1025/1025 1026/1026/1026 1006/1006/1006 
f 1006/1006/1006 1026/1026/1026 1007/1007/1007 
f 1026/1026/1026 1008/1008/1008 1007/1007/1007 
f 1007/1007/1007 1008/1008/1008 1008/1008/1008 
f 1008/1008/1008 278/278/278 1008/1008/1008 
f 1008/1008/1008 278/278/278 278/278/278 
f 278/278/278 1021/1021/1021 278/278/278 
f 278/278/278 1021/1021/1021 276/276/276 
f 1021/1021/1021 1027/1027/1027 276/276/276 
f 276/276/276 1027/1027/1027 274/274/274 
f 1027/1027/1027 834/834/834 274/274/274 
f 274/274/274 834/834/834 834/834/834 
f 834/834/834 1021/1021/1021 834/834/834 
f 834/834/834 1021/1021/1021 1021/1021/1021 
f 1021/1021/1021 1019/1019/1019 1021/1021/1021 
f 1021/1021/1021 1019/1019/1019 1027/1027/1027 
f 1019/1019/1019 1028/1028/1028 1027/1027/1027 
f 1027/1027/1027 1028/1028/1028 834/834/834 
f 1028/1028/1028 835/835/835 834/834/834 
f 834/834/834 835/835/835 835/835/835 
f 835/835/835 1028/1028/1028 835/835/835 
f 835/835/835 1028/1028/1028 837/837/837 
f 1028/1028/1028 1018/1018/1018 837/837/837 
f 837/837/837 1018/1018/1018 839/839/839 
f 1018/1018/1018 839/839/839 839/839/839 
f 839/839/839 839/839/839 888/888/888 
f 839/839/839 888/888/888 888/888/888 
f 888/888/888 888/888/888 888/888/888 
f 888/888/888 897/897/897 888/888/888 
f 888/888/888 897/897/897 889/889/889 
f 897/897/897 890/890/890 889/889/889 
f 889/889/889 890/890/890 890/890/890 
f 890/890/890 897/897/897 890/890/890 
f 890/890/890 897/897/897 897/897/897 
f 897/897/897 899/899/899 897/897/897 
f 897/897/897 899/899/899 890/890/890 
f 899/899/899 1029/1029/1029 890/890/890 
f 890/890/890 1029/1029/1029 892/892/892 
f 1029/1029/1029 893/893/893 892/892/892 
f 892/892/892 893/893/893 893/893/893 
f 893/893/893 899/899/899 893/893/893 
f 893/893/893 899/899/899 899/899/899 
f 899/899/899 901/901/901 899/899/899 
f 899/899/899 901/901/901 1029/1029/1029 
f 901/901/901 1030/1030/1030 1029/1029/1029 
f 1029/1029/1029 1030/1030/1030 893/893/893 
f 1030/1030/1030 1031/1031/1031 893/893/893 
f 893/893/893 1031/1031/1031 894/894/894 
f 1031/1031/1031 895/895/895 894/894/894 
f 894/894/894 895/895/895 895/895/895 
f 895/895/895 1030/1030/1030 895/895/895 
f 895/895/895 1030/1030/1030 1030/1030/1030 
f 1030/1030/1030 903/903/903 1030/1030/1030 
f 1030/1030/1030 903/903/903 1031/1031/1031 
f 903/903/903 905/905/905 1031/1031/1031 
f 1031/1031/1031 905/905/905 1032/1032/1032 
f 905/905/905 907/907/907 1032/1032/1032 
f 1032/1032/1032 907/907/907 1033/1033/1033 
f 907/907/907 909/909/909 1033/1033/1033 
f 1033/1033/1033 909/909/909 1034/1034/1034 
f 909/909/909 911/911/911 1034/1034/1034 
f 1034/1034/1034 911/911/911 407/407/407 
f 911/911/911 409/409/409 407/407/407 
f 407/407/407 409/409/409 409/409/409 
f 409/409/409 1033/1033/1033 409/409/409 
f 409/409/409 1033/1033/1033 1033/1033/1033 
f 1033/1033/1033 401/401/401 1033/1033/1033 
f 1033/1033/1033 401/401/401 1032/1032/1032 
f 401/401/401 895/895/895 1032/1032/1032 
f 1032/1032/1032 895/895/895 1031/1031/1031 
f 895/895/895 1031/1031/1031 1031/1031/1031 
f 1031/1031/1031 1031/1031/1031 1033/1033/1033 
f 1031/1031/1031 1033/1033/1033 1033/1033/1033 
f 1033/1033/1033 1033/1033/1033 1033/1033/1033 
f 1033/1033/1033 1034/1034/1034 1033/1033/1033 
f 1033/1033/1033 1034/1034/1034 401/401/401 
f 1034/1034/1034 403/403/403 401/401/401 
f 401/401/401 403/403/403 403/403/403 
f 403/403/403 1034/1034/1034 403/403/403 
f 403/403/403 1034/1034/1034 405/405/405 
f 1034/1034/1034 407/407/407 405/405/405 
f 405/405/405 407/407/407 407/407/407 
f 407/407/407 881/881/881 407/407/407 
f 407/407/407 881/881/881 881/881/881 
f 881/881/881 882/882/882 881/881/881 
f 881/881/881 882/882/882 891/891/891 
f 882/882/882 885/885/885 891/891/891 
f 891/891/891 885/885/885 885/885/885 
f 885/885/885 268/268/268 885/885/885 
f 885/885/885 268/268/268 268/268/268 
f 268/268/268 836/836/836 268/268/268 
f 268/268/268 836/836/836 266/266/266 
f 836/836/836 264/264/264 266/266/266 
f 266/266/266 264/264/264 264/264/264 
f 264/264/264 836/836/836 264/264/264 
f 264/264/264 836/836/836 1035/1035/1035 
f 836/836/836 859/859/859 1035/1035/1035 
f 1035/1035/1035 859/859/859 1036/1036/1036 
f 859/859/859 860/860/860 1036/1036/1036 
f 1036/1036/1036 860/860/860 1037/1037/1037 
f 860/860/860 861/861/861 1037/1037/1037 
f 1037/1037/1037 861/861/861 1038/1038/1038 
f 861/861/861 863/863/863 1038/1038/1038 
f 1038/1038/1038 863/863/863 1039/1039/1039 
f 863/863/863 865/865/865 1039/1039/1039 
f 1039/1039/1039 865/865/865 867/867/867 
f 865/865/865 867/867/867 867/867/867 
f 867/867/867 867/867/867 264/264/264 
f 867/867/867 264/264/264 264/264/264 
f 264/264/264 264/264/264 264/264/264 
f 264/264/264 1035/1035/1035 264/264/264 
f 264/264/264 1035/1035/1035 262/262/262 
f 1035/1035/1035 1036/1036/1036 262/262/262 
f 262/262/262 1036/1036/1036 260/260/260 
f 1036/1036/1036 1037/1037/1037 260/260/260 
f 260/260/260 1037/1037/1037 258/258/258 
f 1037/1037/1037 1038/1038/1038 258/258/258 
f 258/258/258 1038/1038/1038 1039/1039/1039 
f 1038/1038/1038 1039/1039/1039 1039/1039/1039 
f 1039/1039/1039 1039/1039/1039 258/258/258 
f 1039/1039/1039 258/258/258 258/258/258 
f 258/258/258 258/258/258 258/258/258 
f 258/258/258 1039/1039/1039 258/258/258 
f 258/258/258 1039/1039/1039 256/256/256 
f 1039/1039/1039 1040/1040/1040 256/256/256 
f 256/256/256 1040/1040/1040 254/254/254 
f 1040/1040/1040 1041/1041/1041 254/254/254 
f 254/254/254 1041/1041/1041 1042/1042/1042 
f 1041/1041/1041 1043/1043/1043 1042/1042/1042 
f 1042/1042/1042 1043/1043/1043 1044/1044/1044 
f 1043/1043/1043 1045/1045/1045 1044/1044/1044 
f 1044/1044/1044 1045/1045/1045 1046/1046/1046 
f 1045/1045/1045 1047/1047/1047 1046/1046/1046 
f 1046/1046/1046 1047/1047/1047 1048/1048/1048 
f 1047/1047/1047 1049/1049/1049 1048/1048/1048 
f 1048/1048/1048 1049/1049/1049 384/384/384 
f 1049/1049/1049 385/385/385 384/384/384 
f 384/384/384 385/385/385 385/385/385 
f 385/385/385 1040/1040/1040 385/385/385 
f 385/385/385 1040/1040/1040 1040/1040/1040 
f 1040/1040/1040 867/867/867 1040/1040/1040 
f 1040/1040/1040 867/867/867 1041/1041/1041 
f 867/867/867 869/869/869 1041/1041/1041 
f 1041/1041/1041 869/869/869 1043/1043/1043 
f 869/869/869 871/871/871 1043/1043/1043 
f 1043/1043/1043 871/871/871 1050/1050/1050 
f 871/871/871 873/873/873 1050/1050/1050 
f 1050/1050/1050 873/873/873 1051/1051/1051 
f 873/873/873 875/875/875 1051/1051/1051 
f 1051/1051/1051 875/875/875 1052/1052/1052 
f 875/875/875 877/877/877 1052/1052/1052 
f 1052/1052/1052 877/877/877 395/395/395 
f 877/877/877 395/395/395 395/395/395 
f 395/395/395 395/395/395 1043/1043/1043 
f 395/395/395 1043/1043/1043 1043/1043/1043 
f 1043/1043/1043 1043/1043/1043 1043/1043/1043 
f 1043/1043/1043 1050/1050/1050 1043/1043/1043 
f 1043/1043/1043 1050/1050/1050 1045/1045/1045 
f 1050/1050/1050 1053/1053/1053 1045/1045/1045 
f 1045/1045/1045 1053/1053/1053 1047/1047/1047 
f 1053/1053/1053 1054/1054/1054 1047/1047/1047 
f 1047/1047/1047 1054/1054/1054 1049/1049/1049 
f 1054/1054/1054 387/387/387 1049/1049/1049 
f 1049/1049/1049 387/387/387 385/385/385 
f 387/387/387 385/385/385 385/385/385 
f 385/385/385 385/385/385 387/387/387 
f 385/385/385 387/387/387 387/387/387 
f 387/387/387 387/387/387 387/387/387 
f 387/387/387 1054/1054/1054 387/387/387 
f 387/387/387 1054/1054/1054 389/389/389 
f 1054/1054/1054 1055/1055/1055 389/389/389 
f 389/389/389 1055/1055/1055 391/391/391 
f 1055/1055/1055 1052/1052/1052 391/391/391 
f 391/391/391 1052/1052/1052 393/393/393 
f 1052/1052/1052 395/395/395 393/393/393 
f 393/393/393 395/395/395 395/395/395 
f 395/395/395 1054/1054/1054 395/395/395 
f 395/395/395 1054/1054/1054 1054/1054/1054 
f 1054/1054/1054 1053/1053/1053 1054/1054/1054 
f 1054/1054/1054 1053/1053/1053 1055/1055/1055 
f 1053/1053/1053 1052/1052/1052 1055/1055/1055 
f 1055/1055/1055 1052/1052/1052 1052/1052/1052 
f 1052/1052/1052 1053/1053/1053 1052/1052/1052 
f 1052/1052/1052 1053/1053/1053 1051/1051/1051 
f 1053/1053/1053 1050/1050/1050 1051/1051/1051 
f 1051/1051/1051 1050/1050/1050 1050/1050/1050 
f 1050/1050/1050 254/254/254 1050/1050/1050 
f 1050/1050/1050 254/254/254 254/254/254 
f 254/254/254 1042/1042/1042 254/254/254 
f 254/254/254 1042/1042/1042 252/252/252 
f 1042/1042/1042 1046/1046/1046 252/252/252 
f 252/252/252 1046/1046/1046 250/250/250 
f 1046/1046/1046 1048/1048/1048 250/250/250 
f 250/250/250 1048/1048/1048 248/248/248 
f 1048/1048/1048 384/384/384 248/248/248 
f 248/248/248 384/384/384 384/384/384 
f 384/384/384 844/844/844 384/384/384 
f 384/384/384 844/844/844 844/844/844 
f 844/844/844 846/846/846 844/844/844 
f 844/844/844 846/846/846 862/862/862 
f 846/846/846 1056/1056/1056 862/862/862 
f 862/862/862 1056/1056/1056 864/864/864 
f 1056/1056/1056 1057/1057/1057 864/864/864 
f 864/864/864 1057/1057/1057 866/866/866 
f 1057/1057/1057 868/868/868 866/866/866 
f 866/866/866 868/868/868 868/868/868 
f 868/868/868 846/846/846 868/868/868 
f 868/868/868 846/846/846 846/846/846 
f 846/846/846 850/850/850 846/846/846 
f 846/846/846 850/850/850 1056/1056/1056 
f 850/850/850 1058/1058/1058 1056/1056/1056 
f 1056/1056/1056 1058/1058/1058 1057/1057/1057 
f 1058/1058/1058 886/886/886 1057/1057/1057 
f 1057/1057/1057 886/886/886 884/884/884 
f 886/886/886 884/884/884 884/884/884 
f 884/884/884 884/884/884 1057/1057/1057 
f 884/884/884 1057/1057/1057 1057/1057/1057 
f 1057/1057/1057 1057/1057/1057 1057/1057/1057 
f 1057/1057/1057 884/884/884 1057/1057/1057 
f 1057/1057/1057 884/884/884 868/868/868 
f 884/884/884 870/870/870 868/868/868 
f 868/868/868 870/870/870 870/870/870 
f 870/870/870 850/850/850 870/870/870 
f 870/870/870 850/850/850 850/850/850 
f 850/850/850 852/852/852 850/850/850 
f 850/850/850 852/852/852 1058/1058/1058 
f 852/852/852 886/886/886 1058/1058/1058 
f 1058/1058/1058 886/886/886 886/886/886 
f 886/886/886 849/849/849 886/886/886 
f 886/886/886 849/849/849 849/849/849 
f 849/849/849 847/847/847 849/849/849 
f 849/849/849 847/847/847 998/998/998 
f 847/847/847 999/999/999 998/998/998 
f 998/998/998 999/999/999 999/999/999 
f 999/999/999 847/847/847 999/999/999 
f 999/999/999 847/847/847 847/847/847 
f 847/847/847 1017/1017/1017 847/847/847 
f 847/847/847 1017/1017/1017 999/999/999 
f 1017/1017/1017 1000/1000/1000 999/999/999 
f 999/999/999 1000/1000/1000 1000/1000/1000 
f 1000/1000/1000 1017/1017/1017 1000/1000/1000 
f 1000/1000/1000 1017/1017/1017 1017/1017/1017 
f 1017/1017/1017 1016/1016/1016 1017/1017/1017 
f 1017/1017/1017 1016/1016/1016 1000/1000/1000 
f 1016/1016/1016 1014/1014/1014 1000/1000/1000 
f 1000/1000/1000 1014/1014/1014 1001/1001/1001 
f 1014/1014/1014 1002/1002/1002 1001/1001/1001 
f 1001/1001/1001 1002/1002/1002 1002/1002/1002 
f 1002/1002/1002 1014/1014/1014 1002/1002/1002 
f 1002/1002/1002 1014/1014/1014 1014/1014/1014 
f 1014/1014/1014 1012/1012/1012 1014/1014/1014 
f 1014/1014/1014 1012/1012/1012 1002/1002/1002 
f 1012/1012/1012 1003/1003/1003 1002/1002/1002 
f 1002/1002/1002 1003/1003/1003 1003/1003/1003 
f 1003/1003/1003 824/824/824 1003/1003/1003 
f 1003/1003/1003 824/824/824 824/824/824 
f 824/824/824 825/825/825 824/824/824 
f 824/824/824 825/825/825 830/830/830 
f 825/825/825 826/826/826 830/830/830 
f 830/830/830 826/826/826 787/787/787 
f 826/826/826 787/787/787 787/787/787 
f 787/787/787 787/787/787 281/281/281 
f 787/787/787 281/281/281 281/281/281 
f 281/281/281 281/281/281 281/281/281 
f 281/281/281 279/279/279 281/281/281 
f 281/281/281 279/279/279 299/299/299 
f 279/279/279 277/277/277 299/299/299 
f 299/299/299 277/277/277 277/277/277 
f 277/277/277 1013/1013/1013 277/277/277 
f 277/277/277 1013/1013/1013 1013/1013/1013 
f 1013/1013/1013 1020/1020/1020 1013/1013/1013 
f 1013/1013/1013 1020/1020/1020 1011/1011/1011 
f 1020/1020/1020 1010/1010/1010 1011/1011/1011 
f 1011/1011/1011 1010/1010/1010 1010/1010/1010 
f 1010/1010/1010 280/280/280 1010/1010/1010 
f 1010/1010/1010 280/280/280 280/280/280 
f 280/280/280 282/282/282 280/280/280 
f 280/280/280 282/282/282 1025/1025/1025 
f 282/282/282 1026/1026/1026 1025/1025/1025 
f 1025/1025/1025 1026/1026/1026 1026/1026/1026 
f 1026/1026/1026 282/282/282 1026/1026/1026 
f 1026/1026/1026 282/282/282 282/282/282 
f 282/282/282 284/284/284 282/282/282 
f 282/282/282 284/284/284 1026/1026/1026 
f 284/284/284 1059/1059/1059 1026/1026/1026 
f 1026/1026/1026 1059/1059/1059 1008/1008/1008 
f 1059/1059/1059 288/288/288 1008/1008/1008 
f 1008/1008/1008 288/288/288 1009/1009/1009 
f 288/288/288 290/290/290 1009/1009/1009 
f 1009/1009/1009 290/290/290 290/290/290 
f 290/290/290 1059/1059/1059 290/290/290 
f 290/290/290 1059/1059/1059 1059/1059/1059 
f 1059/1059/1059 284/284/284 1059/1059/1059 
f 1059/1059/1059 284/284/284 288/288/288 
f 284/284/284 286/286/286 288/288/288 
f 288/288/288 286/286/286 286/286/286 
f 286/286/286 498/498/498 286/286/286 
f 286/286/286 498/498/498 498/498/498 
f 498/498/498 496/496/496 498/498/498 
f 498/498/498 496/496/496 500/500/500 
f 496/496/496 1060/1060/1060 500/500/500 
f 500/500/500 1060/1060/1060 1061/1061/1061 
f 1060/1060/1060 1062/1062/1062 1061/1061/1061 
f 1061/1061/1061 1062/1062/1062 1063/1063/1063 
f 1062/1062/1062 1064/1064/1064 1063/1063/1063 
f 1063/1063/1063 1064/1064/1064 1065/1065/1065 
f 1064/1064/1064 522/522/522 1065/1065/1065 
f 1065/1065/1065 522/522/522 522/522/522 
f 522/522/522 1065/1065/1065 522/522/522 
f 522/522/522 1065/1065/1065 1065/1065/1065 
f 1065/1065/1065 1066/1066/1066 1065/1065/1065 
f 1065/1065/1065 1066/1066/1066 1063/1063/1063 
f 1066/1066/1066 1067/1067/1067 1063/1063/1063 
f 1063/1063/1063 1067/1067/1067 1061/1061/1061 
f 1067/1067/1067 502/502/502 1061/1061/1061 
f 1061/1061/1061 502/502/502 500/500/500 
f 502/502/502 500/500/500 500/500/500 
f 500/500/500 500/500/500 1066/1066/1066 
f 500/500/500 1066/1066/1066 1066/1066/1066 
f 1066/1066/1066 1066/1066/1066 1066/1066/1066 
f 1066/1066/1066 1068/1068/1068 1066/1066/1066 
f 1066/1066/1066 1068/1068/1068 1067/1067/1067 
f 1068/1068/1068 504/504/504 1067/1067/1067 
f 1067/1067/1067 504/504/504 502/502/502 
f 504/504/504 502/502/502 502/502/502 
f 502/502/502 502/502/502 37/37/37 
f 502/502/502 37/37/37 37/37/37 
f 37/37/37 37/37/37 37/37/37 
f 37/37/37 355/355/355 37/37/37 
f 37/37/37 355/355/355 39/39/39 
f 355/355/355 1069/1069/1069 39/39/39 
f 39/39/39 1069/1069/1069 41/41/41 
f 1069/1069/1069 43/43/43 41/41/41 
f 41/41/41 43/43/43 43/43/43 
f 43/43/43 355/355/355 43/43/43 
f 43/43/43 355/355/355 355/355/355 
f 355/355/355 353/353/353 355/355/355 
f 355/355/355 353/353/353 1069/1069/1069 
f 353/353/353 1070/1070/1070 1069/1069/1069 
f 1069/1069/1069 1070/1070/1070 43/43/43 
f 1070/1070/1070 45/45/45 43/43/43 
f 43/43/43 45/45/45 45/45/45 
f 45/45/45 353/353/353 45/45/45 
f 45/45/45 353/353/353 353/353/353 
f 353/353/353 351/351/351 353/353/353 
f 353/353/353 351/351/351 1070/1070/1070 
f 351/351/351 1071/1071/1071 1070/1070/1070 
f 1070/1070/1070 1071/1071/1071 45/45/45 
f 1071/1071/1071 47/47/47 45/45/45 
f 45/45/45 47/47/47 47/47/47 
f 47/47/47 1071/1071/1071 47/47/47 
f 47/47/47 1071/1071/1071 1072/1072/1072 
f 1071/1071/1071 351/351/351 1072/1072/1072 
f 1072/1072/1072 351/351/351 349/349/349 
f 351/351/351 349/349/349 349/349/349 
f 349/349/349 349/349/349 47/47/47 
f 349/349/349 47/47/47 47/47/47 
f 47/47/47 47/47/47 47/47/47 
f 47/47/47 1072/1072/1072 47/47/47 
f 47/47/47 1072/1072/1072 49/49/49 
f 1072/1072/1072 1073/1073/1073 49/49/49 
f 49/49/49 1073/1073/1073 51/51/51 
f 1073/1073/1073 1074/1074/1074 51/51/51 
f 51/51/51 1074/1074/1074 53/53/53 
f 1074/1074/1074 1075/1075/1075 53/53/53 
f 53/53/53 1075/1075/1075 55/55/55 
f 1075/1075/1075 57/57/57 55/55/55 
f 55/55/55 57/57/57 57/57/57 
f 57/57/57 1072/1072/1072 57/57/57 
f 57/57/57 1072/1072/1072 1072/1072/1072 
f 1072/1072/1072 347/347/347 1072/1072/1072 
f 1072/1072/1072 347/347/347 1073/1073/1073 
f 347/347/347 345/345/345 1073/1073/1073 
f 1073/1073/1073 345/345/345 1074/1074/1074 
f 345/345/345 343/343/343 1074/1074/1074 
f 1074/1074/1074 343/343/343 1075/1075/1075 
f 343/343/343 341/341/341 1075/1075/1075 
f 1075/1075/1075 341/341/341 339/339/339 
f 341/341/341 339/339/339 339/339/339 
f 339/339/339 339/339/339 522/522/522 
f 339/339/339 522/522/522 522/522/522 
f 522/522/522 522/522/522 522/522/522 
f 522/522/522 1064/1064/1064 522/522/522 
f 522/522/522 1064/1064/1064 520/520/520 
f 1064/1064/1064 1076/1076/1076 520/520/520 
f 520/520/520 1076/1076/1076 518/518/518 
f 1076/1076/1076 1077/1077/1077 518/518/518 
f 518/518/518 1077/1077/1077 516/516/516 
f 1077/1077/1077 490/490/490 516/516/516 
f 516/516/516 490/490/490 490/490/490 
f 490/490/490 1064/1064/1064 490/490/490 
f 490/490/490 1064/1064/1064 1064/1064/1064 
f 1064/1064/1064 1062/1062/1062 1064/1064/1064 
f 1064/1064/1064 1062/1062/1062 1076/1076/1076 
f 1062/1062/1062 1078/1078/1078 1076/1076/1076 
f 1076/1076/1076 1078/1078/1078 1077/1077/1077 
f 1078/1078/1078 492/492/492 1077/1077/1077 
f 1077/1077/1077 492/492/492 490/490/490 
f 492/492/492 490/490/490 490/490/490 
f 490/490/490 490/490/490 1062/1062/1062 
f 490/490/490 1062/1062/1062 1062/1062/1062 
f 1062/1062/1062 1062/1062/1062 1062/1062/1062 
f 1062/1062/1062 1060/1060/1060 1062/1062/1062 
f 1062/1062/1062 1060/1060/1060 1078/1078/1078 
f 1060/1060/1060 496/496/496 1078/1078/1078 
f 1078/1078/1078 496/496/496 494/494/494 
f 496/496/496 494/494/494 494/494/494 
f 494/494/494 494/494/494 234/234/234 
f 494/494/494 234/234/234 234/234/234 
f 234/234/234 234/234/234 234/234/234 
f 234/234/234 232/232/232 234/234/234 
f 234/234/234 232/232/232 1079/1079/1079 
f 232/232/232 1080/1080/1080 1079/1079/1079 
f 1079/1079/1079 1080/1080/1080 1080/1080/1080 
f 1080/1080/1080 232/232/232 1080/1080/1080 
f 1080/1080/1080 232/232/232 1081/1081/1081 
f 232/232/232 230/230/230 1081/1081/1081 
f 1081/1081/1081 230/230/230 1082/1082/1082 
f 230/230/230 228/228/228 1082/1082/1082 
f 1082/1082/1082 228/228/228 1083/1083/1083 
f 228/228/228 226/226/226 1083/1083/1083 
f 1083/1083/1083 226/226/226 1084/1084/1084 
f 226/226/226 224/224/224 1084/1084/1084 
f 1084/1084/1084 224/224/224 1085/1085/1085 
f 224/224/224 222/222/222 1085/1085/1085 
f 1085/1085/1085 222/222/222 1086/1086/1086 
f 222/222/222 220/220/220 1086/1086/1086 
f 1086/1086/1086 220/220/220 1087/1087/1087 
f 220/220/220 218/218/218 1087/1087/1087 
f 1087/1087/1087 218/218/218 1088/1088/1088 
f 218/218/218 216/216/216 1088/1088/1088 
f 1088/1088/1088 216/216/216 1089/1089/1089 
f 216/216/216 214/214/214 1089/1089/1089 
f 1089/1089/1089 214/214/214 1090/1090/1090 
f 214/214/214 212/212/212 1090/1090/1090 
f 1090/1090/1090 212/212/212 1091/1091/1091 
f 212/212/212 210/210/210 1091/1091/1091 
f 1091/1091/1091 210/210/210 208/208/208 
f 210/210/210 208/208/208 208/208/208 
f 208/208/208 208/208/208 1091/1091/1091 
f 208/208/208 1091/1091/1091 1091/1091/1091 
f 1091/1091/1091 1091/1091/1091 1091/1091/1091 
f 1091/1091/1091 208/208/208 1091/1091/1091 
f 1091/1091/1091 208/208/208 1092/1092/1092 
f 208/208/208 1093/1093/1093 1092/1092/1092 
f 1092/1092/1092 1093/1093/1093 1093/1093/1093 
f 1093/1093/1093 208/208/208 1093/1093/1093 
f 1093/1093/1093 208/208/208 208/208/208 
f 208/208/208 206/206/206 208/208/208 
f 208/208/208 206/206/206 1093/1093/1093 
f 206/206/206 1094/1094/1094 1093/1093/1093 
f 1093/1093/1093 1094/1094/1094 1094/1094/1094 
f 1094/1094/1094 206/206/206 1094/1094/1094 
f 1094/1094/1094 206/206/206 206/206/206 
f 206/206/206 204/204/204 206/206/206 
f 206/206/206 204/204/204 1094/1094/1094 
f 204/204/204 1095/1095/1095 1094/1094/1094 
f 1094/1094/1094 1095/1095/1095 1095/1095/1095 
f 1095/1095/1095 204/204/204 1095/1095/1095 
f 1095/1095/1095 204/204/204 204/204/204 
f 204/204/204 202/202/202 204/204/204 
f 204/204/204 202/202/202 1095/1095/1095 
f 202/202/202 1096/1096/1096 1095/1095/1095 
f 1095/1095/1095 1096/1096/1096 1096/1096/1096 
f 1096/1096/1096 202/202/202 1096/1096/1096 
f 1096/1096/1096 202/202/202 202/202/202 
f 202/202/202 200/200/200 202/202/202 
f 202/202/202 200/200/200 1096/1096/1096 
f 200/200/200 1097/1097/1097 1096/1096/1096 
f 1096/1096/1096 1097/1097/1097 1097/1097/1097 
f 1097/1097/1097 200/200/200 1097/1097/1097 
f 1097/1097/1097 200/200/200 200/200/200 
f 200/200/200 198/198/198 200/200/200 
f 200/200/200 198/198/198 1097/1097/1097 
f 198/198/198 1098/1098/1098 1097/1097/1097 
f 1097/1097/1097 1098/1098/1098 1098/1098/1098 
f 1098/1098/1098 198/198/198 1098/1098/1098 
f 1098/1098/1098 198/198/198 198/198/198 
f 198/198/198 196/196/196 198/198/198 
f 198/198/198 196/196/196 1098/1098/1098 
f 196/196/196 1099/1099/1099 1098/1098/1098 
f 1098/1098/1098 1099/1099/1099 1099/1099/1099 
f 1099/1099/1099 196/196/196 1099/1099/1099 
f 1099/1099/1099 196/196/196 196/196/196 
f 196/196/196 194/194/194 196/196/196 
f 196/196/196 194/194/194 1099/1099/1099 
f 194/194/194 1100/1100/1100 1099/1099/1099 
f 1099/1099/1099 1100/1100/1100 1100/1100/1100 
f 1100/1100/1100 194/194/194 1100/1100/1100 
f 1100/1100/1100 194/194/194 194/194/194 
f 194/194/194 192/192/192 194/194/194 
f 194/194/194 192/192/192 1100/1100/1100 
f 192/192/192 1101/1101/1101 1100/1100/1100 
f 1100/1100/1100 1101/1101/1101 1101/1101/1101 
f 1101/1101/1101 192/192/192 1101/1101/1101 
f 1101/1101/1101 192/192/192 192/192/192 
f 192/192/192 190/190/190 192/192/192 
f 192/192/192 190/190/190 1101/1101/1101 
f 190/190/190 1102/1102/1102 1101/1101/1101 
f 1101/1101/1101 1102/1102/1102 1102/1102/1102 
f 1102/1102/1102 190/190/190 1102/1102/1102 
f 1102/1102/1102 190/190/190 190/190/190 
f 190/190/190 188/188/188 190/190/190 
f 190/190/190 188/188/188 1102/1102/1102 
f 188/188/188 186/186/186 1102/1102/1102 
f 1102/1102/1102 186/186/186 1103/1103/1103 
f 186/186/186 1104/1104/1104 1103/1103/1103 
f 1103/1103/1103 1104/1104/1104 1104/1104/1104 
f 1104/1104/1104 186/186/186 1104/1104/1104 
f 1104/1104/1104 186/186/186 186/186/186 
f 186/186/186 184/184/184 186/186/186 
f 186/186/186 184/184/184 1104/1104/1104 
f 184/184/184 1105/1105/1105 1104/1104/1104 
f 1104/1104/1104 1105/1105/1105 1105/1105/1105 
f 1105/1105/1105 184/184/184 1105/1105/1105 
f 1105/1105/1105 184/184/184 184/184/184 
f 184/184/184 182/182/182 184/184/184 
f 184/184/184 182/182/182 1105/1105/1105 
f 182/182/182 1106/1106/1106 1105/1105/1105 
f 1105/1105/1105 1106/1106/1106 1106/1106/1106 
f 1106/1106/1106 182/182/182 1106/1106/1106 
f 1106/1106/1106 182/182/182 182/182/182 
f 182/182/182 180/180/180 182/182/182 
f 182/182/182 180/180/180 1106/1106/1106 
f 180/180/180 1107/1107/1107 1106/1106/1106 
f 1106/1106/1106 1107/1107/1107 1107/1107/1107 
f 1107/1107/1107 180/180/180 1107/1107/1107 
f 1107/1107/1107 180/180/180 180/180/180 
f 180/180/180 178/178/178 180/180/180 
f 180/180/180 178/178/178 1107/1107/1107 
f 178/178/178 1108/1108/1108 1107/1107/1107 
f 1107/1107/1107 1108/1108/1108 1108/1108/1108 
f 1108/1108/1108 178/178/178 1108/1108/1108 
f 1108/1108/1108 178/178/178 178/178/178 
f 178/178/178 176/176/176 178/178/178 
f 178/178/178 176/176/176 1108/1108/1108 
f 176/176/176 1109/1109/1109 1108/1108/1108 
f 1108/1108/1108 1109/1109/1109 1109/1109/1109 
f 1109/1109/1109 176/176/176 1109/1109/1109 
f 1109/1109/1109 176/176/176 176/176/176 
f 176/176/176 174/174/174 176/176/176 
f 176/176/176 174/174/174 1109/1109/1109 
f 174/174/174 1110/1110/1110 1109/1109/1109 
f 1109/1109/1109 1110/1110/1110 1110/1110/1110 
f 1110/1110/1110 174/174/174 1110/1110/1110 
f 1110/1110/1110 174/174/174 174/174/174 
f 174/174/174 172/172/172 174/174/174 
f 174/174/174 172/172/172 1110/1110/1110 
f 172/172/172 1111/1111/1111 1110/1110/1110 
f 1110/1110/1110 1111/1111/1111 1111/1111/1111 
f 1111/1111/1111 172/172/172 1111/1111/1111 
f 1111/1111/1111 172/172/172 172/172/172 
f 172/172/172 170/170/170 172/172/172 
f 172/172/172 170/170/170 1111/1111/1111 
f 170/170/170 1112/1112/1112 1111/1111/1111 
f 1111/1111/1111 1112/1112/1112 1112/1112/1112 
f 1112/1112/1112 170/170/170 1112/1112/1112 
f 1112/1112/1112 170/170/170 170/170/170 
f 170/170/170 168/168/168 170/170/170 
f 170/170/170 168/168/168 1112/1112/1112 
f 168/168/168 1113/1113/1113 1112/1112/1112 
f 1112/1112/1112 1113/1113/1113 1113/1113/1113 
f 1113/1113/1113 168/168/168 1113/1113/1113 
f 1113/1113/1113 168/168/168 168/168/168 
f 168/168/168 166/166/166 168/168/168 
f 168/168/168 166/166/166 1113/1113/1113 
f 166/166/166 164/164/164 1113/1113/1113 
f 1113/1113/1113 164/164/164 1114/1114/1114 
f 164/164/164 1115/1115/1115 1114/1114/1114 
f 1114/1114/1114 1115/1115/1115 1115/1115/1115 
f 1115/1115/1115 164/164/164 1115/1115/1115 
f 1115/1115/1115 164/164/164 164/164/164 
f 164/164/164 162/162/162 164/164/164 
f 164/164/164 162/162/162 1115/1115/1115 
f 162/162/162 1116/1116/1116 1115/1115/1115 
f 1115/1115/1115 1116/1116/1116 1116/1116/1116 
f 1116/1116/1116 162/162/162 1116/1116/1116 
f 1116/1116/1116 162/162/162 162/162/162 
f 162/162/162 160/160/160 162/162/162 
f 162/162/162 160/160/160 1116/1116/1116 
f 160/160/160 1117/1117/1117 1116/1116/1116 
f 1116/1116/1116 1117/1117/1117 1117/1117/1117 
f 1117/1117/1117 160/160/160 1117/1117/1117 
f 1117/1117/1117 160/160/160 160/160/160 
f 160/160/160 158/158/158 160/160/160 
f 160/160/160 158/158/158 1117/1117/1117 
f 158/158/158 1118/1118/1118 1117/1117/1117 
f 1117/1117/1117 1118/1118/1118 1118/1118/1118 
f 1118/1118/1118 158/158/158 1118/1118/1118 
f 1118/1118/1118 158/158/158 158/158/158 
f 158/158/158 156/156/156 158/158/158 
f 158/158/158 156/156/156 1118/1118/1118 
f 156/156/156 1119/1119/1119 1118/1118/1118 
f 1118/1118/1118 1119/1119/1119 1119/1119/1119 
f 1119/1119/1119 156/156/156 1119/1119/1119 
f 1119/1119/1119 156/156/156 156/156/156 
f 156/156/156 154/154/154 156/156/156 
f 156/156/156 154/154/154 1119/1119/1119 
f 154/154/154 1120/1120/1120 1119/1119/1119 
f 1119/1119/1119 1120/1120/1120 1120/1120/1120 
f 1120/1120/1120 154/154/154 1120/1120/1120 
f 1120/1120/1120 154/154/154 154/154/154 
f 154/154/154 152/152/152 154/154/154 
f 154/154/154 152/152/152 1120/1120/1120 
f 152/152/152 1121/1121/1121 1120/1120/1120 
f 1120/1120/1120 1121/1121/1121 1121/1121/1121 
f 1121/1121/1121 152/152/152 1121/1121/1121 
f 1121/1121/1121 152/152/152 152/152/152 
f 152/152/152 150/150/150 152/152/152 
f 152/152/152 150/150/150 1121/1121/1121 
f 150/150/150 1122/1122/1122 1121/1121/1121 
f 1121/1121/1121 1122/1122/1122 1122/1122/1122 
f 1122/1122/1122 150/150/150 1122/1122/1122 
f 1122/1122/1122 150/150/150 150/150/150 
f 150/150/150 148/148/148 150/150/150 
f 150/150/150 148/148/148 1122/1122/1122 
f 148/148/148 1123/1123/1123 1122/1122/1122 
f 1122/1122/1122 1123/1123/1123 1123/1123/1123 
f 1123/1123/1123 148/148/148 1123/1123/1123 
f 1123/1123/1123 148/148/148 148/148/148 
f 148/148/148 146/146/146 148/148/148 
f 148/148/148 146/146/146 1123/1123/1123 
f 146/146/146 1124/1124/1124 1123/1123/1123 
f 1123/1123/1123 1124/1124/1124 1124/1124/1124 
f 1124/1124/1124 146/146/146 1124/1124/1124 
f 1124/1124/1124 146/146/146 146/146/146 
f 146/146/146 144/144/144 146/146/146 
f 146/146/146 144/144/144 1124/1124/1124 
f 144/144/144 142/142/142 1124/1124/1124 
f 1124/1124/1124 142/142/142 1125/1125/1125 
f 142/142/142 1126/1126/1126 1125/1125/1125 
f 1125/1125/1125 1126/1126/1126 1126/1126/1126 
f 1126/1126/1126 142/142/142 1126/1126/1126 
f 1126/1126/1126 142/142/142 142/142/142 
f 142/142/142 140/140/140 142/142/142 
f 142/142/142 140/140/140 1126/1126/1126 
f 140/140/140 1127/1127/1127 1126/1126/1126 
f 1126/1126/1126 1127/1127/1127 1127/1127/1127 
f 1127/1127/1127 140/140/140 1127/1127/1127 
f 1127/1127/1127 140/140/140 140/140/140 
f 140/140/140 138/138/138 140/140/140 
f 140/140/140 138/138/138 1127/1127/1127 
f 138/138/138 1128/1128/1128 1127/1127/1127 
f 1127/1127/1127 1128/1128/1128 1128/1128/1128 
f 1128/1128/1128 138/138/138 1128/1128/1128 
f 1128/1128/1128 138/138/138 138/138/138 
f 138/138/138 136/136/136 138/138/138 
f 138/138/138 136/136/136 1128/1128/1128 
f 136/136/136 1129/1129/1129 1128/1128/1128 
f 1128/1128/1128 1129/1129/1129 1129/1129/1129 
f 1129/1129/1129 136/136/136 1129/1129/1129 
f 1129/1129/1129 136/136/136 136/136/136 
f 136/136/136 134/134/134 136/136/136 
f 136/136/136 134/134/134 1129/1129/1129 
f 134/134/134 1130/1130/1130 1129/1129/1129 
f 1129/1129/1129 1130/1130/1130 1130/1130/1130 
f 1130/1130/1130 134/134/134 1130/1130/1130 
f 1130/1130/1130 134/134/134 134/134/134 
f 134/134/134 132/132/132 134/134/134 
f 134/134/134 132/132/132 1130/1130/1130 
f 132/132/132 1131/1131/1131 1130/1130/1130 
f 1130/1130/1130 1131/1131/1131 1131/1131/1131 
f 1131/1131/1131 132/132/132 1131/1131/1131 
f 1131/1131/1131 132/132/132 132/132/132 
f 132/132/132 130/130/130 132/132/132 
f 132/132/132 130/130/130 1131/1131/1131 
f 130/130/130 1132/1132/1132 1131/1131/1131 
f 1131/1131/1131 1132/1132/1132 1132/1132/1132 
f 1132/1132/1132 130/130/130 1132/1132/1132 
f 1132/1132/1132 130/130/130 130/130/130 
f 130/130/130 128/128/128 130/130/130 
f 130/130/130 128/128/128 1132/1132/1132 
f 128/128/128 1133/1133/1133 1132/1132/1132 
f 1132/1132/1132 1133/1133/1133 1133/1133/1133 
f 1133/1133/1133 128/128/128 1133/1133/1133 
f 1133/1133/1133 128/128/128 128/128/128 
f 128/128/128 126/126/126 128/128/128 
f 128/128/128 126/126/126 1133/1133/1133 
f 126/126/126 1134/1134/1134 1133/1133/1133 
f 1133/1133/1133 1134/1134/1134 1134/1134/1134 
f 1134/1134/1134 126/126/126 1134/1134/1134 
f 1134/1134/1134 126/126/126 126/126/126 
f 126/126/126 124/124/124 126/126/126 
f 126/126/126 124/124/124 1134/1134/1134 
f 124/124/124 1135/1135/1135 1134/1134/1134 
f 1134/1134/1134 1135/1135/1135 1135/1135/1135 
f 1135/1135/1135 124/124/124 1135/1135/1135 
f 1135/1135/1135 124/124/124 124/124/124 
f 124/124/124 122/122/122 124/124/124 
f 124/124/124 122/122/122 1135/1135/1135 
f 122/122/122 1136/1136/1136 1135/1135/1135 
f 1135/1135/1135 1136/1136/1136 1136/1136/1136 
f 1136/1136/1136 122/122/122 1136/1136/1136 
f 1136/1136/1136 122/122/122 122/122/122 
f 122/122/122 120/120/120 122/122/122 
f 122/122/122 120/120/120 1136/1136/1136 
f 120/120/120 118/118/118 1136/1136/1136 
f 1136/1136/1136 118/118/118 1137/1137/1137 
f 118/118/118 1138/1138/1138 1137/1137/1137 
f 1137/1137/1137 1138/1138/1138 1138/1138/1138 
f 1138/1138/1138 118/118/118 1138/1138/1138 
f 1138/1138/1138 118/118/118 118/118/118 
f 118/118/118 116/116/116 118/118/118 
f 118/118/118 116/116/116 1138/1138/1138 
f 116/116/116 1139/1139/1139 1138/1138/1138 
f 1138/1138/1138 1139/1139/1139 1139/1139/1139 
f 1139/1139/1139 116/116/116 1139/1139/1139 
f 1139/1139/1139 116/116/116 116/116/116 
f 116/116/116 114/114/114 116/116/116 
f 116/116/116 114/114/114 1139/1139/1139 
f 114/114/114 1140/1140/1140 1139/1139/1139 
f 1139/1139/1139 1140/1140/1140 1140/1140/1140 
f 1140/1140/1140 114/114/114 1140/1140/1140 
f 1140/1140/1140 114/114/114 114/114/114 
f 114/114/114 112/112/112 114/114/114 
f 114/114/114 112/112/112 1140/1140/1140 
f 112/112/112 1141/1141/1141 1140/1140/1140 
f 1140/1140/1140 1141/1141/1141 1141/1141/1141 
f 1141/1141/1141 112/112/112 1141/1141/1141 
f 1141/1141/1141 112/112/112 112/112/112 
f 112/112/112 110/110/110 112/112/112 
f 112/112/112 110/110/110 1141/1141/1141 
f 110/110/110 1142/1142/1142 1141/1141/1141 
f 1141/1141/1141 1142/1142/1142 1142/1142/1142 
f 1142/1142/1142 110/110/110 1142/1142/1142 
f 1142/1142/1142 110/110/110 110/110/110 
f 110/110/110 108/108/108 110/110/110 
f 110/110/110 108/108/108 1142/1142/1142 
f 108/108/108 1143/1143/1143 1142/1142/1142 
f 1142/1142/1142 1143/1143/1143 1143/1143/1143 
f 1143/1143/1143 108/108/108 1143/1143/1143 
f 1143/1143/1143 108/108/108 108/108/108 
f 108/108/108 106/106/106 108/108/108 
f 108/108/108 106/106/106 1143/1143/1143 
f 106/106/106 1144/1144/1144 1143/1143/1143 
f 1143/1143/1143 1144/1144/1144 1144/1144/1144 
f 1144/1144/1144 106/106/106 1144/1144/1144 
f 1144/1144/1144 106/106/106 106/106/106 
f 106/106/106 104/104/104 106/106/106 
f 106/106/106 104/104/104 1144/1144/1144 
f 104/104/104 1145/1145/1145 1144/1144/1144 
f 1144/1144/1144 1145/1145/1145 1145/1145/1145 
f 1145/1145/1145 104/104/104 1145/1145/1145 
f 1145/1145/1145 104/104/104 104/104/104 
f 104/104/104 102/102/102 104/104/104 
f 104/104/104 102/102/102 1145/1145/1145 
f 102/102/102 1146/1146/1146 1145/1145/1145 
f 1145/1145/1145 1146/1146/1146 1146/1146/1146 
f 1146/1146/1146 102/102/102 1146/1146/1146 
f 1146/1146/1146 102/102/102 102/102/102 
f 102/102/102 100/100/100 102/102/102 
f 102/102/102 100/100/100 1146/1146/1146 
f 100/100/100 86/86/86 1146/1146/1146 
f 1146/1146/1146 86/86/86 86/86/86 
f 86/86/86 100/100/100 86/86/86 
f 86/86/86 100/100/100 100/100/100 
f 100/100/100 98/98/98 100/100/100 
f 100/100/100 98/98/98 86/86/86 
f 98/98/98 84/84/84 86/86/86 
f 86/86/86 84/84/84 84/84/84 
f 84/84/84 34/34/34 84/84/84 
f 84/84/84 34/34/34 34/34/34 
f 34/34/34 32/32/32 34/34/34 
f 34/34/34 32/32/32 1147/1147/1147 
f 32/32/32 1148/1148/1148 1147/1147/1147 
f 1147/1147/1147 1148/1148/1148 1149/1149/1149 
f 1148/1148/1148 1150/1150/1150 1149/1149/1149 
f 1149/1149/1149 1150/1150/1150 1151/1151/1151 
f 1150/1150/1150 1152/1152/1152 1151/1151/1151 
f 1151/1151/1151 1152/1152/1152 1153/1153/1153 
f 1152/1152/1152 1154/1154/1154 1153/1153/1153 
f 1153/1153/1153 1154/1154/1154 1155/1155/1155 
f 1154/1154/1154 1156/1156/1156 1155/1155/1155 
f 1155/1155/1155 1156/1156/1156 1157/1157/1157 
f 1156/1156/1156 1158/1158/1158 1157/1157/1157 
f 1157/1157/1157 1158/1158/1158 1159/1159/1159 
f 1158/1158/1158 1160/1160/1160 1159/1159/1159 
f 1159/1159/1159 1160/1160/1160 1161/1161/1161 
f 1160/1160/1160 1162/1162/1162 1161/1161/1161 
f 1161/1161/1161 1162/1162/1162 1163/1163/1163 
f 1162/1162/1162 1164/1164/1164 1163/1163/1163 
f 1163/1163/1163 1164/1164/1164 1165/1165/1165 
f 1164/1164/1164 1166/1166/1166 1165/1165/1165 
f 1165/1165/1165 1166/1166/1166 1167/1167/1167 
f 1166/1166/1166 1168/1168/1168 1167/1167/1167 
f 1167/1167/1167 1168/1168/1168 1169/1169/1169 
f 1168/1168/1168 1170/1170/1170 1169/1169/1169 
f 1169/1169/1169 1170/1170/1170 1171/1171/1171 
f 1170/1170/1170 1172/1172/1172 1171/1171/1171 
f 1171/1171/1171 1172/1172/1172 1173/1173/1173 
f 1172/1172/1172 1174/1174/1174 1173/1173/1173 
f 1173/1173/1173 1174/1174/1174 1175/1175/1175 
f 1174/1174/1174 1176/1176/1176 1175/1175/1175 
f 1175/1175/1175 1176/1176/1176 1177/1177/1177 
f 1176/1176/1176 1178/1178/1178 1177/1177/1177 
f 1177/1177/1177 1178/1178/1178 1179/1179/1179 
f 1178/1178/1178 1180/1180/1180 1179/1179/1179 
f 1179/1179/1179 1180/1180/1180 1181/1181/1181 
f 1180/1180/1180 1182/1182/1182 1181/1181/1181 
f 1181/1181/1181 1182/1182/1182 1183/1183/1183 
f 1182/1182/1182 1184/1184/1184 1183/1183/1183 
f 1183/1183/1183 1184/1184/1184 1185/1185/1185 
f 1184/1184/1184 1186/1186/1186 1185/1185/1185 
f 1185/1185/1185 1186/1186/1186 1187/1187/1187 
f 1186/1186/1186 1188/1188/1188 1187/1187/1187 
f 1187/1187/1187 1188/1188/1188 1189/1189/1189 
f 1188/1188/1188 1190/1190/1190 1189/1189/1189 
f 1189/1189/1189 1190/1190/1190 1191/1191/1191 
f 1190/1190/1190 1192/1192/1192 1191/1191/1191 
f 1191/1191/1191 1192/1192/1192 1193/1193/1193 
f 1192/1192/1192 1194/1194/1194 1193/1193/1193 
f 1193/1193/1193 1194/1194/1194 1195/1195/1195 
f 1194/1194/1194 1196/1196/1196 1195/1195/1195 
f 1195/1195/1195 1196/1196/1196 1197/1197/1197 
f 1196/1196/1196 1198/1198/1198 1197/1197/1197 
f 1197/1197/1197 1198/1198/1198 1199/1199/1199 
f 1198/1198/1198 1200/1200/1200 1199/1199/1199 
f 1199/1199/1199 1200/1200/1200 1201/1201/1201 
f 1200/1200/1200 1202/1202/1202 1201/1201/1201 
f 1201/1201/1201 1202/1202/1202 1203/1203/1203 
f 1202/1202/1202 1204/1204/1204 1203/1203/1203 
f 1203/1203/1203 1204/1204/1204 414/414/414 
f 1204/1204/1204 412/412/412 414/414/414 
f 414/414/414 412/412/412 412/412/412 
f 412/412/412 32/32/32 412/412/412 
f 412/412/412 32/32/32 32/32/32 
f 32/32/32 35/35/35 32/32/32 
f 32/32/32 35/35/35 1148/1148/1148 
f 35/35/35 1205/1205/1205 1148/1148/1148 
f 1148/1148/1148 1205/1205/1205 1150/1150/1150 
f 1205/1205/1205 1206/1206/1206 1150/1150/1150 
f 1150/1150/1150 1206/1206/1206 1152/1152/1152 
f 1206/1206/1206 1207/1207/1207 1152/1152/1152 
f 1152/1152/1152 1207/1207/1207 1154/1154/1154 
f 1207/1207/1207 1208/1208/1208 1154/1154/1154 
f 1154/1154/1154 1208/1208/1208 1156/1156/1156 
f 1208/1208/1208 1209/1209/1209 1156/1156/1156 
f 1156/1156/1156 1209/1209/1209 1158/1158/1158 
f 1209/1209/1209 1210/1210/1210 1158/1158/1158 
f 1158/1158/1158 1210/1210/1210 1160/1160/1160 
f 1210/1210/1210 1211/1211/1211 1160/1160/1160 
f 1160/1160/1160 1211/1211/1211 1162/1162/1162 
f 1211/1211/1211 1212/1212/1212 1162/1162/1162 
f 1162/1162/1162 1212/1212/1212 1164/1164/1164 
f 1212/1212/1212 1213/1213/1213 1164/1164/1164 
f 1164/1164/1164 1213/1213/1213 1166/1166/1166 
f 1213/1213/1213 1214/1214/1214 1166/1166/1166 
f 1166/1166/1166 1214/1214/1214 1168/1168/1168 
f 1214/1214/1214 1215/1215/1215 1168/1168/1168 
f 1168/1168/1168 1215/1215/1215 1170/1170/1170 
f 1215/1215/1215 1216/1216/1216 1170/1170/1170 
f 1170/1170/1170 1216/1216/1216 1172/1172/1172 
f 1216/1216/1216 1217/1217/1217 1172/1172/1172 
f 1172/1172/1172 1217/1217/1217 1174/1174/1174 
f 1217/1217/1217 1218/1218/1218 1174/1174/1174 
f 1174/1174/1174 1218/1218/1218 1176/1176/1176 
f 1218/1218/1218 1219/1219/1219 1176/1176/1176 
f 1176/1176/1176 1219/1219/1219 1178/1178/1178 
f 1219/1219/1219 1220/1220/1220 1178/1178/1178 
f 1178/1178/1178 1220/1220/1220 1180/1180/1180 
f 1220/1220/1220 1221/1221/1221 1180/1180/1180 
f 1180/1180/1180 1221/1221/1221 1182/1182/1182 
f 1221/1221/1221 1222/1222/1222 1182/1182/1182 
f 1182/1182/1182 1222/1222/1222 1184/1184/1184 
f 1222/1222/1222 1223/1223/1223 1184/1184/1184 
f 1184/1184/1184 1223/1223/1223 1186/1186/1186 
f 1223/1223/1223 1224/1224/1224 1186/1186/1186 
f 1186/1186/1186 1224/1224/1224 1188/1188/1188 
f 1224/1224/1224 1225/1225/1225 1188/1188/1188 
f 1188/1188/1188 1225/1225/1225 1190/1190/1190 
f 1225/1225/1225 1226/1226/1226 1190/1190/1190 
f 1190/1190/1190 1226/1226/1226 1192/1192/1192 
f 1226/1226/1226 1227/1227/1227 1192/1192/1192 
f 1192/1192/1192 1227/1227/1227 1194/1194/1194 
f 1227/1227/1227 1228/1228/1228 1194/1194/1194 
f 1194/1194/1194 1228/1228/1228 1196/1196/1196 
f 1228/1228/1228 1229/1229/1229 1196/1196/1196 
f 1196/1196/1196 1229/1229/1229 1198/1198/1198 
f 1229/1229/1229 1230/1230/1230 1198/1198/1198 
f 1198/1198/1198 1230/1230/1230 1200/1200/1200 
f 1230/1230/1230 1231/1231/1231 1200/1200/1200 
f 1200/1200/1200 1231/1231/1231 1202/1202/1202 
f 1231/1231/1231 1232/1232/1232 1202/1202/1202 
f 1202/1202/1202 1232/1232/1232 1204/1204/1204 
f 1232/1232/1232 1233/1233/1233 1204/1204/1204 
f 1204/1204/1204 1233/1233/1233 412/412/412 
f 1233/1233/1233 410/410/410 412/412/412 
f 412/412/412 410/410/410 410/410/410 
f 410/410/410 35/35/35 410/410/410 
f 410/410/410 35/35/35 35/35/35 
f 35/35/35 38/38/38 35/35/35 
f 35/35/35 38/38/38 1205/1205/1205 
f 38/38/38 40/40/40 1205/1205/1205 
f 1205/1205/1205 40/40/40 1206/1206/1206 
f 40/40/40 1234/1234/1234 1206/1206/1206 
f 1206/1206/1206 1234/1234/1234 1207/1207/1207 
f 1234/1234/1234 1235/1235/1235 1207/1207/1207 
f 1207/1207/1207 1235/1235/1235 1208/1208/1208 
f 1235/1235/1235 1236/1236/1236 1208/1208/1208 
f 1208/1208/1208 1236/1236/1236 1209/1209/1209 
f 1236/1236/1236 1237/1237/1237 1209/1209/1209 
f 1209/1209/1209 1237/1237/1237 1210/1210/1210 
f 1237/1237/1237 1238/1238/1238 1210/1210/1210 
f 1210/1210/1210 1238/1238/1238 1211/1211/1211 
f 1238/1238/1238 1239/1239/1239 1211/1211/1211 
f 1211/1211/1211 1239/1239/1239 1212/1212/1212 
f 1239/1239/1239 1240/1240/1240 1212/1212/1212 
f 1212/1212/1212 1240/1240/1240 1213/1213/1213 
f 1240/1240/1240 1241/1241/1241 1213/1213/1213 
f 1213/1213/1213 1241/1241/1241 1214/1214/1214 
f 1241/1241/1241 1242/1242/1242 1214/1214/1214 
f 1214/1214/1214 1242/1242/1242 1215/1215/1215 
f 1242/1242/1242 1243/1243/1243 1215/1215/1215 
f 1215/1215/1215 1243/1243/1243 1216/1216/1216 
f 1243/1243/1243 1244/1244/1244 1216/1216/1216 
f 1216/1216/1216 1244/1244/1244 1217/1217/1217 
f 1244/1244/1244 1245/1245/1245 1217/1217/1217 
f 1217/1217/1217 1245/1245/1245 1218/1218/1218 
f 1245/1245/1245 1246/1246/1246 1218/1218/1218 
f 1218/1218/1218 1246/1246/1246 1219/1219/1219 
f 1246/1246/1246 1247/1247/1247 1219/1219/1219 
f 1219/1219/1219 1247/1247/1247 1220/1220/1220 
f 1247/1247/1247 1248/1248/1248 1220/1220/1220 
f 1220/1220/1220 1248/1248/1248 1221/1221/1221 
f 1248/1248/1248 1249/1249/1249 1221/1221/1221 
f 1221/1221/1221 1249/1249/1249 1222/1222/1222 
f 1249/1249/1249 1250/1250/1250 1222/1222/1222 
f 1222/1222/1222 1250/1250/1250 1223/1223/1223 
f 1250/1250/1250 1251/1251/1251 1223/1223/1223 
f 1223/1223/1223 1251/1251/1251 1224/1224/1224 
f 1251/1251/1251 1252/1252/1252 1224/1224/1224 
f 1224/1224/1224 1252/1252/1252 1225/1225/1225 
f 1252/1252/1252 1253/1253/1253 1225/1225/1225 
f 1225/1225/1225 1253/1253/1253 1226/1226/1226 
f 1253/1253/1253 1254/1254/1254 1226/1226/1226 
f 1226/1226/1226 1254/1254/1254 1227/1227/1227 
f 1254/1254/1254 1255/1255/1255 1227/1227/1227 
f 1227/1227/1227 1255/1255/1255 1228/1228/1228 
f 1255/1255/1255 1256/1256/1256 1228/1228/1228 
f 1228/1228/1228 1256/1256/1256 1229/1229/1229 
f 1256/1256/1256 1257/1257/1257 1229/1229/1229 
f 1229/1229/1229 1257/1257/1257 1230/1230/1230 
f 1257/1257/1257 1258/1258/1258 1230/1230/1230 
f 1230/1230/1230 1258/1258/1258 1231/1231/1231 
f 1258/1258/1258 1259/1259/1259 1231/1231/1231 
f 1231/1231/1231 1259/1259/1259 1232/1232/1232 
f 1259/1259/1259 1260/1260/1260 1232/1232/1232 
f 1232/1232/1232 1260/1260/1260 1233/1233/1233 
f 1260/1260/1260 931/931/931 1233/1233/1233 
f 1233/1233/1233 931/931/931 410/410/410 
f 931/931/931 410/410/410 410/410/410 
f 410/410/410 410/410/410 1256/1256/1256 
f 410/410/410 1256/1256/1256 1256/1256/1256 
f 1256/1256/1256 1256/1256/1256 1256/1256/1256 
f 1256/1256/1256 1255/1255/1255 1256/1256/1256 
f 1256/1256/1256 1255/1255/1255 1261/1261/1261 
f 1255/1255/1255 1262/1262/1262 1261/1261/1261 
f 1261/1261/1261 1262/1262/1262 1263/1263/1263 
f 1262/1262/1262 1264/1264/1264 1263/1263/1263 
f 1263/1263/1263 1264/1264/1264 1265/1265/1265 
f 1264/1264/1264 1266/1266/1266 1265/1265/1265 
f 1265/1265/1265 1266/1266/1266 1267/1267/1267 
f 1266/1266/1266 1268/1268/1268 1267/1267/1267 
f 1267/1267/1267 1268/1268/1268 945/945/945 
f 1268/1268/1268 1269/1269/1269 945/945/945 
f 945/945/945 1269/1269/1269 947/947/947 
f 1269/1269/1269 1270/1270/1270 947/947/947 
f 947/947/947 1270/1270/1270 949/949/949 
f 1270/1270/1270 1271/1271/1271 949/949/949 
f 949/949/949 1271/1271/1271 951/951/951 
f 1271/1271/1271 1272/1272/1272 951/951/951 
f 951/951/951 1272/1272/1272 1273/1273/1273 
f 1272/1272/1272 1274/1274/1274 1273/1273/1273 
f 1273/1273/1273 1274/1274/1274 437/437/437 
f 1274/1274/1274 438/438/438 437/437/437 
f 437/437/437 438/438/438 438/438/438 
f 438/438/438 1256/1256/1256 438/438/438 
f 438/438/438 1256/1256/1256 1256/1256/1256 
f 1256/1256/1256 1261/1261/1261 1256/1256/1256 
f 1256/1256/1256 1261/1261/1261 1257/1257/1257 
f 1261/1261/1261 1275/1275/1275 1257/1257/1257 
f 1257/1257/1257 1275/1275/1275 1258/1258/1258 
f 1275/1275/1275 1276/1276/1276 1258/1258/1258 
f 1258/1258/1258 1276/1276/1276 1277/1277/1277 
f 1276/1276/1276 1278/1278/1278 1277/1277/1277 
f 1277/1277/1277 1278/1278/1278 1279/1279/1279 
f 1278/1278/1278 935/935/935 1279/1279/1279 
f 1279/1279/1279 935/935/935 933/933/933 
f 935/935/935 933/933/933 933/933/933 
f 933/933/933 933/933/933 1275/1275/1275 
f 933/933/933 1275/1275/1275 1275/1275/1275 
f 1275/1275/1275 1275/1275/1275 1275/1275/1275 
f 1275/1275/1275 1261/1261/1261 1275/1275/1275 
f 1275/1275/1275 1261/1261/1261 1280/1280/1280 
f 1261/1261/1261 1263/1263/1263 1280/1280/1280 
f 1280/1280/1280 1263/1263/1263 1281/1281/1281 
f 1263/1263/1263 1265/1265/1265 1281/1281/1281 
f 1281/1281/1281 1265/1265/1265 1282/1282/1282 
f 1265/1265/1265 1267/1267/1267 1282/1282/1282 
f 1282/1282/1282 1267/1267/1267 945/945/945 
f 1267/1267/1267 945/945/945 945/945/945 
f 945/945/945 945/945/945 945/945/945 
f 945/945/945 944/944/944 945/945/945 
f 945/945/945 944/944/944 1282/1282/1282 
f 944/944/944 943/943/943 1282/1282/1282 
f 1282/1282/1282 943/943/943 1281/1281/1281 
f 943/943/943 942/942/942 1281/1281/1281 
f 1281/1281/1281 942/942/942 1280/1280/1280 
f 942/942/942 1278/1278/1278 1280/1280/1280 
f 1280/1280/1280 1278/1278/1278 1276/1276/1276 
f 1278/1278/1278 1276/1276/1276 1276/1276/1276 
f 1276/1276/1276 1276/1276/1276 437/437/437 
f 1276/1276/1276 437/437/437 437/437/437 
f 437/437/437 437/437/437 437/437/437 
f 437/437/437 952/952/952 437/437/437 
f 437/437/437 952/952/952 1273/1273/1273 
f 952/952/952 951/951/951 1273/1273/1273 
f 1273/1273/1273 951/951/951 951/951/951 
f 951/951/951 1258/1258/1258 951/951/951 
f 951/951/951 1258/1258/1258 1258/1258/1258 
f 1258/1258/1258 1277/1277/1277 1258/1258/1258 
f 1258/1258/1258 1277/1277/1277 1259/1259/1259 
f 1277/1277/1277 1260/1260/1260 1259/1259/1259 
f 1259/1259/1259 1260/1260/1260 1260/1260/1260 
f 1260/1260/1260 1277/1277/1277 1260/1260/1260 
f 1260/1260/1260 1277/1277/1277 1277/1277/1277 
f 1277/1277/1277 932/932/932 1277/1277/1277 
f 1277/1277/1277 932/932/932 1260/1260/1260 
f 932/932/932 931/931/931 1260/1260/1260 
f 1260/1260/1260 931/931/931 931/931/931 
f 931/931/931 932/932/932 931/931/931 
f 931/931/931 932/932/932 932/932/932 
f 932/932/932 1277/1277/1277 932/932/932 
f 932/932/932 1277/1277/1277 933/933/933 
f 1277/1277/1277 1279/1279/1279 933/933/933 
f 933/933/933 1279/1279/1279 1279/1279/1279 
f 1279/1279/1279 438/438/438 1279/1279/1279 
f 1279/1279/1279 438/438/438 438/438/438 
f 438/438/438 1274/1274/1274 438/438/438 
f 438/438/438 1274/1274/1274 439/439/439 
f 1274/1274/1274 1283/1283/1283 439/439/439 
f 439/439/439 1283/1283/1283 1284/1284/1284 
f 1283/1283/1283 1285/1285/1285 1284/1284/1284 
f 1284/1284/1284 1285/1285/1285 1286/1286/1286 
f 1285/1285/1285 1287/1287/1287 1286/1286/1286 
f 1286/1286/1286 1287/1287/1287 1288/1288/1288 
f 1287/1287/1287 1289/1289/1289 1288/1288/1288 
f 1288/1288/1288 1289/1289/1289 1290/1290/1290 
f 1289/1289/1289 1291/1291/1291 1290/1290/1290 
f 1290/1290/1290 1291/1291/1291 1292/1292/1292 
f 1291/1291/1291 1293/1293/1293 1292/1292/1292 
f 1292/1292/1292 1293/1293/1293 1294/1294/1294 
f 1293/1293/1293 1295/1295/1295 1294/1294/1294 
f 1294/1294/1294 1295/1295/1295 1296/1296/1296 
f 1295/1295/1295 1297/1297/1297 1296/1296/1296 
f 1296/1296/1296 1297/1297/1297 1298/1298/1298 
f 1297/1297/1297 1299/1299/1299 1298/1298/1298 
f 1298/1298/1298 1299/1299/1299 1300/1300/1300 
f 1299/1299/1299 1247/1247/1247 1300/1300/1300 
f 1300/1300/1300 1247/1247/1247 1246/1246/1246 
f 1247/1247/1247 1246/1246/1246 1246/1246/1246 
f 1246/1246/1246 1246/1246/1246 1288/1288/1288 
f 1246/1246/1246 1288/1288/1288 1288/1288/1288 
f 1288/1288/1288 1288/1288/1288 1288/1288/1288 
f 1288/1288/1288 1290/1290/1290 1288/1288/1288 
f 1288/1288/1288 1290/1290/1290 1301/1301/1301 
f 1290/1290/1290 1302/1302/1302 1301/1301/1301 
f 1301/1301/1301 1302/1302/1302 1303/1303/1303 
f 1302/1302/1302 1292/1292/1292 1303/1303/1303 
f 1303/1303/1303 1292/1292/1292 1304/1304/1304 
f 1292/1292/1292 1294/1294/1294 1304/1304/1304 
f 1304/1304/1304 1294/1294/1294 1305/1305/1305 
f 1294/1294/1294 1296/1296/1296 1305/1305/1305 
f 1305/1305/1305 1296/1296/1296 1306/1306/1306 
f 1296/1296/1296 1298/1298/1298 1306/1306/1306 
f 1306/1306/1306 1298/1298/1298 1307/1307/1307 
f 1298/1298/1298 1308/1308/1308 1307/1307/1307 
f 1307/1307/1307 1308/1308/1308 1309/1309/1309 
f 1308/1308/1308 1244/1244/1244 1309/1309/1309 
f 1309/1309/1309 1244/1244/1244 1310/1310/1310 
f 1244/1244/1244 1243/1243/1243 1310/1310/1310 
f 1310/1310/1310 1243/1243/1243 1311/1311/1311 
f 1243/1243/1243 1242/1242/1242 1311/1311/1311 
f 1311/1311/1311 1242/1242/1242 1241/1241/1241 
f 1242/1242/1242 1241/1241/1241 1241/1241/1241 
f 1241/1241/1241 1241/1241/1241 1309/1309/1309 
f 1241/1241/1241 1309/1309/1309 1309/1309/1309 
f 1309/1309/1309 1309/1309/1309 1309/1309/1309 
f 1309/1309/1309 1312/1312/1312 1309/1309/1309 
f 1309/1309/1309 1312/1312/1312 1307/1307/1307 
f 1312/1312/1312 1313/1313/1313 1307/1307/1307 
f 1307/1307/1307 1313/1313/1313 1306/1306/1306 
f 1313/1313/1313 1314/1314/1314 1306/1306/1306 
f 1306/1306/1306 1314/1314/1314 1305/1305/1305 
f 1314/1314/1314 1315/1315/1315 1305/1305/1305 
f 1305/1305/1305 1315/1315/1315 1304/1304/1304 
f 1315/1315/1315 1316/1316/1316 1304/1304/1304 
f 1304/1304/1304 1316/1316/1316 1303/1303/1303 
f 1316/1316/1316 1317/1317/1317 1303/1303/1303 
f 1303/1303/1303 1317/1317/1317 1301/1301/1301 
f 1317/1317/1317 1318/1318/1318 1301/1301/1301 
f 1301/1301/1301 1318/1318/1318 1319/1319/1319 
f 1318/1318/1318 1320/1320/1320 1319/1319/1319 
f 1319/1319/1319 1320/1320/1320 1321/1321/1321 
f 1320/1320/1320 1322/1322/1322 1321/1321/1321 
f 1321/1321/1321 1322/1322/1322 441/441/441 
f 1322/1322/1322 96/96/96 441/441/441 
f 441/441/441 96/96/96 96/96/96 
f 96/96/96 1322/1322/1322 96/96/96 
f 96/96/96 1322/1322/1322 95/95/95 
f 1322/1322/1322 1323/1323/1323 95/95/95 
f 95/95/95 1323/1323/1323 1324/1324/1324 
f 1323/1323/1323 1320/1320/1320 1324/1324/1324 
f 1324/1324/1324 1320/1320/1320 1325/1325/1325 
f 1320/1320/1320 1318/1318/1318 1325/1325/1325 
f 1325/1325/1325 1318/1318/1318 1326/1326/1326 
f 1318/1318/1318 1317/1317/1317 1326/1326/1326 
f 1326/1326/1326 1317/1317/1317 1327/1327/1327 
f 1317/1317/1317 1316/1316/1316 1327/1327/1327 
f 1327/1327/1327 1316/1316/1316 1328/1328/1328 
f 1316/1316/1316 1329/1329/1329 1328/1328/1328 
f 1328/1328/1328 1329/1329/1329 1330/1330/1330 
f 1329/1329/1329 1331/1331/1331 1330/1330/1330 
f 1330/1330/1330 1331/1331/1331 1332/1332/1332 
f 1331/1331/1331 1333/1333/1333 1332/1332/1332 
f 1332/1332/1332 1333/1333/1333 1334/1334/1334 
f 1333/1333/1333 1335/1335/1335 1334/1334/1334 
f 1334/1334/1334 1335/1335/1335 1336/1336/1336 
f 1335/1335/1335 1337/1337/1337 1336/1336/1336 
f 1336/1336/1336 1337/1337/1337 1338/1338/1338 
f 1337/1337/1337 1339/1339/1339 1338/1338/1338 
f 1338/1338/1338 1339/1339/1339 1340/1340/1340 
f 1339/1339/1339 1341/1341/1341 1340/1340/1340 
f 1340/1340/1340 1341/1341/1341 1342/1342/1342 
f 1341/1341/1341 1343/1343/1343 1342/1342/1342 
f 1342/1342/1342 1343/1343/1343 1344/1344/1344 
f 1343/1343/1343 1345/1345/1345 1344/1344/1344 
f 1344/1344/1344 1345/1345/1345 1346/1346/1346 
f 1345/1345/1345 1347/1347/1347 1346/1346/1346 
f 1346/1346/1346 1347/1347/1347 1348/1348/1348 
f 1347/1347/1347 1349/1349/1349 1348/1348/1348 
f 1348/1348/1348 1349/1349/1349 1350/1350/1350 
f 1349/1349/1349 1236/1236/1236 1350/1350/1350 
f 1350/1350/1350 1236/1236/1236 1351/1351/1351 
f 1236/1236/1236 1235/1235/1235 1351/1351/1351 
f 1351/1351/1351 1235/1235/1235 42/42/42 
f 1235/1235/1235 1234/1234/1234 42/42/42 
f 42/42/42 1234/1234/1234 40/40/40 
f 1234/1234/1234 40/40/40 40/40/40 
f 40/40/40 40/40/40 1316/1316/1316 
f 40/40/40 1316/1316/1316 1316/1316/1316 
f 1316/1316/1316 1316/1316/1316 1316/1316/1316 
f 1316/1316/1316 1315/1315/1315 1316/1316/1316 
f 1316/1316/1316 1315/1315/1315 1329/1329/1329 
f 1315/1315/1315 1314/1314/1314 1329/1329/1329 
f 1329/1329/1329 1314/1314/1314 1352/1352/1352 
f 1314/1314/1314 1313/1313/1313 1352/1352/1352 
f 1352/1352/1352 1313/1313/1313 1353/1353/1353 
f 1313/1313/1313 1312/1312/1312 1353/1353/1353 
f 1353/1353/1353 1312/1312/1312 1354/1354/1354 
f 1312/1312/1312 1355/1355/1355 1354/1354/1354 
f 1354/1354/1354 1355/1355/1355 1356/1356/1356 
f 1355/1355/1355 1357/1357/1357 1356/1356/1356 
f 1356/1356/1356 1357/1357/1357 1358/1358/1358 
f 1357/1357/1357 1311/1311/1311 1358/1358/1358 
f 1358/1358/1358 1311/1311/1311 1359/1359/1359 
f 1311/1311/1311 1241/1241/1241 1359/1359/1359 
f 1359/1359/1359 1241/1241/1241 1360/1360/1360 
f 1241/1241/1241 1240/1240/1240 1360/1360/1360 
f 1360/1360/1360 1240/1240/1240 1239/1239/1239 
f 1240/1240/1240 1239/1239/1239 1239/1239/1239 
f 1239/1239/1239 1239/1239/1239 1239/1239/1239 
f 1239/1239/1239 1361/1361/1361 1239/1239/1239 
f 1239/1239/1239 1361/1361/1361 1360/1360/1360 
f 1361/1361/1361 1362/1362/1362 1360/1360/1360 
f 1360/1360/1360 1362/1362/1362 1358/1358/1358 
f 1362/1362/1362 1363/1363/1363 1358/1358/1358 
f 1358/1358/1358 1363/1363/1363 1356/1356/1356 
f 1363/1363/1363 1364/1364/1364 1356/1356/1356 
f 1356/1356/1356 1364/1364/1364 1365/1365/1365 
f 1364/1364/1364 1335/1335/1335 1365/1365/1365 
f 1365/1365/1365 1335/1335/1335 1333/1333/1333 
f 1335/1335/1335 1333/1333/1333 1333/1333/1333 
f 1333/1333/1333 1333/1333/1333 1239/1239/1239 
f 1333/1333/1333 1239/1239/1239 1239/1239/1239 
f 1239/1239/1239 1239/1239/1239 1239/1239/1239 
f 1239/1239/1239 1366/1366/1366 1239/1239/1239 
f 1239/1239/1239 1366/1366/1366 1361/1361/1361 
f 1366/1366/1366 1343/1343/1343 1361/1361/1361 
f 1361/1361/1361 1343/1343/1343 1362/1362/1362 
f 1343/1343/1343 1341/1341/1341 1362/1362/1362 
f 1362/1362/1362 1341/1341/1341 1363/1363/1363 
f 1341/1341/1341 1339/1339/1339 1363/1363/1363 
f 1363/1363/1363 1339/1339/1339 1364/1364/1364 
f 1339/1339/1339 1337/1337/1337 1364/1364/1364 
f 1364/1364/1364 1337/1337/1337 1335/1335/1335 
f 1337/1337/1337 1335/1335/1335 1335/1335/1335 
f 1335/1335/1335 1335/1335/1335 1239/1239/1239 
f 1335/1335/1335 1239/1239/1239 1239/1239/1239 
f 1239/1239/1239 1239/1239/1239 1239/1239/1239 
f 1239/1239/1239 1238/1238/1238 1239/1239/1239 
f 1239/1239/1239 1238/1238/1238 1366/1366/1366 
f 1238/1238/1238 1349/1349/1349 1366/1366/1366 
f 1366/1366/1366 1349/1349/1349 1345/1345/1345 
f 1349/1349/1349 1347/1347/1347 1345/1345/1345 
f 1345/1345/1345 1347/1347/1347 1347/1347/1347 
f 1347/1347/1347 1238/1238/1238 1347/1347/1347 
f 1347/1347/1347 1238/1238/1238 1238/1238/1238 
f 1238/1238/1238 1237/1237/1237 1238/1238/1238 
f 1238/1238/1238 1237/1237/1237 1349/1349/1349 
f 1237/1237/1237 1236/1236/1236 1349/1349/1349 
f 1349/1349/1349 1236/1236/1236 1236/1236/1236 
f 1236/1236/1236 1301/1301/1301 1236/1236/1236 
f 1236/1236/1236 1301/1301/1301 1301/1301/1301 
f 1301/1301/1301 1319/1319/1319 1301/1301/1301 
f 1301/1301/1301 1319/1319/1319 1288/1288/1288 
f 1319/1319/1319 1286/1286/1286 1288/1288/1288 
f 1288/1288/1288 1286/1286/1286 1286/1286/1286 
f 1286/1286/1286 1319/1319/1319 1286/1286/1286 
f 1286/1286/1286 1319/1319/1319 1319/1319/1319 
f 1319/1319/1319 1321/1321/1321 1319/1319/1319 
f 1319/1319/1319 1321/1321/1321 1286/1286/1286 
f 1321/1321/1321 1367/1367/1367 1286/1286/1286 
f 1286/1286/1286 1367/1367/1367 1284/1284/1284 
f 1367/1367/1367 440/440/440 1284/1284/1284 
f 1284/1284/1284 440/440/440 439/439/439 
f 440/440/440 439/439/439 439/439/439 
f 439/439/439 439/439/439 440/440/440 
f 439/439/439 440/440/440 440/440/440 
f 440/440/440 440/440/440 440/440/440 
f 440/440/440 1367/1367/1367 440/440/440 
f 440/440/440 1367/1367/1367 441/441/441 
f 1367/1367/1367 1321/1321/1321 441/441/441 
f 441/441/441 1321/1321/1321 1321/1321/1321 
f 1321/1321/1321 1357/1357/1357 1321/1321/1321 
f 1321/1321/1321 1357/1357/1357 1357/1357/1357 
f 1357/1357/1357 1355/1355/1355 1357/1357/1357 
f 1357/1357/1357 1355/1355/1355 1311/1311/1311 
f 1355/1355/1355 1310/1310/1310 1311/1311/1311 
f 1311/1311/1311 1310/1310/1310 1310/1310/1310 
f 1310/1310/1310 1355/1355/1355 1310/1310/1310 
f 1310/1310/1310 1355/1355/1355 1355/1355/1355 
f 1355/1355/1355 1312/1312/1312 1355/1355/1355 
f 1355/1355/1355 1312/1312/1312 1310/1310/1310 
f 1312/1312/1312 1309/1309/1309 1310/1310/1310 
f 1310/1310/1310 1309/1309/1309 1309/1309/1309 
f 1309/1309/1309 465/465/465 1309/1309/1309 
f 1309/1309/1309 465/465/465 465/465/465 
f 465/465/465 467/467/467 465/465/465 
f 465/465/465 467/467/467 725/725/725 
f 467/467/467 723/723/723 725/725/725 
f 725/725/725 723/723/723 723/723/723 
f 723/723/723 467/467/467 723/723/723 
f 723/723/723 467/467/467 467/467/467 
f 467/467/467 469/469/469 467/467/467 
f 467/467/467 469/469/469 723/723/723 
f 469/469/469 1368/1368/1368 723/723/723 
f 723/723/723 1368/1368/1368 721/721/721 
f 1368/1368/1368 719/719/719 721/721/721 
f 721/721/721 719/719/719 719/719/719 
f 719/719/719 469/469/469 719/719/719 
f 719/719/719 469/469/469 469/469/469 
f 469/469/469 471/471/471 469/469/469 
f 469/469/469 471/471/471 1368/1368/1368 
f 471/471/471 1369/1369/1369 1368/1368/1368 
f 1368/1368/1368 1369/1369/1369 719/719/719 
f 1369/1369/1369 717/717/717 719/719/719 
f 719/719/719 717/717/717 717/717/717 
f 717/717/717 471/471/471 717/717/717 
f 717/717/717 471/471/471 471/471/471 
f 471/471/471 473/473/473 471/471/471 
f 471/471/471 473/473/473 1369/1369/1369 
f 473/473/473 475/475/475 1369/1369/1369 
f 1369/1369/1369 475/475/475 717/717/717 
f 475/475/475 717/717/717 717/717/717 
f 717/717/717 717/717/717 1244/1244/1244 
f 717/717/717 1244/1244/1244 1244/1244/1244 
f 1244/1244/1244 1244/1244/1244 1244/1244/1244 
f 1244/1244/1244 1308/1308/1308 1244/1244/1244 
f 1244/1244/1244 1308/1308/1308 1245/1245/1245 
f 1308/1308/1308 1246/1246/1246 1245/1245/1245 
f 1245/1245/1245 1246/1246/1246 1246/1246/1246 
f 1246/1246/1246 1308/1308/1308 1246/1246/1246 
f 1246/1246/1246 1308/1308/1308 1300/1300/1300 
f 1308/1308/1308 1298/1298/1298 1300/1300/1300 
f 1300/1300/1300 1298/1298/1298 1298/1298/1298 
f 1298/1298/1298 1356/1356/1356 1298/1298/1298 
f 1298/1298/1298 1356/1356/1356 1356/1356/1356 
f 1356/1356/1356 1365/1365/1365 1356/1356/1356 
f 1356/1356/1356 1365/1365/1365 1354/1354/1354 
f 1365/1365/1365 1370/1370/1370 1354/1354/1354 
f 1354/1354/1354 1370/1370/1370 1353/1353/1353 
f 1370/1370/1370 1352/1352/1352 1353/1353/1353 
f 1353/1353/1353 1352/1352/1352 1352/1352/1352 
f 1352/1352/1352 1365/1365/1365 1352/1352/1352 
f 1352/1352/1352 1365/1365/1365 1365/1365/1365 
f 1365/1365/1365 1333/1333/1333 1365/1365/1365 
f 1365/1365/1365 1333/1333/1333 1370/1370/1370 
f 1333/1333/1333 1331/1331/1331 1370/1370/1370 
f 1370/1370/1370 1331/1331/1331 1329/1329/1329 
f 1331/1331/1331 1329/1329/1329 1329/1329/1329 
f 1329/1329/1329 1329/1329/1329 377/377/377 
f 1329/1329/1329 377/377/377 377/377/377 
f 377/377/377 377/377/377 377/377/377 
f 377/377/377 12/12/12 377/377/377 
f 377/377/377 12/12/12 376/376/376 
f 12/12/12 10/10/10 376/376/376 
f 376/376/376 10/10/10 8/8/8 
f 10/10/10 8/8/8 8/8/8 
f 8/8/8 8/8/8 62/62/62 
f 8/8/8 62/62/62 62/62/62 
f 62/62/62 62/62/62 62/62/62 
f 62/62/62 87/87/87 62/62/62 
f 62/62/62 87/87/87 60/60/60 
f 87/87/87 1371/1371/1371 60/60/60 
f 60/60/60 1371/1371/1371 1372/1372/1372 
f 1371/1371/1371 1373/1373/1373 1372/1372/1372 
f 1372/1372/1372 1373/1373/1373 1374/1374/1374 
f 1373/1373/1373 1375/1375/1375 1374/1374/1374 
f 1374/1374/1374 1375/1375/1375 1376/1376/1376 
f 1375/1375/1375 1377/1377/1377 1376/1376/1376 
f 1376/1376/1376 1377/1377/1377 1378/1378/1378 
f 1377/1377/1377 1379/1379/1379 1378/1378/1378 
f 1378/1378/1378 1379/1379/1379 1338/1338/1338 
f 1379/1379/1379 1336/1336/1336 1338/1338/1338 
f 1338/1338/1338 1336/1336/1336 1336/1336/1336 
f 1336/1336/1336 87/87/87 1336/1336/1336 
f 1336/1336/1336 87/87/87 87/87/87 
f 87/87/87 88/88/88 87/87/87 
f 87/87/87 88/88/88 1371/1371/1371 
f 88/88/88 1380/1380/1380 1371/1371/1371 
f 1371/1371/1371 1380/1380/1380 1373/1373/1373 
f 1380/1380/1380 1381/1381/1381 1373/1373/1373 
f 1373/1373/1373 1381/1381/1381 1375/1375/1375 
f 1381/1381/1381 1382/1382/1382 1375/1375/1375 
f 1375/1375/1375 1382/1382/1382 1377/1377/1377 
f 1382/1382/1382 1383/1383/1383 1377/1377/1377 
f 1377/1377/1377 1383/1383/1383 1379/1379/1379 
f 1383/1383/1383 1336/1336/1336 1379/1379/1379 
f 1379/1379/1379 1336/1336/1336 1336/1336/1336 
f 1336/1336/1336 88/88/88 1336/1336/1336 
f 1336/1336/1336 88/88/88 88/88/88 
f 88/88/88 89/89/89 88/88/88 
f 88/88/88 89/89/89 1380/1380/1380 
f 89/89/89 1384/1384/1384 1380/1380/1380 
f 1380/1380/1380 1384/1384/1384 1385/1385/1385 
f 1384/1384/1384 1386/1386/1386 1385/1385/1385 
f 1385/1385/1385 1386/1386/1386 1387/1387/1387 
f 1386/1386/1386 1388/1388/1388 1387/1387/1387 
f 1387/1387/1387 1388/1388/1388 1389/1389/1389 
f 1388/1388/1388 1390/1390/1390 1389/1389/1389 
f 1389/1389/1389 1390/1390/1390 1391/1391/1391 
f 1390/1390/1390 1392/1392/1392 1391/1391/1391 
f 1391/1391/1391 1392/1392/1392 1393/1393/1393 
f 1392/1392/1392 1327/1327/1327 1393/1393/1393 
f 1393/1393/1393 1327/1327/1327 1328/1328/1328 
f 1327/1327/1327 1328/1328/1328 1328/1328/1328 
f 1328/1328/1328 1328/1328/1328 1391/1391/1391 
f 1328/1328/1328 1391/1391/1391 1391/1391/1391 
f 1391/1391/1391 1391/1391/1391 1391/1391/1391 
f 1391/1391/1391 1394/1394/1394 1391/1391/1391 
f 1391/1391/1391 1394/1394/1394 1389/1389/1389 
f 1394/1394/1394 1395/1395/1395 1389/1389/1389 
f 1389/1389/1389 1395/1395/1395 1396/1396/1396 
f 1395/1395/1395 1397/1397/1397 1396/1396/1396 
f 1396/1396/1396 1397/1397/1397 1398/1398/1398 
f 1397/1397/1397 1382/1382/1382 1398/1398/1398 
f 1398/1398/1398 1382/1382/1382 1385/1385/1385 
f 1382/1382/1382 1381/1381/1381 1385/1385/1385 
f 1385/1385/1385 1381/1381/1381 1380/1380/1380 
f 1381/1381/1381 1380/1380/1380 1380/1380/1380 
f 1380/1380/1380 1380/1380/1380 1394/1394/1394 
f 1380/1380/1380 1394/1394/1394 1394/1394/1394 
f 1394/1394/1394 1394/1394/1394 1394/1394/1394 
f 1394/1394/1394 1332/1332/1332 1394/1394/1394 
f 1394/1394/1394 1332/1332/1332 1395/1395/1395 
f 1332/1332/1332 1334/1334/1334 1395/1395/1395 
f 1395/1395/1395 1334/1334/1334 1397/1397/1397 
f 1334/1334/1334 1336/1336/1336 1397/1397/1397 
f 1397/1397/1397 1336/1336/1336 1383/1383/1383 
f 1336/1336/1336 1383/1383/1383 1383/1383/1383 
f 1383/1383/1383 1383/1383/1383 1332/1332/1332 
f 1383/1383/1383 1332/1332/1332 1332/1332/1332 
f 1332/1332/1332 1332/1332/1332 1332/1332/1332 
f 1332/1332/1332 1394/1394/1394 1332/1332/1332 
f 1332/1332/1332 1394/1394/1394 1330/1330/1330 
f 1394/1394/1394 1393/1393/1393 1330/1330/1330 
f 1330/1330/1330 1393/1393/1393 1328/1328/1328 
f 1393/1393/1393 1328/1328/1328 1328/1328/1328 
f 1328/1328/1328 1328/1328/1328 60/60/60 
f 1328/1328/1328 60/60/60 60/60/60 
f 60/60/60 60/60/60 60/60/60 
f 60/60/60 1372/1372/1372 60/60/60 
f 60/60/60 1372/1372/1372 58/58/58 
f 1372/1372/1372 1374/1374/1374 58/58/58 
f 58/58/58 1374/1374/1374 56/56/56 
f 1374/1374/1374 1399/1399/1399 56/56/56 
f 56/56/56 1399/1399/1399 54/54/54 
f 1399/1399/1399 1400/1400/1400 54/54/54 
f 54/54/54 1400/1400/1400 52/52/52 
f 1400/1400/1400 1401/1401/1401 52/52/52 
f 52/52/52 1401/1401/1401 50/50/50 
f 1401/1401/1401 1402/1402/1402 50/50/50 
f 50/50/50 1402/1402/1402 48/48/48 
f 1402/1402/1402 1403/1403/1403 48/48/48 
f 48/48/48 1403/1403/1403 46/46/46 
f 1403/1403/1403 1404/1404/1404 46/46/46 
f 46/46/46 1404/1404/1404 44/44/44 
f 1404/1404/1404 42/42/42 44/44/44 
f 44/44/44 42/42/42 42/42/42 
f 42/42/42 1374/1374/1374 42/42/42 
f 42/42/42 1374/1374/1374 1374/1374/1374 
f 1374/1374/1374 1376/1376/1376 1374/1374/1374 
f 1374/1374/1374 1376/1376/1376 1399/1399/1399 
f 1376/1376/1376 1405/1405/1405 1399/1399/1399 
f 1399/1399/1399 1405/1405/1405 1400/1400/1400 
f 1405/1405/1405 1406/1406/1406 1400/1400/1400 
f 1400/1400/1400 1406/1406/1406 1401/1401/1401 
f 1406/1406/1406 1407/1407/1407 1401/1401/1401 
f 1401/1401/1401 1407/1407/1407 1402/1402/1402 
f 1407/1407/1407 1346/1346/1346 1402/1402/1402 
f 1402/1402/1402 1346/1346/1346 1403/1403/1403 
f 1346/1346/1346 1348/1348/1348 1403/1403/1403 
f 1403/1403/1403 1348/1348/1348 1404/1404/1404 
f 1348/1348/1348 1350/1350/1350 1404/1404/1404 
f 1404/1404/1404 1350/1350/1350 1351/1351/1351 
f 1350/1350/1350 1351/1351/1351 1351/1351/1351 
f 1351/1351/1351 1351/1351/1351 1376/1376/1376 
f 1351/1351/1351 1376/1376/1376 1376/1376/1376 
f 1376/1376/1376 1376/1376/1376 1376/1376/1376 
f 1376/1376/1376 1378/1378/1378 1376/1376/1376 
f 1376/1376/1376 1378/1378/1378 1405/1405/1405 
f 1378/1378/1378 1408/1408/1408 1405/1405/1405 
f 1405/1405/1405 1408/1408/1408 1406/1406/1406 
f 1408/1408/1408 1409/1409/1409 1406/1406/1406 
f 1406/1406/1406 1409/1409/1409 1407/1407/1407 
f 1409/1409/1409 1344/1344/1344 1407/1407/1407 
f 1407/1407/1407 1344/1344/1344 1346/1346/1346 
f 1344/1344/1344 1346/1346/1346 1346/1346/1346 
f 1346/1346/1346 1346/1346/1346 1408/1408/1408 
f 1346/1346/1346 1408/1408/1408 1408/1408/1408 
f 1408/1408/1408 1408/1408/1408 1408/1408/1408 
f 1408/1408/1408 1338/1338/1338 1408/1408/1408 
f 1408/1408/1408 1338/1338/1338 1409/1409/1409 
f 1338/1338/1338 1340/1340/1340 1409/1409/1409 
f 1409/1409/1409 1340/1340/1340 1342/1342/1342 
f 1340/1340/1340 1342/1342/1342 1342/1342/1342 
f 1342/1342/1342 1342/1342/1342 1327/1327/1327 
f 1342/1342/1342 1327/1327/1327 1327/1327/1327 
f 1327/1327/1327 1327/1327/1327 1327/1327/1327 
f 1327/1327/1327 1392/1392/1392 1327/1327/1327 
f 1327/1327/1327 1392/1392/1392 1326/1326/1326 
f 1392/1392/1392 1410/1410/1410 1326/1326/1326 
f 1326/1326/1326 1410/1410/1410 1325/1325/1325 
f 1410/1410/1410 1411/1411/1411 1325/1325/1325 
f 1325/1325/1325 1411/1411/1411 1324/1324/1324 
f 1411/1411/1411 94/94/94 1324/1324/1324 
f 1324/1324/1324 94/94/94 95/95/95 
f 94/94/94 95/95/95 95/95/95 
f 95/95/95 95/95/95 94/94/94 
f 95/95/95 94/94/94 94/94/94 
f 94/94/94 94/94/94 94/94/94 
f 94/94/94 1411/1411/1411 94/94/94 
f 94/94/94 1411/1411/1411 93/93/93 
f 1411/1411/1411 1412/1412/1412 93/93/93 
f 93/93/93 1412/1412/1412 92/92/92 
f 1412/1412/1412 1413/1413/1413 92/92/92 
f 92/92/92 1413/1413/1413 91/91/91 
f 1413/1413/1413 1386/1386/1386 91/91/91 
f 91/91/91 1386/1386/1386 90/90/90 
f 1386/1386/1386 1384/1384/1384 90/90/90 
f 90/90/90 1384/1384/1384 89/89/89 
f 1384/1384/1384 89/89/89 89/89/89 
f 89/89/89 89/89/89 1413/1413/1413 
f 89/89/89 1413/1413/1413 1413/1413/1413 
f 1413/1413/1413 1413/1413/1413 1413/1413/1413 
f 1413/1413/1413 1412/1412/1412 1413/1413/1413 
f 1413/1413/1413 1412/1412/1412 1390/1390/1390 
f 1412/1412/1412 1411/1411/1411 1390/1390/1390 
f 1390/1390/1390 1411/1411/1411 1410/1410/1410 
f 1411/1411/1411 1410/1410/1410 1410/1410/1410 
f 1410/1410/1410 1410/1410/1410 1390/1390/1390 
f 1410/1410/1410 1390/1390/1390 1390/1390/1390 
f 1390/1390/1390 1390/1390/1390 1390/1390/1390 
f 1390/1390/1390 1388/1388/1388 1390/1390/1390 
f 1390/1390/1390 1388/1388/1388 1413/1413/1413 
f 1388/1388/1388 1386/1386/1386 1413/1413/1413 
f 1413/1413/1413 1386/1386/1386 1386/1386/1386 
f 1386/1386/1386 451/451/451 1386/1386/1386 
f 1386/1386/1386 451/451/451 451/451/451 
f 451/451/451 453/453/453 451/451/451 
f 451/451/451 453/453/453 936/936/936 
f 453/453/453 927/927/927 936/936/936 
f 936/936/936 927/927/927 934/934/934 
f 927/927/927 928/928/928 934/934/934 
f 934/934/934 928/928/928 929/929/929 
f 928/928/928 929/929/929 929/929/929 
f 929/929/929 929/929/929 1398/1398/1398 
f 929/929/929 1398/1398/1398 1398/1398/1398 
f 1398/1398/1398 1398/1398/1398 1398/1398/1398 
f 1398/1398/1398 1385/1385/1385 1398/1398/1398 
f 1398/1398/1398 1385/1385/1385 1396/1396/1396 
f 1385/1385/1385 1387/1387/1387 1396/1396/1396 
f 1396/1396/1396 1387/1387/1387 1389/1389/1389 
f 1387/1387/1387 1389/1389/1389 1389/1389/1389 
f 1389/1389/1389 1389/1389/1389 813/813/813 
f 1389/1389/1389 813/813/813 813/813/813 
f 813/813/813 813/813/813 813/813/813 
f 813/813/813 1414/1414/1414 813/813/813 
f 813/813/813 1414/1414/1414 814/814/814 
f 1414/1414/1414 1415/1415/1415 814/814/814 
f 814/814/814 1415/1415/1415 815/815/815 
f 1415/1415/1415 1416/1416/1416 815/815/815 
f 815/815/815 1416/1416/1416 816/816/816 
f 1416/1416/1416 818/818/818 816/816/816 
f 816/816/816 818/818/818 818/818/818 
f 818/818/818 1414/1414/1414 818/818/818 
f 818/818/818 1414/1414/1414 1414/1414/1414 
f 1414/1414/1414 1417/1417/1417 1414/1414/1414 
f 1414/1414/1414 1417/1417/1417 1415/1415/1415 
f 1417/1417/1417 1418/1418/1418 1415/1415/1415 
f 1415/1415/1415 1418/1418/1418 1416/1416/1416 
f 1418/1418/1418 1419/1419/1419 1416/1416/1416 
f 1416/1416/1416 1419/1419/1419 818/818/818 
f 1419/1419/1419 820/820/820 818/818/818 
f 818/818/818 820/820/820 820/820/820 
f 820/820/820 1417/1417/1417 820/820/820 
f 820/820/820 1417/1417/1417 1417/1417/1417 
f 1417/1417/1417 710/710/710 1417/1417/1417 
f 1417/1417/1417 710/710/710 1418/1418/1418 
f 710/710/710 708/708/708 1418/1418/1418 
f 1418/1418/1418 708/708/708 1419/1419/1419 
f 708/708/708 706/706/706 1419/1419/1419 
f 1419/1419/1419 706/706/706 820/820/820 
f 706/706/706 704/704/704 820/820/820 
f 820/820/820 704/704/704 702/702/702 
f 704/704/704 702/702/702 702/702/702 
f 702/702/702 702/702/702 159/159/159 
f 702/702/702 159/159/159 159/159/159 
f 159/159/159 159/159/159 159/159/159 
f 159/159/159 161/161/161 159/159/159 
f 159/159/159 161/161/161 308/308/308 
f 161/161/161 1420/1420/1420 308/308/308 
f 308/308/308 1420/1420/1420 306/306/306 
f 1420/1420/1420 1421/1421/1421 306/306/306 
f 306/306/306 1421/1421/1421 1422/1422/1422 
f 1421/1421/1421 1423/1423/1423 1422/1422/1422 
f 1422/1422/1422 1423/1423/1423 1424/1424/1424 
f 1423/1423/1423 1425/1425/1425 1424/1424/1424 
f 1424/1424/1424 1425/1425/1425 1426/1426/1426 
f 1425/1425/1425 1427/1427/1427 1426/1426/1426 
f 1426/1426/1426 1427/1427/1427 1428/1428/1428 
f 1427/1427/1427 1429/1429/1429 1428/1428/1428 
f 1428/1428/1428 1429/1429/1429 1430/1430/1430 
f 1429/1429/1429 1431/1431/1431 1430/1430/1430 
f 1430/1430/1430 1431/1431/1431 1432/1432/1432 
f 1431/1431/1431 1433/1433/1433 1432/1432/1432 
f 1432/1432/1432 1433/1433/1433 1434/1434/1434 
f 1433/1433/1433 1435/1435/1435 1434/1434/1434 
f 1434/1434/1434 1435/1435/1435 1436/1436/1436 
f 1435/1435/1435 1437/1437/1437 1436/1436/1436 
f 1436/1436/1436 1437/1437/1437 1438/1438/1438 
f 1437/1437/1437 1439/1439/1439 1438/1438/1438 
f 1438/1438/1438 1439/1439/1439 1440/1440/1440 
f 1439/1439/1439 1441/1441/1441 1440/1440/1440 
f 1440/1440/1440 1441/1441/1441 1442/1442/1442 
f 1441/1441/1441 1443/1443/1443 1442/1442/1442 
f 1442/1442/1442 1443/1443/1443 1444/1444/1444 
f 1443/1443/1443 1445/1445/1445 1444/1444/1444 
f 1444/1444/1444 1445/1445/1445 1446/1446/1446 
f 1445/1445/1445 1447/1447/1447 1446/1446/1446 
f 1446/1446/1446 1447/1447/1447 1448/1448/1448 
f 1447/1447/1447 1449/1449/1449 1448/1448/1448 
f 1448/1448/1448 1449/1449/1449 1450/1450/1450 
f 1449/1449/1449 1451/1451/1451 1450/1450/1450 
f 1450/1450/1450 1451/1451/1451 1452/1452/1452 
f 1451/1451/1451 1453/1453/1453 1452/1452/1452 
f 1452/1452/1452 1453/1453/1453 1454/1454/1454 
f 1453/1453/1453 1455/1455/1455 1454/1454/1454 
f 1454/1454/1454 1455/1455/1455 1456/1456/1456 
f 1455/1455/1455 1457/1457/1457 1456/1456/1456 
f 1456/1456/1456 1457/1457/1457 1458/1458/1458 
f 1457/1457/1457 1459/1459/1459 1458/1458/1458 
f 1458/1458/1458 1459/1459/1459 1460/1460/1460 
f 1459/1459/1459 1461/1461/1461 1460/1460/1460 
f 1460/1460/1460 1461/1461/1461 1462/1462/1462 
f 1461/1461/1461 1463/1463/1463 1462/1462/1462 
f 1462/1462/1462 1463/1463/1463 1464/1464/1464 
f 1463/1463/1463 1465/1465/1465 1464/1464/1464 
f 1464/1464/1464 1465/1465/1465 1466/1466/1466 
f 1465/1465/1465 1467/1467/1467 1466/1466/1466 
f 1466/1466/1466 1467/1467/1467 1468/1468/1468 
f 1467/1467/1467 1469/1469/1469 1468/1468/1468 
f 1468/1468/1468 1469/1469/1469 1470/1470/1470 
f 1469/1469/1469 1471/1471/1471 1470/1470/1470 
f 1470/1470/1470 1471/1471/1471 1472/1472/1472 
f 1471/1471/1471 1473/1473/1473 1472/1472/1472 
f 1472/1472/1472 1473/1473/1473 1474/1474/1474 
f 1473/1473/1473 1475/1475/1475 1474/1474/1474 
f 1474/1474/1474 1475/1475/1475 1476/1476/1476 
f 1475/1475/1475 1477/1477/1477 1476/1476/1476 
f 1476/1476/1476 1477/1477/1477 1478/1478/1478 
f 1477/1477/1477 1479/1479/1479 1478/1478/1478 
f 1478/1478/1478 1479/1479/1479 1480/1480/1480 
f 1479/1479/1479 1481/1481/1481 1480/1480/1480 
f 1480/1480/1480 1481/1481/1481 1481/1481/1481 
f 1481/1481/1481 1480/1480/1480 1481/1481/1481 
f 1481/1481/1481 1480/1480/1480 1480/1480/1480 
f 1480/1480/1480 1482/1482/1482 1480/1480/1480 
f 1480/1480/1480 1482/1482/1482 1478/1478/1478 
f 1482/1482/1482 1483/1483/1483 1478/1478/1478 
f 1478/1478/1478 1483/1483/1483 1476/1476/1476 
f 1483/1483/1483 1484/1484/1484 1476/1476/1476 
f 1476/1476/1476 1484/1484/1484 1474/1474/1474 
f 1484/1484/1484 1485/1485/1485 1474/1474/1474 
f 1474/1474/1474 1485/1485/1485 1472/1472/1472 
f 1485/1485/1485 1486/1486/1486 1472/1472/1472 
f 1472/1472/1472 1486/1486/1486 1487/1487/1487 
f 1486/1486/1486 1488/1488/1488 1487/1487/1487 
f 1487/1487/1487 1488/1488/1488 1466/1466/1466 
f 1488/1488/1488 1489/1489/1489 1466/1466/1466 
f 1466/1466/1466 1489/1489/1489 1464/1464/1464 
f 1489/1489/1489 1490/1490/1490 1464/1464/1464 
f 1464/1464/1464 1490/1490/1490 1462/1462/1462 
f 1490/1490/1490 1491/1491/1491 1462/1462/1462 
f 1462/1462/1462 1491/1491/1491 1492/1492/1492 
f 1491/1491/1491 1493/1493/1493 1492/1492/1492 
f 1492/1492/1492 1493/1493/1493 1494/1494/1494 
f 1493/1493/1493 1495/1495/1495 1494/1494/1494 
f 1494/1494/1494 1495/1495/1495 1496/1496/1496 
f 1495/1495/1495 1497/1497/1497 1496/1496/1496 
f 1496/1496/1496 1497/1497/1497 1498/1498/1498 
f 1497/1497/1497 1499/1499/1499 1498/1498/1498 
f 1498/1498/1498 1499/1499/1499 1500/1500/1500 
f 1499/1499/1499 1501/1501/1501 1500/1500/1500 
f 1500/1500/1500 1501/1501/1501 1454/1454/1454 
f 1501/1501/1501 1502/1502/1502 1454/1454/1454 
f 1454/1454/1454 1502/1502/1502 1452/1452/1452 
f 1502/1502/1502 1450/1450/1450 1452/1452/1452 
f 1452/1452/1452 1450/1450/1450 1450/1450/1450 
f 1450/1450/1450 1462/1462/1462 1450/1450/1450 
f 1450/1450/1450 1462/1462/1462 1462/1462/1462 
f 1462/1462/1462 1492/1492/1492 1462/1462/1462 
f 1462/1462/1462 1492/1492/1492 1460/1460/1460 
f 1492/1492/1492 1496/1496/1496 1460/1460/1460 
f 1460/1460/1460 1496/1496/1496 1458/1458/1458 
f 1496/1496/1496 1498/1498/1498 1458/1458/1458 
f 1458/1458/1458 1498/1498/1498 1456/1456/1456 
f 1498/1498/1498 1500/1500/1500 1456/1456/1456 
f 1456/1456/1456 1500/1500/1500 1454/1454/1454 
f 1500/1500/1500 1454/1454/1454 1454/1454/1454 
f 1454/1454/1454 1454/1454/1454 1420/1420/1420 
f 1454/1454/1454 1420/1420/1420 1420/1420/1420 
f 1420/1420/1420 1420/1420/1420 1420/1420/1420 
f 1420/1420/1420 161/161/161 1420/1420/1420 
f 1420/1420/1420 161/161/161 1421/1421/1421 
f 161/161/161 163/163/163 1421/1421/1421 
f 1421/1421/1421 163/163/163 1423/1423/1423 
f 163/163/163 165/165/165 1423/1423/1423 
f 1423/1423/1423 165/165/165 167/167/167 
f 165/165/165 167/167/167 167/167/167 
f 167/167/167 167/167/167 1423/1423/1423 
f 167/167/167 1423/1423/1423 1423/1423/1423 
f 1423/1423/1423 1423/1423/1423 1423/1423/1423 
f 1423/1423/1423 167/167/167 1423/1423/1423 
f 1423/1423/1423 167/167/167 1425/1425/1425 
f 167/167/167 169/169/169 1425/1425/1425 
f 1425/1425/1425 169/169/169 1427/1427/1427 
f 169/169/169 171/171/171 1427/1427/1427 
f 1427/1427/1427 171/171/171 1503/1503/1503 
f 171/171/171 173/173/173 1503/1503/1503 
f 1503/1503/1503 173/173/173 1504/1504/1504 
f 173/173/173 175/175/175 1504/1504/1504 
f 1504/1504/1504 175/175/175 1505/1505/1505 
f 175/175/175 177/177/177 1505/1505/1505 
f 1505/1505/1505 177/177/177 1506/1506/1506 
f 177/177/177 179/179/179 1506/1506/1506 
f 1506/1506/1506 179/179/179 1507/1507/1507 
f 179/179/179 181/181/181 1507/1507/1507 
f 1507/1507/1507 181/181/181 1508/1508/1508 
f 181/181/181 183/183/183 1508/1508/1508 
f 1508/1508/1508 183/183/183 1509/1509/1509 
f 183/183/183 1510/1510/1510 1509/1509/1509 
f 1509/1509/1509 1510/1510/1510 1511/1511/1511 
f 1510/1510/1510 1512/1512/1512 1511/1511/1511 
f 1511/1511/1511 1512/1512/1512 1445/1445/1445 
f 1512/1512/1512 1447/1447/1447 1445/1445/1445 
f 1445/1445/1445 1447/1447/1447 1447/1447/1447 
f 1447/1447/1447 183/183/183 1447/1447/1447 
f 1447/1447/1447 183/183/183 183/183/183 
f 183/183/183 185/185/185 183/183/183 
f 183/183/183 185/185/185 1510/1510/1510 
f 185/185/185 1513/1513/1513 1510/1510/1510 
f 1510/1510/1510 1513/1513/1513 1512/1512/1512 
f 1513/1513/1513 1514/1514/1514 1512/1512/1512 
f 1512/1512/1512 1514/1514/1514 1447/1447/1447 
f 1514/1514/1514 1515/1515/1515 1447/1447/1447 
f 1447/1447/1447 1515/1515/1515 1449/1449/1449 
f 1515/1515/1515 1516/1516/1516 1449/1449/1449 
f 1449/1449/1449 1516/1516/1516 1451/1451/1451 
f 1516/1516/1516 1517/1517/1517 1451/1451/1451 
f 1451/1451/1451 1517/1517/1517 1518/1518/1518 
f 1517/1517/1517 1519/1519/1519 1518/1518/1518 
f 1518/1518/1518 1519/1519/1519 1453/1453/1453 
f 1519/1519/1519 1520/1520/1520 1453/1453/1453 
f 1453/1453/1453 1520/1520/1520 1455/1455/1455 
f 1520/1520/1520 1521/1521/1521 1455/1455/1455 
f 1455/1455/1455 1521/1521/1521 1457/1457/1457 
f 1521/1521/1521 1522/1522/1522 1457/1457/1457 
f 1457/1457/1457 1522/1522/1522 1459/1459/1459 
f 1522/1522/1522 1523/1523/1523 1459/1459/1459 
f 1459/1459/1459 1523/1523/1523 1524/1524/1524 
f 1523/1523/1523 1525/1525/1525 1524/1524/1524 
f 1524/1524/1524 1525/1525/1525 1463/1463/1463 
f 1525/1525/1525 1465/1465/1465 1463/1463/1463 
f 1463/1463/1463 1465/1465/1465 1465/1465/1465 
f 1465/1465/1465 1523/1523/1523 1465/1465/1465 
f 1465/1465/1465 1523/1523/1523 1523/1523/1523 
f 1523/1523/1523 1522/1522/1522 1523/1523/1523 
f 1523/1523/1523 1522/1522/1522 1526/1526/1526 
f 1522/1522/1522 1521/1521/1521 1526/1526/1526 
f 1526/1526/1526 1521/1521/1521 1527/1527/1527 
f 1521/1521/1521 1520/1520/1520 1527/1527/1527 
f 1527/1527/1527 1520/1520/1520 1528/1528/1528 
f 1520/1520/1520 1519/1519/1519 1528/1528/1528 
f 1528/1528/1528 1519/1519/1519 1529/1529/1529 
f 1519/1519/1519 1517/1517/1517 1529/1529/1529 
f 1529/1529/1529 1517/1517/1517 1530/1530/1530 
f 1517/1517/1517 1531/1531/1531 1530/1530/1530 
f 1530/1530/1530 1531/1531/1531 195/195/195 
f 1531/1531/1531 193/193/193 195/195/195 
f 195/195/195 193/193/193 193/193/193 
f 193/193/193 195/195/195 193/193/193 
f 193/193/193 195/195/195 195/195/195 
f 195/195/195 197/197/197 195/195/195 
f 195/195/195 197/197/197 1530/1530/1530 
f 197/197/197 1532/1532/1532 1530/1530/1530 
f 1530/1530/1530 1532/1532/1532 1533/1533/1533 
f 1532/1532/1532 1534/1534/1534 1533/1533/1533 
f 1533/1533/1533 1534/1534/1534 1528/1528/1528 
f 1534/1534/1534 1535/1535/1535 1528/1528/1528 
f 1528/1528/1528 1535/1535/1535 1527/1527/1527 
f 1535/1535/1535 1536/1536/1536 1527/1527/1527 
f 1527/1527/1527 1536/1536/1536 1526/1526/1526 
f 1536/1536/1536 1537/1537/1537 1526/1526/1526 
f 1526/1526/1526 1537/1537/1537 1523/1523/1523 
f 1537/1537/1537 1538/1538/1538 1523/1523/1523 
f 1523/1523/1523 1538/1538/1538 1539/1539/1539 
f 1538/1538/1538 1540/1540/1540 1539/1539/1539 
f 1539/1539/1539 1540/1540/1540 1541/1541/1541 
f 1540/1540/1540 1542/1542/1542 1541/1541/1541 
f 1541/1541/1541 1542/1542/1542 1467/1467/1467 
f 1542/1542/1542 1469/1469/1469 1467/1467/1467 
f 1467/1467/1467 1469/1469/1469 1469/1469/1469 
f 1469/1469/1469 1538/1538/1538 1469/1469/1469 
f 1469/1469/1469 1538/1538/1538 1538/1538/1538 
f 1538/1538/1538 1543/1543/1543 1538/1538/1538 
f 1538/1538/1538 1543/1543/1543 1540/1540/1540 
f 1543/1543/1543 1544/1544/1544 1540/1540/1540 
f 1540/1540/1540 1544/1544/1544 1542/1542/1542 
f 1544/1544/1544 1545/1545/1545 1542/1542/1542 
f 1542/1542/1542 1545/1545/1545 1469/1469/1469 
f 1545/1545/1545 1546/1546/1546 1469/1469/1469 
f 1469/1469/1469 1546/1546/1546 1471/1471/1471 
f 1546/1546/1546 1547/1547/1547 1471/1471/1471 
f 1471/1471/1471 1547/1547/1547 1473/1473/1473 
f 1547/1547/1547 1548/1548/1548 1473/1473/1473 
f 1473/1473/1473 1548/1548/1548 1475/1475/1475 
f 1548/1548/1548 1549/1549/1549 1475/1475/1475 
f 1475/1475/1475 1549/1549/1549 1550/1550/1550 
f 1549/1549/1549 1551/1551/1551 1550/1550/1550 
f 1550/1550/1550 1551/1551/1551 1552/1552/1552 
f 1551/1551/1551 1553/1553/1553 1552/1552/1552 
f 1552/1552/1552 1553/1553/1553 1554/1554/1554 
f 1553/1553/1553 1555/1555/1555 1554/1554/1554 
f 1554/1554/1554 1555/1555/1555 1556/1556/1556 
f 1555/1555/1555 1557/1557/1557 1556/1556/1556 
f 1556/1556/1556 1557/1557/1557 1557/1557/1557 
f 1557/1557/1557 1556/1556/1556 1557/1557/1557 
f 1557/1557/1557 1556/1556/1556 1556/1556/1556 
f 1556/1556/1556 1481/1481/1481 1556/1556/1556 
f 1556/1556/1556 1481/1481/1481 1554/1554/1554 
f 1481/1481/1481 1479/1479/1479 1554/1554/1554 
f 1554/1554/1554 1479/1479/1479 1552/1552/1552 
f 1479/1479/1479 1477/1477/1477 1552/1552/1552 
f 1552/1552/1552 1477/1477/1477 1550/1550/1550 
f 1477/1477/1477 1475/1475/1475 1550/1550/1550 
f 1550/1550/1550 1475/1475/1475 1475/1475/1475 
f 1475/1475/1475 1470/1470/1470 1475/1475/1475 
f 1475/1475/1475 1470/1470/1470 1470/1470/1470 
f 1470/1470/1470 1472/1472/1472 1470/1470/1470 
f 1470/1470/1470 1472/1472/1472 1468/1468/1468 
f 1472/1472/1472 1487/1487/1487 1468/1468/1468 
f 1468/1468/1468 1487/1487/1487 1466/1466/1466 
f 1487/1487/1487 1466/1466/1466 1466/1466/1466 
f 1466/1466/1466 1466/1466/1466 1530/1530/1530 
f 1466/1466/1466 1530/1530/1530 1530/1530/1530 
f 1530/1530/1530 1530/1530/1530 1530/1530/1530 
f 1530/1530/1530 1533/1533/1533 1530/1530/1530 
f 1530/1530/1530 1533/1533/1533 1529/1529/1529 
f 1533/1533/1533 1528/1528/1528 1529/1529/1529 
f 1529/1529/1529 1528/1528/1528 1528/1528/1528 
f 1528/1528/1528 1482/1482/1482 1528/1528/1528 
f 1528/1528/1528 1482/1482/1482 1482/1482/1482 
f 1482/1482/1482 1558/1558/1558 1482/1482/1482 
f 1482/1482/1482 1558/1558/1558 1483/1483/1483 
f 1558/1558/1558 1559/1559/1559 1483/1483/1483 
f 1483/1483/1483 1559/1559/1559 1484/1484/1484 
f 1559/1559/1559 1560/1560/1560 1484/1484/1484 
f 1484/1484/1484 1560/1560/1560 1485/1485/1485 
f 1560/1560/1560 1486/1486/1486 1485/1485/1485 
f 1485/1485/1485 1486/1486/1486 1486/1486/1486 
f 1486/1486/1486 1558/1558/1558 1486/1486/1486 
f 1486/1486/1486 1558/1558/1558 1558/1558/1558 
f 1558/1558/1558 1561/1561/1561 1558/1558/1558 
f 1558/1558/1558 1561/1561/1561 1559/1559/1559 
f 1561/1561/1561 1562/1562/1562 1559/1559/1559 
f 1559/1559/1559 1562/1562/1562 1560/1560/1560 
f 1562/1562/1562 1563/1563/1563 1560/1560/1560 
f 1560/1560/1560 1563/1563/1563 1486/1486/1486 
f 1563/1563/1563 1564/1564/1564 1486/1486/1486 
f 1486/1486/1486 1564/1564/1564 1488/1488/1488 
f 1564/1564/1564 1489/1489/1489 1488/1488/1488 
f 1488/1488/1488 1489/1489/1489 1489/1489/1489 
f 1489/1489/1489 1561/1561/1561 1489/1489/1489 
f 1489/1489/1489 1561/1561/1561 1561/1561/1561 
f 1561/1561/1561 1565/1565/1565 1561/1561/1561 
f 1561/1561/1561 1565/1565/1565 1562/1562/1562 
f 1565/1565/1565 1566/1566/1566 1562/1562/1562 
f 1562/1562/1562 1566/1566/1566 1563/1563/1563 
f 1566/1566/1566 1567/1567/1567 1563/1563/1563 
f 1563/1563/1563 1567/1567/1567 1564/1564/1564 
f 1567/1567/1567 1568/1568/1568 1564/1564/1564 
f 1564/1564/1564 1568/1568/1568 1489/1489/1489 
f 1568/1568/1568 1569/1569/1569 1489/1489/1489 
f 1489/1489/1489 1569/1569/1569 1490/1490/1490 
f 1569/1569/1569 1491/1491/1491 1490/1490/1490 
f 1490/1490/1490 1491/1491/1491 1491/1491/1491 
f 1491/1491/1491 1565/1565/1565 1491/1491/1491 
f 1491/1491/1491 1565/1565/1565 1565/1565/1565 
f 1565/1565/1565 1570/1570/1570 1565/1565/1565 
f 1565/1565/1565 1570/1570/1570 1566/1566/1566 
f 1570/1570/1570 1571/1571/1571 1566/1566/1566 
f 1566/1566/1566 1571/1571/1571 1567/1567/1567 
f 1571/1571/1571 1572/1572/1572 1567/1567/1567 
f 1567/1567/1567 1572/1572/1572 1568/1568/1568 
f 1572/1572/1572 1569/1569/1569 1568/1568/1568 
f 1568/1568/1568 1569/1569/1569 1569/1569/1569 
f 1569/1569/1569 1570/1570/1570 1569/1569/1569 
f 1569/1569/1569 1570/1570/1570 1570/1570/1570 
f 1570/1570/1570 1573/1573/1573 1570/1570/1570 
f 1570/1570/1570 1573/1573/1573 1571/1571/1571 
f 1573/1573/1573 1574/1574/1574 1571/1571/1571 
f 1571/1571/1571 1574/1574/1574 1572/1572/1572 
f 1574/1574/1574 1575/1575/1575 1572/1572/1572 
f 1572/1572/1572 1575/1575/1575 1569/1569/1569 
f 1575/1575/1575 1576/1576/1576 1569/1569/1569 
f 1569/1569/1569 1576/1576/1576 1491/1491/1491 
f 1576/1576/1576 1493/1493/1493 1491/1491/1491 
f 1491/1491/1491 1493/1493/1493 1493/1493/1493 
f 1493/1493/1493 1573/1573/1573 1493/1493/1493 
f 1493/1493/1493 1573/1573/1573 1573/1573/1573 
f 1573/1573/1573 1577/1577/1577 1573/1573/1573 
f 1573/1573/1573 1577/1577/1577 1574/1574/1574 
f 1577/1577/1577 1578/1578/1578 1574/1574/1574 
f 1574/1574/1574 1578/1578/1578 1575/1575/1575 
f 1578/1578/1578 1579/1579/1579 1575/1575/1575 
f 1575/1575/1575 1579/1579/1579 1576/1576/1576 
f 1579/1579/1579 1580/1580/1580 1576/1576/1576 
f 1576/1576/1576 1580/1580/1580 1493/1493/1493 
f 1580/1580/1580 1581/1581/1581 1493/1493/1493 
f 1493/1493/1493 1581/1581/1581 1582/1582/1582 
f 1581/1581/1581 1583/1583/1583 1582/1582/1582 
f 1582/1582/1582 1583/1583/1583 1495/1495/1495 
f 1583/1583/1583 1584/1584/1584 1495/1495/1495 
f 1495/1495/1495 1584/1584/1584 1497/1497/1497 
f 1584/1584/1584 1585/1585/1585 1497/1497/1497 
f 1497/1497/1497 1585/1585/1585 1499/1499/1499 
f 1585/1585/1585 1586/1586/1586 1499/1499/1499 
f 1499/1499/1499 1586/1586/1586 1501/1501/1501 
f 1586/1586/1586 1587/1587/1587 1501/1501/1501 
f 1501/1501/1501 1587/1587/1587 1588/1588/1588 
f 1587/1587/1587 1589/1589/1589 1588/1588/1588 
f 1588/1588/1588 1589/1589/1589 1590/1590/1590 
f 1589/1589/1589 1591/1591/1591 1590/1590/1590 
f 1590/1590/1590 1591/1591/1591 1446/1446/1446 
f 1591/1591/1591 1444/1444/1444 1446/1446/1446 
f 1446/1446/1446 1444/1444/1444 1444/1444/1444 
f 1444/1444/1444 1587/1587/1587 1444/1444/1444 
f 1444/1444/1444 1587/1587/1587 1587/1587/1587 
f 1587/1587/1587 1592/1592/1592 1587/1587/1587 
f 1587/1587/1587 1592/1592/1592 1589/1589/1589 
f 1592/1592/1592 1593/1593/1593 1589/1589/1589 
f 1589/1589/1589 1593/1593/1593 1591/1591/1591 
f 1593/1593/1593 1594/1594/1594 1591/1591/1591 
f 1591/1591/1591 1594/1594/1594 1444/1444/1444 
f 1594/1594/1594 1595/1595/1595 1444/1444/1444 
f 1444/1444/1444 1595/1595/1595 1442/1442/1442 
f 1595/1595/1595 1596/1596/1596 1442/1442/1442 
f 1442/1442/1442 1596/1596/1596 1440/1440/1440 
f 1596/1596/1596 1597/1597/1597 1440/1440/1440 
f 1440/1440/1440 1597/1597/1597 1438/1438/1438 
f 1597/1597/1597 1598/1598/1598 1438/1438/1438 
f 1438/1438/1438 1598/1598/1598 1436/1436/1436 
f 1598/1598/1598 1599/1599/1599 1436/1436/1436 
f 1436/1436/1436 1599/1599/1599 1434/1434/1434 
f 1599/1599/1599 1600/1600/1600 1434/1434/1434 
f 1434/1434/1434 1600/1600/1600 1432/1432/1432 
f 1600/1600/1600 1601/1601/1601 1432/1432/1432 
f 1432/1432/1432 1601/1601/1601 1602/1602/1602 
f 1601/1601/1601 1603/1603/1603 1602/1602/1602 
f 1602/1602/1602 1603/1603/1603 1604/1604/1604 
f 1603/1603/1603 302/302/302 1604/1604/1604 
f 1604/1604/1604 302/302/302 1605/1605/1605 
f 302/302/302 303/303/303 1605/1605/1605 
f 1605/1605/1605 303/303/303 1606/1606/1606 
f 303/303/303 304/304/304 1606/1606/1606 
f 1606/1606/1606 304/304/304 1422/1422/1422 
f 304/304/304 306/306/306 1422/1422/1422 
f 1422/1422/1422 306/306/306 306/306/306 
f 306/306/306 1596/1596/1596 306/306/306 
f 306/306/306 1596/1596/1596 1596/1596/1596 
f 1596/1596/1596 1595/1595/1595 1596/1596/1596 
f 1596/1596/1596 1595/1595/1595 1607/1607/1607 
f 1595/1595/1595 1593/1593/1593 1607/1607/1607 
f 1607/1607/1607 1593/1593/1593 1608/1608/1608 
f 1593/1593/1593 1592/1592/1592 1608/1608/1608 
f 1608/1608/1608 1592/1592/1592 1609/1609/1609 
f 1592/1592/1592 1610/1610/1610 1609/1609/1609 
f 1609/1609/1609 1610/1610/1610 1611/1611/1611 
f 1610/1610/1610 1612/1612/1612 1611/1611/1611 
f 1611/1611/1611 1612/1612/1612 1613/1613/1613 
f 1612/1612/1612 1614/1614/1614 1613/1613/1613 
f 1613/1613/1613 1614/1614/1614 1615/1615/1615 
f 1614/1614/1614 1583/1583/1583 1615/1615/1615 
f 1615/1615/1615 1583/1583/1583 1616/1616/1616 
f 1583/1583/1583 1581/1581/1581 1616/1616/1616 
f 1616/1616/1616 1581/1581/1581 1617/1617/1617 
f 1581/1581/1581 1618/1618/1618 1617/1617/1617 
f 1617/1617/1617 1618/1618/1618 1619/1619/1619 
f 1618/1618/1618 1620/1620/1620 1619/1619/1619 
f 1619/1619/1619 1620/1620/1620 1621/1621/1621 
f 1620/1620/1620 1622/1622/1622 1621/1621/1621 
f 1621/1621/1621 1622/1622/1622 1622/1622/1622 
f 1622/1622/1622 1581/1581/1581 1622/1622/1622 
f 1622/1622/1622 1581/1581/1581 1581/1581/1581 
f 1581/1581/1581 1580/1580/1580 1581/1581/1581 
f 1581/1581/1581 1580/1580/1580 1618/1618/1618 
f 1580/1580/1580 1579/1579/1579 1618/1618/1618 
f 1618/1618/1618 1579/1579/1579 1620/1620/1620 
f 1579/1579/1579 1578/1578/1578 1620/1620/1620 
f 1620/1620/1620 1578/1578/1578 1622/1622/1622 
f 1578/1578/1578 1577/1577/1577 1622/1622/1622 
f 1622/1622/1622 1577/1577/1577 1577/1577/1577 
f 1577/1577/1577 1467/1467/1467 1577/1577/1577 
f 1577/1577/1577 1467/1467/1467 1467/1467/1467 
f 1467/1467/1467 1465/1465/1465 1467/1467/1467 
f 1467/1467/1467 1465/1465/1465 1541/1541/1541 
f 1465/1465/1465 1525/1525/1525 1541/1541/1541 
f 1541/1541/1541 1525/1525/1525 1539/1539/1539 
f 1525/1525/1525 1523/1523/1523 1539/1539/1539 
f 1539/1539/1539 1523/1523/1523 1523/1523/1523 
f 1523/1523/1523 1592/1592/1592 1523/1523/1523 
f 1523/1523/1523 1592/1592/1592 1592/1592/1592 
f 1592/1592/1592 1587/1587/1587 1592/1592/1592 
f 1592/1592/1592 1587/1587/1587 1610/1610/1610 
f 1587/1587/1587 1623/1623/1623 1610/1610/1610 
f 1610/1610/1610 1623/1623/1623 1612/1612/1612 
f 1623/1623/1623 1585/1585/1585 1612/1612/1612 
f 1612/1612/1612 1585/1585/1585 1584/1584/1584 
f 1585/1585/1585 1584/1584/1584 1584/1584/1584 
f 1584/1584/1584 1584/1584/1584 1612/1612/1612 
f 1584/1584/1584 1612/1612/1612 1612/1612/1612 
f 1612/1612/1612 1612/1612/1612 1612/1612/1612 
f 1612/1612/1612 1584/1584/1584 1612/1612/1612 
f 1612/1612/1612 1584/1584/1584 1614/1614/1614 
f 1584/1584/1584 1583/1583/1583 1614/1614/1614 
f 1614/1614/1614 1583/1583/1583 1583/1583/1583 
f 1583/1583/1583 1459/1459/1459 1583/1583/1583 
f 1583/1583/1583 1459/1459/1459 1459/1459/1459 
f 1459/1459/1459 1524/1524/1524 1459/1459/1459 
f 1459/1459/1459 1524/1524/1524 1461/1461/1461 
f 1524/1524/1524 1463/1463/1463 1461/1461/1461 
f 1461/1461/1461 1463/1463/1463 1463/1463/1463 
f 1463/1463/1463 1585/1585/1585 1463/1463/1463 
f 1463/1463/1463 1585/1585/1585 1585/1585/1585 
f 1585/1585/1585 1623/1623/1623 1585/1585/1585 
f 1585/1585/1585 1623/1623/1623 1586/1586/1586 
f 1623/1623/1623 1587/1587/1587 1586/1586/1586 
f 1586/1586/1586 1587/1587/1587 1587/1587/1587 
f 1587/1587/1587 1445/1445/1445 1587/1587/1587 
f 1587/1587/1587 1445/1445/1445 1445/1445/1445 
f 1445/1445/1445 1443/1443/1443 1445/1445/1445 
f 1445/1445/1445 1443/1443/1443 1511/1511/1511 
f 1443/1443/1443 1624/1624/1624 1511/1511/1511 
f 1511/1511/1511 1624/1624/1624 1508/1508/1508 
f 1624/1624/1624 1507/1507/1507 1508/1508/1508 
f 1508/1508/1508 1507/1507/1507 1507/1507/1507 
f 1507/1507/1507 1443/1443/1443 1507/1507/1507 
f 1507/1507/1507 1443/1443/1443 1443/1443/1443 
f 1443/1443/1443 1441/1441/1441 1443/1443/1443 
f 1443/1443/1443 1441/1441/1441 1624/1624/1624 
f 1441/1441/1441 1625/1625/1625 1624/1624/1624 
f 1624/1624/1624 1625/1625/1625 1507/1507/1507 
f 1625/1625/1625 1626/1626/1626 1507/1507/1507 
f 1507/1507/1507 1626/1626/1626 1506/1506/1506 
f 1626/1626/1626 1505/1505/1505 1506/1506/1506 
f 1506/1506/1506 1505/1505/1505 1505/1505/1505 
f 1505/1505/1505 1626/1626/1626 1505/1505/1505 
f 1505/1505/1505 1626/1626/1626 1627/1627/1627 
f 1626/1626/1626 1435/1435/1435 1627/1627/1627 
f 1627/1627/1627 1435/1435/1435 1628/1628/1628 
f 1435/1435/1435 1433/1433/1433 1628/1628/1628 
f 1628/1628/1628 1433/1433/1433 1429/1429/1429 
f 1433/1433/1433 1431/1431/1431 1429/1429/1429 
f 1429/1429/1429 1431/1431/1431 1431/1431/1431 
f 1431/1431/1431 1627/1627/1627 1431/1431/1431 
f 1431/1431/1431 1627/1627/1627 1627/1627/1627 
f 1627/1627/1627 1628/1628/1628 1627/1627/1627 
f 1627/1627/1627 1628/1628/1628 1504/1504/1504 
f 1628/1628/1628 1429/1429/1429 1504/1504/1504 
f 1504/1504/1504 1429/1429/1429 1503/1503/1503 
f 1429/1429/1429 1427/1427/1427 1503/1503/1503 
f 1503/1503/1503 1427/1427/1427 1427/1427/1427 
f 1427/1427/1427 197/197/197 1427/1427/1427 
f 1427/1427/1427 197/197/197 197/197/197 
f 197/197/197 199/199/199 197/197/197 
f 197/197/197 199/199/199 1532/1532/1532 
f 199/199/199 1629/1629/1629 1532/1532/1532 
f 1532/1532/1532 1629/1629/1629 1534/1534/1534 
f 1629/1629/1629 1630/1630/1630 1534/1534/1534 
f 1534/1534/1534 1630/1630/1630 1631/1631/1631 
f 1630/1630/1630 1632/1632/1632 1631/1631/1631 
f 1631/1631/1631 1632/1632/1632 1633/1633/1633 
f 1632/1632/1632 1634/1634/1634 1633/1633/1633 
f 1633/1633/1633 1634/1634/1634 1635/1635/1635 
f 1634/1634/1634 1636/1636/1636 1635/1635/1635 
f 1635/1635/1635 1636/1636/1636 1543/1543/1543 
f 1636/1636/1636 1637/1637/1637 1543/1543/1543 
f 1543/1543/1543 1637/1637/1637 1544/1544/1544 
f 1637/1637/1637 1638/1638/1638 1544/1544/1544 
f 1544/1544/1544 1638/1638/1638 1639/1639/1639 
f 1638/1638/1638 1640/1640/1640 1639/1639/1639 
f 1639/1639/1639 1640/1640/1640 1641/1641/1641 
f 1640/1640/1640 1642/1642/1642 1641/1641/1641 
f 1641/1641/1641 1642/1642/1642 1643/1643/1643 
f 1642/1642/1642 1644/1644/1644 1643/1643/1643 
f 1643/1643/1643 1644/1644/1644 1645/1645/1645 
f 1644/1644/1644 1646/1646/1646 1645/1645/1645 
f 1645/1645/1645 1646/1646/1646 1647/1647/1647 
f 1646/1646/1646 1648/1648/1648 1647/1647/1647 
f 1647/1647/1647 1648/1648/1648 1649/1649/1649 
f 1648/1648/1648 1650/1650/1650 1649/1649/1649 
f 1649/1649/1649 1650/1650/1650 1651/1651/1651 
f 1650/1650/1650 1652/1652/1652 1651/1651/1651 
f 1651/1651/1651 1652/1652/1652 1653/1653/1653 
f 1652/1652/1652 1654/1654/1654 1653/1653/1653 
f 1653/1653/1653 1654/1654/1654 1655/1655/1655 
f 1654/1654/1654 1656/1656/1656 1655/1655/1655 
f 1655/1655/1655 1656/1656/1656 1657/1657/1657 
f 1656/1656/1656 1658/1658/1658 1657/1657/1657 
f 1657/1657/1657 1658/1658/1658 1659/1659/1659 
f 1658/1658/1658 1660/1660/1660 1659/1659/1659 
f 1659/1659/1659 1660/1660/1660 1661/1661/1661 
f 1660/1660/1660 1662/1662/1662 1661/1661/1661 
f 1661/1661/1661 1662/1662/1662 1663/1663/1663 
f 1662/1662/1662 1664/1664/1664 1663/1663/1663 
f 1663/1663/1663 1664/1664/1664 1665/1665/1665 
f 1664/1664/1664 1666/1666/1666 1665/1665/1665 
f 1665/1665/1665 1666/1666/1666 1667/1667/1667 
f 1666/1666/1666 1668/1668/1668 1667/1667/1667 
f 1667/1667/1667 1668/1668/1668 1669/1669/1669 
f 1668/1668/1668 1670/1670/1670 1669/1669/1669 
f 1669/1669/1669 1670/1670/1670 1671/1671/1671 
f 1670/1670/1670 1672/1672/1672 1671/1671/1671 
f 1671/1671/1671 1672/1672/1672 1672/1672/1672 
f 1672/1672/1672 1656/1656/1656 1672/1672/1672 
f 1672/1672/1672 1656/1656/1656 1656/1656/1656 
f 1656/1656/1656 1654/1654/1654 1656/1656/1656 
f 1656/1656/1656 1654/1654/1654 1673/1673/1673 
f 1654/1654/1654 1650/1650/1650 1673/1673/1673 
f 1673/1673/1673 1650/1650/1650 1674/1674/1674 
f 1650/1650/1650 1648/1648/1648 1674/1674/1674 
f 1674/1674/1674 1648/1648/1648 1675/1675/1675 
f 1648/1648/1648 1646/1646/1646 1675/1675/1675 
f 1675/1675/1675 1646/1646/1646 1676/1676/1676 
f 1646/1646/1646 1644/1644/1644 1676/1676/1676 
f 1676/1676/1676 1644/1644/1644 1677/1677/1677 
f 1644/1644/1644 1678/1678/1678 1677/1677/1677 
f 1677/1677/1677 1678/1678/1678 1679/1679/1679 
f 1678/1678/1678 1680/1680/1680 1679/1679/1679 
f 1679/1679/1679 1680/1680/1680 1681/1681/1681 
f 1680/1680/1680 1682/1682/1682 1681/1681/1681 
f 1681/1681/1681 1682/1682/1682 1683/1683/1683 
f 1682/1682/1682 1684/1684/1684 1683/1683/1683 
f 1683/1683/1683 1684/1684/1684 1685/1685/1685 
f 1684/1684/1684 1636/1636/1636 1685/1685/1685 
f 1685/1685/1685 1636/1636/1636 1634/1634/1634 
f 1636/1636/1636 1634/1634/1634 1634/1634/1634 
f 1634/1634/1634 1634/1634/1634 1679/1679/1679 
f 1634/1634/1634 1679/1679/1679 1679/1679/1679 
f 1679/1679/1679 1679/1679/1679 1679/1679/1679 
f 1679/1679/1679 1686/1686/1686 1679/1679/1679 
f 1679/1679/1679 1686/1686/1686 1677/1677/1677 
f 1686/1686/1686 1687/1687/1687 1677/1677/1677 
f 1677/1677/1677 1687/1687/1687 1676/1676/1676 
f 1687/1687/1687 1688/1688/1688 1676/1676/1676 
f 1676/1676/1676 1688/1688/1688 1675/1675/1675 
f 1688/1688/1688 1689/1689/1689 1675/1675/1675 
f 1675/1675/1675 1689/1689/1689 1674/1674/1674 
f 1689/1689/1689 1690/1690/1690 1674/1674/1674 
f 1674/1674/1674 1690/1690/1690 1673/1673/1673 
f 1690/1690/1690 1691/1691/1691 1673/1673/1673 
f 1673/1673/1673 1691/1691/1691 1656/1656/1656 
f 1691/1691/1691 1692/1692/1692 1656/1656/1656 
f 1656/1656/1656 1692/1692/1692 1658/1658/1658 
f 1692/1692/1692 1693/1693/1693 1658/1658/1658 
f 1658/1658/1658 1693/1693/1693 1660/1660/1660 
f 1693/1693/1693 1694/1694/1694 1660/1660/1660 
f 1660/1660/1660 1694/1694/1694 1695/1695/1695 
f 1694/1694/1694 1696/1696/1696 1695/1695/1695 
f 1695/1695/1695 1696/1696/1696 1697/1697/1697 
f 1696/1696/1696 1698/1698/1698 1697/1697/1697 
f 1697/1697/1697 1698/1698/1698 1664/1664/1664 
f 1698/1698/1698 1699/1699/1699 1664/1664/1664 
f 1664/1664/1664 1699/1699/1699 1666/1666/1666 
f 1699/1699/1699 1700/1700/1700 1666/1666/1666 
f 1666/1666/1666 1700/1700/1700 1668/1668/1668 
f 1700/1700/1700 1701/1701/1701 1668/1668/1668 
f 1668/1668/1668 1701/1701/1701 1670/1670/1670 
f 1701/1701/1701 1702/1702/1702 1670/1670/1670 
f 1670/1670/1670 1702/1702/1702 1672/1672/1672 
f 1702/1702/1702 1703/1703/1703 1672/1672/1672 
f 1672/1672/1672 1703/1703/1703 1703/1703/1703 
f 1703/1703/1703 1693/1693/1693 1703/1703/1703 
f 1703/1703/1703 1693/1693/1693 1693/1693/1693 
f 1693/1693/1693 1692/1692/1692 1693/1693/1693 
f 1693/1693/1693 1692/1692/1692 1704/1704/1704 
f 1692/1692/1692 1705/1705/1705 1704/1704/1704 
f 1704/1704/1704 1705/1705/1705 1706/1706/1706 
f 1705/1705/1705 1690/1690/1690 1706/1706/1706 
f 1706/1706/1706 1690/1690/1690 1707/1707/1707 
f 1690/1690/1690 1689/1689/1689 1707/1707/1707 
f 1707/1707/1707 1689/1689/1689 1708/1708/1708 
f 1689/1689/1689 1688/1688/1688 1708/1708/1708 
f 1708/1708/1708 1688/1688/1688 1709/1709/1709 
f 1688/1688/1688 1687/1687/1687 1709/1709/1709 
f 1709/1709/1709 1687/1687/1687 1710/1710/1710 
f 1687/1687/1687 1711/1711/1711 1710/1710/1710 
f 1710/1710/1710 1711/1711/1711 1712/1712/1712 
f 1711/1711/1711 1686/1686/1686 1712/1712/1712 
f 1712/1712/1712 1686/1686/1686 1713/1713/1713 
f 1686/1686/1686 1679/1679/1679 1713/1713/1713 
f 1713/1713/1713 1679/1679/1679 1714/1714/1714 
f 1679/1679/1679 1681/1681/1681 1714/1714/1714 
f 1714/1714/1714 1681/1681/1681 1715/1715/1715 
f 1681/1681/1681 1683/1683/1683 1715/1715/1715 
f 1715/1715/1715 1683/1683/1683 1716/1716/1716 
f 1683/1683/1683 1717/1717/1717 1716/1716/1716 
f 1716/1716/1716 1717/1717/1717 1718/1718/1718 
f 1717/1717/1717 1719/1719/1719 1718/1718/1718 
f 1718/1718/1718 1719/1719/1719 207/207/207 
f 1719/1719/1719 205/205/205 207/207/207 
f 207/207/207 205/205/205 205/205/205 
f 205/205/205 1683/1683/1683 205/205/205 
f 205/205/205 1683/1683/1683 1683/1683/1683 
f 1683/1683/1683 1685/1685/1685 1683/1683/1683 
f 1683/1683/1683 1685/1685/1685 1717/1717/1717 
f 1685/1685/1685 1720/1720/1720 1717/1717/1717 
f 1717/1717/1717 1720/1720/1720 1719/1719/1719 
f 1720/1720/1720 1721/1721/1721 1719/1719/1719 
f 1719/1719/1719 1721/1721/1721 205/205/205 
f 1721/1721/1721 1722/1722/1722 205/205/205 
f 205/205/205 1722/1722/1722 203/203/203 
f 1722/1722/1722 1630/1630/1630 203/203/203 
f 203/203/203 1630/1630/1630 201/201/201 
f 1630/1630/1630 1629/1629/1629 201/201/201 
f 201/201/201 1629/1629/1629 199/199/199 
f 1629/1629/1629 199/199/199 199/199/199 
f 199/199/199 199/199/199 1630/1630/1630 
f 199/199/199 1630/1630/1630 1630/1630/1630 
f 1630/1630/1630 1630/1630/1630 1630/1630/1630 
f 1630/1630/1630 1722/1722/1722 1630/1630/1630 
f 1630/1630/1630 1722/1722/1722 1632/1632/1632 
f 1722/1722/1722 1720/1720/1720 1632/1632/1632 
f 1632/1632/1632 1720/1720/1720 1634/1634/1634 
f 1720/1720/1720 1685/1685/1685 1634/1634/1634 
f 1634/1634/1634 1685/1685/1685 1685/1685/1685 
f 1685/1685/1685 1501/1501/1501 1685/1685/1685 
f 1685/1685/1685 1501/1501/1501 1501/1501/1501 
f 1501/1501/1501 1588/1588/1588 1501/1501/1501 
f 1501/1501/1501 1588/1588/1588 1502/1502/1502 
f 1588/1588/1588 1590/1590/1590 1502/1502/1502 
f 1502/1502/1502 1590/1590/1590 1450/1450/1450 
f 1590/1590/1590 1448/1448/1448 1450/1450/1450 
f 1450/1450/1450 1448/1448/1448 1448/1448/1448 
f 1448/1448/1448 1637/1637/1637 1448/1448/1448 
f 1448/1448/1448 1637/1637/1637 1637/1637/1637 
f 1637/1637/1637 1636/1636/1636 1637/1637/1637 
f 1637/1637/1637 1636/1636/1636 1638/1638/1638 
f 1636/1636/1636 1684/1684/1684 1638/1638/1638 
f 1638/1638/1638 1684/1684/1684 1640/1640/1640 
f 1684/1684/1684 1682/1682/1682 1640/1640/1640 
f 1640/1640/1640 1682/1682/1682 1680/1680/1680 
f 1682/1682/1682 1680/1680/1680 1680/1680/1680 
f 1680/1680/1680 1680/1680/1680 1640/1640/1640 
f 1680/1680/1680 1640/1640/1640 1640/1640/1640 
f 1640/1640/1640 1640/1640/1640 1640/1640/1640 
f 1640/1640/1640 1680/1680/1680 1640/1640/1640 
f 1640/1640/1640 1680/1680/1680 1642/1642/1642 
f 1680/1680/1680 1678/1678/1678 1642/1642/1642 
f 1642/1642/1642 1678/1678/1678 1644/1644/1644 
f 1678/1678/1678 1644/1644/1644 1644/1644/1644 
f 1644/1644/1644 1644/1644/1644 1544/1544/1544 
f 1644/1644/1644 1544/1544/1544 1544/1544/1544 
f 1544/1544/1544 1544/1544/1544 1544/1544/1544 
f 1544/1544/1544 1639/1639/1639 1544/1544/1544 
f 1544/1544/1544 1639/1639/1639 1545/1545/1545 
f 1639/1639/1639 1723/1723/1723 1545/1545/1545 
f 1545/1545/1545 1723/1723/1723 1546/1546/1546 
f 1723/1723/1723 1724/1724/1724 1546/1546/1546 
f 1546/1546/1546 1724/1724/1724 1547/1547/1547 
f 1724/1724/1724 1725/1725/1725 1547/1547/1547 
f 1547/1547/1547 1725/1725/1725 1726/1726/1726 
f 1725/1725/1725 1727/1727/1727 1726/1726/1726 
f 1726/1726/1726 1727/1727/1727 1728/1728/1728 
f 1727/1727/1727 1649/1649/1649 1728/1728/1728 
f 1728/1728/1728 1649/1649/1649 1651/1651/1651 
f 1649/1649/1649 1651/1651/1651 1651/1651/1651 
f 1651/1651/1651 1651/1651/1651 1726/1726/1726 
f 1651/1651/1651 1726/1726/1726 1726/1726/1726 
f 1726/1726/1726 1726/1726/1726 1726/1726/1726 
f 1726/1726/1726 1728/1728/1728 1726/1726/1726 
f 1726/1726/1726 1728/1728/1728 1549/1549/1549 
f 1728/1728/1728 1729/1729/1729 1549/1549/1549 
f 1549/1549/1549 1729/1729/1729 1551/1551/1551 
f 1729/1729/1729 1730/1730/1730 1551/1551/1551 
f 1551/1551/1551 1730/1730/1730 1553/1553/1553 
f 1730/1730/1730 1731/1731/1731 1553/1553/1553 
f 1553/1553/1553 1731/1731/1731 1555/1555/1555 
f 1731/1731/1731 1732/1732/1732 1555/1555/1555 
f 1555/1555/1555 1732/1732/1732 1557/1557/1557 
f 1732/1732/1732 1733/1733/1733 1557/1557/1557 
f 1557/1557/1557 1733/1733/1733 1733/1733/1733 
f 1733/1733/1733 1731/1731/1731 1733/1733/1733 
f 1733/1733/1733 1731/1731/1731 1731/1731/1731 
f 1731/1731/1731 1730/1730/1730 1731/1731/1731 
f 1731/1731/1731 1730/1730/1730 1734/1734/1734 
f 1730/1730/1730 1653/1653/1653 1734/1734/1734 
f 1734/1734/1734 1653/1653/1653 1735/1735/1735 
f 1653/1653/1653 1655/1655/1655 1735/1735/1735 
f 1735/1735/1735 1655/1655/1655 1736/1736/1736 
f 1655/1655/1655 1657/1657/1657 1736/1736/1736 
f 1736/1736/1736 1657/1657/1657 1659/1659/1659 
f 1657/1657/1657 1659/1659/1659 1659/1659/1659 
f 1659/1659/1659 1659/1659/1659 1731/1731/1731 
f 1659/1659/1659 1731/1731/1731 1731/1731/1731 
f 1731/1731/1731 1731/1731/1731 1731/1731/1731 
f 1731/1731/1731 1734/1734/1734 1731/1731/1731 
f 1731/1731/1731 1734/1734/1734 1737/1737/1737 
f 1734/1734/1734 1735/1735/1735 1737/1737/1737 
f 1737/1737/1737 1735/1735/1735 1738/1738/1738 
f 1735/1735/1735 1736/1736/1736 1738/1738/1738 
f 1738/1738/1738 1736/1736/1736 1739/1739/1739 
f 1736/1736/1736 1740/1740/1740 1739/1739/1739 
f 1739/1739/1739 1740/1740/1740 1741/1741/1741 
f 1740/1740/1740 1742/1742/1742 1741/1741/1741 
f 1741/1741/1741 1742/1742/1742 1743/1743/1743 
f 1742/1742/1742 1663/1663/1663 1743/1743/1743 
f 1743/1743/1743 1663/1663/1663 1744/1744/1744 
f 1663/1663/1663 1665/1665/1665 1744/1744/1744 
f 1744/1744/1744 1665/1665/1665 1667/1667/1667 
f 1665/1665/1665 1667/1667/1667 1667/1667/1667 
f 1667/1667/1667 1667/1667/1667 1667/1667/1667 
f 1667/1667/1667 1745/1745/1745 1667/1667/1667 
f 1667/1667/1667 1745/1745/1745 1744/1744/1744 
f 1745/1745/1745 1746/1746/1746 1744/1744/1744 
f 1744/1744/1744 1746/1746/1746 1743/1743/1743 
f 1746/1746/1746 1747/1747/1747 1743/1743/1743 
f 1743/1743/1743 1747/1747/1747 1741/1741/1741 
f 1747/1747/1747 1748/1748/1748 1741/1741/1741 
f 1741/1741/1741 1748/1748/1748 1739/1739/1739 
f 1748/1748/1748 1749/1749/1749 1739/1739/1739 
f 1739/1739/1739 1749/1749/1749 1738/1738/1738 
f 1749/1749/1749 1750/1750/1750 1738/1738/1738 
f 1738/1738/1738 1750/1750/1750 1737/1737/1737 
f 1750/1750/1750 1732/1732/1732 1737/1737/1737 
f 1737/1737/1737 1732/1732/1732 1731/1731/1731 
f 1732/1732/1732 1731/1731/1731 1731/1731/1731 
f 1731/1731/1731 1731/1731/1731 1745/1745/1745 
f 1731/1731/1731 1745/1745/1745 1745/1745/1745 
f 1745/1745/1745 1745/1745/1745 1745/1745/1745 
f 1745/1745/1745 1751/1751/1751 1745/1745/1745 
f 1745/1745/1745 1751/1751/1751 1746/1746/1746 
f 1751/1751/1751 1752/1752/1752 1746/1746/1746 
f 1746/1746/1746 1752/1752/1752 1747/1747/1747 
f 1752/1752/1752 1753/1753/1753 1747/1747/1747 
f 1747/1747/1747 1753/1753/1753 1748/1748/1748 
f 1753/1753/1753 1754/1754/1754 1748/1748/1748 
f 1748/1748/1748 1754/1754/1754 1749/1749/1749 
f 1754/1754/1754 1755/1755/1755 1749/1749/1749 
f 1749/1749/1749 1755/1755/1755 1750/1750/1750 
f 1755/1755/1755 1733/1733/1733 1750/1750/1750 
f 1750/1750/1750 1733/1733/1733 1732/1732/1732 
f 1733/1733/1733 1732/1732/1732 1732/1732/1732 
f 1732/1732/1732 1732/1732/1732 1751/1751/1751 
f 1732/1732/1732 1751/1751/1751 1751/1751/1751 
f 1751/1751/1751 1751/1751/1751 1751/1751/1751 
f 1751/1751/1751 1745/1745/1745 1751/1751/1751 
f 1751/1751/1751 1745/1745/1745 1756/1756/1756 
f 1745/1745/1745 1669/1669/1669 1756/1756/1756 
f 1756/1756/1756 1669/1669/1669 1671/1671/1671 
f 1669/1669/1669 1671/1671/1671 1671/1671/1671 
f 1671/1671/1671 1671/1671/1671 1549/1549/1549 
f 1671/1671/1671 1549/1549/1549 1549/1549/1549 
f 1549/1549/1549 1549/1549/1549 1549/1549/1549 
f 1549/1549/1549 1548/1548/1548 1549/1549/1549 
f 1549/1549/1549 1548/1548/1548 1726/1726/1726 
f 1548/1548/1548 1547/1547/1547 1726/1726/1726 
f 1726/1726/1726 1547/1547/1547 1547/1547/1547 
f 1547/1547/1547 1663/1663/1663 1547/1547/1547 
f 1547/1547/1547 1663/1663/1663 1663/1663/1663 
f 1663/1663/1663 1742/1742/1742 1663/1663/1663 
f 1663/1663/1663 1742/1742/1742 1661/1661/1661 
f 1742/1742/1742 1659/1659/1659 1661/1661/1661 
f 1661/1661/1661 1659/1659/1659 1659/1659/1659 
f 1659/1659/1659 1742/1742/1742 1659/1659/1659 
f 1659/1659/1659 1742/1742/1742 1742/1742/1742 
f 1742/1742/1742 1740/1740/1740 1742/1742/1742 
f 1742/1742/1742 1740/1740/1740 1659/1659/1659 
f 1740/1740/1740 1736/1736/1736 1659/1659/1659 
f 1659/1659/1659 1736/1736/1736 1736/1736/1736 
f 1736/1736/1736 1690/1690/1690 1736/1736/1736 
f 1736/1736/1736 1690/1690/1690 1690/1690/1690 
f 1690/1690/1690 1705/1705/1705 1690/1690/1690 
f 1690/1690/1690 1705/1705/1705 1691/1691/1691 
f 1705/1705/1705 1692/1692/1692 1691/1691/1691 
f 1691/1691/1691 1692/1692/1692 1692/1692/1692 
f 1692/1692/1692 1697/1697/1697 1692/1692/1692 
f 1692/1692/1692 1697/1697/1697 1697/1697/1697 
f 1697/1697/1697 1664/1664/1664 1697/1697/1697 
f 1697/1697/1697 1664/1664/1664 1695/1695/1695 
f 1664/1664/1664 1662/1662/1662 1695/1695/1695 
f 1695/1695/1695 1662/1662/1662 1660/1660/1660 
f 1662/1662/1662 1660/1660/1660 1660/1660/1660 
f 1660/1660/1660 1660/1660/1660 1639/1639/1639 
f 1660/1660/1660 1639/1639/1639 1639/1639/1639 
f 1639/1639/1639 1639/1639/1639 1639/1639/1639 
f 1639/1639/1639 1641/1641/1641 1639/1639/1639 
f 1639/1639/1639 1641/1641/1641 1723/1723/1723 
f 1641/1641/1641 1643/1643/1643 1723/1723/1723 
f 1723/1723/1723 1643/1643/1643 1757/1757/1757 
f 1643/1643/1643 1758/1758/1758 1757/1757/1757 
f 1757/1757/1757 1758/1758/1758 1725/1725/1725 
f 1758/1758/1758 1727/1727/1727 1725/1725/1725 
f 1725/1725/1725 1727/1727/1727 1727/1727/1727 
f 1727/1727/1727 1643/1643/1643 1727/1727/1727 
f 1727/1727/1727 1643/1643/1643 1643/1643/1643 
f 1643/1643/1643 1645/1645/1645 1643/1643/1643 
f 1643/1643/1643 1645/1645/1645 1758/1758/1758 
f 1645/1645/1645 1647/1647/1647 1758/1758/1758 
f 1758/1758/1758 1647/1647/1647 1727/1727/1727 
f 1647/1647/1647 1649/1649/1649 1727/1727/1727 
f 1727/1727/1727 1649/1649/1649 1649/1649/1649 
f 1649/1649/1649 207/207/207 1649/1649/1649 
f 1649/1649/1649 207/207/207 207/207/207 
f 207/207/207 209/209/209 207/207/207 
f 207/207/207 209/209/209 1718/1718/1718 
f 209/209/209 211/211/211 1718/1718/1718 
f 1718/1718/1718 211/211/211 1759/1759/1759 
f 211/211/211 213/213/213 1759/1759/1759 
f 1759/1759/1759 213/213/213 1760/1760/1760 
f 213/213/213 215/215/215 1760/1760/1760 
f 1760/1760/1760 215/215/215 1761/1761/1761 
f 215/215/215 217/217/217 1761/1761/1761 
f 1761/1761/1761 217/217/217 1762/1762/1762 
f 217/217/217 219/219/219 1762/1762/1762 
f 1762/1762/1762 219/219/219 1763/1763/1763 
f 219/219/219 221/221/221 1763/1763/1763 
f 1763/1763/1763 221/221/221 1764/1764/1764 
f 221/221/221 223/223/223 1764/1764/1764 
f 1764/1764/1764 223/223/223 1765/1765/1765 
f 223/223/223 225/225/225 1765/1765/1765 
f 1765/1765/1765 225/225/225 1766/1766/1766 
f 225/225/225 227/227/227 1766/1766/1766 
f 1766/1766/1766 227/227/227 1767/1767/1767 
f 227/227/227 229/229/229 1767/1767/1767 
f 1767/1767/1767 229/229/229 1768/1768/1768 
f 229/229/229 1769/1769/1769 1768/1768/1768 
f 1768/1768/1768 1769/1769/1769 1770/1770/1770 
f 1769/1769/1769 1771/1771/1771 1770/1770/1770 
f 1770/1770/1770 1771/1771/1771 1772/1772/1772 
f 1771/1771/1771 1773/1773/1773 1772/1772/1772 
f 1772/1772/1772 1773/1773/1773 1774/1774/1774 
f 1773/1773/1773 1775/1775/1775 1774/1774/1774 
f 1774/1774/1774 1775/1775/1775 1776/1776/1776 
f 1775/1775/1775 1777/1777/1777 1776/1776/1776 
f 1776/1776/1776 1777/1777/1777 1778/1778/1778 
f 1777/1777/1777 1778/1778/1778 1778/1778/1778 
f 1778/1778/1778 1778/1778/1778 1761/1761/1761 
f 1778/1778/1778 1761/1761/1761 1761/1761/1761 
f 1761/1761/1761 1761/1761/1761 1761/1761/1761 
f 1761/1761/1761 1762/1762/1762 1761/1761/1761 
f 1761/1761/1761 1762/1762/1762 1712/1712/1712 
f 1762/1762/1762 1763/1763/1763 1712/1712/1712 
f 1712/1712/1712 1763/1763/1763 1779/1779/1779 
f 1763/1763/1763 1780/1780/1780 1779/1779/1779 
f 1779/1779/1779 1780/1780/1780 1781/1781/1781 
f 1780/1780/1780 1782/1782/1782 1781/1781/1781 
f 1781/1781/1781 1782/1782/1782 1783/1783/1783 
f 1782/1782/1782 1784/1784/1784 1783/1783/1783 
f 1783/1783/1783 1784/1784/1784 1785/1785/1785 
f 1784/1784/1784 1786/1786/1786 1785/1785/1785 
f 1785/1785/1785 1786/1786/1786 1787/1787/1787 
f 1786/1786/1786 1788/1788/1788 1787/1787/1787 
f 1787/1787/1787 1788/1788/1788 1706/1706/1706 
f 1788/1788/1788 1789/1789/1789 1706/1706/1706 
f 1706/1706/1706 1789/1789/1789 1704/1704/1704 
f 1789/1789/1789 1790/1790/1790 1704/1704/1704 
f 1704/1704/1704 1790/1790/1790 1693/1693/1693 
f 1790/1790/1790 1694/1694/1694 1693/1693/1693 
f 1693/1693/1693 1694/1694/1694 1694/1694/1694 
f 1694/1694/1694 1712/1712/1712 1694/1694/1694 
f 1694/1694/1694 1712/1712/1712 1712/1712/1712 
f 1712/1712/1712 1779/1779/1779 1712/1712/1712 
f 1712/1712/1712 1779/1779/1779 1710/1710/1710 
f 1779/1779/1779 1781/1781/1781 1710/1710/1710 
f 1710/1710/1710 1781/1781/1781 1709/1709/1709 
f 1781/1781/1781 1791/1791/1791 1709/1709/1709 
f 1709/1709/1709 1791/1791/1791 1708/1708/1708 
f 1791/1791/1791 1792/1792/1792 1708/1708/1708 
f 1708/1708/1708 1792/1792/1792 1707/1707/1707 
f 1792/1792/1792 1706/1706/1706 1707/1707/1707 
f 1707/1707/1707 1706/1706/1706 1706/1706/1706 
f 1706/1706/1706 1781/1781/1781 1706/1706/1706 
f 1706/1706/1706 1781/1781/1781 1781/1781/1781 
f 1781/1781/1781 1783/1783/1783 1781/1781/1781 
f 1781/1781/1781 1783/1783/1783 1791/1791/1791 
f 1783/1783/1783 1785/1785/1785 1791/1791/1791 
f 1791/1791/1791 1785/1785/1785 1792/1792/1792 
f 1785/1785/1785 1787/1787/1787 1792/1792/1792 
f 1792/1792/1792 1787/1787/1787 1706/1706/1706 
f 1787/1787/1787 1706/1706/1706 1706/1706/1706 
f 1706/1706/1706 1706/1706/1706 1723/1723/1723 
f 1706/1706/1706 1723/1723/1723 1723/1723/1723 
f 1723/1723/1723 1723/1723/1723 1723/1723/1723 
f 1723/1723/1723 1757/1757/1757 1723/1723/1723 
f 1723/1723/1723 1757/1757/1757 1724/1724/1724 
f 1757/1757/1757 1725/1725/1725 1724/1724/1724 
f 1724/1724/1724 1725/1725/1725 1725/1725/1725 
f 1725/1725/1725 1718/1718/1718 1725/1725/1725 
f 1725/1725/1725 1718/1718/1718 1718/1718/1718 
f 1718/1718/1718 1759/1759/1759 1718/1718/1718 
f 1718/1718/1718 1759/1759/1759 1716/1716/1716 
f 1759/1759/1759 1715/1715/1715 1716/1716/1716 
f 1716/1716/1716 1715/1715/1715 1715/1715/1715 
f 1715/1715/1715 1759/1759/1759 1715/1715/1715 
f 1715/1715/1715 1759/1759/1759 1759/1759/1759 
f 1759/1759/1759 1760/1760/1760 1759/1759/1759 
f 1759/1759/1759 1760/1760/1760 1715/1715/1715 
f 1760/1760/1760 1714/1714/1714 1715/1715/1715 
f 1715/1715/1715 1714/1714/1714 1714/1714/1714 
f 1714/1714/1714 1760/1760/1760 1714/1714/1714 
f 1714/1714/1714 1760/1760/1760 1713/1713/1713 
f 1760/1760/1760 1761/1761/1761 1713/1713/1713 
f 1713/1713/1713 1761/1761/1761 1712/1712/1712 
f 1761/1761/1761 1712/1712/1712 1712/1712/1712 
f 1712/1712/1712 1712/1712/1712 1763/1763/1763 
f 1712/1712/1712 1763/1763/1763 1763/1763/1763 
f 1763/1763/1763 1763/1763/1763 1763/1763/1763 
f 1763/1763/1763 1764/1764/1764 1763/1763/1763 
f 1763/1763/1763 1764/1764/1764 1780/1780/1780 
f 1764/1764/1764 1782/1782/1782 1780/1780/1780 
f 1780/1780/1780 1782/1782/1782 1782/1782/1782 
f 1782/1782/1782 1764/1764/1764 1782/1782/1782 
f 1782/1782/1782 1764/1764/1764 1764/1764/1764 
f 1764/1764/1764 1765/1765/1765 1764/1764/1764 
f 1764/1764/1764 1765/1765/1765 1782/1782/1782 
f 1765/1765/1765 1766/1766/1766 1782/1782/1782 
f 1782/1782/1782 1766/1766/1766 1793/1793/1793 
f 1766/1766/1766 1794/1794/1794 1793/1793/1793 
f 1793/1793/1793 1794/1794/1794 1795/1795/1795 
f 1794/1794/1794 1796/1796/1796 1795/1795/1795 
f 1795/1795/1795 1796/1796/1796 1797/1797/1797 
f 1796/1796/1796 1798/1798/1798 1797/1797/1797 
f 1797/1797/1797 1798/1798/1798 1799/1799/1799 
f 1798/1798/1798 1800/1800/1800 1799/1799/1799 
f 1799/1799/1799 1800/1800/1800 1801/1801/1801 
f 1800/1800/1800 1802/1802/1802 1801/1801/1801 
f 1801/1801/1801 1802/1802/1802 1803/1803/1803 
f 1802/1802/1802 1776/1776/1776 1803/1803/1803 
f 1803/1803/1803 1776/1776/1776 1804/1804/1804 
f 1776/1776/1776 1778/1778/1778 1804/1804/1804 
f 1804/1804/1804 1778/1778/1778 1805/1805/1805 
f 1778/1778/1778 1805/1805/1805 1805/1805/1805 
f 1805/1805/1805 1805/1805/1805 1782/1782/1782 
f 1805/1805/1805 1782/1782/1782 1782/1782/1782 
f 1782/1782/1782 1782/1782/1782 1782/1782/1782 
f 1782/1782/1782 1793/1793/1793 1782/1782/1782 
f 1782/1782/1782 1793/1793/1793 1784/1784/1784 
f 1793/1793/1793 1795/1795/1795 1784/1784/1784 
f 1784/1784/1784 1795/1795/1795 1786/1786/1786 
f 1795/1795/1795 1797/1797/1797 1786/1786/1786 
f 1786/1786/1786 1797/1797/1797 1788/1788/1788 
f 1797/1797/1797 1799/1799/1799 1788/1788/1788 
f 1788/1788/1788 1799/1799/1799 1806/1806/1806 
f 1799/1799/1799 1801/1801/1801 1806/1806/1806 
f 1806/1806/1806 1801/1801/1801 1807/1807/1807 
f 1801/1801/1801 1808/1808/1808 1807/1807/1807 
f 1807/1807/1807 1808/1808/1808 1696/1696/1696 
f 1808/1808/1808 1809/1809/1809 1696/1696/1696 
f 1696/1696/1696 1809/1809/1809 1698/1698/1698 
f 1809/1809/1809 1810/1810/1810 1698/1698/1698 
f 1698/1698/1698 1810/1810/1810 1699/1699/1699 
f 1810/1810/1810 1811/1811/1811 1699/1699/1699 
f 1699/1699/1699 1811/1811/1811 1700/1700/1700 
f 1811/1811/1811 1812/1812/1812 1700/1700/1700 
f 1700/1700/1700 1812/1812/1812 1813/1813/1813 
f 1812/1812/1812 1813/1813/1813 1813/1813/1813 
f 1813/1813/1813 1813/1813/1813 1696/1696/1696 
f 1813/1813/1813 1696/1696/1696 1696/1696/1696 
f 1696/1696/1696 1696/1696/1696 1696/1696/1696 
f 1696/1696/1696 1694/1694/1694 1696/1696/1696 
f 1696/1696/1696 1694/1694/1694 1807/1807/1807 
f 1694/1694/1694 1790/1790/1790 1807/1807/1807 
f 1807/1807/1807 1790/1790/1790 1806/1806/1806 
f 1790/1790/1790 1789/1789/1789 1806/1806/1806 
f 1806/1806/1806 1789/1789/1789 1788/1788/1788 
f 1789/1789/1789 1788/1788/1788 1788/1788/1788 
f 1788/1788/1788 1788/1788/1788 229/229/229 
f 1788/1788/1788 229/229/229 229/229/229 
f 229/229/229 229/229/229 229/229/229 
f 229/229/229 231/231/231 229/229/229 
f 229/229/229 231/231/231 1769/1769/1769 
f 231/231/231 1814/1814/1814 1769/1769/1769 
f 1769/1769/1769 1814/1814/1814 1771/1771/1771 
f 1814/1814/1814 1815/1815/1815 1771/1771/1771 
f 1771/1771/1771 1815/1815/1815 1773/1773/1773 
f 1815/1815/1815 1816/1816/1816 1773/1773/1773 
f 1773/1773/1773 1816/1816/1816 1817/1817/1817 
f 1816/1816/1816 1817/1817/1817 1817/1817/1817 
f 1817/1817/1817 1817/1817/1817 1773/1773/1773 
f 1817/1817/1817 1773/1773/1773 1773/1773/1773 
f 1773/1773/1773 1773/1773/1773 1773/1773/1773 
f 1773/1773/1773 1817/1817/1817 1773/1773/1773 
f 1773/1773/1773 1817/1817/1817 1775/1775/1775 
f 1817/1817/1817 1777/1777/1777 1775/1775/1775 
f 1775/1775/1775 1777/1777/1777 1777/1777/1777 
f 1777/1777/1777 1800/1800/1800 1777/1777/1777 
f 1777/1777/1777 1800/1800/1800 1800/1800/1800 
f 1800/1800/1800 1798/1798/1798 1800/1800/1800 
f 1800/1800/1800 1798/1798/1798 1802/1802/1802 
f 1798/1798/1798 1774/1774/1774 1802/1802/1802 
f 1802/1802/1802 1774/1774/1774 1776/1776/1776 
f 1774/1774/1774 1776/1776/1776 1776/1776/1776 
f 1776/1776/1776 1776/1776/1776 1774/1774/1774 
f 1776/1776/1776 1774/1774/1774 1774/1774/1774 
f 1774/1774/1774 1774/1774/1774 1774/1774/1774 
f 1774/1774/1774 1798/1798/1798 1774/1774/1774 
f 1774/1774/1774 1798/1798/1798 1772/1772/1772 
f 1798/1798/1798 1796/1796/1796 1772/1772/1772 
f 1772/1772/1772 1796/1796/1796 1770/1770/1770 
f 1796/1796/1796 1794/1794/1794 1770/1770/1770 
f 1770/1770/1770 1794/1794/1794 1767/1767/1767 
f 1794/1794/1794 1766/1766/1766 1767/1767/1767 
f 1767/1767/1767 1766/1766/1766 1766/1766/1766 
f 1766/1766/1766 1816/1816/1816 1766/1766/1766 
f 1766/1766/1766 1816/1816/1816 1816/1816/1816 
f 1816/1816/1816 1815/1815/1815 1816/1816/1816 
f 1816/1816/1816 1815/1815/1815 1818/1818/1818 
f 1815/1815/1815 1814/1814/1814 1818/1818/1818 
f 1818/1818/1818 1814/1814/1814 235/235/235 
f 1814/1814/1814 233/233/233 235/235/235 
f 235/235/235 233/233/233 233/233/233 
f 233/233/233 1812/1812/1812 233/233/233 
f 233/233/233 1812/1812/1812 1812/1812/1812 
f 1812/1812/1812 1811/1811/1811 1812/1812/1812 
f 1812/1812/1812 1811/1811/1811 1819/1819/1819 
f 1811/1811/1811 1810/1810/1810 1819/1819/1819 
f 1819/1819/1819 1810/1810/1810 1820/1820/1820 
f 1810/1810/1810 1821/1821/1821 1820/1820/1820 
f 1820/1820/1820 1821/1821/1821 1822/1822/1822 
f 1821/1821/1821 1823/1823/1823 1822/1822/1822 
f 1822/1822/1822 1823/1823/1823 1805/1805/1805 
f 1823/1823/1823 1804/1804/1804 1805/1805/1805 
f 1805/1805/1805 1804/1804/1804 1804/1804/1804 
f 1804/1804/1804 1821/1821/1821 1804/1804/1804 
f 1804/1804/1804 1821/1821/1821 1821/1821/1821 
f 1821/1821/1821 1809/1809/1809 1821/1821/1821 
f 1821/1821/1821 1809/1809/1809 1823/1823/1823 
f 1809/1809/1809 1808/1808/1808 1823/1823/1823 
f 1823/1823/1823 1808/1808/1808 1803/1803/1803 
f 1808/1808/1808 1801/1801/1801 1803/1803/1803 
f 1803/1803/1803 1801/1801/1801 1801/1801/1801 
f 1801/1801/1801 1700/1700/1700 1801/1801/1801 
f 1801/1801/1801 1700/1700/1700 1700/1700/1700 
f 1700/1700/1700 1813/1813/1813 1700/1700/1700 
f 1700/1700/1700 1813/1813/1813 1701/1701/1701 
f 1813/1813/1813 1824/1824/1824 1701/1701/1701 
f 1701/1701/1701 1824/1824/1824 1702/1702/1702 
f 1824/1824/1824 1825/1825/1825 1702/1702/1702 
f 1702/1702/1702 1825/1825/1825 1703/1703/1703 
f 1825/1825/1825 1703/1703/1703 1703/1703/1703 
f 1703/1703/1703 1703/1703/1703 302/302/302 
f 1703/1703/1703 302/302/302 302/302/302 
f 302/302/302 302/302/302 302/302/302 
f 302/302/302 1603/1603/1603 302/302/302 
f 302/302/302 1603/1603/1603 301/301/301 
f 1603/1603/1603 300/300/300 301/301/301 
f 301/301/301 300/300/300 300/300/300 
f 300/300/300 1603/1603/1603 300/300/300 
f 300/300/300 1603/1603/1603 1603/1603/1603 
f 1603/1603/1603 1601/1601/1601 1603/1603/1603 
f 1603/1603/1603 1601/1601/1601 300/300/300 
f 1601/1601/1601 1826/1826/1826 300/300/300 
f 300/300/300 1826/1826/1826 298/298/298 
f 1826/1826/1826 1827/1827/1827 298/298/298 
f 298/298/298 1827/1827/1827 283/283/283 
f 1827/1827/1827 285/285/285 283/283/283 
f 283/283/283 285/285/285 285/285/285 
f 285/285/285 1826/1826/1826 285/285/285 
f 285/285/285 1826/1826/1826 1826/1826/1826 
f 1826/1826/1826 1601/1601/1601 1826/1826/1826 
f 1826/1826/1826 1601/1601/1601 1828/1828/1828 
f 1601/1601/1601 1600/1600/1600 1828/1828/1828 
f 1828/1828/1828 1600/1600/1600 1829/1829/1829 
f 1600/1600/1600 1599/1599/1599 1829/1829/1829 
f 1829/1829/1829 1599/1599/1599 1830/1830/1830 
f 1599/1599/1599 1598/1598/1598 1830/1830/1830 
f 1830/1830/1830 1598/1598/1598 1831/1831/1831 
f 1598/1598/1598 1597/1597/1597 1831/1831/1831 
f 1831/1831/1831 1597/1597/1597 1596/1596/1596 
f 1597/1597/1597 1596/1596/1596 1596/1596/1596 
f 1596/1596/1596 1596/1596/1596 1831/1831/1831 
f 1596/1596/1596 1831/1831/1831 1831/1831/1831 
f 1831/1831/1831 1831/1831/1831 1831/1831/1831 
f 1831/1831/1831 1596/1596/1596 1831/1831/1831 
f 1831/1831/1831 1596/1596/1596 1832/1832/1832 
f 1596/1596/1596 1607/1607/1607 1832/1832/1832 
f 1832/1832/1832 1607/1607/1607 1833/1833/1833 
f 1607/1607/1607 1608/1608/1608 1833/1833/1833 
f 1833/1833/1833 1608/1608/1608 1834/1834/1834 
f 1608/1608/1608 1609/1609/1609 1834/1834/1834 
f 1834/1834/1834 1609/1609/1609 1835/1835/1835 
f 1609/1609/1609 1836/1836/1836 1835/1835/1835 
f 1835/1835/1835 1836/1836/1836 1837/1837/1837 
f 1836/1836/1836 1611/1611/1611 1837/1837/1837 
f 1837/1837/1837 1611/1611/1611 1613/1613/1613 
f 1611/1611/1611 1613/1613/1613 1613/1613/1613 
f 1613/1613/1613 1613/1613/1613 1831/1831/1831 
f 1613/1613/1613 1831/1831/1831 1831/1831/1831 
f 1831/1831/1831 1831/1831/1831 1831/1831/1831 
f 1831/1831/1831 1832/1832/1832 1831/1831/1831 
f 1831/1831/1831 1832/1832/1832 1838/1838/1838 
f 1832/1832/1832 1833/1833/1833 1838/1838/1838 
f 1838/1838/1838 1833/1833/1833 1839/1839/1839 
f 1833/1833/1833 1834/1834/1834 1839/1839/1839 
f 1839/1839/1839 1834/1834/1834 1840/1840/1840 
f 1834/1834/1834 1835/1835/1835 1840/1840/1840 
f 1840/1840/1840 1835/1835/1835 1841/1841/1841 
f 1835/1835/1835 1837/1837/1837 1841/1841/1841 
f 1841/1841/1841 1837/1837/1837 1842/1842/1842 
f 1837/1837/1837 1843/1843/1843 1842/1842/1842 
f 1842/1842/1842 1843/1843/1843 1844/1844/1844 
f 1843/1843/1843 1845/1845/1845 1844/1844/1844 
f 1844/1844/1844 1845/1845/1845 1846/1846/1846 
f 1845/1845/1845 1847/1847/1847 1846/1846/1846 
f 1846/1846/1846 1847/1847/1847 1848/1848/1848 
f 1847/1847/1847 1849/1849/1849 1848/1848/1848 
f 1848/1848/1848 1849/1849/1849 1849/1849/1849 
f 1849/1849/1849 1848/1848/1848 1849/1849/1849 
f 1849/1849/1849 1848/1848/1848 1848/1848/1848 
f 1848/1848/1848 1850/1850/1850 1848/1848/1848 
f 1848/1848/1848 1850/1850/1850 1846/1846/1846 
f 1850/1850/1850 1851/1851/1851 1846/1846/1846 
f 1846/1846/1846 1851/1851/1851 1844/1844/1844 
f 1851/1851/1851 1852/1852/1852 1844/1844/1844 
f 1844/1844/1844 1852/1852/1852 1842/1842/1842 
f 1852/1852/1852 1853/1853/1853 1842/1842/1842 
f 1842/1842/1842 1853/1853/1853 1854/1854/1854 
f 1853/1853/1853 1855/1855/1855 1854/1854/1854 
f 1854/1854/1854 1855/1855/1855 1840/1840/1840 
f 1855/1855/1855 1856/1856/1856 1840/1840/1840 
f 1840/1840/1840 1856/1856/1856 1839/1839/1839 
f 1856/1856/1856 1857/1857/1857 1839/1839/1839 
f 1839/1839/1839 1857/1857/1857 1838/1838/1838 
f 1857/1857/1857 1858/1858/1858 1838/1838/1838 
f 1838/1838/1838 1858/1858/1858 1831/1831/1831 
f 1858/1858/1858 1859/1859/1859 1831/1831/1831 
f 1831/1831/1831 1859/1859/1859 1830/1830/1830 
f 1859/1859/1859 1829/1829/1829 1830/1830/1830 
f 1830/1830/1830 1829/1829/1829 1829/1829/1829 
f 1829/1829/1829 1850/1850/1850 1829/1829/1829 
f 1829/1829/1829 1850/1850/1850 1850/1850/1850 
f 1850/1850/1850 1860/1860/1860 1850/1850/1850 
f 1850/1850/1850 1860/1860/1860 1851/1851/1851 
f 1860/1860/1860 1861/1861/1861 1851/1851/1851 
f 1851/1851/1851 1861/1861/1861 1852/1852/1852 
f 1861/1861/1861 1862/1862/1862 1852/1852/1852 
f 1852/1852/1852 1862/1862/1862 1853/1853/1853 
f 1862/1862/1862 1863/1863/1863 1853/1853/1853 
f 1853/1853/1853 1863/1863/1863 1855/1855/1855 
f 1863/1863/1863 291/291/291 1855/1855/1855 
f 1855/1855/1855 291/291/291 1864/1864/1864 
f 291/291/291 289/289/289 1864/1864/1864 
f 1864/1864/1864 289/289/289 1865/1865/1865 
f 289/289/289 287/287/287 1865/1865/1865 
f 1865/1865/1865 287/287/287 1866/1866/1866 
f 287/287/287 285/285/285 1866/1866/1866 
f 1866/1866/1866 285/285/285 1867/1867/1867 
f 285/285/285 1827/1827/1827 1867/1867/1867 
f 1867/1867/1867 1827/1827/1827 1828/1828/1828 
f 1827/1827/1827 1826/1826/1826 1828/1828/1828 
f 1828/1828/1828 1826/1826/1826 1826/1826/1826 
f 1826/1826/1826 1828/1828/1828 1826/1826/1826 
f 1826/1826/1826 1828/1828/1828 1828/1828/1828 
f 1828/1828/1828 1829/1829/1829 1828/1828/1828 
f 1828/1828/1828 1829/1829/1829 1867/1867/1867 
f 1829/1829/1829 1859/1859/1859 1867/1867/1867 
f 1867/1867/1867 1859/1859/1859 1866/1866/1866 
f 1859/1859/1859 1868/1868/1868 1866/1866/1866 
f 1866/1866/1866 1868/1868/1868 1865/1865/1865 
f 1868/1868/1868 1857/1857/1857 1865/1865/1865 
f 1865/1865/1865 1857/1857/1857 1856/1856/1856 
f 1857/1857/1857 1856/1856/1856 1856/1856/1856 
f 1856/1856/1856 1856/1856/1856 1865/1865/1865 
f 1856/1856/1856 1865/1865/1865 1865/1865/1865 
f 1865/1865/1865 1865/1865/1865 1865/1865/1865 
f 1865/1865/1865 1856/1856/1856 1865/1865/1865 
f 1865/1865/1865 1856/1856/1856 1864/1864/1864 
f 1856/1856/1856 1855/1855/1855 1864/1864/1864 
f 1864/1864/1864 1855/1855/1855 1855/1855/1855 
f 1855/1855/1855 1543/1543/1543 1855/1855/1855 
f 1855/1855/1855 1543/1543/1543 1543/1543/1543 
f 1543/1543/1543 1538/1538/1538 1543/1543/1543 
f 1543/1543/1543 1538/1538/1538 1635/1635/1635 
f 1538/1538/1538 1869/1869/1869 1635/1635/1635 
f 1635/1635/1635 1869/1869/1869 1633/1633/1633 
f 1869/1869/1869 1870/1870/1870 1633/1633/1633 
f 1633/1633/1633 1870/1870/1870 1631/1631/1631 
f 1870/1870/1870 1534/1534/1534 1631/1631/1631 
f 1631/1631/1631 1534/1534/1534 1534/1534/1534 
f 1534/1534/1534 1538/1538/1538 1534/1534/1534 
f 1534/1534/1534 1538/1538/1538 1538/1538/1538 
f 1538/1538/1538 1537/1537/1537 1538/1538/1538 
f 1538/1538/1538 1537/1537/1537 1869/1869/1869 
f 1537/1537/1537 1536/1536/1536 1869/1869/1869 
f 1869/1869/1869 1536/1536/1536 1870/1870/1870 
f 1536/1536/1536 1535/1535/1535 1870/1870/1870 
f 1870/1870/1870 1535/1535/1535 1534/1534/1534 
f 1535/1535/1535 1534/1534/1534 1534/1534/1534 
f 1534/1534/1534 1534/1534/1534 1840/1840/1840 
f 1534/1534/1534 1840/1840/1840 1840/1840/1840 
f 1840/1840/1840 1840/1840/1840 1840/1840/1840 
f 1840/1840/1840 1841/1841/1841 1840/1840/1840 
f 1840/1840/1840 1841/1841/1841 1854/1854/1854 
f 1841/1841/1841 1842/1842/1842 1854/1854/1854 
f 1854/1854/1854 1842/1842/1842 1842/1842/1842 
f 1842/1842/1842 1860/1860/1860 1842/1842/1842 
f 1842/1842/1842 1860/1860/1860 1860/1860/1860 
f 1860/1860/1860 297/297/297 1860/1860/1860 
f 1860/1860/1860 297/297/297 1861/1861/1861 
f 297/297/297 295/295/295 1861/1861/1861 
f 1861/1861/1861 295/295/295 1862/1862/1862 
f 295/295/295 293/293/293 1862/1862/1862 
f 1862/1862/1862 293/293/293 1863/1863/1863 
f 293/293/293 291/291/291 1863/1863/1863 
f 1863/1863/1863 291/291/291 291/291/291 
f 291/291/291 1435/1435/1435 291/291/291 
f 291/291/291 1435/1435/1435 1435/1435/1435 
f 1435/1435/1435 1626/1626/1626 1435/1435/1435 
f 1435/1435/1435 1626/1626/1626 1437/1437/1437 
f 1626/1626/1626 1439/1439/1439 1437/1437/1437 
f 1437/1437/1437 1439/1439/1439 1439/1439/1439 
f 1439/1439/1439 1626/1626/1626 1439/1439/1439 
f 1439/1439/1439 1626/1626/1626 1626/1626/1626 
f 1626/1626/1626 1625/1625/1625 1626/1626/1626 
f 1626/1626/1626 1625/1625/1625 1439/1439/1439 
f 1625/1625/1625 1441/1441/1441 1439/1439/1439 
f 1439/1439/1439 1441/1441/1441 1441/1441/1441 
f 1441/1441/1441 185/185/185 1441/1441/1441 
f 1441/1441/1441 185/185/185 185/185/185 
f 185/185/185 187/187/187 185/185/185 
f 185/185/185 187/187/187 1513/1513/1513 
f 187/187/187 189/189/189 1513/1513/1513 
f 1513/1513/1513 189/189/189 1871/1871/1871 
f 189/189/189 191/191/191 1871/1871/1871 
f 1871/1871/1871 191/191/191 1872/1872/1872 
f 191/191/191 193/193/193 1872/1872/1872 
f 1872/1872/1872 193/193/193 1531/1531/1531 
f 193/193/193 1531/1531/1531 1531/1531/1531 
f 1531/1531/1531 1531/1531/1531 1531/1531/1531 
f 1531/1531/1531 1517/1517/1517 1531/1531/1531 
f 1531/1531/1531 1517/1517/1517 1872/1872/1872 
f 1517/1517/1517 1516/1516/1516 1872/1872/1872 
f 1872/1872/1872 1516/1516/1516 1515/1515/1515 
f 1516/1516/1516 1515/1515/1515 1515/1515/1515 
f 1515/1515/1515 1515/1515/1515 1872/1872/1872 
f 1515/1515/1515 1872/1872/1872 1872/1872/1872 
f 1872/1872/1872 1872/1872/1872 1872/1872/1872 
f 1872/1872/1872 1515/1515/1515 1872/1872/1872 
f 1872/1872/1872 1515/1515/1515 1871/1871/1871 
f 1515/1515/1515 1514/1514/1514 1871/1871/1871 
f 1871/1871/1871 1514/1514/1514 1513/1513/1513 
f 1514/1514/1514 1513/1513/1513 1513/1513/1513 
f 1513/1513/1513 1513/1513/1513 1621/1621/1621 
f 1513/1513/1513 1621/1621/1621 1621/1621/1621 
f 1621/1621/1621 1621/1621/1621 1621/1621/1621 
f 1621/1621/1621 1873/1873/1873 1621/1621/1621 
f 1621/1621/1621 1873/1873/1873 1619/1619/1619 
f 1873/1873/1873 1874/1874/1874 1619/1619/1619 
f 1619/1619/1619 1874/1874/1874 1617/1617/1617 
f 1874/1874/1874 1875/1875/1875 1617/1617/1617 
f 1617/1617/1617 1875/1875/1875 1616/1616/1616 
f 1875/1875/1875 1615/1615/1615 1616/1616/1616 
f 1616/1616/1616 1615/1615/1615 1615/1615/1615 
f 1615/1615/1615 1873/1873/1873 1615/1615/1615 
f 1615/1615/1615 1873/1873/1873 1873/1873/1873 
f 1873/1873/1873 1876/1876/1876 1873/1873/1873 
f 1873/1873/1873 1876/1876/1876 1874/1874/1874 
f 1876/1876/1876 1877/1877/1877 1874/1874/1874 
f 1874/1874/1874 1877/1877/1877 1875/1875/1875 
f 1877/1877/1877 1878/1878/1878 1875/1875/1875 
f 1875/1875/1875 1878/1878/1878 1615/1615/1615 
f 1878/1878/1878 1879/1879/1879 1615/1615/1615 
f 1615/1615/1615 1879/1879/1879 1613/1613/1613 
f 1879/1879/1879 1837/1837/1837 1613/1613/1613 
f 1613/1613/1613 1837/1837/1837 1837/1837/1837 
f 1837/1837/1837 1876/1876/1876 1837/1837/1837 
f 1837/1837/1837 1876/1876/1876 1876/1876/1876 
f 1876/1876/1876 1849/1849/1849 1876/1876/1876 
f 1876/1876/1876 1849/1849/1849 1877/1877/1877 
f 1849/1849/1849 1847/1847/1847 1877/1877/1877 
f 1877/1877/1877 1847/1847/1847 1878/1878/1878 
f 1847/1847/1847 1845/1845/1845 1878/1878/1878 
f 1878/1878/1878 1845/1845/1845 1879/1879/1879 
f 1845/1845/1845 1843/1843/1843 1879/1879/1879 
f 1879/1879/1879 1843/1843/1843 1837/1837/1837 
f 1843/1843/1843 1837/1837/1837 1837/1837/1837 
f 1837/1837/1837 1837/1837/1837 1422/1422/1422 
f 1837/1837/1837 1422/1422/1422 1422/1422/1422 
f 1422/1422/1422 1422/1422/1422 1422/1422/1422 
f 1422/1422/1422 1424/1424/1424 1422/1422/1422 
f 1422/1422/1422 1424/1424/1424 1606/1606/1606 
f 1424/1424/1424 1426/1426/1426 1606/1606/1606 
f 1606/1606/1606 1426/1426/1426 1880/1880/1880 
f 1426/1426/1426 1428/1428/1428 1880/1880/1880 
f 1880/1880/1880 1428/1428/1428 1430/1430/1430 
f 1428/1428/1428 1430/1430/1430 1430/1430/1430 
f 1430/1430/1430 1430/1430/1430 1430/1430/1430 
f 1430/1430/1430 1604/1604/1604 1430/1430/1430 
f 1430/1430/1430 1604/1604/1604 1880/1880/1880 
f 1604/1604/1604 1605/1605/1605 1880/1880/1880 
f 1880/1880/1880 1605/1605/1605 1606/1606/1606 
f 1605/1605/1605 1606/1606/1606 1606/1606/1606 
f 1606/1606/1606 1606/1606/1606 1604/1604/1604 
f 1606/1606/1606 1604/1604/1604 1604/1604/1604 
f 1604/1604/1604 1604/1604/1604 1604/1604/1604 
f 1604/1604/1604 1430/1430/1430 1604/1604/1604 
f 1604/1604/1604 1430/1430/1430 1602/1602/1602 
f 1430/1430/1430 1432/1432/1432 1602/1602/1602 
f 1602/1602/1602 1432/1432/1432 1432/1432/1432 
f 1432/1432/1432 1857/1857/1857 1432/1432/1432 
f 1432/1432/1432 1857/1857/1857 1857/1857/1857 
f 1857/1857/1857 1868/1868/1868 1857/1857/1857 
f 1857/1857/1857 1868/1868/1868 1858/1858/1858 
f 1868/1868/1868 1859/1859/1859 1858/1858/1858 
f 1858/1858/1858 1859/1859/1859 1859/1859/1859 
f 1859/1859/1859 1881/1881/1881 1859/1859/1859 
f 1859/1859/1859 1881/1881/1881 1881/1881/1881 
f 1881/1881/1881 1882/1882/1882 1881/1881/1881 
f 1881/1881/1881 1882/1882/1882 1883/1883/1883 
f 1882/1882/1882 1884/1884/1884 1883/1883/1883 
f 1883/1883/1883 1884/1884/1884 1885/1885/1885 
f 1884/1884/1884 1886/1886/1886 1885/1885/1885 
f 1885/1885/1885 1886/1886/1886 1887/1887/1887 
f 1886/1886/1886 1888/1888/1888 1887/1887/1887 
f 1887/1887/1887 1888/1888/1888 1889/1889/1889 
f 1888/1888/1888 1890/1890/1890 1889/1889/1889 
f 1889/1889/1889 1890/1890/1890 1891/1891/1891 
f 1890/1890/1890 1892/1892/1892 1891/1891/1891 
f 1891/1891/1891 1892/1892/1892 1893/1893/1893 
f 1892/1892/1892 1894/1894/1894 1893/1893/1893 
f 1893/1893/1893 1894/1894/1894 1895/1895/1895 
f 1894/1894/1894 1896/1896/1896 1895/1895/1895 
f 1895/1895/1895 1896/1896/1896 1897/1897/1897 
f 1896/1896/1896 1898/1898/1898 1897/1897/1897 
f 1897/1897/1897 1898/1898/1898 1899/1899/1899 
f 1898/1898/1898 1900/1900/1900 1899/1899/1899 
f 1899/1899/1899 1900/1900/1900 1901/1901/1901 
f 1900/1900/1900 1902/1902/1902 1901/1901/1901 
f 1901/1901/1901 1902/1902/1902 1903/1903/1903 
f 1902/1902/1902 1904/1904/1904 1903/1903/1903 
f 1903/1903/1903 1904/1904/1904 1905/1905/1905 
f 1904/1904/1904 1906/1906/1906 1905/1905/1905 
f 1905/1905/1905 1906/1906/1906 1907/1907/1907 
f 1906/1906/1906 1908/1908/1908 1907/1907/1907 
f 1907/1907/1907 1908/1908/1908 1909/1909/1909 
f 1908/1908/1908 1910/1910/1910 1909/1909/1909 
f 1909/1909/1909 1910/1910/1910 1911/1911/1911 
f 1910/1910/1910 1912/1912/1912 1911/1911/1911 
f 1911/1911/1911 1912/1912/1912 1913/1913/1913 
f 1912/1912/1912 1914/1914/1914 1913/1913/1913 
f 1913/1913/1913 1914/1914/1914 1915/1915/1915 
f 1914/1914/1914 1916/1916/1916 1915/1915/1915 
f 1915/1915/1915 1916/1916/1916 1917/1917/1917 
f 1916/1916/1916 1918/1918/1918 1917/1917/1917 
f 1917/1917/1917 1918/1918/1918 1919/1919/1919 
f 1918/1918/1918 1920/1920/1920 1919/1919/1919 
f 1919/1919/1919 1920/1920/1920 1921/1921/1921 
f 1920/1920/1920 1922/1922/1922 1921/1921/1921 
f 1921/1921/1921 1922/1922/1922 1923/1923/1923 
f 1922/1922/1922 1924/1924/1924 1923/1923/1923 
f 1923/1923/1923 1924/1924/1924 1925/1925/1925 
f 1924/1924/1924 1926/1926/1926 1925/1925/1925 
f 1925/1925/1925 1926/1926/1926 1927/1927/1927 
f 1926/1926/1926 1928/1928/1928 1927/1927/1927 
f 1927/1927/1927 1928/1928/1928 1928/1928/1928 
f 1928/1928/1928 1918/1918/1918 1928/1928/1928 
f 1928/1928/1928 1918/1918/1918 1918/1918/1918 
f 1918/1918/1918 1916/1916/1916 1918/1918/1918 
f 1918/1918/1918 1916/1916/1916 1929/1929/1929 
f 1916/1916/1916 1914/1914/1914 1929/1929/1929 
f 1929/1929/1929 1914/1914/1914 1930/1930/1930 
f 1914/1914/1914 1912/1912/1912 1930/1930/1930 
f 1930/1930/1930 1912/1912/1912 1931/1931/1931 
f 1912/1912/1912 1910/1910/1910 1931/1931/1931 
f 1931/1931/1931 1910/1910/1910 1932/1932/1932 
f 1910/1910/1910 1908/1908/1908 1932/1932/1932 
f 1932/1932/1932 1908/1908/1908 1933/1933/1933 
f 1908/1908/1908 1906/1906/1906 1933/1933/1933 
f 1933/1933/1933 1906/1906/1906 1934/1934/1934 
f 1906/1906/1906 1904/1904/1904 1934/1934/1934 
f 1934/1934/1934 1904/1904/1904 1935/1935/1935 
f 1904/1904/1904 1902/1902/1902 1935/1935/1935 
f 1935/1935/1935 1902/1902/1902 1936/1936/1936 
f 1902/1902/1902 1937/1937/1937 1936/1936/1936 
f 1936/1936/1936 1937/1937/1937 1938/1938/1938 
f 1937/1937/1937 1939/1939/1939 1938/1938/1938 
f 1938/1938/1938 1939/1939/1939 1940/1940/1940 
f 1939/1939/1939 1941/1941/1941 1940/1940/1940 
f 1940/1940/1940 1941/1941/1941 1942/1942/1942 
f 1941/1941/1941 1943/1943/1943 1942/1942/1942 
f 1942/1942/1942 1943/1943/1943 1944/1944/1944 
f 1943/1943/1943 1945/1945/1945 1944/1944/1944 
f 1944/1944/1944 1945/1945/1945 1945/1945/1945 
f 1945/1945/1945 1944/1944/1944 1945/1945/1945 
f 1945/1945/1945 1944/1944/1944 1944/1944/1944 
f 1944/1944/1944 1946/1946/1946 1944/1944/1944 
f 1944/1944/1944 1946/1946/1946 1942/1942/1942 
f 1946/1946/1946 1947/1947/1947 1942/1942/1942 
f 1942/1942/1942 1947/1947/1947 1940/1940/1940 
f 1947/1947/1947 1948/1948/1948 1940/1940/1940 
f 1940/1940/1940 1948/1948/1948 1938/1938/1938 
f 1948/1948/1948 1949/1949/1949 1938/1938/1938 
f 1938/1938/1938 1949/1949/1949 1950/1950/1950 
f 1949/1949/1949 1951/1951/1951 1950/1950/1950 
f 1950/1950/1950 1951/1951/1951 1952/1952/1952 
f 1951/1951/1951 1953/1953/1953 1952/1952/1952 
f 1952/1952/1952 1953/1953/1953 1954/1954/1954 
f 1953/1953/1953 1955/1955/1955 1954/1954/1954 
f 1954/1954/1954 1955/1955/1955 1956/1956/1956 
f 1955/1955/1955 1957/1957/1957 1956/1956/1956 
f 1956/1956/1956 1957/1957/1957 1958/1958/1958 
f 1957/1957/1957 1959/1959/1959 1958/1958/1958 
f 1958/1958/1958 1959/1959/1959 1960/1960/1960 
f 1959/1959/1959 1961/1961/1961 1960/1960/1960 
f 1960/1960/1960 1961/1961/1961 1962/1962/1962 
f 1961/1961/1961 1963/1963/1963 1962/1962/1962 
f 1962/1962/1962 1963/1963/1963 1964/1964/1964 
f 1963/1963/1963 1965/1965/1965 1964/1964/1964 
f 1964/1964/1964 1965/1965/1965 1966/1966/1966 
f 1965/1965/1965 1967/1967/1967 1966/1966/1966 
f 1966/1966/1966 1967/1967/1967 1968/1968/1968 
f 1967/1967/1967 1969/1969/1969 1968/1968/1968 
f 1968/1968/1968 1969/1969/1969 1922/1922/1922 
f 1969/1969/1969 1970/1970/1970 1922/1922/1922 
f 1922/1922/1922 1970/1970/1970 1924/1924/1924 
f 1970/1970/1970 1971/1971/1971 1924/1924/1924 
f 1924/1924/1924 1971/1971/1971 1926/1926/1926 
f 1971/1971/1971 1972/1972/1972 1926/1926/1926 
f 1926/1926/1926 1972/1972/1972 1928/1928/1928 
f 1972/1972/1972 1973/1973/1973 1928/1928/1928 
f 1928/1928/1928 1973/1973/1973 1973/1973/1973 
f 1973/1973/1973 1964/1964/1964 1973/1973/1973 
f 1973/1973/1973 1964/1964/1964 1964/1964/1964 
f 1964/1964/1964 1974/1974/1974 1964/1964/1964 
f 1964/1964/1964 1974/1974/1974 1962/1962/1962 
f 1974/1974/1974 1975/1975/1975 1962/1962/1962 
f 1962/1962/1962 1975/1975/1975 1960/1960/1960 
f 1975/1975/1975 1976/1976/1976 1960/1960/1960 
f 1960/1960/1960 1976/1976/1976 1958/1958/1958 
f 1976/1976/1976 1977/1977/1977 1958/1958/1958 
f 1958/1958/1958 1977/1977/1977 1978/1978/1978 
f 1977/1977/1977 1979/1979/1979 1978/1978/1978 
f 1978/1978/1978 1979/1979/1979 1980/1980/1980 
f 1979/1979/1979 1934/1934/1934 1980/1980/1980 
f 1980/1980/1980 1934/1934/1934 1981/1981/1981 
f 1934/1934/1934 1935/1935/1935 1981/1981/1981 
f 1981/1981/1981 1935/1935/1935 1950/1950/1950 
f 1935/1935/1935 1936/1936/1936 1950/1950/1950 
f 1950/1950/1950 1936/1936/1936 1938/1938/1938 
f 1936/1936/1936 1938/1938/1938 1938/1938/1938 
f 1938/1938/1938 1938/1938/1938 1964/1964/1964 
f 1938/1938/1938 1964/1964/1964 1964/1964/1964 
f 1964/1964/1964 1964/1964/1964 1964/1964/1964 
f 1964/1964/1964 1982/1982/1982 1964/1964/1964 
f 1964/1964/1964 1982/1982/1982 1974/1974/1974 
f 1982/1982/1982 1929/1929/1929 1974/1974/1974 
f 1974/1974/1974 1929/1929/1929 1983/1983/1983 
f 1929/1929/1929 1930/1930/1930 1983/1983/1983 
f 1983/1983/1983 1930/1930/1930 1984/1984/1984 
f 1930/1930/1930 1931/1931/1931 1984/1984/1984 
f 1984/1984/1984 1931/1931/1931 1985/1985/1985 
f 1931/1931/1931 1932/1932/1932 1985/1985/1985 
f 1985/1985/1985 1932/1932/1932 1933/1933/1933 
f 1932/1932/1932 1933/1933/1933 1933/1933/1933 
f 1933/1933/1933 1933/1933/1933 1982/1982/1982 
f 1933/1933/1933 1982/1982/1982 1982/1982/1982 
f 1982/1982/1982 1982/1982/1982 1982/1982/1982 
f 1982/1982/1982 1964/1964/1964 1982/1982/1982 
f 1982/1982/1982 1964/1964/1964 1986/1986/1986 
f 1964/1964/1964 1966/1966/1966 1986/1986/1986 
f 1986/1986/1986 1966/1966/1966 1920/1920/1920 
f 1966/1966/1966 1968/1968/1968 1920/1920/1920 
f 1920/1920/1920 1968/1968/1968 1922/1922/1922 
f 1968/1968/1968 1922/1922/1922 1922/1922/1922 
f 1922/1922/1922 1922/1922/1922 1986/1986/1986 
f 1922/1922/1922 1986/1986/1986 1986/1986/1986 
f 1986/1986/1986 1986/1986/1986 1986/1986/1986 
f 1986/1986/1986 1920/1920/1920 1986/1986/1986 
f 1986/1986/1986 1920/1920/1920 1982/1982/1982 
f 1920/1920/1920 1918/1918/1918 1982/1982/1982 
f 1982/1982/1982 1918/1918/1918 1929/1929/1929 
f 1918/1918/1918 1929/1929/1929 1929/1929/1929 
f 1929/1929/1929 1929/1929/1929 1927/1927/1927 
f 1929/1929/1929 1927/1927/1927 1927/1927/1927 
f 1927/1927/1927 1927/1927/1927 1927/1927/1927 
f 1927/1927/1927 1987/1987/1987 1927/1927/1927 
f 1927/1927/1927 1987/1987/1987 1925/1925/1925 
f 1987/1987/1987 1988/1988/1988 1925/1925/1925 
f 1925/1925/1925 1988/1988/1988 1923/1923/1923 
f 1988/1988/1988 1989/1989/1989 1923/1923/1923 
f 1923/1923/1923 1989/1989/1989 1921/1921/1921 
f 1989/1989/1989 1919/1919/1919 1921/1921/1921 
f 1921/1921/1921 1919/1919/1919 1919/1919/1919 
f 1919/1919/1919 1987/1987/1987 1919/1919/1919 
f 1919/1919/1919 1987/1987/1987 1987/1987/1987 
f 1987/1987/1987 1990/1990/1990 1987/1987/1987 
f 1987/1987/1987 1990/1990/1990 1988/1988/1988 
f 1990/1990/1990 1991/1991/1991 1988/1988/1988 
f 1988/1988/1988 1991/1991/1991 1989/1989/1989 
f 1991/1991/1991 1992/1992/1992 1989/1989/1989 
f 1989/1989/1989 1992/1992/1992 1919/1919/1919 
f 1992/1992/1992 1917/1917/1917 1919/1919/1919 
f 1919/1919/1919 1917/1917/1917 1917/1917/1917 
f 1917/1917/1917 1990/1990/1990 1917/1917/1917 
f 1917/1917/1917 1990/1990/1990 1990/1990/1990 
f 1990/1990/1990 1993/1993/1993 1990/1990/1990 
f 1990/1990/1990 1993/1993/1993 1991/1991/1991 
f 1993/1993/1993 1994/1994/1994 1991/1991/1991 
f 1991/1991/1991 1994/1994/1994 1992/1992/1992 
f 1994/1994/1994 1995/1995/1995 1992/1992/1992 
f 1992/1992/1992 1995/1995/1995 1917/1917/1917 
f 1995/1995/1995 1996/1996/1996 1917/1917/1917 
f 1917/1917/1917 1996/1996/1996 1915/1915/1915 
f 1996/1996/1996 1997/1997/1997 1915/1915/1915 
f 1915/1915/1915 1997/1997/1997 1998/1998/1998 
f 1997/1997/1997 1999/1999/1999 1998/1998/1998 
f 1998/1998/1998 1999/1999/1999 1913/1913/1913 
f 1999/1999/1999 2000/2000/2000 1913/1913/1913 
f 1913/1913/1913 2000/2000/2000 1911/1911/1911 
f 2000/2000/2000 2001/2001/2001 1911/1911/1911 
f 1911/1911/1911 2001/2001/2001 2002/2002/2002 
f 2001/2001/2001 2003/2003/2003 2002/2002/2002 
f 2002/2002/2002 2003/2003/2003 2004/2004/2004 
f 2003/2003/2003 2005/2005/2005 2004/2004/2004 
f 2004/2004/2004 2005/2005/2005 2006/2006/2006 
f 2005/2005/2005 2007/2007/2007 2006/2006/2006 
f 2006/2006/2006 2007/2007/2007 2008/2008/2008 
f 2007/2007/2007 2009/2009/2009 2008/2008/2008 
f 2008/2008/2008 2009/2009/2009 2010/2010/2010 
f 2009/2009/2009 2011/2011/2011 2010/2010/2010 
f 2010/2010/2010 2011/2011/2011 2012/2012/2012 
f 2011/2011/2011 2013/2013/2013 2012/2012/2012 
f 2012/2012/2012 2013/2013/2013 2014/2014/2014 
f 2013/2013/2013 2015/2015/2015 2014/2014/2014 
f 2014/2014/2014 2015/2015/2015 2016/2016/2016 
f 2015/2015/2015 2017/2017/2017 2016/2016/2016 
f 2016/2016/2016 2017/2017/2017 1893/1893/1893 
f 2017/2017/2017 1891/1891/1891 1893/1893/1893 
f 1893/1893/1893 1891/1891/1891 1891/1891/1891 
f 1891/1891/1891 1911/1911/1911 1891/1891/1891 
f 1891/1891/1891 1911/1911/1911 1911/1911/1911 
f 1911/1911/1911 2002/2002/2002 1911/1911/1911 
f 1911/1911/1911 2002/2002/2002 1909/1909/1909 
f 2002/2002/2002 2018/2018/2018 1909/1909/1909 
f 1909/1909/1909 2018/2018/2018 1907/1907/1907 
f 2018/2018/2018 2019/2019/2019 1907/1907/1907 
f 1907/1907/1907 2019/2019/2019 1905/1905/1905 
f 2019/2019/2019 2020/2020/2020 1905/1905/1905 
f 1905/1905/1905 2020/2020/2020 1903/1903/1903 
f 2020/2020/2020 2021/2021/2021 1903/1903/1903 
f 1903/1903/1903 2021/2021/2021 1901/1901/1901 
f 2021/2021/2021 1899/1899/1899 1901/1901/1901 
f 1901/1901/1901 1899/1899/1899 1899/1899/1899 
f 1899/1899/1899 2019/2019/2019 1899/1899/1899 
f 1899/1899/1899 2019/2019/2019 2019/2019/2019 
f 2019/2019/2019 2008/2008/2008 2019/2019/2019 
f 2019/2019/2019 2008/2008/2008 2020/2020/2020 
f 2008/2008/2008 2022/2022/2022 2020/2020/2020 
f 2020/2020/2020 2022/2022/2022 2021/2021/2021 
f 2022/2022/2022 2023/2023/2023 2021/2021/2021 
f 2021/2021/2021 2023/2023/2023 1899/1899/1899 
f 2023/2023/2023 1897/1897/1897 1899/1899/1899 
f 1899/1899/1899 1897/1897/1897 1897/1897/1897 
f 1897/1897/1897 2022/2022/2022 1897/1897/1897 
f 1897/1897/1897 2022/2022/2022 2022/2022/2022 
f 2022/2022/2022 2010/2010/2010 2022/2022/2022 
f 2022/2022/2022 2010/2010/2010 2023/2023/2023 
f 2010/2010/2010 2024/2024/2024 2023/2023/2023 
f 2023/2023/2023 2024/2024/2024 1897/1897/1897 
f 2024/2024/2024 1895/1895/1895 1897/1897/1897 
f 1897/1897/1897 1895/1895/1895 1895/1895/1895 
f 1895/1895/1895 2010/2010/2010 1895/1895/1895 
f 1895/1895/1895 2010/2010/2010 2010/2010/2010 
f 2010/2010/2010 2012/2012/2012 2010/2010/2010 
f 2010/2010/2010 2012/2012/2012 2024/2024/2024 
f 2012/2012/2012 2016/2016/2016 2024/2024/2024 
f 2024/2024/2024 2016/2016/2016 1895/1895/1895 
f 2016/2016/2016 1893/1893/1893 1895/1895/1895 
f 1895/1895/1895 1893/1893/1893 1893/1893/1893 
f 1893/1893/1893 2000/2000/2000 1893/1893/1893 
f 1893/1893/1893 2000/2000/2000 2000/2000/2000 
f 2000/2000/2000 1999/1999/1999 2000/2000/2000 
f 2000/2000/2000 1999/1999/1999 2001/2001/2001 
f 1999/1999/1999 2025/2025/2025 2001/2001/2001 
f 2001/2001/2001 2025/2025/2025 2003/2003/2003 
f 2025/2025/2025 2026/2026/2026 2003/2003/2003 
f 2003/2003/2003 2026/2026/2026 2027/2027/2027 
f 2026/2026/2026 2028/2028/2028 2027/2027/2027 
f 2027/2027/2027 2028/2028/2028 2029/2029/2029 
f 2028/2028/2028 2030/2030/2030 2029/2029/2029 
f 2029/2029/2029 2030/2030/2030 2031/2031/2031 
f 2030/2030/2030 2032/2032/2032 2031/2031/2031 
f 2031/2031/2031 2032/2032/2032 2033/2033/2033 
f 2032/2032/2032 2034/2034/2034 2033/2033/2033 
f 2033/2033/2033 2034/2034/2034 2035/2035/2035 
f 2034/2034/2034 2036/2036/2036 2035/2035/2035 
f 2035/2035/2035 2036/2036/2036 2037/2037/2037 
f 2036/2036/2036 2038/2038/2038 2037/2037/2037 
f 2037/2037/2037 2038/2038/2038 2039/2039/2039 
f 2038/2038/2038 2040/2040/2040 2039/2039/2039 
f 2039/2039/2039 2040/2040/2040 2041/2041/2041 
f 2040/2040/2040 2041/2041/2041 2041/2041/2041 
f 2041/2041/2041 2041/2041/2041 2041/2041/2041 
f 2041/2041/2041 2042/2042/2042 2041/2041/2041 
f 2041/2041/2041 2042/2042/2042 2039/2039/2039 
f 2042/2042/2042 2043/2043/2043 2039/2039/2039 
f 2039/2039/2039 2043/2043/2043 2037/2037/2037 
f 2043/2043/2043 2044/2044/2044 2037/2037/2037 
f 2037/2037/2037 2044/2044/2044 2035/2035/2035 
f 2044/2044/2044 2045/2045/2045 2035/2035/2035 
f 2035/2035/2035 2045/2045/2045 2033/2033/2033 
f 2045/2045/2045 2046/2046/2046 2033/2033/2033 
f 2033/2033/2033 2046/2046/2046 2047/2047/2047 
f 2046/2046/2046 2048/2048/2048 2047/2047/2047 
f 2047/2047/2047 2048/2048/2048 2049/2049/2049 
f 2048/2048/2048 2050/2050/2050 2049/2049/2049 
f 2049/2049/2049 2050/2050/2050 2029/2029/2029 
f 2050/2050/2050 2051/2051/2051 2029/2029/2029 
f 2029/2029/2029 2051/2051/2051 2027/2027/2027 
f 2051/2051/2051 2005/2005/2005 2027/2027/2027 
f 2027/2027/2027 2005/2005/2005 2003/2003/2003 
f 2005/2005/2005 2003/2003/2003 2003/2003/2003 
f 2003/2003/2003 2003/2003/2003 2050/2050/2050 
f 2003/2003/2003 2050/2050/2050 2050/2050/2050 
f 2050/2050/2050 2050/2050/2050 2050/2050/2050 
f 2050/2050/2050 2048/2048/2048 2050/2050/2050 
f 2050/2050/2050 2048/2048/2048 2052/2052/2052 
f 2048/2048/2048 2053/2053/2053 2052/2052/2052 
f 2052/2052/2052 2053/2053/2053 2013/2013/2013 
f 2053/2053/2053 2054/2054/2054 2013/2013/2013 
f 2013/2013/2013 2054/2054/2054 2015/2015/2015 
f 2054/2054/2054 2055/2055/2055 2015/2015/2015 
f 2015/2015/2015 2055/2055/2055 2017/2017/2017 
f 2055/2055/2055 2056/2056/2056 2017/2017/2017 
f 2017/2017/2017 2056/2056/2056 1891/1891/1891 
f 2056/2056/2056 2057/2057/2057 1891/1891/1891 
f 1891/1891/1891 2057/2057/2057 1889/1889/1889 
f 2057/2057/2057 2058/2058/2058 1889/1889/1889 
f 1889/1889/1889 2058/2058/2058 1887/1887/1887 
f 2058/2058/2058 2059/2059/2059 1887/1887/1887 
f 1887/1887/1887 2059/2059/2059 2060/2060/2060 
f 2059/2059/2059 2061/2061/2061 2060/2060/2060 
f 2060/2060/2060 2061/2061/2061 2062/2062/2062 
f 2061/2061/2061 2063/2063/2063 2062/2062/2062 
f 2062/2062/2062 2063/2063/2063 2064/2064/2064 
f 2063/2063/2063 2065/2065/2065 2064/2064/2064 
f 2064/2064/2064 2065/2065/2065 2066/2066/2066 
f 2065/2065/2065 2067/2067/2067 2066/2066/2066 
f 2066/2066/2066 2067/2067/2067 2067/2067/2067 
f 2067/2067/2067 2066/2066/2066 2067/2067/2067 
f 2067/2067/2067 2066/2066/2066 2066/2066/2066 
f 2066/2066/2066 1881/1881/1881 2066/2066/2066 
f 2066/2066/2066 1881/1881/1881 2064/2064/2064 
f 1881/1881/1881 1883/1883/1883 2064/2064/2064 
f 2064/2064/2064 1883/1883/1883 2062/2062/2062 
f 1883/1883/1883 1885/1885/1885 2062/2062/2062 
f 2062/2062/2062 1885/1885/1885 2060/2060/2060 
f 1885/1885/1885 1887/1887/1887 2060/2060/2060 
f 2060/2060/2060 1887/1887/1887 1887/1887/1887 
f 1887/1887/1887 1946/1946/1946 1887/1887/1887 
f 1887/1887/1887 1946/1946/1946 1946/1946/1946 
f 1946/1946/1946 2068/2068/2068 1946/1946/1946 
f 1946/1946/1946 2068/2068/2068 1947/1947/1947 
f 2068/2068/2068 2069/2069/2069 1947/1947/1947 
f 1947/1947/1947 2069/2069/2069 1948/1948/1948 
f 2069/2069/2069 2070/2070/2070 1948/1948/1948 
f 1948/1948/1948 2070/2070/2070 1949/1949/1949 
f 2070/2070/2070 1951/1951/1951 1949/1949/1949 
f 1949/1949/1949 1951/1951/1951 1951/1951/1951 
f 1951/1951/1951 2068/2068/2068 1951/1951/1951 
f 1951/1951/1951 2068/2068/2068 2068/2068/2068 
f 2068/2068/2068 2071/2071/2071 2068/2068/2068 
f 2068/2068/2068 2071/2071/2071 2069/2069/2069 
f 2071/2071/2071 2072/2072/2072 2069/2069/2069 
f 2069/2069/2069 2072/2072/2072 2070/2070/2070 
f 2072/2072/2072 2073/2073/2073 2070/2070/2070 
f 2070/2070/2070 2073/2073/2073 1951/1951/1951 
f 2073/2073/2073 2074/2074/2074 1951/1951/1951 
f 1951/1951/1951 2074/2074/2074 1953/1953/1953 
f 2074/2074/2074 2075/2075/2075 1953/1953/1953 
f 1953/1953/1953 2075/2075/2075 1955/1955/1955 
f 2075/2075/2075 2076/2076/2076 1955/1955/1955 
f 1955/1955/1955 2076/2076/2076 2077/2077/2077 
f 2076/2076/2076 2078/2078/2078 2077/2077/2077 
f 2077/2077/2077 2078/2078/2078 2079/2079/2079 
f 2078/2078/2078 2080/2080/2080 2079/2079/2079 
f 2079/2079/2079 2080/2080/2080 2081/2081/2081 
f 2080/2080/2080 2082/2082/2082 2081/2081/2081 
f 2081/2081/2081 2082/2082/2082 2083/2083/2083 
f 2082/2082/2082 2084/2084/2084 2083/2083/2083 
f 2083/2083/2083 2084/2084/2084 2085/2085/2085 
f 2084/2084/2084 2086/2086/2086 2085/2085/2085 
f 2085/2085/2085 2086/2086/2086 2087/2087/2087 
f 2086/2086/2086 2088/2088/2088 2087/2087/2087 
f 2087/2087/2087 2088/2088/2088 2089/2089/2089 
f 2088/2088/2088 2090/2090/2090 2089/2089/2089 
f 2089/2089/2089 2090/2090/2090 2091/2091/2091 
f 2090/2090/2090 2092/2092/2092 2091/2091/2091 
f 2091/2091/2091 2092/2092/2092 2093/2093/2093 
f 2092/2092/2092 2094/2094/2094 2093/2093/2093 
f 2093/2093/2093 2094/2094/2094 2095/2095/2095 
f 2094/2094/2094 2096/2096/2096 2095/2095/2095 
f 2095/2095/2095 2096/2096/2096 2097/2097/2097 
f 2096/2096/2096 2098/2098/2098 2097/2097/2097 
f 2097/2097/2097 2098/2098/2098 2099/2099/2099 
f 2098/2098/2098 2100/2100/2100 2099/2099/2099 
f 2099/2099/2099 2100/2100/2100 2101/2101/2101 
f 2100/2100/2100 2102/2102/2102 2101/2101/2101 
f 2101/2101/2101 2102/2102/2102 2103/2103/2103 
f 2102/2102/2102 2104/2104/2104 2103/2103/2103 
f 2103/2103/2103 2104/2104/2104 2105/2105/2105 
f 2104/2104/2104 2106/2106/2106 2105/2105/2105 
f 2105/2105/2105 2106/2106/2106 2107/2107/2107 
f 2106/2106/2106 2108/2108/2108 2107/2107/2107 
f 2107/2107/2107 2108/2108/2108 2109/2109/2109 
f 2108/2108/2108 2110/2110/2110 2109/2109/2109 
f 2109/2109/2109 2110/2110/2110 2111/2111/2111 
f 2110/2110/2110 2112/2112/2112 2111/2111/2111 
f 2111/2111/2111 2112/2112/2112 2112/2112/2112 
f 2112/2112/2112 1955/1955/1955 2112/2112/2112 
f 2112/2112/2112 1955/1955/1955 1955/1955/1955 
f 1955/1955/1955 2077/2077/2077 1955/1955/1955 
f 1955/1955/1955 2077/2077/2077 1957/1957/1957 
f 2077/2077/2077 2113/2113/2113 1957/1957/1957 
f 1957/1957/1957 2113/2113/2113 1959/1959/1959 
f 2113/2113/2113 2114/2114/2114 1959/1959/1959 
f 1959/1959/1959 2114/2114/2114 1961/1961/1961 
f 2114/2114/2114 2115/2115/2115 1961/1961/1961 
f 1961/1961/1961 2115/2115/2115 2116/2116/2116 
f 2115/2115/2115 2117/2117/2117 2116/2116/2116 
f 2116/2116/2116 2117/2117/2117 2118/2118/2118 
f 2117/2117/2117 2119/2119/2119 2118/2118/2118 
f 2118/2118/2118 2119/2119/2119 2120/2120/2120 
f 2119/2119/2119 2121/2121/2121 2120/2120/2120 
f 2120/2120/2120 2121/2121/2121 2122/2122/2122 
f 2121/2121/2121 2123/2123/2123 2122/2122/2122 
f 2122/2122/2122 2123/2123/2123 2124/2124/2124 
f 2123/2123/2123 2125/2125/2125 2124/2124/2124 
f 2124/2124/2124 2125/2125/2125 2126/2126/2126 
f 2125/2125/2125 2095/2095/2095 2126/2126/2126 
f 2126/2126/2126 2095/2095/2095 2127/2127/2127 
f 2095/2095/2095 2097/2097/2097 2127/2127/2127 
f 2127/2127/2127 2097/2097/2097 2128/2128/2128 
f 2097/2097/2097 2129/2129/2129 2128/2128/2128 
f 2128/2128/2128 2129/2129/2129 2130/2130/2130 
f 2129/2129/2129 2099/2099/2099 2130/2130/2130 
f 2130/2130/2130 2099/2099/2099 2131/2131/2131 
f 2099/2099/2099 2101/2101/2101 2131/2131/2131 
f 2131/2131/2131 2101/2101/2101 2132/2132/2132 
f 2101/2101/2101 2133/2133/2133 2132/2132/2132 
f 2132/2132/2132 2133/2133/2133 2134/2134/2134 
f 2133/2133/2133 2135/2135/2135 2134/2134/2134 
f 2134/2134/2134 2135/2135/2135 2136/2136/2136 
f 2135/2135/2135 2137/2137/2137 2136/2136/2136 
f 2136/2136/2136 2137/2137/2137 2137/2137/2137 
f 2137/2137/2137 2095/2095/2095 2137/2137/2137 
f 2137/2137/2137 2095/2095/2095 2095/2095/2095 
f 2095/2095/2095 2125/2125/2125 2095/2095/2095 
f 2095/2095/2095 2125/2125/2125 2093/2093/2093 
f 2125/2125/2125 2138/2138/2138 2093/2093/2093 
f 2093/2093/2093 2138/2138/2138 2091/2091/2091 
f 2138/2138/2138 2139/2139/2139 2091/2091/2091 
f 2091/2091/2091 2139/2139/2139 2089/2089/2089 
f 2139/2139/2139 2140/2140/2140 2089/2089/2089 
f 2089/2089/2089 2140/2140/2140 2087/2087/2087 
f 2140/2140/2140 2141/2141/2141 2087/2087/2087 
f 2087/2087/2087 2141/2141/2141 2085/2085/2085 
f 2141/2141/2141 2083/2083/2083 2085/2085/2085 
f 2085/2085/2085 2083/2083/2083 2083/2083/2083 
f 2083/2083/2083 2139/2139/2139 2083/2083/2083 
f 2083/2083/2083 2139/2139/2139 2139/2139/2139 
f 2139/2139/2139 2119/2119/2119 2139/2139/2139 
f 2139/2139/2139 2119/2119/2119 2140/2140/2140 
f 2119/2119/2119 2142/2142/2142 2140/2140/2140 
f 2140/2140/2140 2142/2142/2142 2141/2141/2141 
f 2142/2142/2142 2143/2143/2143 2141/2141/2141 
f 2141/2141/2141 2143/2143/2143 2083/2083/2083 
f 2143/2143/2143 2081/2081/2081 2083/2083/2083 
f 2083/2083/2083 2081/2081/2081 2081/2081/2081 
f 2081/2081/2081 2142/2142/2142 2081/2081/2081 
f 2081/2081/2081 2142/2142/2142 2142/2142/2142 
f 2142/2142/2142 2117/2117/2117 2142/2142/2142 
f 2142/2142/2142 2117/2117/2117 2143/2143/2143 
f 2117/2117/2117 2144/2144/2144 2143/2143/2143 
f 2143/2143/2143 2144/2144/2144 2081/2081/2081 
f 2144/2144/2144 2079/2079/2079 2081/2081/2081 
f 2081/2081/2081 2079/2079/2079 2079/2079/2079 
f 2079/2079/2079 2117/2117/2117 2079/2079/2079 
f 2079/2079/2079 2117/2117/2117 2117/2117/2117 
f 2117/2117/2117 2115/2115/2115 2117/2117/2117 
f 2117/2117/2117 2115/2115/2115 2144/2144/2144 
f 2115/2115/2115 2113/2113/2113 2144/2144/2144 
f 2144/2144/2144 2113/2113/2113 2079/2079/2079 
f 2113/2113/2113 2077/2077/2077 2079/2079/2079 
f 2079/2079/2079 2077/2077/2077 2077/2077/2077 
f 2077/2077/2077 2047/2047/2047 2077/2077/2077 
f 2077/2077/2077 2047/2047/2047 2047/2047/2047 
f 2047/2047/2047 2049/2049/2049 2047/2047/2047 
f 2047/2047/2047 2049/2049/2049 2033/2033/2033 
f 2049/2049/2049 2031/2031/2031 2033/2033/2033 
f 2033/2033/2033 2031/2031/2031 2031/2031/2031 
f 2031/2031/2031 1961/1961/1961 2031/2031/2031 
f 2031/2031/2031 1961/1961/1961 1961/1961/1961 
f 1961/1961/1961 2116/2116/2116 1961/1961/1961 
f 1961/1961/1961 2116/2116/2116 1963/1963/1963 
f 2116/2116/2116 2145/2145/2145 1963/1963/1963 
f 1963/1963/1963 2145/2145/2145 1965/1965/1965 
f 2145/2145/2145 2146/2146/2146 1965/1965/1965 
f 1965/1965/1965 2146/2146/2146 1967/1967/1967 
f 2146/2146/2146 2147/2147/2147 1967/1967/1967 
f 1967/1967/1967 2147/2147/2147 2148/2148/2148 
f 2147/2147/2147 2149/2149/2149 2148/2148/2148 
f 2148/2148/2148 2149/2149/2149 2150/2150/2150 
f 2149/2149/2149 2151/2151/2151 2150/2150/2150 
f 2150/2150/2150 2151/2151/2151 2152/2152/2152 
f 2151/2151/2151 2128/2128/2128 2152/2152/2152 
f 2152/2152/2152 2128/2128/2128 2153/2153/2153 
f 2128/2128/2128 2130/2130/2130 2153/2153/2153 
f 2153/2153/2153 2130/2130/2130 2154/2154/2154 
f 2130/2130/2130 2155/2155/2155 2154/2154/2154 
f 2154/2154/2154 2155/2155/2155 2156/2156/2156 
f 2155/2155/2155 2157/2157/2157 2156/2156/2156 
f 2156/2156/2156 2157/2157/2157 2158/2158/2158 
f 2157/2157/2157 2159/2159/2159 2158/2158/2158 
f 2158/2158/2158 2159/2159/2159 2159/2159/2159 
f 2159/2159/2159 2116/2116/2116 2159/2159/2159 
f 2159/2159/2159 2116/2116/2116 2116/2116/2116 
f 2116/2116/2116 2118/2118/2118 2116/2116/2116 
f 2116/2116/2116 2118/2118/2118 2145/2145/2145 
f 2118/2118/2118 2120/2120/2120 2145/2145/2145 
f 2145/2145/2145 2120/2120/2120 2146/2146/2146 
f 2120/2120/2120 2122/2122/2122 2146/2146/2146 
f 2146/2146/2146 2122/2122/2122 2147/2147/2147 
f 2122/2122/2122 2124/2124/2124 2147/2147/2147 
f 2147/2147/2147 2124/2124/2124 2149/2149/2149 
f 2124/2124/2124 2151/2151/2151 2149/2149/2149 
f 2149/2149/2149 2151/2151/2151 2151/2151/2151 
f 2151/2151/2151 2124/2124/2124 2151/2151/2151 
f 2151/2151/2151 2124/2124/2124 2124/2124/2124 
f 2124/2124/2124 2126/2126/2126 2124/2124/2124 
f 2124/2124/2124 2126/2126/2126 2151/2151/2151 
f 2126/2126/2126 2128/2128/2128 2151/2151/2151 
f 2151/2151/2151 2128/2128/2128 2128/2128/2128 
f 2128/2128/2128 1974/1974/1974 2128/2128/2128 
f 2128/2128/2128 1974/1974/1974 1974/1974/1974 
f 1974/1974/1974 1983/1983/1983 1974/1974/1974 
f 1974/1974/1974 1983/1983/1983 1975/1975/1975 
f 1983/1983/1983 1984/1984/1984 1975/1975/1975 
f 1975/1975/1975 1984/1984/1984 1985/1985/1985 
f 1984/1984/1984 1985/1985/1985 1985/1985/1985 
f 1985/1985/1985 1985/1985/1985 1975/1975/1975 
f 1985/1985/1985 1975/1975/1975 1975/1975/1975 
f 1975/1975/1975 1975/1975/1975 1975/1975/1975 
f 1975/1975/1975 1985/1985/1985 1975/1975/1975 
f 1975/1975/1975 1985/1985/1985 1976/1976/1976 
f 1985/1985/1985 1977/1977/1977 1976/1976/1976 
f 1976/1976/1976 1977/1977/1977 1977/1977/1977 
f 1977/1977/1977 1985/1985/1985 1977/1977/1977 
f 1977/1977/1977 1985/1985/1985 1985/1985/1985 
f 1985/1985/1985 1933/1933/1933 1985/1985/1985 
f 1985/1985/1985 1933/1933/1933 1977/1977/1977 
f 1933/1933/1933 1979/1979/1979 1977/1977/1977 
f 1977/1977/1977 1979/1979/1979 1979/1979/1979 
f 1979/1979/1979 2040/2040/2040 1979/1979/1979 
f 1979/1979/1979 2040/2040/2040 2040/2040/2040 
f 2040/2040/2040 2038/2038/2038 2040/2040/2040 
f 2040/2040/2040 2038/2038/2038 2160/2160/2160 
f 2038/2038/2038 2161/2161/2161 2160/2160/2160 
f 2160/2160/2160 2161/2161/2161 2162/2162/2162 
f 2161/2161/2161 2163/2163/2163 2162/2162/2162 
f 2162/2162/2162 2163/2163/2163 2164/2164/2164 
f 2163/2163/2163 2165/2165/2165 2164/2164/2164 
f 2164/2164/2164 2165/2165/2165 2166/2166/2166 
f 2165/2165/2165 2167/2167/2167 2166/2166/2166 
f 2166/2166/2166 2167/2167/2167 2168/2168/2168 
f 2167/2167/2167 2169/2169/2169 2168/2168/2168 
f 2168/2168/2168 2169/2169/2169 2170/2170/2170 
f 2169/2169/2169 2171/2171/2171 2170/2170/2170 
f 2170/2170/2170 2171/2171/2171 2172/2172/2172 
f 2171/2171/2171 2173/2173/2173 2172/2172/2172 
f 2172/2172/2172 2173/2173/2173 2174/2174/2174 
f 2173/2173/2173 2175/2175/2175 2174/2174/2174 
f 2174/2174/2174 2175/2175/2175 2176/2176/2176 
f 2175/2175/2175 2177/2177/2177 2176/2176/2176 
f 2176/2176/2176 2177/2177/2177 2178/2178/2178 
f 2177/2177/2177 1994/1994/1994 2178/2178/2178 
f 2178/2178/2178 1994/1994/1994 1993/1993/1993 
f 1994/1994/1994 1993/1993/1993 1993/1993/1993 
f 1993/1993/1993 1993/1993/1993 2038/2038/2038 
f 1993/1993/1993 2038/2038/2038 2038/2038/2038 
f 2038/2038/2038 2038/2038/2038 2038/2038/2038 
f 2038/2038/2038 2036/2036/2036 2038/2038/2038 
f 2038/2038/2038 2036/2036/2036 2161/2161/2161 
f 2036/2036/2036 2179/2179/2179 2161/2161/2161 
f 2161/2161/2161 2179/2179/2179 2163/2163/2163 
f 2179/2179/2179 2180/2180/2180 2163/2163/2163 
f 2163/2163/2163 2180/2180/2180 2165/2165/2165 
f 2180/2180/2180 2181/2181/2181 2165/2165/2165 
f 2165/2165/2165 2181/2181/2181 2167/2167/2167 
f 2181/2181/2181 2182/2182/2182 2167/2167/2167 
f 2167/2167/2167 2182/2182/2182 2169/2169/2169 
f 2182/2182/2182 2183/2183/2183 2169/2169/2169 
f 2169/2169/2169 2183/2183/2183 2171/2171/2171 
f 2183/2183/2183 2184/2184/2184 2171/2171/2171 
f 2171/2171/2171 2184/2184/2184 2173/2173/2173 
f 2184/2184/2184 2185/2185/2185 2173/2173/2173 
f 2173/2173/2173 2185/2185/2185 2175/2175/2175 
f 2185/2185/2185 2186/2186/2186 2175/2175/2175 
f 2175/2175/2175 2186/2186/2186 2177/2177/2177 
f 2186/2186/2186 1995/1995/1995 2177/2177/2177 
f 2177/2177/2177 1995/1995/1995 1994/1994/1994 
f 1995/1995/1995 1994/1994/1994 1994/1994/1994 
f 1994/1994/1994 1994/1994/1994 2036/2036/2036 
f 1994/1994/1994 2036/2036/2036 2036/2036/2036 
f 2036/2036/2036 2036/2036/2036 2036/2036/2036 
f 2036/2036/2036 2034/2034/2034 2036/2036/2036 
f 2036/2036/2036 2034/2034/2034 2179/2179/2179 
f 2034/2034/2034 2032/2032/2032 2179/2179/2179 
f 2179/2179/2179 2032/2032/2032 2180/2180/2180 
f 2032/2032/2032 2187/2187/2187 2180/2180/2180 
f 2180/2180/2180 2187/2187/2187 2181/2181/2181 
f 2187/2187/2187 2188/2188/2188 2181/2181/2181 
f 2181/2181/2181 2188/2188/2188 2182/2182/2182 
f 2188/2188/2188 2189/2189/2189 2182/2182/2182 
f 2182/2182/2182 2189/2189/2189 2183/2183/2183 
f 2189/2189/2189 2190/2190/2190 2183/2183/2183 
f 2183/2183/2183 2190/2190/2190 2184/2184/2184 
f 2190/2190/2190 2191/2191/2191 2184/2184/2184 
f 2184/2184/2184 2191/2191/2191 2185/2185/2185 
f 2191/2191/2191 1997/1997/1997 2185/2185/2185 
f 2185/2185/2185 1997/1997/1997 2186/2186/2186 
f 1997/1997/1997 1996/1996/1996 2186/2186/2186 
f 2186/2186/2186 1996/1996/1996 1995/1995/1995 
f 1996/1996/1996 1995/1995/1995 1995/1995/1995 
f 1995/1995/1995 1995/1995/1995 1997/1997/1997 
f 1995/1995/1995 1997/1997/1997 1997/1997/1997 
f 1997/1997/1997 1997/1997/1997 1997/1997/1997 
f 1997/1997/1997 2191/2191/2191 1997/1997/1997 
f 1997/1997/1997 2191/2191/2191 1999/1999/1999 
f 2191/2191/2191 2190/2190/2190 1999/1999/1999 
f 1999/1999/1999 2190/2190/2190 2025/2025/2025 
f 2190/2190/2190 2189/2189/2189 2025/2025/2025 
f 2025/2025/2025 2189/2189/2189 2026/2026/2026 
f 2189/2189/2189 2028/2028/2028 2026/2026/2026 
f 2026/2026/2026 2028/2028/2028 2028/2028/2028 
f 2028/2028/2028 2189/2189/2189 2028/2028/2028 
f 2028/2028/2028 2189/2189/2189 2189/2189/2189 
f 2189/2189/2189 2188/2188/2188 2189/2189/2189 
f 2189/2189/2189 2188/2188/2188 2028/2028/2028 
f 2188/2188/2188 2187/2187/2187 2028/2028/2028 
f 2028/2028/2028 2187/2187/2187 2030/2030/2030 
f 2187/2187/2187 2032/2032/2032 2030/2030/2030 
f 2030/2030/2030 2032/2032/2032 2032/2032/2032 
f 2032/2032/2032 2158/2158/2158 2032/2032/2032 
f 2032/2032/2032 2158/2158/2158 2158/2158/2158 
f 2158/2158/2158 2192/2192/2192 2158/2158/2158 
f 2158/2158/2158 2192/2192/2192 2156/2156/2156 
f 2192/2192/2192 2193/2193/2193 2156/2156/2156 
f 2156/2156/2156 2193/2193/2193 2154/2154/2154 
f 2193/2193/2193 2194/2194/2194 2154/2154/2154 
f 2154/2154/2154 2194/2194/2194 2153/2153/2153 
f 2194/2194/2194 2152/2152/2152 2153/2153/2153 
f 2153/2153/2153 2152/2152/2152 2152/2152/2152 
f 2152/2152/2152 2192/2192/2192 2152/2152/2152 
f 2152/2152/2152 2192/2192/2192 2192/2192/2192 
f 2192/2192/2192 2195/2195/2195 2192/2192/2192 
f 2192/2192/2192 2195/2195/2195 2193/2193/2193 
f 2195/2195/2195 2196/2196/2196 2193/2193/2193 
f 2193/2193/2193 2196/2196/2196 2194/2194/2194 
f 2196/2196/2196 2197/2197/2197 2194/2194/2194 
f 2194/2194/2194 2197/2197/2197 2152/2152/2152 
f 2197/2197/2197 2150/2150/2150 2152/2152/2152 
f 2152/2152/2152 2150/2150/2150 2150/2150/2150 
f 2150/2150/2150 2195/2195/2195 2150/2150/2150 
f 2150/2150/2150 2195/2195/2195 2195/2195/2195 
f 2195/2195/2195 2198/2198/2198 2195/2195/2195 
f 2195/2195/2195 2198/2198/2198 2196/2196/2196 
f 2198/2198/2198 2199/2199/2199 2196/2196/2196 
f 2196/2196/2196 2199/2199/2199 2197/2197/2197 
f 2199/2199/2199 2200/2200/2200 2197/2197/2197 
f 2197/2197/2197 2200/2200/2200 2150/2150/2150 
f 2200/2200/2200 2201/2201/2201 2150/2150/2150 
f 2150/2150/2150 2201/2201/2201 2148/2148/2148 
f 2201/2201/2201 1970/1970/1970 2148/2148/2148 
f 2148/2148/2148 1970/1970/1970 1969/1969/1969 
f 1970/1970/1970 1969/1969/1969 1969/1969/1969 
f 1969/1969/1969 1969/1969/1969 1970/1970/1970 
f 1969/1969/1969 1970/1970/1970 1970/1970/1970 
f 1970/1970/1970 1970/1970/1970 1970/1970/1970 
f 1970/1970/1970 2201/2201/2201 1970/1970/1970 
f 1970/1970/1970 2201/2201/2201 1971/1971/1971 
f 2201/2201/2201 2200/2200/2200 1971/1971/1971 
f 1971/1971/1971 2200/2200/2200 1972/1972/1972 
f 2200/2200/2200 2199/2199/2199 1972/1972/1972 
f 1972/1972/1972 2199/2199/2199 1973/1973/1973 
f 2199/2199/2199 2198/2198/2198 1973/1973/1973 
f 1973/1973/1973 2198/2198/2198 2198/2198/2198 
f 2198/2198/2198 2071/2071/2071 2198/2198/2198 
f 2198/2198/2198 2071/2071/2071 2071/2071/2071 
f 2071/2071/2071 2202/2202/2202 2071/2071/2071 
f 2071/2071/2071 2202/2202/2202 2072/2072/2072 
f 2202/2202/2202 2203/2203/2203 2072/2072/2072 
f 2072/2072/2072 2203/2203/2203 2073/2073/2073 
f 2203/2203/2203 2204/2204/2204 2073/2073/2073 
f 2073/2073/2073 2204/2204/2204 2074/2074/2074 
f 2204/2204/2204 2205/2205/2205 2074/2074/2074 
f 2074/2074/2074 2205/2205/2205 2075/2075/2075 
f 2205/2205/2205 2076/2076/2076 2075/2075/2075 
f 2075/2075/2075 2076/2076/2076 2076/2076/2076 
f 2076/2076/2076 2202/2202/2202 2076/2076/2076 
f 2076/2076/2076 2202/2202/2202 2202/2202/2202 
f 2202/2202/2202 2206/2206/2206 2202/2202/2202 
f 2202/2202/2202 2206/2206/2206 2203/2203/2203 
f 2206/2206/2206 2207/2207/2207 2203/2203/2203 
f 2203/2203/2203 2207/2207/2207 2204/2204/2204 
f 2207/2207/2207 2208/2208/2208 2204/2204/2204 
f 2204/2204/2204 2208/2208/2208 2205/2205/2205 
f 2208/2208/2208 2209/2209/2209 2205/2205/2205 
f 2205/2205/2205 2209/2209/2209 2210/2210/2210 
f 2209/2209/2209 2211/2211/2211 2210/2210/2210 
f 2210/2210/2210 2211/2211/2211 2212/2212/2212 
f 2211/2211/2211 2213/2213/2213 2212/2212/2212 
f 2212/2212/2212 2213/2213/2213 2078/2078/2078 
f 2213/2213/2213 2080/2080/2080 2078/2078/2078 
f 2078/2078/2078 2080/2080/2080 2080/2080/2080 
f 2080/2080/2080 2212/2212/2212 2080/2080/2080 
f 2080/2080/2080 2212/2212/2212 2212/2212/2212 
f 2212/2212/2212 2078/2078/2078 2212/2212/2212 
f 2212/2212/2212 2078/2078/2078 2210/2210/2210 
f 2078/2078/2078 2076/2076/2076 2210/2210/2210 
f 2210/2210/2210 2076/2076/2076 2205/2205/2205 
f 2076/2076/2076 2205/2205/2205 2205/2205/2205 
f 2205/2205/2205 2205/2205/2205 2136/2136/2136 
f 2205/2205/2205 2136/2136/2136 2136/2136/2136 
f 2136/2136/2136 2136/2136/2136 2136/2136/2136 
f 2136/2136/2136 2159/2159/2159 2136/2136/2136 
f 2136/2136/2136 2159/2159/2159 2134/2134/2134 
f 2159/2159/2159 2157/2157/2157 2134/2134/2134 
f 2134/2134/2134 2157/2157/2157 2132/2132/2132 
f 2157/2157/2157 2155/2155/2155 2132/2132/2132 
f 2132/2132/2132 2155/2155/2155 2131/2131/2131 
f 2155/2155/2155 2130/2130/2130 2131/2131/2131 
f 2131/2131/2131 2130/2130/2130 2130/2130/2130 
f 2130/2130/2130 2019/2019/2019 2130/2130/2130 
f 2130/2130/2130 2019/2019/2019 2019/2019/2019 
f 2019/2019/2019 2018/2018/2018 2019/2019/2019 
f 2019/2019/2019 2018/2018/2018 2008/2008/2008 
f 2018/2018/2018 2006/2006/2006 2008/2008/2008 
f 2008/2008/2008 2006/2006/2006 2006/2006/2006 
f 2006/2006/2006 2018/2018/2018 2006/2006/2006 
f 2006/2006/2006 2018/2018/2018 2004/2004/2004 
f 2018/2018/2018 2002/2002/2002 2004/2004/2004 
f 2004/2004/2004 2002/2002/2002 2002/2002/2002 
f 2002/2002/2002 2111/2111/2111 2002/2002/2002 
f 2002/2002/2002 2111/2111/2111 2111/2111/2111 
f 2111/2111/2111 2214/2214/2214 2111/2111/2111 
f 2111/2111/2111 2214/2214/2214 2109/2109/2109 
f 2214/2214/2214 2215/2215/2215 2109/2109/2109 
f 2109/2109/2109 2215/2215/2215 2107/2107/2107 
f 2215/2215/2215 2216/2216/2216 2107/2107/2107 
f 2107/2107/2107 2216/2216/2216 2105/2105/2105 
f 2216/2216/2216 2103/2103/2103 2105/2105/2105 
f 2105/2105/2105 2103/2103/2103 2103/2103/2103 
f 2103/2103/2103 2214/2214/2214 2103/2103/2103 
f 2103/2103/2103 2214/2214/2214 2214/2214/2214 
f 2214/2214/2214 2137/2137/2137 2214/2214/2214 
f 2214/2214/2214 2137/2137/2137 2215/2215/2215 
f 2137/2137/2137 2135/2135/2135 2215/2215/2215 
f 2215/2215/2215 2135/2135/2135 2216/2216/2216 
f 2135/2135/2135 2133/2133/2133 2216/2216/2216 
f 2216/2216/2216 2133/2133/2133 2103/2103/2103 
f 2133/2133/2133 2101/2101/2101 2103/2103/2103 
f 2103/2103/2103 2101/2101/2101 2101/2101/2101 
f 2101/2101/2101 2005/2005/2005 2101/2101/2101 
f 2101/2101/2101 2005/2005/2005 2005/2005/2005 
f 2005/2005/2005 2051/2051/2051 2005/2005/2005 
f 2005/2005/2005 2051/2051/2051 2007/2007/2007 
f 2051/2051/2051 2217/2217/2217 2007/2007/2007 
f 2007/2007/2007 2217/2217/2217 2009/2009/2009 
f 2217/2217/2217 2011/2011/2011 2009/2009/2009 
f 2009/2009/2009 2011/2011/2011 2011/2011/2011 
f 2011/2011/2011 2051/2051/2051 2011/2011/2011 
f 2011/2011/2011 2051/2051/2051 2051/2051/2051 
f 2051/2051/2051 2050/2050/2050 2051/2051/2051 
f 2051/2051/2051 2050/2050/2050 2217/2217/2217 
f 2050/2050/2050 2052/2052/2052 2217/2217/2217 
f 2217/2217/2217 2052/2052/2052 2011/2011/2011 
f 2052/2052/2052 2013/2013/2013 2011/2011/2011 
f 2011/2011/2011 2013/2013/2013 2013/2013/2013 
f 2013/2013/2013 1902/1902/1902 2013/2013/2013 
f 2013/2013/2013 1902/1902/1902 1902/1902/1902 
f 1902/1902/1902 1900/1900/1900 1902/1902/1902 
f 1902/1902/1902 1900/1900/1900 1937/1937/1937 
f 1900/1900/1900 1939/1939/1939 1937/1937/1937 
f 1937/1937/1937 1939/1939/1939 1939/1939/1939 
f 1939/1939/1939 1900/1900/1900 1939/1939/1939 
f 1939/1939/1939 1900/1900/1900 1900/1900/1900 
f 1900/1900/1900 2218/2218/2218 1900/1900/1900 
f 1900/1900/1900 2218/2218/2218 1939/1939/1939 
f 2218/2218/2218 1941/1941/1941 1939/1939/1939 
f 1939/1939/1939 1941/1941/1941 1941/1941/1941 
f 1941/1941/1941 2218/2218/2218 1941/1941/1941 
f 1941/1941/1941 2218/2218/2218 2219/2219/2219 
f 2218/2218/2218 2220/2220/2220 2219/2219/2219 
f 2219/2219/2219 2220/2220/2220 2221/2221/2221 
f 2220/2220/2220 2222/2222/2222 2221/2221/2221 
f 2221/2221/2221 2222/2222/2222 2223/2223/2223 
f 2222/2222/2222 2224/2224/2224 2223/2223/2223 
f 2223/2223/2223 2224/2224/2224 2225/2225/2225 
f 2224/2224/2224 1894/1894/1894 2225/2225/2225 
f 2225/2225/2225 1894/1894/1894 1892/1892/1892 
f 1894/1894/1894 1892/1892/1892 1892/1892/1892 
f 1892/1892/1892 1892/1892/1892 2218/2218/2218 
f 1892/1892/1892 2218/2218/2218 2218/2218/2218 
f 2218/2218/2218 2218/2218/2218 2218/2218/2218 
f 2218/2218/2218 1900/1900/1900 2218/2218/2218 
f 2218/2218/2218 1900/1900/1900 2220/2220/2220 
f 1900/1900/1900 1898/1898/1898 2220/2220/2220 
f 2220/2220/2220 1898/1898/1898 1896/1896/1896 
f 1898/1898/1898 1896/1896/1896 1896/1896/1896 
f 1896/1896/1896 1896/1896/1896 2220/2220/2220 
f 1896/1896/1896 2220/2220/2220 2220/2220/2220 
f 2220/2220/2220 2220/2220/2220 2220/2220/2220 
f 2220/2220/2220 1896/1896/1896 2220/2220/2220 
f 2220/2220/2220 1896/1896/1896 2222/2222/2222 
f 1896/1896/1896 1894/1894/1894 2222/2222/2222 
f 2222/2222/2222 1894/1894/1894 2224/2224/2224 
f 1894/1894/1894 2224/2224/2224 2224/2224/2224 
f 2224/2224/2224 2224/2224/2224 1981/1981/1981 
f 2224/2224/2224 1981/1981/1981 1981/1981/1981 
f 1981/1981/1981 1981/1981/1981 1981/1981/1981 
f 1981/1981/1981 1950/1950/1950 1981/1981/1981 
f 1981/1981/1981 1950/1950/1950 1980/1980/1980 
f 1950/1950/1950 1952/1952/1952 1980/1980/1980 
f 1980/1980/1980 1952/1952/1952 1954/1954/1954 
f 1952/1952/1952 1954/1954/1954 1954/1954/1954 
f 1954/1954/1954 1954/1954/1954 1980/1980/1980 
f 1954/1954/1954 1980/1980/1980 1980/1980/1980 
f 1980/1980/1980 1980/1980/1980 1980/1980/1980 
f 1980/1980/1980 1954/1954/1954 1980/1980/1980 
f 1980/1980/1980 1954/1954/1954 1978/1978/1978 
f 1954/1954/1954 1956/1956/1956 1978/1978/1978 
f 1978/1978/1978 1956/1956/1956 1958/1958/1958 
f 1956/1956/1956 1958/1958/1958 1958/1958/1958 
f 1958/1958/1958 1958/1958/1958 1941/1941/1941 
f 1958/1958/1958 1941/1941/1941 1941/1941/1941 
f 1941/1941/1941 1941/1941/1941 1941/1941/1941 
f 1941/1941/1941 2219/2219/2219 1941/1941/1941 
f 1941/1941/1941 2219/2219/2219 1943/1943/1943 
f 2219/2219/2219 2226/2226/2226 1943/1943/1943 
f 1943/1943/1943 2226/2226/2226 1945/1945/1945 
f 2226/2226/2226 2227/2227/2227 1945/1945/1945 
f 1945/1945/1945 2227/2227/2227 2227/2227/2227 
f 2227/2227/2227 2219/2219/2219 2227/2227/2227 
f 2227/2227/2227 2219/2219/2219 2219/2219/2219 
f 2219/2219/2219 2221/2221/2221 2219/2219/2219 
f 2219/2219/2219 2221/2221/2221 2226/2226/2226 
f 2221/2221/2221 2228/2228/2228 2226/2226/2226 
f 2226/2226/2226 2228/2228/2228 2227/2227/2227 
f 2228/2228/2228 2229/2229/2229 2227/2227/2227 
f 2227/2227/2227 2229/2229/2229 2229/2229/2229 
f 2229/2229/2229 2228/2228/2228 2229/2229/2229 
f 2229/2229/2229 2228/2228/2228 2230/2230/2230 
f 2228/2228/2228 2223/2223/2223 2230/2230/2230 
f 2230/2230/2230 2223/2223/2223 2231/2231/2231 
f 2223/2223/2223 2225/2225/2225 2231/2231/2231 
f 2231/2231/2231 2225/2225/2225 2232/2232/2232 
f 2225/2225/2225 1892/1892/1892 2232/2232/2232 
f 2232/2232/2232 1892/1892/1892 1890/1890/1890 
f 1892/1892/1892 1890/1890/1890 1890/1890/1890 
f 1890/1890/1890 1890/1890/1890 2230/2230/2230 
f 1890/1890/1890 2230/2230/2230 2230/2230/2230 
f 2230/2230/2230 2230/2230/2230 2230/2230/2230 
f 2230/2230/2230 2231/2231/2231 2230/2230/2230 
f 2230/2230/2230 2231/2231/2231 2233/2233/2233 
f 2231/2231/2231 2234/2234/2234 2233/2233/2233 
f 2233/2233/2233 2234/2234/2234 2235/2235/2235 
f 2234/2234/2234 2236/2236/2236 2235/2235/2235 
f 2235/2235/2235 2236/2236/2236 2237/2237/2237 
f 2236/2236/2236 1886/1886/1886 2237/2237/2237 
f 2237/2237/2237 1886/1886/1886 1884/1884/1884 
f 1886/1886/1886 1884/1884/1884 1884/1884/1884 
f 1884/1884/1884 1884/1884/1884 2233/2233/2233 
f 1884/1884/1884 2233/2233/2233 2233/2233/2233 
f 2233/2233/2233 2233/2233/2233 2233/2233/2233 
f 2233/2233/2233 2235/2235/2235 2233/2233/2233 
f 2233/2233/2233 2235/2235/2235 2238/2238/2238 
f 2235/2235/2235 2237/2237/2237 2238/2238/2238 
f 2238/2238/2238 2237/2237/2237 2239/2239/2239 
f 2237/2237/2237 1884/1884/1884 2239/2239/2239 
f 2239/2239/2239 1884/1884/1884 1882/1882/1882 
f 1884/1884/1884 1882/1882/1882 1882/1882/1882 
f 1882/1882/1882 1882/1882/1882 2238/2238/2238 
f 1882/1882/1882 2238/2238/2238 2238/2238/2238 
f 2238/2238/2238 2238/2238/2238 2238/2238/2238 
f 2238/2238/2238 2240/2240/2240 2238/2238/2238 
f 2238/2238/2238 2240/2240/2240 2233/2233/2233 
f 2240/2240/2240 2241/2241/2241 2233/2233/2233 
f 2233/2233/2233 2241/2241/2241 2230/2230/2230 
f 2241/2241/2241 2229/2229/2229 2230/2230/2230 
f 2230/2230/2230 2229/2229/2229 2229/2229/2229 
f 2229/2229/2229 1890/1890/1890 2229/2229/2229 
f 2229/2229/2229 1890/1890/1890 1890/1890/1890 
f 1890/1890/1890 1888/1888/1888 1890/1890/1890 
f 1890/1890/1890 1888/1888/1888 2232/2232/2232 
f 1888/1888/1888 2236/2236/2236 2232/2232/2232 
f 2232/2232/2232 2236/2236/2236 2234/2234/2234 
f 2236/2236/2236 2234/2234/2234 2234/2234/2234 
f 2234/2234/2234 2234/2234/2234 2139/2139/2139 
f 2234/2234/2234 2139/2139/2139 2139/2139/2139 
f 2139/2139/2139 2139/2139/2139 2139/2139/2139 
f 2139/2139/2139 2138/2138/2138 2139/2139/2139 
f 2139/2139/2139 2138/2138/2138 2119/2119/2119 
f 2138/2138/2138 2121/2121/2121 2119/2119/2119 
f 2119/2119/2119 2121/2121/2121 2121/2121/2121 
f 2121/2121/2121 2138/2138/2138 2121/2121/2121 
f 2121/2121/2121 2138/2138/2138 2123/2123/2123 
f 2138/2138/2138 2125/2125/2125 2123/2123/2123 
f 2123/2123/2123 2125/2125/2125 2125/2125/2125 
f 2125/2125/2125 2041/2041/2041 2125/2125/2125 
f 2125/2125/2125 2041/2041/2041 2041/2041/2041 
f 2041/2041/2041 2242/2242/2242 2041/2041/2041 
f 2041/2041/2041 2242/2242/2242 2042/2042/2042 
f 2242/2242/2242 2243/2243/2243 2042/2042/2042 
f 2042/2042/2042 2243/2243/2243 2244/2244/2244 
f 2243/2243/2243 2245/2245/2245 2244/2244/2244 
f 2244/2244/2244 2245/2245/2245 2246/2246/2246 
f 2245/2245/2245 2247/2247/2247 2246/2246/2246 
f 2246/2246/2246 2247/2247/2247 2248/2248/2248 
f 2247/2247/2247 2249/2249/2249 2248/2248/2248 
f 2248/2248/2248 2249/2249/2249 2250/2250/2250 
f 2249/2249/2249 2251/2251/2251 2250/2250/2250 
f 2250/2250/2250 2251/2251/2251 2252/2252/2252 
f 2251/2251/2251 2253/2253/2253 2252/2252/2252 
f 2252/2252/2252 2253/2253/2253 2254/2254/2254 
f 2253/2253/2253 2255/2255/2255 2254/2254/2254 
f 2254/2254/2254 2255/2255/2255 2256/2256/2256 
f 2255/2255/2255 2257/2257/2257 2256/2256/2256 
f 2256/2256/2256 2257/2257/2257 2258/2258/2258 
f 2257/2257/2257 2259/2259/2259 2258/2258/2258 
f 2258/2258/2258 2259/2259/2259 2260/2260/2260 
f 2259/2259/2259 2261/2261/2261 2260/2260/2260 
f 2260/2260/2260 2261/2261/2261 2262/2262/2262 
f 2261/2261/2261 2263/2263/2263 2262/2262/2262 
f 2262/2262/2262 2263/2263/2263 2264/2264/2264 
f 2263/2263/2263 2265/2265/2265 2264/2264/2264 
f 2264/2264/2264 2265/2265/2265 2266/2266/2266 
f 2265/2265/2265 2267/2267/2267 2266/2266/2266 
f 2266/2266/2266 2267/2267/2267 2268/2268/2268 
f 2267/2267/2267 2269/2269/2269 2268/2268/2268 
f 2268/2268/2268 2269/2269/2269 2270/2270/2270 
f 2269/2269/2269 2271/2271/2271 2270/2270/2270 
f 2270/2270/2270 2271/2271/2271 2272/2272/2272 
f 2271/2271/2271 2273/2273/2273 2272/2272/2272 
f 2272/2272/2272 2273/2273/2273 2274/2274/2274 
f 2273/2273/2273 2275/2275/2275 2274/2274/2274 
f 2274/2274/2274 2275/2275/2275 2276/2276/2276 
f 2275/2275/2275 2277/2277/2277 2276/2276/2276 
f 2276/2276/2276 2277/2277/2277 2278/2278/2278 
f 2277/2277/2277 2279/2279/2279 2278/2278/2278 
f 2278/2278/2278 2279/2279/2279 2280/2280/2280 
f 2279/2279/2279 2281/2281/2281 2280/2280/2280 
f 2280/2280/2280 2281/2281/2281 2281/2281/2281 
f 2281/2281/2281 2250/2250/2250 2281/2281/2281 
f 2281/2281/2281 2250/2250/2250 2250/2250/2250 
f 2250/2250/2250 2252/2252/2252 2250/2250/2250 
f 2250/2250/2250 2252/2252/2252 2282/2282/2282 
f 2252/2252/2252 2254/2254/2254 2282/2282/2282 
f 2282/2282/2282 2254/2254/2254 2283/2283/2283 
f 2254/2254/2254 2256/2256/2256 2283/2283/2283 
f 2283/2283/2283 2256/2256/2256 2284/2284/2284 
f 2256/2256/2256 2258/2258/2258 2284/2284/2284 
f 2284/2284/2284 2258/2258/2258 2285/2285/2285 
f 2258/2258/2258 2260/2260/2260 2285/2285/2285 
f 2285/2285/2285 2260/2260/2260 2286/2286/2286 
f 2260/2260/2260 2262/2262/2262 2286/2286/2286 
f 2286/2286/2286 2262/2262/2262 2287/2287/2287 
f 2262/2262/2262 2264/2264/2264 2287/2287/2287 
f 2287/2287/2287 2264/2264/2264 2288/2288/2288 
f 2264/2264/2264 2289/2289/2289 2288/2288/2288 
f 2288/2288/2288 2289/2289/2289 2290/2290/2290 
f 2289/2289/2289 2291/2291/2291 2290/2290/2290 
f 2290/2290/2290 2291/2291/2291 2292/2292/2292 
f 2291/2291/2291 2293/2293/2293 2292/2292/2292 
f 2292/2292/2292 2293/2293/2293 2294/2294/2294 
f 2293/2293/2293 2295/2295/2295 2294/2294/2294 
f 2294/2294/2294 2295/2295/2295 2296/2296/2296 
f 2295/2295/2295 2297/2297/2297 2296/2296/2296 
f 2296/2296/2296 2297/2297/2297 2298/2298/2298 
f 2297/2297/2297 2299/2299/2299 2298/2298/2298 
f 2298/2298/2298 2299/2299/2299 2300/2300/2300 
f 2299/2299/2299 2301/2301/2301 2300/2300/2300 
f 2300/2300/2300 2301/2301/2301 2302/2302/2302 
f 2301/2301/2301 2278/2278/2278 2302/2302/2302 
f 2302/2302/2302 2278/2278/2278 2280/2280/2280 
f 2278/2278/2278 2280/2280/2280 2280/2280/2280 
f 2280/2280/2280 2280/2280/2280 2296/2296/2296 
f 2280/2280/2280 2296/2296/2296 2296/2296/2296 
f 2296/2296/2296 2296/2296/2296 2296/2296/2296 
f 2296/2296/2296 2303/2303/2303 2296/2296/2296 
f 2296/2296/2296 2303/2303/2303 2294/2294/2294 
f 2303/2303/2303 2304/2304/2304 2294/2294/2294 
f 2294/2294/2294 2304/2304/2304 2292/2292/2292 
f 2304/2304/2304 2305/2305/2305 2292/2292/2292 
f 2292/2292/2292 2305/2305/2305 2290/2290/2290 
f 2305/2305/2305 2306/2306/2306 2290/2290/2290 
f 2290/2290/2290 2306/2306/2306 2307/2307/2307 
f 2306/2306/2306 2308/2308/2308 2307/2307/2307 
f 2307/2307/2307 2308/2308/2308 2309/2309/2309 
f 2308/2308/2308 2310/2310/2310 2309/2309/2309 
f 2309/2309/2309 2310/2310/2310 2311/2311/2311 
f 2310/2310/2310 2312/2312/2312 2311/2311/2311 
f 2311/2311/2311 2312/2312/2312 2313/2313/2313 
f 2312/2312/2312 2314/2314/2314 2313/2313/2313 
f 2313/2313/2313 2314/2314/2314 2315/2315/2315 
f 2314/2314/2314 2316/2316/2316 2315/2315/2315 
f 2315/2315/2315 2316/2316/2316 2317/2317/2317 
f 2316/2316/2316 2318/2318/2318 2317/2317/2317 
f 2317/2317/2317 2318/2318/2318 2319/2319/2319 
f 2318/2318/2318 2320/2320/2320 2319/2319/2319 
f 2319/2319/2319 2320/2320/2320 2321/2321/2321 
f 2320/2320/2320 2322/2322/2322 2321/2321/2321 
f 2321/2321/2321 2322/2322/2322 2323/2323/2323 
f 2322/2322/2322 2324/2324/2324 2323/2323/2323 
f 2323/2323/2323 2324/2324/2324 2248/2248/2248 
f 2324/2324/2324 2325/2325/2325 2248/2248/2248 
f 2248/2248/2248 2325/2325/2325 2326/2326/2326 
f 2325/2325/2325 2327/2327/2327 2326/2326/2326 
f 2326/2326/2326 2327/2327/2327 2246/2246/2246 
f 2327/2327/2327 2328/2328/2328 2246/2246/2246 
f 2246/2246/2246 2328/2328/2328 2244/2244/2244 
f 2328/2328/2328 2043/2043/2043 2244/2244/2244 
f 2244/2244/2244 2043/2043/2043 2042/2042/2042 
f 2043/2043/2043 2042/2042/2042 2042/2042/2042 
f 2042/2042/2042 2042/2042/2042 2312/2312/2312 
f 2042/2042/2042 2312/2312/2312 2312/2312/2312 
f 2312/2312/2312 2312/2312/2312 2312/2312/2312 
f 2312/2312/2312 2329/2329/2329 2312/2312/2312 
f 2312/2312/2312 2329/2329/2329 2314/2314/2314 
f 2329/2329/2329 2330/2330/2330 2314/2314/2314 
f 2314/2314/2314 2330/2330/2330 2316/2316/2316 
f 2330/2330/2330 2331/2331/2331 2316/2316/2316 
f 2316/2316/2316 2331/2331/2331 2318/2318/2318 
f 2331/2331/2331 2332/2332/2332 2318/2318/2318 
f 2318/2318/2318 2332/2332/2332 2320/2320/2320 
f 2332/2332/2332 2333/2333/2333 2320/2320/2320 
f 2320/2320/2320 2333/2333/2333 2322/2322/2322 
f 2333/2333/2333 2334/2334/2334 2322/2322/2322 
f 2322/2322/2322 2334/2334/2334 2325/2325/2325 
f 2334/2334/2334 2335/2335/2335 2325/2325/2325 
f 2325/2325/2325 2335/2335/2335 2327/2327/2327 
f 2335/2335/2335 2336/2336/2336 2327/2327/2327 
f 2327/2327/2327 2336/2336/2336 2044/2044/2044 
f 2336/2336/2336 2045/2045/2045 2044/2044/2044 
f 2044/2044/2044 2045/2045/2045 2045/2045/2045 
f 2045/2045/2045 2336/2336/2336 2045/2045/2045 
f 2045/2045/2045 2336/2336/2336 2337/2337/2337 
f 2336/2336/2336 2335/2335/2335 2337/2337/2337 
f 2337/2337/2337 2335/2335/2335 2338/2338/2338 
f 2335/2335/2335 2334/2334/2334 2338/2338/2338 
f 2338/2338/2338 2334/2334/2334 2339/2339/2339 
f 2334/2334/2334 2333/2333/2333 2339/2339/2339 
f 2339/2339/2339 2333/2333/2333 2340/2340/2340 
f 2333/2333/2333 2332/2332/2332 2340/2340/2340 
f 2340/2340/2340 2332/2332/2332 2341/2341/2341 
f 2332/2332/2332 2331/2331/2331 2341/2341/2341 
f 2341/2341/2341 2331/2331/2331 2342/2342/2342 
f 2331/2331/2331 2330/2330/2330 2342/2342/2342 
f 2342/2342/2342 2330/2330/2330 2343/2343/2343 
f 2330/2330/2330 2329/2329/2329 2343/2343/2343 
f 2343/2343/2343 2329/2329/2329 2344/2344/2344 
f 2329/2329/2329 2345/2345/2345 2344/2344/2344 
f 2344/2344/2344 2345/2345/2345 2061/2061/2061 
f 2345/2345/2345 2346/2346/2346 2061/2061/2061 
f 2061/2061/2061 2346/2346/2346 2063/2063/2063 
f 2346/2346/2346 2347/2347/2347 2063/2063/2063 
f 2063/2063/2063 2347/2347/2347 2065/2065/2065 
f 2347/2347/2347 2348/2348/2348 2065/2065/2065 
f 2065/2065/2065 2348/2348/2348 2067/2067/2067 
f 2348/2348/2348 2349/2349/2349 2067/2067/2067 
f 2067/2067/2067 2349/2349/2349 2349/2349/2349 
f 2349/2349/2349 2344/2344/2344 2349/2349/2349 
f 2349/2349/2349 2344/2344/2344 2344/2344/2344 
f 2344/2344/2344 2059/2059/2059 2344/2344/2344 
f 2344/2344/2344 2059/2059/2059 2343/2343/2343 
f 2059/2059/2059 2350/2350/2350 2343/2343/2343 
f 2343/2343/2343 2350/2350/2350 2342/2342/2342 
f 2350/2350/2350 2351/2351/2351 2342/2342/2342 
f 2342/2342/2342 2351/2351/2351 2352/2352/2352 
f 2351/2351/2351 2353/2353/2353 2352/2352/2352 
f 2352/2352/2352 2353/2353/2353 2354/2354/2354 
f 2353/2353/2353 2055/2055/2055 2354/2354/2354 
f 2354/2354/2354 2055/2055/2055 2355/2355/2355 
f 2055/2055/2055 2054/2054/2054 2355/2355/2355 
f 2355/2355/2355 2054/2054/2054 2356/2356/2356 
f 2054/2054/2054 2053/2053/2053 2356/2356/2356 
f 2356/2356/2356 2053/2053/2053 2357/2357/2357 
f 2053/2053/2053 2048/2048/2048 2357/2357/2357 
f 2357/2357/2357 2048/2048/2048 2046/2046/2046 
f 2048/2048/2048 2046/2046/2046 2046/2046/2046 
f 2046/2046/2046 2046/2046/2046 2342/2342/2342 
f 2046/2046/2046 2342/2342/2342 2342/2342/2342 
f 2342/2342/2342 2342/2342/2342 2342/2342/2342 
f 2342/2342/2342 2352/2352/2352 2342/2342/2342 
f 2342/2342/2342 2352/2352/2352 2341/2341/2341 
f 2352/2352/2352 2354/2354/2354 2341/2341/2341 
f 2341/2341/2341 2354/2354/2354 2358/2358/2358 
f 2354/2354/2354 2355/2355/2355 2358/2358/2358 
f 2358/2358/2358 2355/2355/2355 2356/2356/2356 
f 2355/2355/2355 2356/2356/2356 2356/2356/2356 
f 2356/2356/2356 2356/2356/2356 2341/2341/2341 
f 2356/2356/2356 2341/2341/2341 2341/2341/2341 
f 2341/2341/2341 2341/2341/2341 2341/2341/2341 
f 2341/2341/2341 2358/2358/2358 2341/2341/2341 
f 2341/2341/2341 2358/2358/2358 2340/2340/2340 
f 2358/2358/2358 2339/2339/2339 2340/2340/2340 
f 2340/2340/2340 2339/2339/2339 2339/2339/2339 
f 2339/2339/2339 2358/2358/2358 2339/2339/2339 
f 2339/2339/2339 2358/2358/2358 2359/2359/2359 
f 2358/2358/2358 2356/2356/2356 2359/2359/2359 
f 2359/2359/2359 2356/2356/2356 2360/2360/2360 
f 2356/2356/2356 2357/2357/2357 2360/2360/2360 
f 2360/2360/2360 2357/2357/2357 2337/2337/2337 
f 2357/2357/2357 2046/2046/2046 2337/2337/2337 
f 2337/2337/2337 2046/2046/2046 2045/2045/2045 
f 2046/2046/2046 2045/2045/2045 2045/2045/2045 
f 2045/2045/2045 2045/2045/2045 2339/2339/2339 
f 2045/2045/2045 2339/2339/2339 2339/2339/2339 
f 2339/2339/2339 2339/2339/2339 2339/2339/2339 
f 2339/2339/2339 2359/2359/2359 2339/2339/2339 
f 2339/2339/2339 2359/2359/2359 2338/2338/2338 
f 2359/2359/2359 2360/2360/2360 2338/2338/2338 
f 2338/2338/2338 2360/2360/2360 2337/2337/2337 
f 2360/2360/2360 2337/2337/2337 2337/2337/2337 
f 2337/2337/2337 2337/2337/2337 2278/2278/2278 
f 2337/2337/2337 2278/2278/2278 2278/2278/2278 
f 2278/2278/2278 2278/2278/2278 2278/2278/2278 
f 2278/2278/2278 2301/2301/2301 2278/2278/2278 
f 2278/2278/2278 2301/2301/2301 2276/2276/2276 
f 2301/2301/2301 2361/2361/2361 2276/2276/2276 
f 2276/2276/2276 2361/2361/2361 2274/2274/2274 
f 2361/2361/2361 2362/2362/2362 2274/2274/2274 
f 2274/2274/2274 2362/2362/2362 2363/2363/2363 
f 2362/2362/2362 2364/2364/2364 2363/2363/2363 
f 2363/2363/2363 2364/2364/2364 2365/2365/2365 
f 2364/2364/2364 2291/2291/2291 2365/2365/2365 
f 2365/2365/2365 2291/2291/2291 2289/2289/2289 
f 2291/2291/2291 2289/2289/2289 2289/2289/2289 
f 2289/2289/2289 2289/2289/2289 2291/2291/2291 
f 2289/2289/2289 2291/2291/2291 2291/2291/2291 
f 2291/2291/2291 2291/2291/2291 2291/2291/2291 
f 2291/2291/2291 2364/2364/2364 2291/2291/2291 
f 2291/2291/2291 2364/2364/2364 2293/2293/2293 
f 2364/2364/2364 2362/2362/2362 2293/2293/2293 
f 2293/2293/2293 2362/2362/2362 2366/2366/2366 
f 2362/2362/2362 2361/2361/2361 2366/2366/2366 
f 2366/2366/2366 2361/2361/2361 2299/2299/2299 
f 2361/2361/2361 2301/2301/2301 2299/2299/2299 
f 2299/2299/2299 2301/2301/2301 2301/2301/2301 
f 2301/2301/2301 2299/2299/2299 2301/2301/2301 
f 2301/2301/2301 2299/2299/2299 2299/2299/2299 
f 2299/2299/2299 2297/2297/2297 2299/2299/2299 
f 2299/2299/2299 2297/2297/2297 2366/2366/2366 
f 2297/2297/2297 2295/2295/2295 2366/2366/2366 
f 2366/2366/2366 2295/2295/2295 2293/2293/2293 
f 2295/2295/2295 2293/2293/2293 2293/2293/2293 
f 2293/2293/2293 2293/2293/2293 2312/2312/2312 
f 2293/2293/2293 2312/2312/2312 2312/2312/2312 
f 2312/2312/2312 2312/2312/2312 2312/2312/2312 
f 2312/2312/2312 2310/2310/2310 2312/2312/2312 
f 2312/2312/2312 2310/2310/2310 2329/2329/2329 
f 2310/2310/2310 2345/2345/2345 2329/2329/2329 
f 2329/2329/2329 2345/2345/2345 2345/2345/2345 
f 2345/2345/2345 2310/2310/2310 2345/2345/2345 
f 2345/2345/2345 2310/2310/2310 2346/2346/2346 
f 2310/2310/2310 2367/2367/2367 2346/2346/2346 
f 2346/2346/2346 2367/2367/2367 2347/2347/2347 
f 2367/2367/2367 2368/2368/2368 2347/2347/2347 
f 2347/2347/2347 2368/2368/2368 2348/2348/2348 
f 2368/2368/2368 2369/2369/2369 2348/2348/2348 
f 2348/2348/2348 2369/2369/2369 2349/2349/2349 
f 2369/2369/2369 2370/2370/2370 2349/2349/2349 
f 2349/2349/2349 2370/2370/2370 2370/2370/2370 
f 2370/2370/2370 2367/2367/2367 2370/2370/2370 
f 2370/2370/2370 2367/2367/2367 2367/2367/2367 
f 2367/2367/2367 2308/2308/2308 2367/2367/2367 
f 2367/2367/2367 2308/2308/2308 2368/2368/2368 
f 2308/2308/2308 2371/2371/2371 2368/2368/2368 
f 2368/2368/2368 2371/2371/2371 2369/2369/2369 
f 2371/2371/2371 2372/2372/2372 2369/2369/2369 
f 2369/2369/2369 2372/2372/2372 2370/2370/2370 
f 2372/2372/2372 2373/2373/2373 2370/2370/2370 
f 2370/2370/2370 2373/2373/2373 2373/2373/2373 
f 2373/2373/2373 2308/2308/2308 2373/2373/2373 
f 2373/2373/2373 2308/2308/2308 2308/2308/2308 
f 2308/2308/2308 2306/2306/2306 2308/2308/2308 
f 2308/2308/2308 2306/2306/2306 2371/2371/2371 
f 2306/2306/2306 2304/2304/2304 2371/2371/2371 
f 2371/2371/2371 2304/2304/2304 2372/2372/2372 
f 2304/2304/2304 2303/2303/2303 2372/2372/2372 
f 2372/2372/2372 2303/2303/2303 2373/2373/2373 
f 2303/2303/2303 2374/2374/2374 2373/2373/2373 
f 2373/2373/2373 2374/2374/2374 2374/2374/2374 
f 2374/2374/2374 2303/2303/2303 2374/2374/2374 
f 2374/2374/2374 2303/2303/2303 2303/2303/2303 
f 2303/2303/2303 2296/2296/2296 2303/2303/2303 
f 2303/2303/2303 2296/2296/2296 2374/2374/2374 
f 2296/2296/2296 2375/2375/2375 2374/2374/2374 
f 2374/2374/2374 2375/2375/2375 2375/2375/2375 
f 2375/2375/2375 2248/2248/2248 2375/2375/2375 
f 2375/2375/2375 2248/2248/2248 2248/2248/2248 
f 2248/2248/2248 2250/2250/2250 2248/2248/2248 
f 2248/2248/2248 2250/2250/2250 2323/2323/2323 
f 2250/2250/2250 2282/2282/2282 2323/2323/2323 
f 2323/2323/2323 2282/2282/2282 2321/2321/2321 
f 2282/2282/2282 2376/2376/2376 2321/2321/2321 
f 2321/2321/2321 2376/2376/2376 2319/2319/2319 
f 2376/2376/2376 2377/2377/2377 2319/2319/2319 
f 2319/2319/2319 2377/2377/2377 2378/2378/2378 
f 2377/2377/2377 2284/2284/2284 2378/2378/2378 
f 2378/2378/2378 2284/2284/2284 2285/2285/2285 
f 2284/2284/2284 2285/2285/2285 2285/2285/2285 
f 2285/2285/2285 2285/2285/2285 2285/2285/2285 
f 2285/2285/2285 2286/2286/2286 2285/2285/2285 
f 2285/2285/2285 2286/2286/2286 2378/2378/2378 
f 2286/2286/2286 2379/2379/2379 2378/2378/2378 
f 2378/2378/2378 2379/2379/2379 2315/2315/2315 
f 2379/2379/2379 2313/2313/2313 2315/2315/2315 
f 2315/2315/2315 2313/2313/2313 2313/2313/2313 
f 2313/2313/2313 2379/2379/2379 2313/2313/2313 
f 2313/2313/2313 2379/2379/2379 2379/2379/2379 
f 2379/2379/2379 2286/2286/2286 2379/2379/2379 
f 2379/2379/2379 2286/2286/2286 2380/2380/2380 
f 2286/2286/2286 2287/2287/2287 2380/2380/2380 
f 2380/2380/2380 2287/2287/2287 2381/2381/2381 
f 2287/2287/2287 2288/2288/2288 2381/2381/2381 
f 2381/2381/2381 2288/2288/2288 2307/2307/2307 
f 2288/2288/2288 2290/2290/2290 2307/2307/2307 
f 2307/2307/2307 2290/2290/2290 2290/2290/2290 
f 2290/2290/2290 2307/2307/2307 2290/2290/2290 
f 2290/2290/2290 2307/2307/2307 2307/2307/2307 
f 2307/2307/2307 2309/2309/2309 2307/2307/2307 
f 2307/2307/2307 2309/2309/2309 2381/2381/2381 
f 2309/2309/2309 2311/2311/2311 2381/2381/2381 
f 2381/2381/2381 2311/2311/2311 2380/2380/2380 
f 2311/2311/2311 2313/2313/2313 2380/2380/2380 
f 2380/2380/2380 2313/2313/2313 2379/2379/2379 
f 2313/2313/2313 2379/2379/2379 2379/2379/2379 
f 2379/2379/2379 2379/2379/2379 2319/2319/2319 
f 2379/2379/2379 2319/2319/2319 2319/2319/2319 
f 2319/2319/2319 2319/2319/2319 2319/2319/2319 
f 2319/2319/2319 2378/2378/2378 2319/2319/2319 
f 2319/2319/2319 2378/2378/2378 2317/2317/2317 
f 2378/2378/2378 2315/2315/2315 2317/2317/2317 
f 2317/2317/2317 2315/2315/2315 2315/2315/2315 
f 2315/2315/2315 2284/2284/2284 2315/2315/2315 
f 2315/2315/2315 2284/2284/2284 2284/2284/2284 
f 2284/2284/2284 2377/2377/2377 2284/2284/2284 
f 2284/2284/2284 2377/2377/2377 2283/2283/2283 
f 2377/2377/2377 2376/2376/2376 2283/2283/2283 
f 2283/2283/2283 2376/2376/2376 2282/2282/2282 
f 2376/2376/2376 2282/2282/2282 2282/2282/2282 
f 2282/2282/2282 2282/2282/2282 2263/2263/2263 
f 2282/2282/2282 2263/2263/2263 2263/2263/2263 
f 2263/2263/2263 2263/2263/2263 2263/2263/2263 
f 2263/2263/2263 2261/2261/2261 2263/2263/2263 
f 2263/2263/2263 2261/2261/2261 2265/2265/2265 
f 2261/2261/2261 2382/2382/2382 2265/2265/2265 
f 2265/2265/2265 2382/2382/2382 2267/2267/2267 
f 2382/2382/2382 2383/2383/2383 2267/2267/2267 
f 2267/2267/2267 2383/2383/2383 2384/2384/2384 
f 2383/2383/2383 2385/2385/2385 2384/2384/2384 
f 2384/2384/2384 2385/2385/2385 2386/2386/2386 
f 2385/2385/2385 2387/2387/2387 2386/2386/2386 
f 2386/2386/2386 2387/2387/2387 2388/2388/2388 
f 2387/2387/2387 2389/2389/2389 2388/2388/2388 
f 2388/2388/2388 2389/2389/2389 2390/2390/2390 
f 2389/2389/2389 2391/2391/2391 2390/2390/2390 
f 2390/2390/2390 2391/2391/2391 2392/2392/2392 
f 2391/2391/2391 2393/2393/2393 2392/2392/2392 
f 2392/2392/2392 2393/2393/2393 2394/2394/2394 
f 2393/2393/2393 2395/2395/2395 2394/2394/2394 
f 2394/2394/2394 2395/2395/2395 2396/2396/2396 
f 2395/2395/2395 2397/2397/2397 2396/2396/2396 
f 2396/2396/2396 2397/2397/2397 2398/2398/2398 
f 2397/2397/2397 2399/2399/2399 2398/2398/2398 
f 2398/2398/2398 2399/2399/2399 2400/2400/2400 
f 2399/2399/2399 2401/2401/2401 2400/2400/2400 
f 2400/2400/2400 2401/2401/2401 2402/2402/2402 
f 2401/2401/2401 2403/2403/2403 2402/2402/2402 
f 2402/2402/2402 2403/2403/2403 2404/2404/2404 
f 2403/2403/2403 2405/2405/2405 2404/2404/2404 
f 2404/2404/2404 2405/2405/2405 2406/2406/2406 
f 2405/2405/2405 2407/2407/2407 2406/2406/2406 
f 2406/2406/2406 2407/2407/2407 2408/2408/2408 
f 2407/2407/2407 2409/2409/2409 2408/2408/2408 
f 2408/2408/2408 2409/2409/2409 2410/2410/2410 
f 2409/2409/2409 2411/2411/2411 2410/2410/2410 
f 2410/2410/2410 2411/2411/2411 2412/2412/2412 
f 2411/2411/2411 2413/2413/2413 2412/2412/2412 
f 2412/2412/2412 2413/2413/2413 2414/2414/2414 
f 2413/2413/2413 2414/2414/2414 2414/2414/2414 
f 2414/2414/2414 2414/2414/2414 2414/2414/2414 
f 2414/2414/2414 2415/2415/2415 2414/2414/2414 
f 2414/2414/2414 2415/2415/2415 2412/2412/2412 
f 2415/2415/2415 2416/2416/2416 2412/2412/2412 
f 2412/2412/2412 2416/2416/2416 2410/2410/2410 
f 2416/2416/2416 2417/2417/2417 2410/2410/2410 
f 2410/2410/2410 2417/2417/2417 2408/2408/2408 
f 2417/2417/2417 2418/2418/2418 2408/2408/2408 
f 2408/2408/2408 2418/2418/2418 2406/2406/2406 
f 2418/2418/2418 2419/2419/2419 2406/2406/2406 
f 2406/2406/2406 2419/2419/2419 2420/2420/2420 
f 2419/2419/2419 2421/2421/2421 2420/2420/2420 
f 2420/2420/2420 2421/2421/2421 2422/2422/2422 
f 2421/2421/2421 2423/2423/2423 2422/2422/2422 
f 2422/2422/2422 2423/2423/2423 2402/2402/2402 
f 2423/2423/2423 2424/2424/2424 2402/2402/2402 
f 2402/2402/2402 2424/2424/2424 2400/2400/2400 
f 2424/2424/2424 2425/2425/2425 2400/2400/2400 
f 2400/2400/2400 2425/2425/2425 2398/2398/2398 
f 2425/2425/2425 2426/2426/2426 2398/2398/2398 
f 2398/2398/2398 2426/2426/2426 2427/2427/2427 
f 2426/2426/2426 2428/2428/2428 2427/2427/2427 
f 2427/2427/2427 2428/2428/2428 2429/2429/2429 
f 2428/2428/2428 2430/2430/2430 2429/2429/2429 
f 2429/2429/2429 2430/2430/2430 2431/2431/2431 
f 2430/2430/2430 2432/2432/2432 2431/2431/2431 
f 2431/2431/2431 2432/2432/2432 2433/2433/2433 
f 2432/2432/2432 2434/2434/2434 2433/2433/2433 
f 2433/2433/2433 2434/2434/2434 2435/2435/2435 
f 2434/2434/2434 2436/2436/2436 2435/2435/2435 
f 2435/2435/2435 2436/2436/2436 2271/2271/2271 
f 2436/2436/2436 2273/2273/2273 2271/2271/2271 
f 2271/2271/2271 2273/2273/2273 2273/2273/2273 
f 2273/2273/2273 2271/2271/2271 2273/2273/2273 
f 2273/2273/2273 2271/2271/2271 2271/2271/2271 
f 2271/2271/2271 2437/2437/2437 2271/2271/2271 
f 2271/2271/2271 2437/2437/2437 2435/2435/2435 
f 2437/2437/2437 2386/2386/2386 2435/2435/2435 
f 2435/2435/2435 2386/2386/2386 2433/2433/2433 
f 2386/2386/2386 2388/2388/2388 2433/2433/2433 
f 2433/2433/2433 2388/2388/2388 2431/2431/2431 
f 2388/2388/2388 2390/2390/2390 2431/2431/2431 
f 2431/2431/2431 2390/2390/2390 2429/2429/2429 
f 2390/2390/2390 2392/2392/2392 2429/2429/2429 
f 2429/2429/2429 2392/2392/2392 2427/2427/2427 
f 2392/2392/2392 2396/2396/2396 2427/2427/2427 
f 2427/2427/2427 2396/2396/2396 2398/2398/2398 
f 2396/2396/2396 2398/2398/2398 2398/2398/2398 
f 2398/2398/2398 2398/2398/2398 2386/2386/2386 
f 2398/2398/2398 2386/2386/2386 2386/2386/2386 
f 2386/2386/2386 2386/2386/2386 2386/2386/2386 
f 2386/2386/2386 2437/2437/2437 2386/2386/2386 
f 2386/2386/2386 2437/2437/2437 2384/2384/2384 
f 2437/2437/2437 2269/2269/2269 2384/2384/2384 
f 2384/2384/2384 2269/2269/2269 2267/2267/2267 
f 2269/2269/2269 2267/2267/2267 2267/2267/2267 
f 2267/2267/2267 2267/2267/2267 2420/2420/2420 
f 2267/2267/2267 2420/2420/2420 2420/2420/2420 
f 2420/2420/2420 2420/2420/2420 2420/2420/2420 
f 2420/2420/2420 2422/2422/2422 2420/2420/2420 
f 2420/2420/2420 2422/2422/2422 2406/2406/2406 
f 2422/2422/2422 2404/2404/2404 2406/2406/2406 
f 2406/2406/2406 2404/2404/2404 2404/2404/2404 
f 2404/2404/2404 2413/2413/2413 2404/2404/2404 
f 2404/2404/2404 2413/2413/2413 2413/2413/2413 
f 2413/2413/2413 2411/2411/2411 2413/2413/2413 
f 2413/2413/2413 2411/2411/2411 2438/2438/2438 
f 2411/2411/2411 2439/2439/2439 2438/2438/2438 
f 2438/2438/2438 2439/2439/2439 2440/2440/2440 
f 2439/2439/2439 2441/2441/2441 2440/2440/2440 
f 2440/2440/2440 2441/2441/2441 2442/2442/2442 
f 2441/2441/2441 2443/2443/2443 2442/2442/2442 
f 2442/2442/2442 2443/2443/2443 2444/2444/2444 
f 2443/2443/2443 2445/2445/2445 2444/2444/2444 
f 2444/2444/2444 2445/2445/2445 2446/2446/2446 
f 2445/2445/2445 2447/2447/2447 2446/2446/2446 
f 2446/2446/2446 2447/2447/2447 2448/2448/2448 
f 2447/2447/2447 2449/2449/2449 2448/2448/2448 
f 2448/2448/2448 2449/2449/2449 2450/2450/2450 
f 2449/2449/2449 2451/2451/2451 2450/2450/2450 
f 2450/2450/2450 2451/2451/2451 2452/2452/2452 
f 2451/2451/2451 2453/2453/2453 2452/2452/2452 
f 2452/2452/2452 2453/2453/2453 2454/2454/2454 
f 2453/2453/2453 2455/2455/2455 2454/2454/2454 
f 2454/2454/2454 2455/2455/2455 2456/2456/2456 
f 2455/2455/2455 2457/2457/2457 2456/2456/2456 
f 2456/2456/2456 2457/2457/2457 2458/2458/2458 
f 2457/2457/2457 2459/2459/2459 2458/2458/2458 
f 2458/2458/2458 2459/2459/2459 2460/2460/2460 
f 2459/2459/2459 2461/2461/2461 2460/2460/2460 
f 2460/2460/2460 2461/2461/2461 2462/2462/2462 
f 2461/2461/2461 2463/2463/2463 2462/2462/2462 
f 2462/2462/2462 2463/2463/2463 2464/2464/2464 
f 2463/2463/2463 2465/2465/2465 2464/2464/2464 
f 2464/2464/2464 2465/2465/2465 2466/2466/2466 
f 2465/2465/2465 2467/2467/2467 2466/2466/2466 
f 2466/2466/2466 2467/2467/2467 2468/2468/2468 
f 2467/2467/2467 2469/2469/2469 2468/2468/2468 
f 2468/2468/2468 2469/2469/2469 2470/2470/2470 
f 2469/2469/2469 2471/2471/2471 2470/2470/2470 
f 2470/2470/2470 2471/2471/2471 2472/2472/2472 
f 2471/2471/2471 2473/2473/2473 2472/2472/2472 
f 2472/2472/2472 2473/2473/2473 2474/2474/2474 
f 2473/2473/2473 2475/2475/2475 2474/2474/2474 
f 2474/2474/2474 2475/2475/2475 2476/2476/2476 
f 2475/2475/2475 2243/2243/2243 2476/2476/2476 
f 2476/2476/2476 2243/2243/2243 2242/2242/2242 
f 2243/2243/2243 2242/2242/2242 2242/2242/2242 
f 2242/2242/2242 2242/2242/2242 2411/2411/2411 
f 2242/2242/2242 2411/2411/2411 2411/2411/2411 
f 2411/2411/2411 2411/2411/2411 2411/2411/2411 
f 2411/2411/2411 2409/2409/2409 2411/2411/2411 
f 2411/2411/2411 2409/2409/2409 2439/2439/2439 
f 2409/2409/2409 2477/2477/2477 2439/2439/2439 
f 2439/2439/2439 2477/2477/2477 2441/2441/2441 
f 2477/2477/2477 2478/2478/2478 2441/2441/2441 
f 2441/2441/2441 2478/2478/2478 2443/2443/2443 
f 2478/2478/2478 2479/2479/2479 2443/2443/2443 
f 2443/2443/2443 2479/2479/2479 2445/2445/2445 
f 2479/2479/2479 2480/2480/2480 2445/2445/2445 
f 2445/2445/2445 2480/2480/2480 2447/2447/2447 
f 2480/2480/2480 2481/2481/2481 2447/2447/2447 
f 2447/2447/2447 2481/2481/2481 2449/2449/2449 
f 2481/2481/2481 2482/2482/2482 2449/2449/2449 
f 2449/2449/2449 2482/2482/2482 2451/2451/2451 
f 2482/2482/2482 2483/2483/2483 2451/2451/2451 
f 2451/2451/2451 2483/2483/2483 2453/2453/2453 
f 2483/2483/2483 2484/2484/2484 2453/2453/2453 
f 2453/2453/2453 2484/2484/2484 2455/2455/2455 
f 2484/2484/2484 2485/2485/2485 2455/2455/2455 
f 2455/2455/2455 2485/2485/2485 2457/2457/2457 
f 2485/2485/2485 2486/2486/2486 2457/2457/2457 
f 2457/2457/2457 2486/2486/2486 2459/2459/2459 
f 2486/2486/2486 2487/2487/2487 2459/2459/2459 
f 2459/2459/2459 2487/2487/2487 2461/2461/2461 
f 2487/2487/2487 2488/2488/2488 2461/2461/2461 
f 2461/2461/2461 2488/2488/2488 2463/2463/2463 
f 2488/2488/2488 2489/2489/2489 2463/2463/2463 
f 2463/2463/2463 2489/2489/2489 2465/2465/2465 
f 2489/2489/2489 2490/2490/2490 2465/2465/2465 
f 2465/2465/2465 2490/2490/2490 2467/2467/2467 
f 2490/2490/2490 2491/2491/2491 2467/2467/2467 
f 2467/2467/2467 2491/2491/2491 2469/2469/2469 
f 2491/2491/2491 2492/2492/2492 2469/2469/2469 
f 2469/2469/2469 2492/2492/2492 2471/2471/2471 
f 2492/2492/2492 2493/2493/2493 2471/2471/2471 
f 2471/2471/2471 2493/2493/2493 2473/2473/2473 
f 2493/2493/2493 2494/2494/2494 2473/2473/2473 
f 2473/2473/2473 2494/2494/2494 2475/2475/2475 
f 2494/2494/2494 2245/2245/2245 2475/2475/2475 
f 2475/2475/2475 2245/2245/2245 2243/2243/2243 
f 2245/2245/2245 2243/2243/2243 2243/2243/2243 
f 2243/2243/2243 2243/2243/2243 2409/2409/2409 
f 2243/2243/2243 2409/2409/2409 2409/2409/2409 
f 2409/2409/2409 2409/2409/2409 2409/2409/2409 
f 2409/2409/2409 2407/2407/2407 2409/2409/2409 
f 2409/2409/2409 2407/2407/2407 2477/2477/2477 
f 2407/2407/2407 2405/2405/2405 2477/2477/2477 
f 2477/2477/2477 2405/2405/2405 2478/2478/2478 
f 2405/2405/2405 2495/2495/2495 2478/2478/2478 
f 2478/2478/2478 2495/2495/2495 2479/2479/2479 
f 2495/2495/2495 2496/2496/2496 2479/2479/2479 
f 2479/2479/2479 2496/2496/2496 2480/2480/2480 
f 2496/2496/2496 2497/2497/2497 2480/2480/2480 
f 2480/2480/2480 2497/2497/2497 2481/2481/2481 
f 2497/2497/2497 2498/2498/2498 2481/2481/2481 
f 2481/2481/2481 2498/2498/2498 2482/2482/2482 
f 2498/2498/2498 2499/2499/2499 2482/2482/2482 
f 2482/2482/2482 2499/2499/2499 2483/2483/2483 
f 2499/2499/2499 2500/2500/2500 2483/2483/2483 
f 2483/2483/2483 2500/2500/2500 2484/2484/2484 
f 2500/2500/2500 2501/2501/2501 2484/2484/2484 
f 2484/2484/2484 2501/2501/2501 2485/2485/2485 
f 2501/2501/2501 2502/2502/2502 2485/2485/2485 
f 2485/2485/2485 2502/2502/2502 2486/2486/2486 
f 2502/2502/2502 2503/2503/2503 2486/2486/2486 
f 2486/2486/2486 2503/2503/2503 2487/2487/2487 
f 2503/2503/2503 2504/2504/2504 2487/2487/2487 
f 2487/2487/2487 2504/2504/2504 2488/2488/2488 
f 2504/2504/2504 2505/2505/2505 2488/2488/2488 
f 2488/2488/2488 2505/2505/2505 2489/2489/2489 
f 2505/2505/2505 2506/2506/2506 2489/2489/2489 
f 2489/2489/2489 2506/2506/2506 2490/2490/2490 
f 2506/2506/2506 2507/2507/2507 2490/2490/2490 
f 2490/2490/2490 2507/2507/2507 2491/2491/2491 
f 2507/2507/2507 2508/2508/2508 2491/2491/2491 
f 2491/2491/2491 2508/2508/2508 2492/2492/2492 
f 2508/2508/2508 2251/2251/2251 2492/2492/2492 
f 2492/2492/2492 2251/2251/2251 2493/2493/2493 
f 2251/2251/2251 2249/2249/2249 2493/2493/2493 
f 2493/2493/2493 2249/2249/2249 2494/2494/2494 
f 2249/2249/2249 2247/2247/2247 2494/2494/2494 
f 2494/2494/2494 2247/2247/2247 2245/2245/2245 
f 2247/2247/2247 2245/2245/2245 2245/2245/2245 
f 2245/2245/2245 2245/2245/2245 2500/2500/2500 
f 2245/2245/2245 2500/2500/2500 2500/2500/2500 
f 2500/2500/2500 2500/2500/2500 2500/2500/2500 
f 2500/2500/2500 2499/2499/2499 2500/2500/2500 
f 2500/2500/2500 2499/2499/2499 2395/2395/2395 
f 2499/2499/2499 2498/2498/2498 2395/2395/2395 
f 2395/2395/2395 2498/2498/2498 2397/2397/2397 
f 2498/2498/2498 2497/2497/2497 2397/2397/2397 
f 2397/2397/2397 2497/2497/2497 2399/2399/2399 
f 2497/2497/2497 2401/2401/2401 2399/2399/2399 
f 2399/2399/2399 2401/2401/2401 2401/2401/2401 
f 2401/2401/2401 2500/2500/2500 2401/2401/2401 
f 2401/2401/2401 2500/2500/2500 2500/2500/2500 
f 2500/2500/2500 2395/2395/2395 2500/2500/2500 
f 2500/2500/2500 2395/2395/2395 2509/2509/2509 
f 2395/2395/2395 2393/2393/2393 2509/2509/2509 
f 2509/2509/2509 2393/2393/2393 2510/2510/2510 
f 2393/2393/2393 2391/2391/2391 2510/2510/2510 
f 2510/2510/2510 2391/2391/2391 2511/2511/2511 
f 2391/2391/2391 2389/2389/2389 2511/2511/2511 
f 2511/2511/2511 2389/2389/2389 2512/2512/2512 
f 2389/2389/2389 2387/2387/2387 2512/2512/2512 
f 2512/2512/2512 2387/2387/2387 2385/2385/2385 
f 2387/2387/2387 2385/2385/2385 2385/2385/2385 
f 2385/2385/2385 2385/2385/2385 2385/2385/2385 
f 2385/2385/2385 2513/2513/2513 2385/2385/2385 
f 2385/2385/2385 2513/2513/2513 2512/2512/2512 
f 2513/2513/2513 2514/2514/2514 2512/2512/2512 
f 2512/2512/2512 2514/2514/2514 2511/2511/2511 
f 2514/2514/2514 2515/2515/2515 2511/2511/2511 
f 2511/2511/2511 2515/2515/2515 2510/2510/2510 
f 2515/2515/2515 2516/2516/2516 2510/2510/2510 
f 2510/2510/2510 2516/2516/2516 2517/2517/2517 
f 2516/2516/2516 2501/2501/2501 2517/2517/2517 
f 2517/2517/2517 2501/2501/2501 2500/2500/2500 
f 2501/2501/2501 2500/2500/2500 2500/2500/2500 
f 2500/2500/2500 2500/2500/2500 2385/2385/2385 
f 2500/2500/2500 2385/2385/2385 2385/2385/2385 
f 2385/2385/2385 2385/2385/2385 2385/2385/2385 
f 2385/2385/2385 2518/2518/2518 2385/2385/2385 
f 2385/2385/2385 2518/2518/2518 2513/2513/2513 
f 2518/2518/2518 2519/2519/2519 2513/2513/2513 
f 2513/2513/2513 2519/2519/2519 2514/2514/2514 
f 2519/2519/2519 2520/2520/2520 2514/2514/2514 
f 2514/2514/2514 2520/2520/2520 2515/2515/2515 
f 2520/2520/2520 2521/2521/2521 2515/2515/2515 
f 2515/2515/2515 2521/2521/2521 2516/2516/2516 
f 2521/2521/2521 2503/2503/2503 2516/2516/2516 
f 2516/2516/2516 2503/2503/2503 2502/2502/2502 
f 2503/2503/2503 2502/2502/2502 2502/2502/2502 
f 2502/2502/2502 2502/2502/2502 2385/2385/2385 
f 2502/2502/2502 2385/2385/2385 2385/2385/2385 
f 2385/2385/2385 2385/2385/2385 2385/2385/2385 
f 2385/2385/2385 2383/2383/2383 2385/2385/2385 
f 2385/2385/2385 2383/2383/2383 2518/2518/2518 
f 2383/2383/2383 2382/2382/2382 2518/2518/2518 
f 2518/2518/2518 2382/2382/2382 2522/2522/2522 
f 2382/2382/2382 2261/2261/2261 2522/2522/2522 
f 2522/2522/2522 2261/2261/2261 2259/2259/2259 
f 2261/2261/2261 2259/2259/2259 2259/2259/2259 
f 2259/2259/2259 2259/2259/2259 2518/2518/2518 
f 2259/2259/2259 2518/2518/2518 2518/2518/2518 
f 2518/2518/2518 2518/2518/2518 2518/2518/2518 
f 2518/2518/2518 2522/2522/2522 2518/2518/2518 
f 2518/2518/2518 2522/2522/2522 2523/2523/2523 
f 2522/2522/2522 2524/2524/2524 2523/2523/2523 
f 2523/2523/2523 2524/2524/2524 2525/2525/2525 
f 2524/2524/2524 2526/2526/2526 2525/2525/2525 
f 2525/2525/2525 2526/2526/2526 2527/2527/2527 
f 2526/2526/2526 2528/2528/2528 2527/2527/2527 
f 2527/2527/2527 2528/2528/2528 2529/2529/2529 
f 2528/2528/2528 2255/2255/2255 2529/2529/2529 
f 2529/2529/2529 2255/2255/2255 2530/2530/2530 
f 2255/2255/2255 2253/2253/2253 2530/2530/2530 
f 2530/2530/2530 2253/2253/2253 2507/2507/2507 
f 2253/2253/2253 2508/2508/2508 2507/2507/2507 
f 2507/2507/2507 2508/2508/2508 2508/2508/2508 
f 2508/2508/2508 2522/2522/2522 2508/2508/2508 
f 2508/2508/2508 2522/2522/2522 2522/2522/2522 
f 2522/2522/2522 2259/2259/2259 2522/2522/2522 
f 2522/2522/2522 2259/2259/2259 2524/2524/2524 
f 2259/2259/2259 2257/2257/2257 2524/2524/2524 
f 2524/2524/2524 2257/2257/2257 2528/2528/2528 
f 2257/2257/2257 2255/2255/2255 2528/2528/2528 
f 2528/2528/2528 2255/2255/2255 2255/2255/2255 
f 2255/2255/2255 2518/2518/2518 2255/2255/2255 
f 2255/2255/2255 2518/2518/2518 2518/2518/2518 
f 2518/2518/2518 2523/2523/2523 2518/2518/2518 
f 2518/2518/2518 2523/2523/2523 2519/2519/2519 
f 2523/2523/2523 2520/2520/2520 2519/2519/2519 
f 2519/2519/2519 2520/2520/2520 2520/2520/2520 
f 2520/2520/2520 2523/2523/2523 2520/2520/2520 
f 2520/2520/2520 2523/2523/2523 2523/2523/2523 
f 2523/2523/2523 2525/2525/2525 2523/2523/2523 
f 2523/2523/2523 2525/2525/2525 2520/2520/2520 
f 2525/2525/2525 2531/2531/2531 2520/2520/2520 
f 2520/2520/2520 2531/2531/2531 2521/2521/2521 
f 2531/2531/2531 2503/2503/2503 2521/2521/2521 
f 2521/2521/2521 2503/2503/2503 2503/2503/2503 
f 2503/2503/2503 2531/2531/2531 2503/2503/2503 
f 2503/2503/2503 2531/2531/2531 2504/2504/2504 
f 2531/2531/2531 2527/2527/2527 2504/2504/2504 
f 2504/2504/2504 2527/2527/2527 2505/2505/2505 
f 2527/2527/2527 2506/2506/2506 2505/2505/2505 
f 2505/2505/2505 2506/2506/2506 2506/2506/2506 
f 2506/2506/2506 2527/2527/2527 2506/2506/2506 
f 2506/2506/2506 2527/2527/2527 2527/2527/2527 
f 2527/2527/2527 2529/2529/2529 2527/2527/2527 
f 2527/2527/2527 2529/2529/2529 2506/2506/2506 
f 2529/2529/2529 2530/2530/2530 2506/2506/2506 
f 2506/2506/2506 2530/2530/2530 2507/2507/2507 
f 2530/2530/2530 2507/2507/2507 2507/2507/2507 
f 2507/2507/2507 2507/2507/2507 2405/2405/2405 
f 2507/2507/2507 2405/2405/2405 2405/2405/2405 
f 2405/2405/2405 2405/2405/2405 2405/2405/2405 
f 2405/2405/2405 2403/2403/2403 2405/2405/2405 
f 2405/2405/2405 2403/2403/2403 2495/2495/2495 
f 2403/2403/2403 2401/2401/2401 2495/2495/2495 
f 2495/2495/2495 2401/2401/2401 2496/2496/2496 
f 2401/2401/2401 2497/2497/2497 2496/2496/2496 
f 2496/2496/2496 2497/2497/2497 2497/2497/2497 
f 2497/2497/2497 2500/2500/2500 2497/2497/2497 
f 2497/2497/2497 2500/2500/2500 2500/2500/2500 
f 2500/2500/2500 2509/2509/2509 2500/2500/2500 
f 2500/2500/2500 2509/2509/2509 2517/2517/2517 
f 2509/2509/2509 2510/2510/2510 2517/2517/2517 
f 2517/2517/2517 2510/2510/2510 2510/2510/2510 
f 2510/2510/2510 2414/2414/2414 2510/2510/2510 
f 2510/2510/2510 2414/2414/2414 2414/2414/2414 
f 2414/2414/2414 2532/2532/2532 2414/2414/2414 
f 2414/2414/2414 2532/2532/2532 2415/2415/2415 
f 2532/2532/2532 2533/2533/2533 2415/2415/2415 
f 2415/2415/2415 2533/2533/2533 2534/2534/2534 
f 2533/2533/2533 2534/2534/2534 2534/2534/2534 
f 2534/2534/2534 2534/2534/2534 2415/2415/2415 
f 2534/2534/2534 2415/2415/2415 2415/2415/2415 
f 2415/2415/2415 2415/2415/2415 2415/2415/2415 
f 2415/2415/2415 2534/2534/2534 2415/2415/2415 
f 2415/2415/2415 2534/2534/2534 2416/2416/2416 
f 2534/2534/2534 2535/2535/2535 2416/2416/2416 
f 2416/2416/2416 2535/2535/2535 2417/2417/2417 
f 2535/2535/2535 2536/2536/2536 2417/2417/2417 
f 2417/2417/2417 2536/2536/2536 2537/2537/2537 
f 2536/2536/2536 2538/2538/2538 2537/2537/2537 
f 2537/2537/2537 2538/2538/2538 2539/2539/2539 
f 2538/2538/2538 2540/2540/2540 2539/2539/2539 
f 2539/2539/2539 2540/2540/2540 2541/2541/2541 
f 2540/2540/2540 2542/2542/2542 2541/2541/2541 
f 2541/2541/2541 2542/2542/2542 2543/2543/2543 
f 2542/2542/2542 2544/2544/2544 2543/2543/2543 
f 2543/2543/2543 2544/2544/2544 2545/2545/2545 
f 2544/2544/2544 2546/2546/2546 2545/2545/2545 
f 2545/2545/2545 2546/2546/2546 2547/2547/2547 
f 2546/2546/2546 2548/2548/2548 2547/2547/2547 
f 2547/2547/2547 2548/2548/2548 2549/2549/2549 
f 2548/2548/2548 2550/2550/2550 2549/2549/2549 
f 2549/2549/2549 2550/2550/2550 2551/2551/2551 
f 2550/2550/2550 2552/2552/2552 2551/2551/2551 
f 2551/2551/2551 2552/2552/2552 2553/2553/2553 
f 2552/2552/2552 2554/2554/2554 2553/2553/2553 
f 2553/2553/2553 2554/2554/2554 2555/2555/2555 
f 2554/2554/2554 2556/2556/2556 2555/2555/2555 
f 2555/2555/2555 2556/2556/2556 2557/2557/2557 
f 2556/2556/2556 2558/2558/2558 2557/2557/2557 
f 2557/2557/2557 2558/2558/2558 2559/2559/2559 
f 2558/2558/2558 2560/2560/2560 2559/2559/2559 
f 2559/2559/2559 2560/2560/2560 2561/2561/2561 
f 2560/2560/2560 2561/2561/2561 2561/2561/2561 
f 2561/2561/2561 2561/2561/2561 2541/2541/2541 
f 2561/2561/2561 2541/2541/2541 2541/2541/2541 
f 2541/2541/2541 2541/2541/2541 2541/2541/2541 
f 2541/2541/2541 2543/2543/2543 2541/2541/2541 
f 2541/2541/2541 2543/2543/2543 2562/2562/2562 
f 2543/2543/2543 2563/2563/2563 2562/2562/2562 
f 2562/2562/2562 2563/2563/2563 2421/2421/2421 
f 2563/2563/2563 2564/2564/2564 2421/2421/2421 
f 2421/2421/2421 2564/2564/2564 2423/2423/2423 
f 2564/2564/2564 2565/2565/2565 2423/2423/2423 
f 2423/2423/2423 2565/2565/2565 2424/2424/2424 
f 2565/2565/2565 2566/2566/2566 2424/2424/2424 
f 2424/2424/2424 2566/2566/2566 2425/2425/2425 
f 2566/2566/2566 2567/2567/2567 2425/2425/2425 
f 2425/2425/2425 2567/2567/2567 2426/2426/2426 
f 2567/2567/2567 2428/2428/2428 2426/2426/2426 
f 2426/2426/2426 2428/2428/2428 2428/2428/2428 
f 2428/2428/2428 2567/2567/2567 2428/2428/2428 
f 2428/2428/2428 2567/2567/2567 2568/2568/2568 
f 2567/2567/2567 2566/2566/2566 2568/2568/2568 
f 2568/2568/2568 2566/2566/2566 2569/2569/2569 
f 2566/2566/2566 2565/2565/2565 2569/2569/2569 
f 2569/2569/2569 2565/2565/2565 2570/2570/2570 
f 2565/2565/2565 2564/2564/2564 2570/2570/2570 
f 2570/2570/2570 2564/2564/2564 2571/2571/2571 
f 2564/2564/2564 2563/2563/2563 2571/2571/2571 
f 2571/2571/2571 2563/2563/2563 2572/2572/2572 
f 2563/2563/2563 2543/2543/2543 2572/2572/2572 
f 2572/2572/2572 2543/2543/2543 2545/2545/2545 
f 2543/2543/2543 2545/2545/2545 2545/2545/2545 
f 2545/2545/2545 2545/2545/2545 2568/2568/2568 
f 2545/2545/2545 2568/2568/2568 2568/2568/2568 
f 2568/2568/2568 2568/2568/2568 2568/2568/2568 
f 2568/2568/2568 2569/2569/2569 2568/2568/2568 
f 2568/2568/2568 2569/2569/2569 2573/2573/2573 
f 2569/2569/2569 2570/2570/2570 2573/2573/2573 
f 2573/2573/2573 2570/2570/2570 2574/2574/2574 
f 2570/2570/2570 2571/2571/2571 2574/2574/2574 
f 2574/2574/2574 2571/2571/2571 2575/2575/2575 
f 2571/2571/2571 2576/2576/2576 2575/2575/2575 
f 2575/2575/2575 2576/2576/2576 2577/2577/2577 
f 2576/2576/2576 2578/2578/2578 2577/2577/2577 
f 2577/2577/2577 2578/2578/2578 2579/2579/2579 
f 2578/2578/2578 2551/2551/2551 2579/2579/2579 
f 2579/2579/2579 2551/2551/2551 2580/2580/2580 
f 2551/2551/2551 2553/2553/2553 2580/2580/2580 
f 2580/2580/2580 2553/2553/2553 2555/2555/2555 
f 2553/2553/2553 2555/2555/2555 2555/2555/2555 
f 2555/2555/2555 2555/2555/2555 2573/2573/2573 
f 2555/2555/2555 2573/2573/2573 2573/2573/2573 
f 2573/2573/2573 2573/2573/2573 2573/2573/2573 
f 2573/2573/2573 2574/2574/2574 2573/2573/2573 
f 2573/2573/2573 2574/2574/2574 2581/2581/2581 
f 2574/2574/2574 2577/2577/2577 2581/2581/2581 
f 2581/2581/2581 2577/2577/2577 2582/2582/2582 
f 2577/2577/2577 2579/2579/2579 2582/2582/2582 
f 2582/2582/2582 2579/2579/2579 2583/2583/2583 
f 2579/2579/2579 2580/2580/2580 2583/2583/2583 
f 2583/2583/2583 2580/2580/2580 2584/2584/2584 
f 2580/2580/2580 2555/2555/2555 2584/2584/2584 
f 2584/2584/2584 2555/2555/2555 2585/2585/2585 
f 2555/2555/2555 2557/2557/2557 2585/2585/2585 
f 2585/2585/2585 2557/2557/2557 2559/2559/2559 
f 2557/2557/2557 2559/2559/2559 2559/2559/2559 
f 2559/2559/2559 2559/2559/2559 2583/2583/2583 
f 2559/2559/2559 2583/2583/2583 2583/2583/2583 
f 2583/2583/2583 2583/2583/2583 2583/2583/2583 
f 2583/2583/2583 2586/2586/2586 2583/2583/2583 
f 2583/2583/2583 2586/2586/2586 2582/2582/2582 
f 2586/2586/2586 2587/2587/2587 2582/2582/2582 
f 2582/2582/2582 2587/2587/2587 2581/2581/2581 
f 2587/2587/2587 2588/2588/2588 2581/2581/2581 
f 2581/2581/2581 2588/2588/2588 2573/2573/2573 
f 2588/2588/2588 2589/2589/2589 2573/2573/2573 
f 2573/2573/2573 2589/2589/2589 2568/2568/2568 
f 2589/2589/2589 2590/2590/2590 2568/2568/2568 
f 2568/2568/2568 2590/2590/2590 2591/2591/2591 
f 2590/2590/2590 2592/2592/2592 2591/2591/2591 
f 2591/2591/2591 2592/2592/2592 2430/2430/2430 
f 2592/2592/2592 2432/2432/2432 2430/2430/2430 
f 2430/2430/2430 2432/2432/2432 2432/2432/2432 
f 2432/2432/2432 2592/2592/2592 2432/2432/2432 
f 2432/2432/2432 2592/2592/2592 2592/2592/2592 
f 2592/2592/2592 2590/2590/2590 2592/2592/2592 
f 2592/2592/2592 2590/2590/2590 2593/2593/2593 
f 2590/2590/2590 2594/2594/2594 2593/2593/2593 
f 2593/2593/2593 2594/2594/2594 2595/2595/2595 
f 2594/2594/2594 2596/2596/2596 2595/2595/2595 
f 2595/2595/2595 2596/2596/2596 2597/2597/2597 
f 2596/2596/2596 2598/2598/2598 2597/2597/2597 
f 2597/2597/2597 2598/2598/2598 2599/2599/2599 
f 2598/2598/2598 2586/2586/2586 2599/2599/2599 
f 2599/2599/2599 2586/2586/2586 2600/2600/2600 
f 2586/2586/2586 2583/2583/2583 2600/2600/2600 
f 2600/2600/2600 2583/2583/2583 2601/2601/2601 
f 2583/2583/2583 2584/2584/2584 2601/2601/2601 
f 2601/2601/2601 2584/2584/2584 2602/2602/2602 
f 2584/2584/2584 2585/2585/2585 2602/2602/2602 
f 2602/2602/2602 2585/2585/2585 2603/2603/2603 
f 2585/2585/2585 2559/2559/2559 2603/2603/2603 
f 2603/2603/2603 2559/2559/2559 2604/2604/2604 
f 2559/2559/2559 2561/2561/2561 2604/2604/2604 
f 2604/2604/2604 2561/2561/2561 2561/2561/2561 
f 2561/2561/2561 2586/2586/2586 2561/2561/2561 
f 2561/2561/2561 2586/2586/2586 2586/2586/2586 
f 2586/2586/2586 2598/2598/2598 2586/2586/2586 
f 2586/2586/2586 2598/2598/2598 2587/2587/2587 
f 2598/2598/2598 2596/2596/2596 2587/2587/2587 
f 2587/2587/2587 2596/2596/2596 2588/2588/2588 
f 2596/2596/2596 2594/2594/2594 2588/2588/2588 
f 2588/2588/2588 2594/2594/2594 2589/2589/2589 
f 2594/2594/2594 2590/2590/2590 2589/2589/2589 
f 2589/2589/2589 2590/2590/2590 2590/2590/2590 
f 2590/2590/2590 2541/2541/2541 2590/2590/2590 
f 2590/2590/2590 2541/2541/2541 2541/2541/2541 
f 2541/2541/2541 2562/2562/2562 2541/2541/2541 
f 2541/2541/2541 2562/2562/2562 2539/2539/2539 
f 2562/2562/2562 2419/2419/2419 2539/2539/2539 
f 2539/2539/2539 2419/2419/2419 2418/2418/2418 
f 2419/2419/2419 2418/2418/2418 2418/2418/2418 
f 2418/2418/2418 2418/2418/2418 2539/2539/2539 
f 2418/2418/2418 2539/2539/2539 2539/2539/2539 
f 2539/2539/2539 2539/2539/2539 2539/2539/2539 
f 2539/2539/2539 2418/2418/2418 2539/2539/2539 
f 2539/2539/2539 2418/2418/2418 2537/2537/2537 
f 2418/2418/2418 2417/2417/2417 2537/2537/2537 
f 2537/2537/2537 2417/2417/2417 2417/2417/2417 
f 2417/2417/2417 2571/2571/2571 2417/2417/2417 
f 2417/2417/2417 2571/2571/2571 2571/2571/2571 
f 2571/2571/2571 2572/2572/2572 2571/2571/2571 
f 2571/2571/2571 2572/2572/2572 2576/2576/2576 
f 2572/2572/2572 2547/2547/2547 2576/2576/2576 
f 2576/2576/2576 2547/2547/2547 2578/2578/2578 
f 2547/2547/2547 2549/2549/2549 2578/2578/2578 
f 2578/2578/2578 2549/2549/2549 2551/2551/2551 
f 2549/2549/2549 2551/2551/2551 2551/2551/2551 
f 2551/2551/2551 2551/2551/2551 2601/2601/2601 
f 2551/2551/2551 2601/2601/2601 2601/2601/2601 
f 2601/2601/2601 2601/2601/2601 2601/2601/2601 
f 2601/2601/2601 2602/2602/2602 2601/2601/2601 
f 2601/2601/2601 2602/2602/2602 2600/2600/2600 
f 2602/2602/2602 2605/2605/2605 2600/2600/2600 
f 2600/2600/2600 2605/2605/2605 2599/2599/2599 
f 2605/2605/2605 2606/2606/2606 2599/2599/2599 
f 2599/2599/2599 2606/2606/2606 2607/2607/2607 
f 2606/2606/2606 2608/2608/2608 2607/2607/2607 
f 2607/2607/2607 2608/2608/2608 2609/2609/2609 
f 2608/2608/2608 2610/2610/2610 2609/2609/2609 
f 2609/2609/2609 2610/2610/2610 2611/2611/2611 
f 2610/2610/2610 2612/2612/2612 2611/2611/2611 
f 2611/2611/2611 2612/2612/2612 2613/2613/2613 
f 2612/2612/2612 2277/2277/2277 2613/2613/2613 
f 2613/2613/2613 2277/2277/2277 2275/2275/2275 
f 2277/2277/2277 2275/2275/2275 2275/2275/2275 
f 2275/2275/2275 2275/2275/2275 2602/2602/2602 
f 2275/2275/2275 2602/2602/2602 2602/2602/2602 
f 2602/2602/2602 2602/2602/2602 2602/2602/2602 
f 2602/2602/2602 2614/2614/2614 2602/2602/2602 
f 2602/2602/2602 2614/2614/2614 2605/2605/2605 
f 2614/2614/2614 2615/2615/2615 2605/2605/2605 
f 2605/2605/2605 2615/2615/2615 2606/2606/2606 
f 2615/2615/2615 2616/2616/2616 2606/2606/2606 
f 2606/2606/2606 2616/2616/2616 2608/2608/2608 
f 2616/2616/2616 2617/2617/2617 2608/2608/2608 
f 2608/2608/2608 2617/2617/2617 2610/2610/2610 
f 2617/2617/2617 2618/2618/2618 2610/2610/2610 
f 2610/2610/2610 2618/2618/2618 2612/2612/2612 
f 2618/2618/2618 2279/2279/2279 2612/2612/2612 
f 2612/2612/2612 2279/2279/2279 2277/2277/2277 
f 2279/2279/2279 2277/2277/2277 2277/2277/2277 
f 2277/2277/2277 2277/2277/2277 2614/2614/2614 
f 2277/2277/2277 2614/2614/2614 2614/2614/2614 
f 2614/2614/2614 2614/2614/2614 2614/2614/2614 
f 2614/2614/2614 2619/2619/2619 2614/2614/2614 
f 2614/2614/2614 2619/2619/2619 2615/2615/2615 
f 2619/2619/2619 2620/2620/2620 2615/2615/2615 
f 2615/2615/2615 2620/2620/2620 2616/2616/2616 
f 2620/2620/2620 2621/2621/2621 2616/2616/2616 
f 2616/2616/2616 2621/2621/2621 2617/2617/2617 
f 2621/2621/2621 2622/2622/2622 2617/2617/2617 
f 2617/2617/2617 2622/2622/2622 2618/2618/2618 
f 2622/2622/2622 2281/2281/2281 2618/2618/2618 
f 2618/2618/2618 2281/2281/2281 2279/2279/2279 
f 2281/2281/2281 2279/2279/2279 2279/2279/2279 
f 2279/2279/2279 2279/2279/2279 2619/2619/2619 
f 2279/2279/2279 2619/2619/2619 2619/2619/2619 
f 2619/2619/2619 2619/2619/2619 2619/2619/2619 
f 2619/2619/2619 2614/2614/2614 2619/2619/2619 
f 2619/2619/2619 2614/2614/2614 2623/2623/2623 
f 2614/2614/2614 2603/2603/2603 2623/2623/2623 
f 2623/2623/2623 2603/2603/2603 2604/2604/2604 
f 2603/2603/2603 2604/2604/2604 2604/2604/2604 
f 2604/2604/2604 2604/2604/2604 2568/2568/2568 
f 2604/2604/2604 2568/2568/2568 2568/2568/2568 
f 2568/2568/2568 2568/2568/2568 2568/2568/2568 
f 2568/2568/2568 2591/2591/2591 2568/2568/2568 
f 2568/2568/2568 2591/2591/2591 2428/2428/2428 
f 2591/2591/2591 2430/2430/2430 2428/2428/2428 
f 2428/2428/2428 2430/2430/2430 2430/2430/2430 
f 2430/2430/2430 2599/2599/2599 2430/2430/2430 
f 2430/2430/2430 2599/2599/2599 2599/2599/2599 
f 2599/2599/2599 2607/2607/2607 2599/2599/2599 
f 2599/2599/2599 2607/2607/2607 2597/2597/2597 
f 2607/2607/2607 2609/2609/2609 2597/2597/2597 
f 2597/2597/2597 2609/2609/2609 2624/2624/2624 
f 2609/2609/2609 2611/2611/2611 2624/2624/2624 
f 2624/2624/2624 2611/2611/2611 2625/2625/2625 
f 2611/2611/2611 2626/2626/2626 2625/2625/2625 
f 2625/2625/2625 2626/2626/2626 2627/2627/2627 
f 2626/2626/2626 2628/2628/2628 2627/2627/2627 
f 2627/2627/2627 2628/2628/2628 2434/2434/2434 
f 2628/2628/2628 2436/2436/2436 2434/2434/2434 
f 2434/2434/2434 2436/2436/2436 2436/2436/2436 
f 2436/2436/2436 2624/2624/2624 2436/2436/2436 
f 2436/2436/2436 2624/2624/2624 2624/2624/2624 
f 2624/2624/2624 2625/2625/2625 2624/2624/2624 
f 2624/2624/2624 2625/2625/2625 2629/2629/2629 
f 2625/2625/2625 2627/2627/2627 2629/2629/2629 
f 2629/2629/2629 2627/2627/2627 2630/2630/2630 
f 2627/2627/2627 2434/2434/2434 2630/2630/2630 
f 2630/2630/2630 2434/2434/2434 2432/2432/2432 
f 2434/2434/2434 2432/2432/2432 2432/2432/2432 
f 2432/2432/2432 2432/2432/2432 2432/2432/2432 
f 2432/2432/2432 2592/2592/2592 2432/2432/2432 
f 2432/2432/2432 2592/2592/2592 2630/2630/2630 
f 2592/2592/2592 2593/2593/2593 2630/2630/2630 
f 2630/2630/2630 2593/2593/2593 2629/2629/2629 
f 2593/2593/2593 2595/2595/2595 2629/2629/2629 
f 2629/2629/2629 2595/2595/2595 2597/2597/2597 
f 2595/2595/2595 2597/2597/2597 2597/2597/2597 
f 2597/2597/2597 2597/2597/2597 2274/2274/2274 
f 2597/2597/2597 2274/2274/2274 2274/2274/2274 
f 2274/2274/2274 2274/2274/2274 2274/2274/2274 
f 2274/2274/2274 2363/2363/2363 2274/2274/2274 
f 2274/2274/2274 2363/2363/2363 2272/2272/2272 
f 2363/2363/2363 2270/2270/2270 2272/2272/2272 
f 2272/2272/2272 2270/2270/2270 2270/2270/2270 
f 2270/2270/2270 2363/2363/2363 2270/2270/2270 
f 2270/2270/2270 2363/2363/2363 2363/2363/2363 
f 2363/2363/2363 2365/2365/2365 2363/2363/2363 
f 2363/2363/2363 2365/2365/2365 2270/2270/2270 
f 2365/2365/2365 2268/2268/2268 2270/2270/2270 
f 2270/2270/2270 2268/2268/2268 2268/2268/2268 
f 2268/2268/2268 2365/2365/2365 2268/2268/2268 
f 2268/2268/2268 2365/2365/2365 2266/2266/2266 
f 2365/2365/2365 2289/2289/2289 2266/2266/2266 
f 2266/2266/2266 2289/2289/2289 2264/2264/2264 
f 2289/2289/2289 2264/2264/2264 2264/2264/2264 
f 2264/2264/2264 2264/2264/2264 2327/2327/2327 
f 2264/2264/2264 2327/2327/2327 2327/2327/2327 
f 2327/2327/2327 2327/2327/2327 2327/2327/2327 
f 2327/2327/2327 2044/2044/2044 2327/2327/2327 
f 2327/2327/2327 2044/2044/2044 2328/2328/2328 
f 2044/2044/2044 2043/2043/2043 2328/2328/2328 
f 2328/2328/2328 2043/2043/2043 2043/2043/2043 
f 2043/2043/2043 2611/2611/2611 2043/2043/2043 
f 2043/2043/2043 2611/2611/2611 2611/2611/2611 
f 2611/2611/2611 2613/2613/2613 2611/2611/2611 
f 2611/2611/2611 2613/2613/2613 2626/2626/2626 
f 2613/2613/2613 2275/2275/2275 2626/2626/2626 
f 2626/2626/2626 2275/2275/2275 2273/2273/2273 
f 2275/2275/2275 2273/2273/2273 2273/2273/2273 
f 2273/2273/2273 2273/2273/2273 2273/2273/2273 
f 2273/2273/2273 2436/2436/2436 2273/2273/2273 
f 2273/2273/2273 2436/2436/2436 2626/2626/2626 
f 2436/2436/2436 2628/2628/2628 2626/2626/2626 
f 2626/2626/2626 2628/2628/2628 2628/2628/2628 
f 2628/2628/2628 2350/2350/2350 2628/2628/2628 
f 2628/2628/2628 2350/2350/2350 2350/2350/2350 
f 2350/2350/2350 2059/2059/2059 2350/2350/2350 
f 2350/2350/2350 2059/2059/2059 2351/2351/2351 
f 2059/2059/2059 2058/2058/2058 2351/2351/2351 
f 2351/2351/2351 2058/2058/2058 2057/2057/2057 
f 2058/2058/2058 2057/2057/2057 2057/2057/2057 
f 2057/2057/2057 2057/2057/2057 2351/2351/2351 
f 2057/2057/2057 2351/2351/2351 2351/2351/2351 
f 2351/2351/2351 2351/2351/2351 2351/2351/2351 
f 2351/2351/2351 2057/2057/2057 2351/2351/2351 
f 2351/2351/2351 2057/2057/2057 2353/2353/2353 
f 2057/2057/2057 2056/2056/2056 2353/2353/2353 
f 2353/2353/2353 2056/2056/2056 2055/2055/2055 
f 2056/2056/2056 2055/2055/2055 2055/2055/2055 
f 2055/2055/2055 2055/2055/2055 2631/2631/2631 
f 2055/2055/2055 2631/2631/2631 2631/2631/2631 
f 2631/2631/2631 2631/2631/2631 2631/2631/2631 
f 2631/2631/2631 2632/2632/2632 2631/2631/2631 
f 2631/2631/2631 2632/2632/2632 2206/2206/2206 
f 2632/2632/2632 2207/2207/2207 2206/2206/2206 
f 2206/2206/2206 2207/2207/2207 2207/2207/2207 
f 2207/2207/2207 2631/2631/2631 2207/2207/2207 
f 2207/2207/2207 2631/2631/2631 2631/2631/2631 
f 2631/2631/2631 2633/2633/2633 2631/2631/2631 
f 2631/2631/2631 2633/2633/2633 2632/2632/2632 
f 2633/2633/2633 2634/2634/2634 2632/2632/2632 
f 2632/2632/2632 2634/2634/2634 2209/2209/2209 
f 2634/2634/2634 2211/2211/2211 2209/2209/2209 
f 2209/2209/2209 2211/2211/2211 2211/2211/2211 
f 2211/2211/2211 2633/2633/2633 2211/2211/2211 
f 2211/2211/2211 2633/2633/2633 2633/2633/2633 
f 2633/2633/2633 2635/2635/2635 2633/2633/2633 
f 2633/2633/2633 2635/2635/2635 2634/2634/2634 
f 2635/2635/2635 2636/2636/2636 2634/2634/2634 
f 2634/2634/2634 2636/2636/2636 2211/2211/2211 
f 2636/2636/2636 2637/2637/2637 2211/2211/2211 
f 2211/2211/2211 2637/2637/2637 2213/2213/2213 
f 2637/2637/2637 2638/2638/2638 2213/2213/2213 
f 2213/2213/2213 2638/2638/2638 2080/2080/2080 
f 2638/2638/2638 2082/2082/2082 2080/2080/2080 
f 2080/2080/2080 2082/2082/2082 2082/2082/2082 
f 2082/2082/2082 2635/2635/2635 2082/2082/2082 
f 2082/2082/2082 2635/2635/2635 2635/2635/2635 
f 2635/2635/2635 2639/2639/2639 2635/2635/2635 
f 2635/2635/2635 2639/2639/2639 2636/2636/2636 
f 2639/2639/2639 2640/2640/2640 2636/2636/2636 
f 2636/2636/2636 2640/2640/2640 2637/2637/2637 
f 2640/2640/2640 2641/2641/2641 2637/2637/2637 
f 2637/2637/2637 2641/2641/2641 2638/2638/2638 
f 2641/2641/2641 2642/2642/2642 2638/2638/2638 
f 2638/2638/2638 2642/2642/2642 2084/2084/2084 
f 2642/2642/2642 2643/2643/2643 2084/2084/2084 
f 2084/2084/2084 2643/2643/2643 2644/2644/2644 
f 2643/2643/2643 2645/2645/2645 2644/2644/2644 
f 2644/2644/2644 2645/2645/2645 2646/2646/2646 
f 2645/2645/2645 2647/2647/2647 2646/2646/2646 
f 2646/2646/2646 2647/2647/2647 2648/2648/2648 
f 2647/2647/2647 2649/2649/2649 2648/2648/2648 
f 2648/2648/2648 2649/2649/2649 2650/2650/2650 
f 2649/2649/2649 2651/2651/2651 2650/2650/2650 
f 2650/2650/2650 2651/2651/2651 2652/2652/2652 
f 2651/2651/2651 2653/2653/2653 2652/2652/2652 
f 2652/2652/2652 2653/2653/2653 2654/2654/2654 
f 2653/2653/2653 2655/2655/2655 2654/2654/2654 
f 2654/2654/2654 2655/2655/2655 2656/2656/2656 
f 2655/2655/2655 2657/2657/2657 2656/2656/2656 
f 2656/2656/2656 2657/2657/2657 2658/2658/2658 
f 2657/2657/2657 2659/2659/2659 2658/2658/2658 
f 2658/2658/2658 2659/2659/2659 2660/2660/2660 
f 2659/2659/2659 2661/2661/2661 2660/2660/2660 
f 2660/2660/2660 2661/2661/2661 2662/2662/2662 
f 2661/2661/2661 2663/2663/2663 2662/2662/2662 
f 2662/2662/2662 2663/2663/2663 2104/2104/2104 
f 2663/2663/2663 2664/2664/2664 2104/2104/2104 
f 2104/2104/2104 2664/2664/2664 2665/2665/2665 
f 2664/2664/2664 2666/2666/2666 2665/2665/2665 
f 2665/2665/2665 2666/2666/2666 2667/2667/2667 
f 2666/2666/2666 2668/2668/2668 2667/2667/2667 
f 2667/2667/2667 2668/2668/2668 2669/2669/2669 
f 2668/2668/2668 2670/2670/2670 2669/2669/2669 
f 2669/2669/2669 2670/2670/2670 2671/2671/2671 
f 2670/2670/2670 2672/2672/2672 2671/2671/2671 
f 2671/2671/2671 2672/2672/2672 2673/2673/2673 
f 2672/2672/2672 2674/2674/2674 2673/2673/2673 
f 2673/2673/2673 2674/2674/2674 2675/2675/2675 
f 2674/2674/2674 2676/2676/2676 2675/2675/2675 
f 2675/2675/2675 2676/2676/2676 2676/2676/2676 
f 2676/2676/2676 2666/2666/2666 2676/2676/2676 
f 2676/2676/2676 2666/2666/2666 2666/2666/2666 
f 2666/2666/2666 2664/2664/2664 2666/2666/2666 
f 2666/2666/2666 2664/2664/2664 2677/2677/2677 
f 2664/2664/2664 2661/2661/2661 2677/2677/2677 
f 2677/2677/2677 2661/2661/2661 2678/2678/2678 
f 2661/2661/2661 2659/2659/2659 2678/2678/2678 
f 2678/2678/2678 2659/2659/2659 2679/2679/2679 
f 2659/2659/2659 2657/2657/2657 2679/2679/2679 
f 2679/2679/2679 2657/2657/2657 2680/2680/2680 
f 2657/2657/2657 2655/2655/2655 2680/2680/2680 
f 2680/2680/2680 2655/2655/2655 2681/2681/2681 
f 2655/2655/2655 2682/2682/2682 2681/2681/2681 
f 2681/2681/2681 2682/2682/2682 2683/2683/2683 
f 2682/2682/2682 2684/2684/2684 2683/2683/2683 
f 2683/2683/2683 2684/2684/2684 2685/2685/2685 
f 2684/2684/2684 2686/2686/2686 2685/2685/2685 
f 2685/2685/2685 2686/2686/2686 2687/2687/2687 
f 2686/2686/2686 2647/2647/2647 2687/2687/2687 
f 2687/2687/2687 2647/2647/2647 2688/2688/2688 
f 2647/2647/2647 2645/2645/2645 2688/2688/2688 
f 2688/2688/2688 2645/2645/2645 2689/2689/2689 
f 2645/2645/2645 2690/2690/2690 2689/2689/2689 
f 2689/2689/2689 2690/2690/2690 2691/2691/2691 
f 2690/2690/2690 2692/2692/2692 2691/2691/2691 
f 2691/2691/2691 2692/2692/2692 2693/2693/2693 
f 2692/2692/2692 2694/2694/2694 2693/2693/2693 
f 2693/2693/2693 2694/2694/2694 2694/2694/2694 
f 2694/2694/2694 2647/2647/2647 2694/2694/2694 
f 2694/2694/2694 2647/2647/2647 2647/2647/2647 
f 2647/2647/2647 2686/2686/2686 2647/2647/2647 
f 2647/2647/2647 2686/2686/2686 2651/2651/2651 
f 2686/2686/2686 2684/2684/2684 2651/2651/2651 
f 2651/2651/2651 2684/2684/2684 2653/2653/2653 
f 2684/2684/2684 2682/2682/2682 2653/2653/2653 
f 2653/2653/2653 2682/2682/2682 2655/2655/2655 
f 2682/2682/2682 2655/2655/2655 2655/2655/2655 
f 2655/2655/2655 2655/2655/2655 2639/2639/2639 
f 2655/2655/2655 2639/2639/2639 2639/2639/2639 
f 2639/2639/2639 2639/2639/2639 2639/2639/2639 
f 2639/2639/2639 2695/2695/2695 2639/2639/2639 
f 2639/2639/2639 2695/2695/2695 2640/2640/2640 
f 2695/2695/2695 2696/2696/2696 2640/2640/2640 
f 2640/2640/2640 2696/2696/2696 2641/2641/2641 
f 2696/2696/2696 2697/2697/2697 2641/2641/2641 
f 2641/2641/2641 2697/2697/2697 2642/2642/2642 
f 2697/2697/2697 2643/2643/2643 2642/2642/2642 
f 2642/2642/2642 2643/2643/2643 2643/2643/2643 
f 2643/2643/2643 2695/2695/2695 2643/2643/2643 
f 2643/2643/2643 2695/2695/2695 2695/2695/2695 
f 2695/2695/2695 2694/2694/2694 2695/2695/2695 
f 2695/2695/2695 2694/2694/2694 2696/2696/2696 
f 2694/2694/2694 2692/2692/2692 2696/2696/2696 
f 2696/2696/2696 2692/2692/2692 2697/2697/2697 
f 2692/2692/2692 2690/2690/2690 2697/2697/2697 
f 2697/2697/2697 2690/2690/2690 2643/2643/2643 
f 2690/2690/2690 2645/2645/2645 2643/2643/2643 
f 2643/2643/2643 2645/2645/2645 2645/2645/2645 
f 2645/2645/2645 2675/2675/2675 2645/2645/2645 
f 2645/2645/2645 2675/2675/2675 2675/2675/2675 
f 2675/2675/2675 2112/2112/2112 2675/2675/2675 
f 2675/2675/2675 2112/2112/2112 2673/2673/2673 
f 2112/2112/2112 2110/2110/2110 2673/2673/2673 
f 2673/2673/2673 2110/2110/2110 2671/2671/2671 
f 2110/2110/2110 2108/2108/2108 2671/2671/2671 
f 2671/2671/2671 2108/2108/2108 2669/2669/2669 
f 2108/2108/2108 2106/2106/2106 2669/2669/2669 
f 2669/2669/2669 2106/2106/2106 2667/2667/2667 
f 2106/2106/2106 2665/2665/2665 2667/2667/2667 
f 2667/2667/2667 2665/2665/2665 2665/2665/2665 
f 2665/2665/2665 2693/2693/2693 2665/2665/2665 
f 2665/2665/2665 2693/2693/2693 2693/2693/2693 
f 2693/2693/2693 2698/2698/2698 2693/2693/2693 
f 2693/2693/2693 2698/2698/2698 2691/2691/2691 
f 2698/2698/2698 2699/2699/2699 2691/2691/2691 
f 2691/2691/2691 2699/2699/2699 2689/2689/2689 
f 2699/2699/2699 2700/2700/2700 2689/2689/2689 
f 2689/2689/2689 2700/2700/2700 2688/2688/2688 
f 2700/2700/2700 2687/2687/2687 2688/2688/2688 
f 2688/2688/2688 2687/2687/2687 2687/2687/2687 
f 2687/2687/2687 2698/2698/2698 2687/2687/2687 
f 2687/2687/2687 2698/2698/2698 2698/2698/2698 
f 2698/2698/2698 2701/2701/2701 2698/2698/2698 
f 2698/2698/2698 2701/2701/2701 2699/2699/2699 
f 2701/2701/2701 2702/2702/2702 2699/2699/2699 
f 2699/2699/2699 2702/2702/2702 2700/2700/2700 
f 2702/2702/2702 2703/2703/2703 2700/2700/2700 
f 2700/2700/2700 2703/2703/2703 2687/2687/2687 
f 2703/2703/2703 2704/2704/2704 2687/2687/2687 
f 2687/2687/2687 2704/2704/2704 2685/2685/2685 
f 2704/2704/2704 2705/2705/2705 2685/2685/2685 
f 2685/2685/2685 2705/2705/2705 2683/2683/2683 
f 2705/2705/2705 2706/2706/2706 2683/2683/2683 
f 2683/2683/2683 2706/2706/2706 2707/2707/2707 
f 2706/2706/2706 2708/2708/2708 2707/2707/2707 
f 2707/2707/2707 2708/2708/2708 2709/2709/2709 
f 2708/2708/2708 2710/2710/2710 2709/2709/2709 
f 2709/2709/2709 2710/2710/2710 2711/2711/2711 
f 2710/2710/2710 2712/2712/2712 2711/2711/2711 
f 2711/2711/2711 2712/2712/2712 2713/2713/2713 
f 2712/2712/2712 2714/2714/2714 2713/2713/2713 
f 2713/2713/2713 2714/2714/2714 2715/2715/2715 
f 2714/2714/2714 2716/2716/2716 2715/2715/2715 
f 2715/2715/2715 2716/2716/2716 2717/2717/2717 
f 2716/2716/2716 2718/2718/2718 2717/2717/2717 
f 2717/2717/2717 2718/2718/2718 2719/2719/2719 
f 2718/2718/2718 2720/2720/2720 2719/2719/2719 
f 2719/2719/2719 2720/2720/2720 2721/2721/2721 
f 2720/2720/2720 2722/2722/2722 2721/2721/2721 
f 2721/2721/2721 2722/2722/2722 2723/2723/2723 
f 2722/2722/2722 2724/2724/2724 2723/2723/2723 
f 2723/2723/2723 2724/2724/2724 2725/2725/2725 
f 2724/2724/2724 2726/2726/2726 2725/2725/2725 
f 2725/2725/2725 2726/2726/2726 2727/2727/2727 
f 2726/2726/2726 2728/2728/2728 2727/2727/2727 
f 2727/2727/2727 2728/2728/2728 2729/2729/2729 
f 2728/2728/2728 2730/2730/2730 2729/2729/2729 
f 2729/2729/2729 2730/2730/2730 2731/2731/2731 
f 2730/2730/2730 2732/2732/2732 2731/2731/2731 
f 2731/2731/2731 2732/2732/2732 2733/2733/2733 
f 2732/2732/2732 2734/2734/2734 2733/2733/2733 
f 2733/2733/2733 2734/2734/2734 2735/2735/2735 
f 2734/2734/2734 2736/2736/2736 2735/2735/2735 
f 2735/2735/2735 2736/2736/2736 2737/2737/2737 
f 2736/2736/2736 2738/2738/2738 2737/2737/2737 
f 2737/2737/2737 2738/2738/2738 2738/2738/2738 
f 2738/2738/2738 2737/2737/2737 2738/2738/2738 
f 2738/2738/2738 2737/2737/2737 2737/2737/2737 
f 2737/2737/2737 2739/2739/2739 2737/2737/2737 
f 2737/2737/2737 2739/2739/2739 2735/2735/2735 
f 2739/2739/2739 2740/2740/2740 2735/2735/2735 
f 2735/2735/2735 2740/2740/2740 2733/2733/2733 
f 2740/2740/2740 2741/2741/2741 2733/2733/2733 
f 2733/2733/2733 2741/2741/2741 2731/2731/2731 
f 2741/2741/2741 2742/2742/2742 2731/2731/2731 
f 2731/2731/2731 2742/2742/2742 2743/2743/2743 
f 2742/2742/2742 2744/2744/2744 2743/2743/2743 
f 2743/2743/2743 2744/2744/2744 2745/2745/2745 
f 2744/2744/2744 2746/2746/2746 2745/2745/2745 
f 2745/2745/2745 2746/2746/2746 2747/2747/2747 
f 2746/2746/2746 2668/2668/2668 2747/2747/2747 
f 2747/2747/2747 2668/2668/2668 2748/2748/2748 
f 2668/2668/2668 2666/2666/2666 2748/2748/2748 
f 2748/2748/2748 2666/2666/2666 2749/2749/2749 
f 2666/2666/2666 2677/2677/2677 2749/2749/2749 
f 2749/2749/2749 2677/2677/2677 2750/2750/2750 
f 2677/2677/2677 2678/2678/2678 2750/2750/2750 
f 2750/2750/2750 2678/2678/2678 2751/2751/2751 
f 2678/2678/2678 2679/2679/2679 2751/2751/2751 
f 2751/2751/2751 2679/2679/2679 2752/2752/2752 
f 2679/2679/2679 2753/2753/2753 2752/2752/2752 
f 2752/2752/2752 2753/2753/2753 2754/2754/2754 
f 2753/2753/2753 2680/2680/2680 2754/2754/2754 
f 2754/2754/2754 2680/2680/2680 2681/2681/2681 
f 2680/2680/2680 2681/2681/2681 2681/2681/2681 
f 2681/2681/2681 2681/2681/2681 2745/2745/2745 
f 2681/2681/2681 2745/2745/2745 2745/2745/2745 
f 2745/2745/2745 2745/2745/2745 2745/2745/2745 
f 2745/2745/2745 2747/2747/2747 2745/2745/2745 
f 2745/2745/2745 2747/2747/2747 2755/2755/2755 
f 2747/2747/2747 2748/2748/2748 2755/2755/2755 
f 2755/2755/2755 2748/2748/2748 2756/2756/2756 
f 2748/2748/2748 2749/2749/2749 2756/2756/2756 
f 2756/2756/2756 2749/2749/2749 2757/2757/2757 
f 2749/2749/2749 2750/2750/2750 2757/2757/2757 
f 2757/2757/2757 2750/2750/2750 2758/2758/2758 
f 2750/2750/2750 2751/2751/2751 2758/2758/2758 
f 2758/2758/2758 2751/2751/2751 2759/2759/2759 
f 2751/2751/2751 2752/2752/2752 2759/2759/2759 
f 2759/2759/2759 2752/2752/2752 2760/2760/2760 
f 2752/2752/2752 2754/2754/2754 2760/2760/2760 
f 2760/2760/2760 2754/2754/2754 2709/2709/2709 
f 2754/2754/2754 2707/2707/2707 2709/2709/2709 
f 2709/2709/2709 2707/2707/2707 2707/2707/2707 
f 2707/2707/2707 2758/2758/2758 2707/2707/2707 
f 2707/2707/2707 2758/2758/2758 2758/2758/2758 
f 2758/2758/2758 2761/2761/2761 2758/2758/2758 
f 2758/2758/2758 2761/2761/2761 2757/2757/2757 
f 2761/2761/2761 2762/2762/2762 2757/2757/2757 
f 2757/2757/2757 2762/2762/2762 2756/2756/2756 
f 2762/2762/2762 2763/2763/2763 2756/2756/2756 
f 2756/2756/2756 2763/2763/2763 2755/2755/2755 
f 2763/2763/2763 2764/2764/2764 2755/2755/2755 
f 2755/2755/2755 2764/2764/2764 2765/2765/2765 
f 2764/2764/2764 2725/2725/2725 2765/2765/2765 
f 2765/2765/2765 2725/2725/2725 2766/2766/2766 
f 2725/2725/2725 2727/2727/2727 2766/2766/2766 
f 2766/2766/2766 2727/2727/2727 2743/2743/2743 
f 2727/2727/2727 2729/2729/2729 2743/2743/2743 
f 2743/2743/2743 2729/2729/2729 2731/2731/2731 
f 2729/2729/2729 2731/2731/2731 2731/2731/2731 
f 2731/2731/2731 2731/2731/2731 2725/2725/2725 
f 2731/2731/2731 2725/2725/2725 2725/2725/2725 
f 2725/2725/2725 2725/2725/2725 2725/2725/2725 
f 2725/2725/2725 2764/2764/2764 2725/2725/2725 
f 2725/2725/2725 2764/2764/2764 2723/2723/2723 
f 2764/2764/2764 2767/2767/2767 2723/2723/2723 
f 2723/2723/2723 2767/2767/2767 2721/2721/2721 
f 2767/2767/2767 2768/2768/2768 2721/2721/2721 
f 2721/2721/2721 2768/2768/2768 2719/2719/2719 
f 2768/2768/2768 2769/2769/2769 2719/2719/2719 
f 2719/2719/2719 2769/2769/2769 2717/2717/2717 
f 2769/2769/2769 2770/2770/2770 2717/2717/2717 
f 2717/2717/2717 2770/2770/2770 2715/2715/2715 
f 2770/2770/2770 2713/2713/2713 2715/2715/2715 
f 2715/2715/2715 2713/2713/2713 2713/2713/2713 
f 2713/2713/2713 2768/2768/2768 2713/2713/2713 
f 2713/2713/2713 2768/2768/2768 2768/2768/2768 
f 2768/2768/2768 2761/2761/2761 2768/2768/2768 
f 2768/2768/2768 2761/2761/2761 2769/2769/2769 
f 2761/2761/2761 2771/2771/2771 2769/2769/2769 
f 2769/2769/2769 2771/2771/2771 2770/2770/2770 
f 2771/2771/2771 2772/2772/2772 2770/2770/2770 
f 2770/2770/2770 2772/2772/2772 2713/2713/2713 
f 2772/2772/2772 2711/2711/2711 2713/2713/2713 
f 2713/2713/2713 2711/2711/2711 2711/2711/2711 
f 2711/2711/2711 2771/2771/2771 2711/2711/2711 
f 2711/2711/2711 2771/2771/2771 2771/2771/2771 
f 2771/2771/2771 2759/2759/2759 2771/2771/2771 
f 2771/2771/2771 2759/2759/2759 2772/2772/2772 
f 2759/2759/2759 2760/2760/2760 2772/2772/2772 
f 2772/2772/2772 2760/2760/2760 2711/2711/2711 
f 2760/2760/2760 2709/2709/2709 2711/2711/2711 
f 2711/2711/2711 2709/2709/2709 2709/2709/2709 
f 2709/2709/2709 2771/2771/2771 2709/2709/2709 
f 2709/2709/2709 2771/2771/2771 2771/2771/2771 
f 2771/2771/2771 2761/2761/2761 2771/2771/2771 
f 2771/2771/2771 2761/2761/2761 2759/2759/2759 
f 2761/2761/2761 2758/2758/2758 2759/2759/2759 
f 2759/2759/2759 2758/2758/2758 2758/2758/2758 
f 2758/2758/2758 2754/2754/2754 2758/2758/2758 
f 2758/2758/2758 2754/2754/2754 2754/2754/2754 
f 2754/2754/2754 2681/2681/2681 2754/2754/2754 
f 2754/2754/2754 2681/2681/2681 2707/2707/2707 
f 2681/2681/2681 2683/2683/2683 2707/2707/2707 
f 2707/2707/2707 2683/2683/2683 2683/2683/2683 
f 2683/2683/2683 2764/2764/2764 2683/2683/2683 
f 2683/2683/2683 2764/2764/2764 2764/2764/2764 
f 2764/2764/2764 2763/2763/2763 2764/2764/2764 
f 2764/2764/2764 2763/2763/2763 2767/2767/2767 
f 2763/2763/2763 2762/2762/2762 2767/2767/2767 
f 2767/2767/2767 2762/2762/2762 2761/2761/2761 
f 2762/2762/2762 2761/2761/2761 2761/2761/2761 
f 2761/2761/2761 2761/2761/2761 2701/2701/2701 
f 2761/2761/2761 2701/2701/2701 2701/2701/2701 
f 2701/2701/2701 2701/2701/2701 2701/2701/2701 
f 2701/2701/2701 2773/2773/2773 2701/2701/2701 
f 2701/2701/2701 2773/2773/2773 2702/2702/2702 
f 2773/2773/2773 2774/2774/2774 2702/2702/2702 
f 2702/2702/2702 2774/2774/2774 2703/2703/2703 
f 2774/2774/2774 2775/2775/2775 2703/2703/2703 
f 2703/2703/2703 2775/2775/2775 2704/2704/2704 
f 2775/2775/2775 2776/2776/2776 2704/2704/2704 
f 2704/2704/2704 2776/2776/2776 2705/2705/2705 
f 2776/2776/2776 2706/2706/2706 2705/2705/2705 
f 2705/2705/2705 2706/2706/2706 2706/2706/2706 
f 2706/2706/2706 2773/2773/2773 2706/2706/2706 
f 2706/2706/2706 2773/2773/2773 2773/2773/2773 
f 2773/2773/2773 2777/2777/2777 2773/2773/2773 
f 2773/2773/2773 2777/2777/2777 2774/2774/2774 
f 2777/2777/2777 2778/2778/2778 2774/2774/2774 
f 2774/2774/2774 2778/2778/2778 2775/2775/2775 
f 2778/2778/2778 2779/2779/2779 2775/2775/2775 
f 2775/2775/2775 2779/2779/2779 2776/2776/2776 
f 2779/2779/2779 2780/2780/2780 2776/2776/2776 
f 2776/2776/2776 2780/2780/2780 2781/2781/2781 
f 2780/2780/2780 2782/2782/2782 2781/2781/2781 
f 2781/2781/2781 2782/2782/2782 2783/2783/2783 
f 2782/2782/2782 2784/2784/2784 2783/2783/2783 
f 2783/2783/2783 2784/2784/2784 2708/2708/2708 
f 2784/2784/2784 2710/2710/2710 2708/2708/2708 
f 2708/2708/2708 2710/2710/2710 2710/2710/2710 
f 2710/2710/2710 2783/2783/2783 2710/2710/2710 
f 2710/2710/2710 2783/2783/2783 2783/2783/2783 
f 2783/2783/2783 2708/2708/2708 2783/2783/2783 
f 2783/2783/2783 2708/2708/2708 2781/2781/2781 
f 2708/2708/2708 2706/2706/2706 2781/2781/2781 
f 2781/2781/2781 2706/2706/2706 2776/2776/2776 
f 2706/2706/2706 2776/2776/2776 2776/2776/2776 
f 2776/2776/2776 2776/2776/2776 2207/2207/2207 
f 2776/2776/2776 2207/2207/2207 2207/2207/2207 
f 2207/2207/2207 2207/2207/2207 2207/2207/2207 
f 2207/2207/2207 2632/2632/2632 2207/2207/2207 
f 2207/2207/2207 2632/2632/2632 2208/2208/2208 
f 2632/2632/2632 2209/2209/2209 2208/2208/2208 
f 2208/2208/2208 2209/2209/2209 2209/2209/2209 
f 2209/2209/2209 2755/2755/2755 2209/2209/2209 
f 2209/2209/2209 2755/2755/2755 2755/2755/2755 
f 2755/2755/2755 2765/2765/2765 2755/2755/2755 
f 2755/2755/2755 2765/2765/2765 2745/2745/2745 
f 2765/2765/2765 2743/2743/2743 2745/2745/2745 
f 2745/2745/2745 2743/2743/2743 2743/2743/2743 
f 2743/2743/2743 2084/2084/2084 2743/2743/2743 
f 2743/2743/2743 2084/2084/2084 2084/2084/2084 
f 2084/2084/2084 2644/2644/2644 2084/2084/2084 
f 2084/2084/2084 2644/2644/2644 2086/2086/2086 
f 2644/2644/2644 2646/2646/2646 2086/2086/2086 
f 2086/2086/2086 2646/2646/2646 2648/2648/2648 
f 2646/2646/2646 2648/2648/2648 2648/2648/2648 
f 2648/2648/2648 2648/2648/2648 2086/2086/2086 
f 2648/2648/2648 2086/2086/2086 2086/2086/2086 
f 2086/2086/2086 2086/2086/2086 2086/2086/2086 
f 2086/2086/2086 2648/2648/2648 2086/2086/2086 
f 2086/2086/2086 2648/2648/2648 2088/2088/2088 
f 2648/2648/2648 2650/2650/2650 2088/2088/2088 
f 2088/2088/2088 2650/2650/2650 2090/2090/2090 
f 2650/2650/2650 2785/2785/2785 2090/2090/2090 
f 2090/2090/2090 2785/2785/2785 2092/2092/2092 
f 2785/2785/2785 2786/2786/2786 2092/2092/2092 
f 2092/2092/2092 2786/2786/2786 2094/2094/2094 
f 2786/2786/2786 2787/2787/2787 2094/2094/2094 
f 2094/2094/2094 2787/2787/2787 2096/2096/2096 
f 2787/2787/2787 2788/2788/2788 2096/2096/2096 
f 2096/2096/2096 2788/2788/2788 2098/2098/2098 
f 2788/2788/2788 2789/2789/2789 2098/2098/2098 
f 2098/2098/2098 2789/2789/2789 2100/2100/2100 
f 2789/2789/2789 2102/2102/2102 2100/2100/2100 
f 2100/2100/2100 2102/2102/2102 2102/2102/2102 
f 2102/2102/2102 2650/2650/2650 2102/2102/2102 
f 2102/2102/2102 2650/2650/2650 2650/2650/2650 
f 2650/2650/2650 2652/2652/2652 2650/2650/2650 
f 2650/2650/2650 2652/2652/2652 2785/2785/2785 
f 2652/2652/2652 2654/2654/2654 2785/2785/2785 
f 2785/2785/2785 2654/2654/2654 2790/2790/2790 
f 2654/2654/2654 2656/2656/2656 2790/2790/2790 
f 2790/2790/2790 2656/2656/2656 2658/2658/2658 
f 2656/2656/2656 2658/2658/2658 2658/2658/2658 
f 2658/2658/2658 2658/2658/2658 2785/2785/2785 
f 2658/2658/2658 2785/2785/2785 2785/2785/2785 
f 2785/2785/2785 2785/2785/2785 2785/2785/2785 
f 2785/2785/2785 2790/2790/2790 2785/2785/2785 
f 2785/2785/2785 2790/2790/2790 2786/2786/2786 
f 2790/2790/2790 2787/2787/2787 2786/2786/2786 
f 2786/2786/2786 2787/2787/2787 2787/2787/2787 
f 2787/2787/2787 2790/2790/2790 2787/2787/2787 
f 2787/2787/2787 2790/2790/2790 2791/2791/2791 
f 2790/2790/2790 2658/2658/2658 2791/2791/2791 
f 2791/2791/2791 2658/2658/2658 2792/2792/2792 
f 2658/2658/2658 2660/2660/2660 2792/2792/2792 
f 2792/2792/2792 2660/2660/2660 2789/2789/2789 
f 2660/2660/2660 2662/2662/2662 2789/2789/2789 
f 2789/2789/2789 2662/2662/2662 2102/2102/2102 
f 2662/2662/2662 2104/2104/2104 2102/2102/2102 
f 2102/2102/2102 2104/2104/2104 2104/2104/2104 
f 2104/2104/2104 2787/2787/2787 2104/2104/2104 
f 2104/2104/2104 2787/2787/2787 2787/2787/2787 
f 2787/2787/2787 2791/2791/2791 2787/2787/2787 
f 2787/2787/2787 2791/2791/2791 2788/2788/2788 
f 2791/2791/2791 2792/2792/2792 2788/2788/2788 
f 2788/2788/2788 2792/2792/2792 2789/2789/2789 
f 2792/2792/2792 2789/2789/2789 2789/2789/2789 
f 2789/2789/2789 2789/2789/2789 2668/2668/2668 
f 2789/2789/2789 2668/2668/2668 2668/2668/2668 
f 2668/2668/2668 2668/2668/2668 2668/2668/2668 
f 2668/2668/2668 2746/2746/2746 2668/2668/2668 
f 2668/2668/2668 2746/2746/2746 2670/2670/2670 
f 2746/2746/2746 2672/2672/2672 2670/2670/2670 
f 2670/2670/2670 2672/2672/2672 2672/2672/2672 
f 2672/2672/2672 2746/2746/2746 2672/2672/2672 
f 2672/2672/2672 2746/2746/2746 2793/2793/2793 
f 2746/2746/2746 2744/2744/2744 2793/2793/2793 
f 2793/2793/2793 2744/2744/2744 2794/2794/2794 
f 2744/2744/2744 2742/2742/2742 2794/2794/2794 
f 2794/2794/2794 2742/2742/2742 2741/2741/2741 
f 2742/2742/2742 2741/2741/2741 2741/2741/2741 
f 2741/2741/2741 2741/2741/2741 2741/2741/2741 
f 2741/2741/2741 2795/2795/2795 2741/2741/2741 
f 2741/2741/2741 2795/2795/2795 2794/2794/2794 
f 2795/2795/2795 2796/2796/2796 2794/2794/2794 
f 2794/2794/2794 2796/2796/2796 2793/2793/2793 
f 2796/2796/2796 2674/2674/2674 2793/2793/2793 
f 2793/2793/2793 2674/2674/2674 2672/2672/2672 
f 2674/2674/2674 2672/2672/2672 2672/2672/2672 
f 2672/2672/2672 2672/2672/2672 2795/2795/2795 
f 2672/2672/2672 2795/2795/2795 2795/2795/2795 
f 2795/2795/2795 2795/2795/2795 2795/2795/2795 
f 2795/2795/2795 2797/2797/2797 2795/2795/2795 
f 2795/2795/2795 2797/2797/2797 2796/2796/2796 
f 2797/2797/2797 2676/2676/2676 2796/2796/2796 
f 2796/2796/2796 2676/2676/2676 2674/2674/2674 
f 2676/2676/2676 2674/2674/2674 2674/2674/2674 
f 2674/2674/2674 2674/2674/2674 2797/2797/2797 
f 2674/2674/2674 2797/2797/2797 2797/2797/2797 
f 2797/2797/2797 2797/2797/2797 2797/2797/2797 
f 2797/2797/2797 2795/2795/2795 2797/2797/2797 
f 2797/2797/2797 2795/2795/2795 2798/2798/2798 
f 2795/2795/2795 2740/2740/2740 2798/2798/2798 
f 2798/2798/2798 2740/2740/2740 2739/2739/2739 
f 2740/2740/2740 2739/2739/2739 2739/2739/2739 
f 2739/2739/2739 2739/2739/2739 2738/2738/2738 
f 2739/2739/2739 2738/2738/2738 2738/2738/2738 
f 2738/2738/2738 2738/2738/2738 2738/2738/2738 
f 2738/2738/2738 2736/2736/2736 2738/2738/2738 
f 2738/2738/2738 2736/2736/2736 2799/2799/2799 
f 2736/2736/2736 2800/2800/2800 2799/2799/2799 
f 2799/2799/2799 2800/2800/2800 2801/2801/2801 
f 2800/2800/2800 2802/2802/2802 2801/2801/2801 
f 2801/2801/2801 2802/2802/2802 2803/2803/2803 
f 2802/2802/2802 2804/2804/2804 2803/2803/2803 
f 2803/2803/2803 2804/2804/2804 2805/2805/2805 
f 2804/2804/2804 2806/2806/2806 2805/2805/2805 
f 2805/2805/2805 2806/2806/2806 2807/2807/2807 
f 2806/2806/2806 2808/2808/2808 2807/2807/2807 
f 2807/2807/2807 2808/2808/2808 2809/2809/2809 
f 2808/2808/2808 2810/2810/2810 2809/2809/2809 
f 2809/2809/2809 2810/2810/2810 2811/2811/2811 
f 2810/2810/2810 2812/2812/2812 2811/2811/2811 
f 2811/2811/2811 2812/2812/2812 2813/2813/2813 
f 2812/2812/2812 2814/2814/2814 2813/2813/2813 
f 2813/2813/2813 2814/2814/2814 2815/2815/2815 
f 2814/2814/2814 2816/2816/2816 2815/2815/2815 
f 2815/2815/2815 2816/2816/2816 2817/2817/2817 
f 2816/2816/2816 2818/2818/2818 2817/2817/2817 
f 2817/2817/2817 2818/2818/2818 2819/2819/2819 
f 2818/2818/2818 2820/2820/2820 2819/2819/2819 
f 2819/2819/2819 2820/2820/2820 2821/2821/2821 
f 2820/2820/2820 2822/2822/2822 2821/2821/2821 
f 2821/2821/2821 2822/2822/2822 2823/2823/2823 
f 2822/2822/2822 2824/2824/2824 2823/2823/2823 
f 2823/2823/2823 2824/2824/2824 2825/2825/2825 
f 2824/2824/2824 2826/2826/2826 2825/2825/2825 
f 2825/2825/2825 2826/2826/2826 2827/2827/2827 
f 2826/2826/2826 2828/2828/2828 2827/2827/2827 
f 2827/2827/2827 2828/2828/2828 2829/2829/2829 
f 2828/2828/2828 2830/2830/2830 2829/2829/2829 
f 2829/2829/2829 2830/2830/2830 2831/2831/2831 
f 2830/2830/2830 2832/2832/2832 2831/2831/2831 
f 2831/2831/2831 2832/2832/2832 2833/2833/2833 
f 2832/2832/2832 2834/2834/2834 2833/2833/2833 
f 2833/2833/2833 2834/2834/2834 2835/2835/2835 
f 2834/2834/2834 802/802/802 2835/2835/2835 
f 2835/2835/2835 802/802/802 800/800/800 
f 802/802/802 800/800/800 800/800/800 
f 800/800/800 800/800/800 2825/2825/2825 
f 800/800/800 2825/2825/2825 2825/2825/2825 
f 2825/2825/2825 2825/2825/2825 2825/2825/2825 
f 2825/2825/2825 2836/2836/2836 2825/2825/2825 
f 2825/2825/2825 2836/2836/2836 2823/2823/2823 
f 2836/2836/2836 2837/2837/2837 2823/2823/2823 
f 2823/2823/2823 2837/2837/2837 2838/2838/2838 
f 2837/2837/2837 2839/2839/2839 2838/2838/2838 
f 2838/2838/2838 2839/2839/2839 2840/2840/2840 
f 2839/2839/2839 2841/2841/2841 2840/2840/2840 
f 2840/2840/2840 2841/2841/2841 2842/2842/2842 
f 2841/2841/2841 2843/2843/2843 2842/2842/2842 
f 2842/2842/2842 2843/2843/2843 2844/2844/2844 
f 2843/2843/2843 2845/2845/2845 2844/2844/2844 
f 2844/2844/2844 2845/2845/2845 2846/2846/2846 
f 2845/2845/2845 2847/2847/2847 2846/2846/2846 
f 2846/2846/2846 2847/2847/2847 2815/2815/2815 
f 2847/2847/2847 2848/2848/2848 2815/2815/2815 
f 2815/2815/2815 2848/2848/2848 2813/2813/2813 
f 2848/2848/2848 2849/2849/2849 2813/2813/2813 
f 2813/2813/2813 2849/2849/2849 2811/2811/2811 
f 2849/2849/2849 2850/2850/2850 2811/2811/2811 
f 2811/2811/2811 2850/2850/2850 2851/2851/2851 
f 2850/2850/2850 2852/2852/2852 2851/2851/2851 
f 2851/2851/2851 2852/2852/2852 2805/2805/2805 
f 2852/2852/2852 2853/2853/2853 2805/2805/2805 
f 2805/2805/2805 2853/2853/2853 2803/2803/2803 
f 2853/2853/2853 2854/2854/2854 2803/2803/2803 
f 2803/2803/2803 2854/2854/2854 2801/2801/2801 
f 2854/2854/2854 2855/2855/2855 2801/2801/2801 
f 2801/2801/2801 2855/2855/2855 2799/2799/2799 
f 2855/2855/2855 2856/2856/2856 2799/2799/2799 
f 2799/2799/2799 2856/2856/2856 2738/2738/2738 
f 2856/2856/2856 2738/2738/2738 2738/2738/2738 
f 2738/2738/2738 2738/2738/2738 2823/2823/2823 
f 2738/2738/2738 2823/2823/2823 2823/2823/2823 
f 2823/2823/2823 2823/2823/2823 2823/2823/2823 
f 2823/2823/2823 2838/2838/2838 2823/2823/2823 
f 2823/2823/2823 2838/2838/2838 2821/2821/2821 
f 2838/2838/2838 2840/2840/2840 2821/2821/2821 
f 2821/2821/2821 2840/2840/2840 2819/2819/2819 
f 2840/2840/2840 2842/2842/2842 2819/2819/2819 
f 2819/2819/2819 2842/2842/2842 2817/2817/2817 
f 2842/2842/2842 2846/2846/2846 2817/2817/2817 
f 2817/2817/2817 2846/2846/2846 2815/2815/2815 
f 2846/2846/2846 2815/2815/2815 2815/2815/2815 
f 2815/2815/2815 2815/2815/2815 2825/2825/2825 
f 2815/2815/2815 2825/2825/2825 2825/2825/2825 
f 2825/2825/2825 2825/2825/2825 2825/2825/2825 
f 2825/2825/2825 2827/2827/2827 2825/2825/2825 
f 2825/2825/2825 2827/2827/2827 2836/2836/2836 
f 2827/2827/2827 2857/2857/2857 2836/2836/2836 
f 2836/2836/2836 2857/2857/2857 2858/2858/2858 
f 2857/2857/2857 2859/2859/2859 2858/2858/2858 
f 2858/2858/2858 2859/2859/2859 2860/2860/2860 
f 2859/2859/2859 2861/2861/2861 2860/2860/2860 
f 2860/2860/2860 2861/2861/2861 2862/2862/2862 
f 2861/2861/2861 2863/2863/2863 2862/2862/2862 
f 2862/2862/2862 2863/2863/2863 2864/2864/2864 
f 2863/2863/2863 2865/2865/2865 2864/2864/2864 
f 2864/2864/2864 2865/2865/2865 2866/2866/2866 
f 2865/2865/2865 2867/2867/2867 2866/2866/2866 
f 2866/2866/2866 2867/2867/2867 2868/2868/2868 
f 2867/2867/2867 2869/2869/2869 2868/2868/2868 
f 2868/2868/2868 2869/2869/2869 2870/2870/2870 
f 2869/2869/2869 2871/2871/2871 2870/2870/2870 
f 2870/2870/2870 2871/2871/2871 2872/2872/2872 
f 2871/2871/2871 2873/2873/2873 2872/2872/2872 
f 2872/2872/2872 2873/2873/2873 2874/2874/2874 
f 2873/2873/2873 2875/2875/2875 2874/2874/2874 
f 2874/2874/2874 2875/2875/2875 2876/2876/2876 
f 2875/2875/2875 2877/2877/2877 2876/2876/2876 
f 2876/2876/2876 2877/2877/2877 2878/2878/2878 
f 2877/2877/2877 507/507/507 2878/2878/2878 
f 2878/2878/2878 507/507/507 507/507/507 
f 507/507/507 2869/2869/2869 507/507/507 
f 507/507/507 2869/2869/2869 2869/2869/2869 
f 2869/2869/2869 2867/2867/2867 2869/2869/2869 
f 2869/2869/2869 2867/2867/2867 2879/2879/2879 
f 2867/2867/2867 2863/2863/2863 2879/2879/2879 
f 2879/2879/2879 2863/2863/2863 2880/2880/2880 
f 2863/2863/2863 2861/2861/2861 2880/2880/2880 
f 2880/2880/2880 2861/2861/2861 2881/2881/2881 
f 2861/2861/2861 2859/2859/2859 2881/2881/2881 
f 2881/2881/2881 2859/2859/2859 2882/2882/2882 
f 2859/2859/2859 2857/2857/2857 2882/2882/2882 
f 2882/2882/2882 2857/2857/2857 2831/2831/2831 
f 2857/2857/2857 2829/2829/2829 2831/2831/2831 
f 2831/2831/2831 2829/2829/2829 2829/2829/2829 
f 2829/2829/2829 2881/2881/2881 2829/2829/2829 
f 2829/2829/2829 2881/2881/2881 2881/2881/2881 
f 2881/2881/2881 2883/2883/2883 2881/2881/2881 
f 2881/2881/2881 2883/2883/2883 2880/2880/2880 
f 2883/2883/2883 2884/2884/2884 2880/2880/2880 
f 2880/2880/2880 2884/2884/2884 2879/2879/2879 
f 2884/2884/2884 2885/2885/2885 2879/2879/2879 
f 2879/2879/2879 2885/2885/2885 2869/2869/2869 
f 2885/2885/2885 2886/2886/2886 2869/2869/2869 
f 2869/2869/2869 2886/2886/2886 2871/2871/2871 
f 2886/2886/2886 2887/2887/2887 2871/2871/2871 
f 2871/2871/2871 2887/2887/2887 2888/2888/2888 
f 2887/2887/2887 2889/2889/2889 2888/2888/2888 
f 2888/2888/2888 2889/2889/2889 2890/2890/2890 
f 2889/2889/2889 499/499/499 2890/2890/2890 
f 2890/2890/2890 499/499/499 501/501/501 
f 499/499/499 501/501/501 501/501/501 
f 501/501/501 501/501/501 2889/2889/2889 
f 501/501/501 2889/2889/2889 2889/2889/2889 
f 2889/2889/2889 2889/2889/2889 2889/2889/2889 
f 2889/2889/2889 2887/2887/2887 2889/2889/2889 
f 2889/2889/2889 2887/2887/2887 2891/2891/2891 
f 2887/2887/2887 2886/2886/2886 2891/2891/2891 
f 2891/2891/2891 2886/2886/2886 2892/2892/2892 
f 2886/2886/2886 2885/2885/2885 2892/2892/2892 
f 2892/2892/2892 2885/2885/2885 2893/2893/2893 
f 2885/2885/2885 2884/2884/2884 2893/2893/2893 
f 2893/2893/2893 2884/2884/2884 2894/2894/2894 
f 2884/2884/2884 2883/2883/2883 2894/2894/2894 
f 2894/2894/2894 2883/2883/2883 2895/2895/2895 
f 2883/2883/2883 2896/2896/2896 2895/2895/2895 
f 2895/2895/2895 2896/2896/2896 2835/2835/2835 
f 2896/2896/2896 2833/2833/2833 2835/2835/2835 
f 2835/2835/2835 2833/2833/2833 2833/2833/2833 
f 2833/2833/2833 2883/2883/2883 2833/2833/2833 
f 2833/2833/2833 2883/2883/2883 2883/2883/2883 
f 2883/2883/2883 2881/2881/2881 2883/2883/2883 
f 2883/2883/2883 2881/2881/2881 2896/2896/2896 
f 2881/2881/2881 2897/2897/2897 2896/2896/2896 
f 2896/2896/2896 2897/2897/2897 2833/2833/2833 
f 2897/2897/2897 2882/2882/2882 2833/2833/2833 
f 2833/2833/2833 2882/2882/2882 2831/2831/2831 
f 2882/2882/2882 2831/2831/2831 2831/2831/2831 
f 2831/2831/2831 2831/2831/2831 2836/2836/2836 
f 2831/2831/2831 2836/2836/2836 2836/2836/2836 
f 2836/2836/2836 2836/2836/2836 2836/2836/2836 
f 2836/2836/2836 2858/2858/2858 2836/2836/2836 
f 2836/2836/2836 2858/2858/2858 2837/2837/2837 
f 2858/2858/2858 2860/2860/2860 2837/2837/2837 
f 2837/2837/2837 2860/2860/2860 2898/2898/2898 
f 2860/2860/2860 2899/2899/2899 2898/2898/2898 
f 2898/2898/2898 2899/2899/2899 2900/2900/2900 
f 2899/2899/2899 2901/2901/2901 2900/2900/2900 
f 2900/2900/2900 2901/2901/2901 2902/2902/2902 
f 2901/2901/2901 2903/2903/2903 2902/2902/2902 
f 2902/2902/2902 2903/2903/2903 2904/2904/2904 
f 2903/2903/2903 2905/2905/2905 2904/2904/2904 
f 2904/2904/2904 2905/2905/2905 2906/2906/2906 
f 2905/2905/2905 2907/2907/2907 2906/2906/2906 
f 2906/2906/2906 2907/2907/2907 2908/2908/2908 
f 2907/2907/2907 2909/2909/2909 2908/2908/2908 
f 2908/2908/2908 2909/2909/2909 2910/2910/2910 
f 2909/2909/2909 2911/2911/2911 2910/2910/2910 
f 2910/2910/2910 2911/2911/2911 2912/2912/2912 
f 2911/2911/2911 2912/2912/2912 2912/2912/2912 
f 2912/2912/2912 2912/2912/2912 2837/2837/2837 
f 2912/2912/2912 2837/2837/2837 2837/2837/2837 
f 2837/2837/2837 2837/2837/2837 2837/2837/2837 
f 2837/2837/2837 2898/2898/2898 2837/2837/2837 
f 2837/2837/2837 2898/2898/2898 2839/2839/2839 
f 2898/2898/2898 2900/2900/2900 2839/2839/2839 
f 2839/2839/2839 2900/2900/2900 2841/2841/2841 
f 2900/2900/2900 2902/2902/2902 2841/2841/2841 
f 2841/2841/2841 2902/2902/2902 2843/2843/2843 
f 2902/2902/2902 2904/2904/2904 2843/2843/2843 
f 2843/2843/2843 2904/2904/2904 2913/2913/2913 
f 2904/2904/2904 2914/2914/2914 2913/2913/2913 
f 2913/2913/2913 2914/2914/2914 2845/2845/2845 
f 2914/2914/2914 2915/2915/2915 2845/2845/2845 
f 2845/2845/2845 2915/2915/2915 2916/2916/2916 
f 2915/2915/2915 2917/2917/2917 2916/2916/2916 
f 2916/2916/2916 2917/2917/2917 2918/2918/2918 
f 2917/2917/2917 2919/2919/2919 2918/2918/2918 
f 2918/2918/2918 2919/2919/2919 2920/2920/2920 
f 2919/2919/2919 2921/2921/2921 2920/2920/2920 
f 2920/2920/2920 2921/2921/2921 2922/2922/2922 
f 2921/2921/2921 2922/2922/2922 2922/2922/2922 
f 2922/2922/2922 2922/2922/2922 2904/2904/2904 
f 2922/2922/2922 2904/2904/2904 2904/2904/2904 
f 2904/2904/2904 2904/2904/2904 2904/2904/2904 
f 2904/2904/2904 2906/2906/2906 2904/2904/2904 
f 2904/2904/2904 2906/2906/2906 2914/2914/2914 
f 2906/2906/2906 2908/2908/2908 2914/2914/2914 
f 2914/2914/2914 2908/2908/2908 2923/2923/2923 
f 2908/2908/2908 2910/2910/2910 2923/2923/2923 
f 2923/2923/2923 2910/2910/2910 2924/2924/2924 
f 2910/2910/2910 2912/2912/2912 2924/2924/2924 
f 2924/2924/2924 2912/2912/2912 2925/2925/2925 
f 2912/2912/2912 2925/2925/2925 2925/2925/2925 
f 2925/2925/2925 2925/2925/2925 2925/2925/2925 
f 2925/2925/2925 2919/2919/2919 2925/2925/2925 
f 2925/2925/2925 2919/2919/2919 2924/2924/2924 
f 2919/2919/2919 2917/2917/2917 2924/2924/2924 
f 2924/2924/2924 2917/2917/2917 2923/2923/2923 
f 2917/2917/2917 2915/2915/2915 2923/2923/2923 
f 2923/2923/2923 2915/2915/2915 2914/2914/2914 
f 2915/2915/2915 2914/2914/2914 2914/2914/2914 
f 2914/2914/2914 2914/2914/2914 2871/2871/2871 
f 2914/2914/2914 2871/2871/2871 2871/2871/2871 
f 2871/2871/2871 2871/2871/2871 2871/2871/2871 
f 2871/2871/2871 2888/2888/2888 2871/2871/2871 
f 2871/2871/2871 2888/2888/2888 2873/2873/2873 
f 2888/2888/2888 2875/2875/2875 2873/2873/2873 
f 2873/2873/2873 2875/2875/2875 2875/2875/2875 
f 2875/2875/2875 2888/2888/2888 2875/2875/2875 
f 2875/2875/2875 2888/2888/2888 2926/2926/2926 
f 2888/2888/2888 2890/2890/2890 2926/2926/2926 
f 2926/2926/2926 2890/2890/2890 503/503/503 
f 2890/2890/2890 501/501/501 503/503/503 
f 503/503/503 501/501/501 501/501/501 
f 501/501/501 503/503/503 501/501/501 
f 501/501/501 503/503/503 503/503/503 
f 503/503/503 505/505/505 503/503/503 
f 503/503/503 505/505/505 2926/2926/2926 
f 505/505/505 2877/2877/2877 2926/2926/2926 
f 2926/2926/2926 2877/2877/2877 2875/2875/2875 
f 2877/2877/2877 2875/2875/2875 2875/2875/2875 
f 2875/2875/2875 2875/2875/2875 2845/2845/2845 
f 2875/2875/2875 2845/2845/2845 2845/2845/2845 
f 2845/2845/2845 2845/2845/2845 2845/2845/2845 
f 2845/2845/2845 2916/2916/2916 2845/2845/2845 
f 2845/2845/2845 2916/2916/2916 2847/2847/2847 
f 2916/2916/2916 2927/2927/2927 2847/2847/2847 
f 2847/2847/2847 2927/2927/2927 2848/2848/2848 
f 2927/2927/2927 2849/2849/2849 2848/2848/2848 
f 2848/2848/2848 2849/2849/2849 2849/2849/2849 
f 2849/2849/2849 2916/2916/2916 2849/2849/2849 
f 2849/2849/2849 2916/2916/2916 2916/2916/2916 
f 2916/2916/2916 2918/2918/2918 2916/2916/2916 
f 2916/2916/2916 2918/2918/2918 2927/2927/2927 
f 2918/2918/2918 2928/2928/2928 2927/2927/2927 
f 2927/2927/2927 2928/2928/2928 2929/2929/2929 
f 2928/2928/2928 2930/2930/2930 2929/2929/2929 
f 2929/2929/2929 2930/2930/2930 2931/2931/2931 
f 2930/2930/2930 2932/2932/2932 2931/2931/2931 
f 2931/2931/2931 2932/2932/2932 2852/2852/2852 
f 2932/2932/2932 2933/2933/2933 2852/2852/2852 
f 2852/2852/2852 2933/2933/2933 2853/2853/2853 
f 2933/2933/2933 2854/2854/2854 2853/2853/2853 
f 2853/2853/2853 2854/2854/2854 2854/2854/2854 
f 2854/2854/2854 2918/2918/2918 2854/2854/2854 
f 2854/2854/2854 2918/2918/2918 2918/2918/2918 
f 2918/2918/2918 2920/2920/2920 2918/2918/2918 
f 2918/2918/2918 2920/2920/2920 2928/2928/2928 
f 2920/2920/2920 2934/2934/2934 2928/2928/2928 
f 2928/2928/2928 2934/2934/2934 2930/2930/2930 
f 2934/2934/2934 2935/2935/2935 2930/2930/2930 
f 2930/2930/2930 2935/2935/2935 2932/2932/2932 
f 2935/2935/2935 2936/2936/2936 2932/2932/2932 
f 2932/2932/2932 2936/2936/2936 2933/2933/2933 
f 2936/2936/2936 2937/2937/2937 2933/2933/2933 
f 2933/2933/2933 2937/2937/2937 2854/2854/2854 
f 2937/2937/2937 2855/2855/2855 2854/2854/2854 
f 2854/2854/2854 2855/2855/2855 2855/2855/2855 
f 2855/2855/2855 2920/2920/2920 2855/2855/2855 
f 2855/2855/2855 2920/2920/2920 2920/2920/2920 
f 2920/2920/2920 2922/2922/2922 2920/2920/2920 
f 2920/2920/2920 2922/2922/2922 2934/2934/2934 
f 2922/2922/2922 2938/2938/2938 2934/2934/2934 
f 2934/2934/2934 2938/2938/2938 2935/2935/2935 
f 2938/2938/2938 2939/2939/2939 2935/2935/2935 
f 2935/2935/2935 2939/2939/2939 2936/2936/2936 
f 2939/2939/2939 2940/2940/2940 2936/2936/2936 
f 2936/2936/2936 2940/2940/2940 2937/2937/2937 
f 2940/2940/2940 2941/2941/2941 2937/2937/2937 
f 2937/2937/2937 2941/2941/2941 2855/2855/2855 
f 2941/2941/2941 2856/2856/2856 2855/2855/2855 
f 2855/2855/2855 2856/2856/2856 2856/2856/2856 
f 2856/2856/2856 2927/2927/2927 2856/2856/2856 
f 2856/2856/2856 2927/2927/2927 2927/2927/2927 
f 2927/2927/2927 2929/2929/2929 2927/2927/2927 
f 2927/2927/2927 2929/2929/2929 2849/2849/2849 
f 2929/2929/2929 2931/2931/2931 2849/2849/2849 
f 2849/2849/2849 2931/2931/2931 2850/2850/2850 
f 2931/2931/2931 2852/2852/2852 2850/2850/2850 
f 2850/2850/2850 2852/2852/2852 2852/2852/2852 
f 2852/2852/2852 2911/2911/2911 2852/2852/2852 
f 2852/2852/2852 2911/2911/2911 2911/2911/2911 
f 2911/2911/2911 2909/2909/2909 2911/2911/2911 
f 2911/2911/2911 2909/2909/2909 2942/2942/2942 
f 2909/2909/2909 2943/2943/2943 2942/2942/2942 
f 2942/2942/2942 2943/2943/2943 2944/2944/2944 
f 2943/2943/2943 2945/2945/2945 2944/2944/2944 
f 2944/2944/2944 2945/2945/2945 2946/2946/2946 
f 2945/2945/2945 2947/2947/2947 2946/2946/2946 
f 2946/2946/2946 2947/2947/2947 2948/2948/2948 
f 2947/2947/2947 2949/2949/2949 2948/2948/2948 
f 2948/2948/2948 2949/2949/2949 2950/2950/2950 
f 2949/2949/2949 2951/2951/2951 2950/2950/2950 
f 2950/2950/2950 2951/2951/2951 2952/2952/2952 
f 2951/2951/2951 2876/2876/2876 2952/2952/2952 
f 2952/2952/2952 2876/2876/2876 2878/2878/2878 
f 2876/2876/2876 2878/2878/2878 2878/2878/2878 
f 2878/2878/2878 2878/2878/2878 2909/2909/2909 
f 2878/2878/2878 2909/2909/2909 2909/2909/2909 
f 2909/2909/2909 2909/2909/2909 2909/2909/2909 
f 2909/2909/2909 2907/2907/2907 2909/2909/2909 
f 2909/2909/2909 2907/2907/2907 2943/2943/2943 
f 2907/2907/2907 2953/2953/2953 2943/2943/2943 
f 2943/2943/2943 2953/2953/2953 2945/2945/2945 
f 2953/2953/2953 2954/2954/2954 2945/2945/2945 
f 2945/2945/2945 2954/2954/2954 2947/2947/2947 
f 2954/2954/2954 2955/2955/2955 2947/2947/2947 
f 2947/2947/2947 2955/2955/2955 2949/2949/2949 
f 2955/2955/2955 2956/2956/2956 2949/2949/2949 
f 2949/2949/2949 2956/2956/2956 2951/2951/2951 
f 2956/2956/2956 2874/2874/2874 2951/2951/2951 
f 2951/2951/2951 2874/2874/2874 2876/2876/2876 
f 2874/2874/2874 2876/2876/2876 2876/2876/2876 
f 2876/2876/2876 2876/2876/2876 2907/2907/2907 
f 2876/2876/2876 2907/2907/2907 2907/2907/2907 
f 2907/2907/2907 2907/2907/2907 2907/2907/2907 
f 2907/2907/2907 2905/2905/2905 2907/2907/2907 
f 2907/2907/2907 2905/2905/2905 2953/2953/2953 
f 2905/2905/2905 2957/2957/2957 2953/2953/2953 
f 2953/2953/2953 2957/2957/2957 2954/2954/2954 
f 2957/2957/2957 2958/2958/2958 2954/2954/2954 
f 2954/2954/2954 2958/2958/2958 2955/2955/2955 
f 2958/2958/2958 2959/2959/2959 2955/2955/2955 
f 2955/2955/2955 2959/2959/2959 2956/2956/2956 
f 2959/2959/2959 2872/2872/2872 2956/2956/2956 
f 2956/2956/2956 2872/2872/2872 2874/2874/2874 
f 2872/2872/2872 2874/2874/2874 2874/2874/2874 
f 2874/2874/2874 2874/2874/2874 2958/2958/2958 
f 2874/2874/2874 2958/2958/2958 2958/2958/2958 
f 2958/2958/2958 2958/2958/2958 2958/2958/2958 
f 2958/2958/2958 2957/2957/2957 2958/2958/2958 
f 2958/2958/2958 2957/2957/2957 2866/2866/2866 
f 2957/2957/2957 2960/2960/2960 2866/2866/2866 
f 2866/2866/2866 2960/2960/2960 2864/2864/2864 
f 2960/2960/2960 2901/2901/2901 2864/2864/2864 
f 2864/2864/2864 2901/2901/2901 2862/2862/2862 
f 2901/2901/2901 2899/2899/2899 2862/2862/2862 
f 2862/2862/2862 2899/2899/2899 2860/2860/2860 
f 2899/2899/2899 2860/2860/2860 2860/2860/2860 
f 2860/2860/2860 2860/2860/2860 2957/2957/2957 
f 2860/2860/2860 2957/2957/2957 2957/2957/2957 
f 2957/2957/2957 2957/2957/2957 2957/2957/2957 
f 2957/2957/2957 2905/2905/2905 2957/2957/2957 
f 2957/2957/2957 2905/2905/2905 2960/2960/2960 
f 2905/2905/2905 2903/2903/2903 2960/2960/2960 
f 2960/2960/2960 2903/2903/2903 2901/2901/2901 
f 2903/2903/2903 2901/2901/2901 2901/2901/2901 
f 2901/2901/2901 2901/2901/2901 2872/2872/2872 
f 2901/2901/2901 2872/2872/2872 2872/2872/2872 
f 2872/2872/2872 2872/2872/2872 2872/2872/2872 
f 2872/2872/2872 2959/2959/2959 2872/2872/2872 
f 2872/2872/2872 2959/2959/2959 2870/2870/2870 
f 2959/2959/2959 2868/2868/2868 2870/2870/2870 
f 2870/2870/2870 2868/2868/2868 2868/2868/2868 
f 2868/2868/2868 2959/2959/2959 2868/2868/2868 
f 2868/2868/2868 2959/2959/2959 2866/2866/2866 
f 2959/2959/2959 2958/2958/2958 2866/2866/2866 
f 2866/2866/2866 2958/2958/2958 2958/2958/2958 
f 2958/2958/2958 2736/2736/2736 2958/2958/2958 
f 2958/2958/2958 2736/2736/2736 2736/2736/2736 
f 2736/2736/2736 2734/2734/2734 2736/2736/2736 
f 2736/2736/2736 2734/2734/2734 2800/2800/2800 
f 2734/2734/2734 2961/2961/2961 2800/2800/2800 
f 2800/2800/2800 2961/2961/2961 2802/2802/2802 
f 2961/2961/2961 2962/2962/2962 2802/2802/2802 
f 2802/2802/2802 2962/2962/2962 2963/2963/2963 
f 2962/2962/2962 2964/2964/2964 2963/2963/2963 
f 2963/2963/2963 2964/2964/2964 2965/2965/2965 
f 2964/2964/2964 2966/2966/2966 2965/2965/2965 
f 2965/2965/2965 2966/2966/2966 2967/2967/2967 
f 2966/2966/2966 2968/2968/2968 2967/2967/2967 
f 2967/2967/2967 2968/2968/2968 2969/2969/2969 
f 2968/2968/2968 2970/2970/2970 2969/2969/2969 
f 2969/2969/2969 2970/2970/2970 2971/2971/2971 
f 2970/2970/2970 2972/2972/2972 2971/2971/2971 
f 2971/2971/2971 2972/2972/2972 2973/2973/2973 
f 2972/2972/2972 2974/2974/2974 2973/2973/2973 
f 2973/2973/2973 2974/2974/2974 2975/2975/2975 
f 2974/2974/2974 2976/2976/2976 2975/2975/2975 
f 2975/2975/2975 2976/2976/2976 2977/2977/2977 
f 2976/2976/2976 2978/2978/2978 2977/2977/2977 
f 2977/2977/2977 2978/2978/2978 2979/2979/2979 
f 2978/2978/2978 2980/2980/2980 2979/2979/2979 
f 2979/2979/2979 2980/2980/2980 2981/2981/2981 
f 2980/2980/2980 2982/2982/2982 2981/2981/2981 
f 2981/2981/2981 2982/2982/2982 2983/2983/2983 
f 2982/2982/2982 2984/2984/2984 2983/2983/2983 
f 2983/2983/2983 2984/2984/2984 2985/2985/2985 
f 2984/2984/2984 2986/2986/2986 2985/2985/2985 
f 2985/2985/2985 2986/2986/2986 2987/2987/2987 
f 2986/2986/2986 2987/2987/2987 2987/2987/2987 
f 2987/2987/2987 2987/2987/2987 2986/2986/2986 
f 2987/2987/2987 2986/2986/2986 2986/2986/2986 
f 2986/2986/2986 2986/2986/2986 2986/2986/2986 
f 2986/2986/2986 2984/2984/2984 2986/2986/2986 
f 2986/2986/2986 2984/2984/2984 2988/2988/2988 
f 2984/2984/2984 2982/2982/2982 2988/2988/2988 
f 2988/2988/2988 2982/2982/2982 2989/2989/2989 
f 2982/2982/2982 2980/2980/2980 2989/2989/2989 
f 2989/2989/2989 2980/2980/2980 2990/2990/2990 
f 2980/2980/2980 2978/2978/2978 2990/2990/2990 
f 2990/2990/2990 2978/2978/2978 2991/2991/2991 
f 2978/2978/2978 2976/2976/2976 2991/2991/2991 
f 2991/2991/2991 2976/2976/2976 2992/2992/2992 
f 2976/2976/2976 2974/2974/2974 2992/2992/2992 
f 2992/2992/2992 2974/2974/2974 2993/2993/2993 
f 2974/2974/2974 2972/2972/2972 2993/2993/2993 
f 2993/2993/2993 2972/2972/2972 2994/2994/2994 
f 2972/2972/2972 2970/2970/2970 2994/2994/2994 
f 2994/2994/2994 2970/2970/2970 2995/2995/2995 
f 2970/2970/2970 2996/2996/2996 2995/2995/2995 
f 2995/2995/2995 2996/2996/2996 2997/2997/2997 
f 2996/2996/2996 2998/2998/2998 2997/2997/2997 
f 2997/2997/2997 2998/2998/2998 2726/2726/2726 
f 2998/2998/2998 2728/2728/2728 2726/2726/2726 
f 2726/2726/2726 2728/2728/2728 2728/2728/2728 
f 2728/2728/2728 2970/2970/2970 2728/2728/2728 
f 2728/2728/2728 2970/2970/2970 2970/2970/2970 
f 2970/2970/2970 2968/2968/2968 2970/2970/2970 
f 2970/2970/2970 2968/2968/2968 2996/2996/2996 
f 2968/2968/2968 2966/2966/2966 2996/2996/2996 
f 2996/2996/2996 2966/2966/2966 2998/2998/2998 
f 2966/2966/2966 2964/2964/2964 2998/2998/2998 
f 2998/2998/2998 2964/2964/2964 2728/2728/2728 
f 2964/2964/2964 2962/2962/2962 2728/2728/2728 
f 2728/2728/2728 2962/2962/2962 2730/2730/2730 
f 2962/2962/2962 2732/2732/2732 2730/2730/2730 
f 2730/2730/2730 2732/2732/2732 2732/2732/2732 
f 2732/2732/2732 2962/2962/2962 2732/2732/2732 
f 2732/2732/2732 2962/2962/2962 2962/2962/2962 
f 2962/2962/2962 2961/2961/2961 2962/2962/2962 
f 2962/2962/2962 2961/2961/2961 2732/2732/2732 
f 2961/2961/2961 2734/2734/2734 2732/2732/2732 
f 2732/2732/2732 2734/2734/2734 2734/2734/2734 
f 2734/2734/2734 2726/2726/2726 2734/2734/2734 
f 2734/2734/2734 2726/2726/2726 2726/2726/2726 
f 2726/2726/2726 2724/2724/2724 2726/2726/2726 
f 2726/2726/2726 2724/2724/2724 2997/2997/2997 
f 2724/2724/2724 2999/2999/2999 2997/2997/2997 
f 2997/2997/2997 2999/2999/2999 2995/2995/2995 
f 2999/2999/2999 2994/2994/2994 2995/2995/2995 
f 2995/2995/2995 2994/2994/2994 2994/2994/2994 
f 2994/2994/2994 2724/2724/2724 2994/2994/2994 
f 2994/2994/2994 2724/2724/2724 2724/2724/2724 
f 2724/2724/2724 2722/2722/2722 2724/2724/2724 
f 2724/2724/2724 2722/2722/2722 2999/2999/2999 
f 2722/2722/2722 3000/3000/3000 2999/2999/2999 
f 2999/2999/2999 3000/3000/3000 2994/2994/2994 
f 3000/3000/3000 3001/3001/3001 2994/2994/2994 
f 2994/2994/2994 3001/3001/3001 2993/2993/2993 
f 3001/3001/3001 2992/2992/2992 2993/2993/2993 
f 2993/2993/2993 2992/2992/2992 2992/2992/2992 
f 2992/2992/2992 2722/2722/2722 2992/2992/2992 
f 2992/2992/2992 2722/2722/2722 2722/2722/2722 
f 2722/2722/2722 2720/2720/2720 2722/2722/2722 
f 2722/2722/2722 2720/2720/2720 3000/3000/3000 
f 2720/2720/2720 3002/3002/3002 3000/3000/3000 
f 3000/3000/3000 3002/3002/3002 3001/3001/3001 
f 3002/3002/3002 3003/3003/3003 3001/3001/3001 
f 3001/3001/3001 3003/3003/3003 2992/2992/2992 
f 3003/3003/3003 3004/3004/3004 2992/2992/2992 
f 2992/2992/2992 3004/3004/3004 2991/2991/2991 
f 3004/3004/3004 2990/2990/2990 2991/2991/2991 
f 2991/2991/2991 2990/2990/2990 2990/2990/2990 
f 2990/2990/2990 3002/3002/3002 2990/2990/2990 
f 2990/2990/2990 3002/3002/3002 3002/3002/3002 
f 3002/3002/3002 3005/3005/3005 3002/3002/3002 
f 3002/3002/3002 3005/3005/3005 3003/3003/3003 
f 3005/3005/3005 3006/3006/3006 3003/3003/3003 
f 3003/3003/3003 3006/3006/3006 3004/3004/3004 
f 3006/3006/3006 3007/3007/3007 3004/3004/3004 
f 3004/3004/3004 3007/3007/3007 2990/2990/2990 
f 3007/3007/3007 3008/3008/3008 2990/2990/2990 
f 2990/2990/2990 3008/3008/3008 2989/2989/2989 
f 3008/3008/3008 3009/3009/3009 2989/2989/2989 
f 2989/2989/2989 3009/3009/3009 2988/2988/2988 
f 3009/3009/3009 3010/3010/3010 2988/2988/2988 
f 2988/2988/2988 3010/3010/3010 2986/2986/2986 
f 3010/3010/3010 2986/2986/2986 2986/2986/2986 
f 2986/2986/2986 2986/2986/2986 3009/3009/3009 
f 2986/2986/2986 3009/3009/3009 3009/3009/3009 
f 3009/3009/3009 3009/3009/3009 3009/3009/3009 
f 3009/3009/3009 3008/3008/3008 3009/3009/3009 
f 3009/3009/3009 3008/3008/3008 3011/3011/3011 
f 3008/3008/3008 3012/3012/3012 3011/3011/3011 
f 3011/3011/3011 3012/3012/3012 3013/3013/3013 
f 3012/3012/3012 3014/3014/3014 3013/3013/3013 
f 3013/3013/3013 3014/3014/3014 3015/3015/3015 
f 3014/3014/3014 3016/3016/3016 3015/3015/3015 
f 3015/3015/3015 3016/3016/3016 3017/3017/3017 
f 3016/3016/3016 3018/3018/3018 3017/3017/3017 
f 3017/3017/3017 3018/3018/3018 3019/3019/3019 
f 3018/3018/3018 3020/3020/3020 3019/3019/3019 
f 3019/3019/3019 3020/3020/3020 3021/3021/3021 
f 3020/3020/3020 3022/3022/3022 3021/3021/3021 
f 3021/3021/3021 3022/3022/3022 3023/3023/3023 
f 3022/3022/3022 2782/2782/2782 3023/3023/3023 
f 3023/3023/3023 2782/2782/2782 3024/3024/3024 
f 2782/2782/2782 2780/2780/2780 3024/3024/3024 
f 3024/3024/3024 2780/2780/2780 3025/3025/3025 
f 2780/2780/2780 2779/2779/2779 3025/3025/3025 
f 3025/3025/3025 2779/2779/2779 2778/2778/2778 
f 2779/2779/2779 2778/2778/2778 2778/2778/2778 
f 2778/2778/2778 2778/2778/2778 3025/3025/3025 
f 2778/2778/2778 3025/3025/3025 3025/3025/3025 
f 3025/3025/3025 3025/3025/3025 3025/3025/3025 
f 3025/3025/3025 3026/3026/3026 3025/3025/3025 
f 3025/3025/3025 3026/3026/3026 3024/3024/3024 
f 3026/3026/3026 3027/3027/3027 3024/3024/3024 
f 3024/3024/3024 3027/3027/3027 3023/3023/3023 
f 3027/3027/3027 3028/3028/3028 3023/3023/3023 
f 3023/3023/3023 3028/3028/3028 3021/3021/3021 
f 3028/3028/3028 3029/3029/3029 3021/3021/3021 
f 3021/3021/3021 3029/3029/3029 3019/3019/3019 
f 3029/3029/3029 3030/3030/3030 3019/3019/3019 
f 3019/3019/3019 3030/3030/3030 3017/3017/3017 
f 3030/3030/3030 3031/3031/3031 3017/3017/3017 
f 3017/3017/3017 3031/3031/3031 3015/3015/3015 
f 3031/3031/3031 3032/3032/3032 3015/3015/3015 
f 3015/3015/3015 3032/3032/3032 3013/3013/3013 
f 3032/3032/3032 3033/3033/3033 3013/3013/3013 
f 3013/3013/3013 3033/3033/3033 3011/3011/3011 
f 3033/3033/3033 3034/3034/3034 3011/3011/3011 
f 3011/3011/3011 3034/3034/3034 3009/3009/3009 
f 3034/3034/3034 3010/3010/3010 3009/3009/3009 
f 3009/3009/3009 3010/3010/3010 3010/3010/3010 
f 3010/3010/3010 3026/3026/3026 3010/3010/3010 
f 3010/3010/3010 3026/3026/3026 3026/3026/3026 
f 3026/3026/3026 3025/3025/3025 3026/3026/3026 
f 3026/3026/3026 3025/3025/3025 3035/3035/3035 
f 3025/3025/3025 2777/2777/2777 3035/3035/3035 
f 3035/3035/3035 2777/2777/2777 2777/2777/2777 
f 2777/2777/2777 3008/3008/3008 2777/2777/2777 
f 2777/2777/2777 3008/3008/3008 3008/3008/3008 
f 3008/3008/3008 3007/3007/3007 3008/3008/3008 
f 3008/3008/3008 3007/3007/3007 3012/3012/3012 
f 3007/3007/3007 3036/3036/3036 3012/3012/3012 
f 3012/3012/3012 3036/3036/3036 3014/3014/3014 
f 3036/3036/3036 3037/3037/3037 3014/3014/3014 
f 3014/3014/3014 3037/3037/3037 3016/3016/3016 
f 3037/3037/3037 3038/3038/3038 3016/3016/3016 
f 3016/3016/3016 3038/3038/3038 3018/3018/3018 
f 3038/3038/3038 3039/3039/3039 3018/3018/3018 
f 3018/3018/3018 3039/3039/3039 3020/3020/3020 
f 3039/3039/3039 3040/3040/3040 3020/3020/3020 
f 3020/3020/3020 3040/3040/3040 3022/3022/3022 
f 3040/3040/3040 2784/2784/2784 3022/3022/3022 
f 3022/3022/3022 2784/2784/2784 2782/2782/2782 
f 2784/2784/2784 2782/2782/2782 2782/2782/2782 
f 2782/2782/2782 2782/2782/2782 3040/3040/3040 
f 2782/2782/2782 3040/3040/3040 3040/3040/3040 
f 3040/3040/3040 3040/3040/3040 3040/3040/3040 
f 3040/3040/3040 3039/3039/3039 3040/3040/3040 
f 3040/3040/3040 3039/3039/3039 2714/2714/2714 
f 3039/3039/3039 3038/3038/3038 2714/2714/2714 
f 2714/2714/2714 3038/3038/3038 3041/3041/3041 
f 3038/3038/3038 3037/3037/3037 3041/3041/3041 
f 3041/3041/3041 3037/3037/3037 3042/3042/3042 
f 3037/3037/3037 3006/3006/3006 3042/3042/3042 
f 3042/3042/3042 3006/3006/3006 3043/3043/3043 
f 3006/3006/3006 3005/3005/3005 3043/3043/3043 
f 3043/3043/3043 3005/3005/3005 3002/3002/3002 
f 3005/3005/3005 3002/3002/3002 3002/3002/3002 
f 3002/3002/3002 3002/3002/3002 3041/3041/3041 
f 3002/3002/3002 3041/3041/3041 3041/3041/3041 
f 3041/3041/3041 3041/3041/3041 3041/3041/3041 
f 3041/3041/3041 3042/3042/3042 3041/3041/3041 
f 3041/3041/3041 3042/3042/3042 2716/2716/2716 
f 3042/3042/3042 3043/3043/3043 2716/2716/2716 
f 2716/2716/2716 3043/3043/3043 2718/2718/2718 
f 3043/3043/3043 3002/3002/3002 2718/2718/2718 
f 2718/2718/2718 3002/3002/3002 2720/2720/2720 
f 3002/3002/3002 2720/2720/2720 2720/2720/2720 
f 2720/2720/2720 2720/2720/2720 3007/3007/3007 
f 2720/2720/2720 3007/3007/3007 3007/3007/3007 
f 3007/3007/3007 3007/3007/3007 3007/3007/3007 
f 3007/3007/3007 3006/3006/3006 3007/3007/3007 
f 3007/3007/3007 3006/3006/3006 3036/3036/3036 
f 3006/3006/3006 3037/3037/3037 3036/3036/3036 
f 3036/3036/3036 3037/3037/3037 3037/3037/3037 
f 3037/3037/3037 2714/2714/2714 3037/3037/3037 
f 3037/3037/3037 2714/2714/2714 2714/2714/2714 
f 2714/2714/2714 2712/2712/2712 2714/2714/2714 
f 2714/2714/2714 2712/2712/2712 3040/3040/3040 
f 2712/2712/2712 2710/2710/2710 3040/3040/3040 
f 3040/3040/3040 2710/2710/2710 2784/2784/2784 
f 2710/2710/2710 2784/2784/2784 2784/2784/2784 
f 2784/2784/2784 2784/2784/2784 2987/2987/2987 
f 2784/2784/2784 2987/2987/2987 2987/2987/2987 
f 2987/2987/2987 2987/2987/2987 2987/2987/2987 
f 2987/2987/2987 3044/3044/3044 2987/2987/2987 
f 2987/2987/2987 3044/3044/3044 2985/2985/2985 
f 3044/3044/3044 3045/3045/3045 2985/2985/2985 
f 2985/2985/2985 3045/3045/3045 3046/3046/3046 
f 3045/3045/3045 3047/3047/3047 3046/3046/3046 
f 3046/3046/3046 3047/3047/3047 3048/3048/3048 
f 3047/3047/3047 3049/3049/3049 3048/3048/3048 
f 3048/3048/3048 3049/3049/3049 3050/3050/3050 
f 3049/3049/3049 3051/3051/3051 3050/3050/3050 
f 3050/3050/3050 3051/3051/3051 3052/3052/3052 
f 3051/3051/3051 3053/3053/3053 3052/3052/3052 
f 3052/3052/3052 3053/3053/3053 3054/3054/3054 
f 3053/3053/3053 3055/3055/3055 3054/3054/3054 
f 3054/3054/3054 3055/3055/3055 3056/3056/3056 
f 3055/3055/3055 3057/3057/3057 3056/3056/3056 
f 3056/3056/3056 3057/3057/3057 3058/3058/3058 
f 3057/3057/3057 3059/3059/3059 3058/3058/3058 
f 3058/3058/3058 3059/3059/3059 3060/3060/3060 
f 3059/3059/3059 3061/3061/3061 3060/3060/3060 
f 3060/3060/3060 3061/3061/3061 3062/3062/3062 
f 3061/3061/3061 2820/2820/2820 3062/3062/3062 
f 3062/3062/3062 2820/2820/2820 2818/2818/2818 
f 2820/2820/2820 2818/2818/2818 2818/2818/2818 
f 2818/2818/2818 2818/2818/2818 3054/3054/3054 
f 2818/2818/2818 3054/3054/3054 3054/3054/3054 
f 3054/3054/3054 3054/3054/3054 3054/3054/3054 
f 3054/3054/3054 3056/3056/3056 3054/3054/3054 
f 3054/3054/3054 3056/3056/3056 3063/3063/3063 
f 3056/3056/3056 3064/3064/3064 3063/3063/3063 
f 3063/3063/3063 3064/3064/3064 3065/3065/3065 
f 3064/3064/3064 3066/3066/3066 3065/3065/3065 
f 3065/3065/3065 3066/3066/3066 3067/3067/3067 
f 3066/3066/3066 3068/3068/3068 3067/3067/3067 
f 3067/3067/3067 3068/3068/3068 3069/3069/3069 
f 3068/3068/3068 3070/3070/3070 3069/3069/3069 
f 3069/3069/3069 3070/3070/3070 3071/3071/3071 
f 3070/3070/3070 2808/2808/2808 3071/3071/3071 
f 3071/3071/3071 2808/2808/2808 3072/3072/3072 
f 2808/2808/2808 2806/2806/2806 3072/3072/3072 
f 3072/3072/3072 2806/2806/2806 2965/2965/2965 
f 2806/2806/2806 2804/2804/2804 2965/2965/2965 
f 2965/2965/2965 2804/2804/2804 2963/2963/2963 
f 2804/2804/2804 2802/2802/2802 2963/2963/2963 
f 2963/2963/2963 2802/2802/2802 2802/2802/2802 
f 2802/2802/2802 2965/2965/2965 2802/2802/2802 
f 2802/2802/2802 2965/2965/2965 2965/2965/2965 
f 2965/2965/2965 2967/2967/2967 2965/2965/2965 
f 2965/2965/2965 2967/2967/2967 3072/3072/3072 
f 2967/2967/2967 2969/2969/2969 3072/3072/3072 
f 3072/3072/3072 2969/2969/2969 3071/3071/3071 
f 2969/2969/2969 3073/3073/3073 3071/3071/3071 
f 3071/3071/3071 3073/3073/3073 3069/3069/3069 
f 3073/3073/3073 3074/3074/3074 3069/3069/3069 
f 3069/3069/3069 3074/3074/3074 3075/3075/3075 
f 3074/3074/3074 3076/3076/3076 3075/3075/3075 
f 3075/3075/3075 3076/3076/3076 3067/3067/3067 
f 3076/3076/3076 3065/3065/3065 3067/3067/3067 
f 3067/3067/3067 3065/3065/3065 3065/3065/3065 
f 3065/3065/3065 2969/2969/2969 3065/3065/3065 
f 3065/3065/3065 2969/2969/2969 2969/2969/2969 
f 2969/2969/2969 2971/2971/2971 2969/2969/2969 
f 2969/2969/2969 2971/2971/2971 3073/3073/3073 
f 2971/2971/2971 2973/2973/2973 3073/3073/3073 
f 3073/3073/3073 2973/2973/2973 3074/3074/3074 
f 2973/2973/2973 3077/3077/3077 3074/3074/3074 
f 3074/3074/3074 3077/3077/3077 3076/3076/3076 
f 3077/3077/3077 3078/3078/3078 3076/3076/3076 
f 3076/3076/3076 3078/3078/3078 3079/3079/3079 
f 3078/3078/3078 3050/3050/3050 3079/3079/3079 
f 3079/3079/3079 3050/3050/3050 3052/3052/3052 
f 3050/3050/3050 3052/3052/3052 3052/3052/3052 
f 3052/3052/3052 3052/3052/3052 2973/2973/2973 
f 3052/3052/3052 2973/2973/2973 2973/2973/2973 
f 2973/2973/2973 2973/2973/2973 2973/2973/2973 
f 2973/2973/2973 2975/2975/2975 2973/2973/2973 
f 2973/2973/2973 2975/2975/2975 3077/3077/3077 
f 2975/2975/2975 2977/2977/2977 3077/3077/3077 
f 3077/3077/3077 2977/2977/2977 3078/3078/3078 
f 2977/2977/2977 3080/3080/3080 3078/3078/3078 
f 3078/3078/3078 3080/3080/3080 3050/3050/3050 
f 3080/3080/3080 3048/3048/3048 3050/3050/3050 
f 3050/3050/3050 3048/3048/3048 3048/3048/3048 
f 3048/3048/3048 2977/2977/2977 3048/3048/3048 
f 3048/3048/3048 2977/2977/2977 2977/2977/2977 
f 2977/2977/2977 2979/2979/2979 2977/2977/2977 
f 2977/2977/2977 2979/2979/2979 3080/3080/3080 
f 2979/2979/2979 2981/2981/2981 3080/3080/3080 
f 3080/3080/3080 2981/2981/2981 3048/3048/3048 
f 2981/2981/2981 3046/3046/3046 3048/3048/3048 
f 3048/3048/3048 3046/3046/3046 3046/3046/3046 
f 3046/3046/3046 2981/2981/2981 3046/3046/3046 
f 3046/3046/3046 2981/2981/2981 2981/2981/2981 
f 2981/2981/2981 2983/2983/2983 2981/2981/2981 
f 2981/2981/2981 2983/2983/2983 3046/3046/3046 
f 2983/2983/2983 2985/2985/2985 3046/3046/3046 
f 3046/3046/3046 2985/2985/2985 2985/2985/2985 
f 2985/2985/2985 3049/3049/3049 2985/2985/2985 
f 2985/2985/2985 3049/3049/3049 3049/3049/3049 
f 3049/3049/3049 3047/3047/3047 3049/3049/3049 
f 3049/3049/3049 3047/3047/3047 3051/3051/3051 
f 3047/3047/3047 3081/3081/3081 3051/3051/3051 
f 3051/3051/3051 3081/3081/3081 3053/3053/3053 
f 3081/3081/3081 3082/3082/3082 3053/3053/3053 
f 3053/3053/3053 3082/3082/3082 3083/3083/3083 
f 3082/3082/3082 3084/3084/3084 3083/3083/3083 
f 3083/3083/3083 3084/3084/3084 3085/3085/3085 
f 3084/3084/3084 3086/3086/3086 3085/3085/3085 
f 3085/3085/3085 3086/3086/3086 3087/3087/3087 
f 3086/3086/3086 3088/3088/3088 3087/3087/3087 
f 3087/3087/3087 3088/3088/3088 3089/3089/3089 
f 3088/3088/3088 3090/3090/3090 3089/3089/3089 
f 3089/3089/3089 3090/3090/3090 3091/3091/3091 
f 3090/3090/3090 3092/3092/3092 3091/3091/3091 
f 3091/3091/3091 3092/3092/3092 3093/3093/3093 
f 3092/3092/3092 3094/3094/3094 3093/3093/3093 
f 3093/3093/3093 3094/3094/3094 3095/3095/3095 
f 3094/3094/3094 3096/3096/3096 3095/3095/3095 
f 3095/3095/3095 3096/3096/3096 3097/3097/3097 
f 3096/3096/3096 3098/3098/3098 3097/3097/3097 
f 3097/3097/3097 3098/3098/3098 810/810/810 
f 3098/3098/3098 812/812/812 810/810/810 
f 810/810/810 812/812/812 812/812/812 
f 812/812/812 3098/3098/3098 812/812/812 
f 812/812/812 3098/3098/3098 3098/3098/3098 
f 3098/3098/3098 3096/3096/3096 3098/3098/3098 
f 3098/3098/3098 3096/3096/3096 3099/3099/3099 
f 3096/3096/3096 3094/3094/3094 3099/3099/3099 
f 3099/3099/3099 3094/3094/3094 3100/3100/3100 
f 3094/3094/3094 3092/3092/3092 3100/3100/3100 
f 3100/3100/3100 3092/3092/3092 3101/3101/3101 
f 3092/3092/3092 3090/3090/3090 3101/3101/3101 
f 3101/3101/3101 3090/3090/3090 3102/3102/3102 
f 3090/3090/3090 3088/3088/3088 3102/3102/3102 
f 3102/3102/3102 3088/3088/3088 3103/3103/3103 
f 3088/3088/3088 3086/3086/3086 3103/3103/3103 
f 3103/3103/3103 3086/3086/3086 3104/3104/3104 
f 3086/3086/3086 3084/3084/3084 3104/3104/3104 
f 3104/3104/3104 3084/3084/3084 3105/3105/3105 
f 3084/3084/3084 3082/3082/3082 3105/3105/3105 
f 3105/3105/3105 3082/3082/3082 3106/3106/3106 
f 3082/3082/3082 3081/3081/3081 3106/3106/3106 
f 3106/3106/3106 3081/3081/3081 3107/3107/3107 
f 3081/3081/3081 3047/3047/3047 3107/3107/3107 
f 3107/3107/3107 3047/3047/3047 3045/3045/3045 
f 3047/3047/3047 3045/3045/3045 3045/3045/3045 
f 3045/3045/3045 3045/3045/3045 3098/3098/3098 
f 3045/3045/3045 3098/3098/3098 3098/3098/3098 
f 3098/3098/3098 3098/3098/3098 3098/3098/3098 
f 3098/3098/3098 3099/3099/3099 3098/3098/3098 
f 3098/3098/3098 3099/3099/3099 3108/3108/3108 
f 3099/3099/3099 3100/3100/3100 3108/3108/3108 
f 3108/3108/3108 3100/3100/3100 3109/3109/3109 
f 3100/3100/3100 3101/3101/3101 3109/3109/3109 
f 3109/3109/3109 3101/3101/3101 3110/3110/3110 
f 3101/3101/3101 3102/3102/3102 3110/3110/3110 
f 3110/3110/3110 3102/3102/3102 3111/3111/3111 
f 3102/3102/3102 3103/3103/3103 3111/3111/3111 
f 3111/3111/3111 3103/3103/3103 3112/3112/3112 
f 3103/3103/3103 3104/3104/3104 3112/3112/3112 
f 3112/3112/3112 3104/3104/3104 3113/3113/3113 
f 3104/3104/3104 3105/3105/3105 3113/3113/3113 
f 3113/3113/3113 3105/3105/3105 3114/3114/3114 
f 3105/3105/3105 3106/3106/3106 3114/3114/3114 
f 3114/3114/3114 3106/3106/3106 3115/3115/3115 
f 3106/3106/3106 3107/3107/3107 3115/3115/3115 
f 3115/3115/3115 3107/3107/3107 3116/3116/3116 
f 3107/3107/3107 3045/3045/3045 3116/3116/3116 
f 3116/3116/3116 3045/3045/3045 3044/3044/3044 
f 3045/3045/3045 3044/3044/3044 3044/3044/3044 
f 3044/3044/3044 3044/3044/3044 3108/3108/3108 
f 3044/3044/3044 3108/3108/3108 3108/3108/3108 
f 3108/3108/3108 3108/3108/3108 3108/3108/3108 
f 3108/3108/3108 3117/3117/3117 3108/3108/3108 
f 3108/3108/3108 3117/3117/3117 3098/3098/3098 
f 3117/3117/3117 812/812/812 3098/3098/3098 
f 3098/3098/3098 812/812/812 812/812/812 
f 812/812/812 2820/2820/2820 812/812/812 
f 812/812/812 2820/2820/2820 2820/2820/2820 
f 2820/2820/2820 3061/3061/3061 2820/2820/2820 
f 2820/2820/2820 3061/3061/3061 2822/2822/2822 
f 3061/3061/3061 3118/3118/3118 2822/2822/2822 
f 2822/2822/2822 3118/3118/3118 2824/2824/2824 
f 3118/3118/3118 3119/3119/3119 2824/2824/2824 
f 2824/2824/2824 3119/3119/3119 3120/3120/3120 
f 3119/3119/3119 3121/3121/3121 3120/3120/3120 
f 3120/3120/3120 3121/3121/3121 2826/2826/2826 
f 3121/3121/3121 3122/3122/3122 2826/2826/2826 
f 2826/2826/2826 3122/3122/3122 2828/2828/2828 
f 3122/3122/3122 3123/3123/3123 2828/2828/2828 
f 2828/2828/2828 3123/3123/3123 2830/2830/2830 
f 3123/3123/3123 3124/3124/3124 2830/2830/2830 
f 2830/2830/2830 3124/3124/3124 3125/3125/3125 
f 3124/3124/3124 3095/3095/3095 3125/3125/3125 
f 3125/3125/3125 3095/3095/3095 3126/3126/3126 
f 3095/3095/3095 3097/3097/3097 3126/3126/3126 
f 3126/3126/3126 3097/3097/3097 808/808/808 
f 3097/3097/3097 810/810/810 808/808/808 
f 808/808/808 810/810/810 810/810/810 
f 810/810/810 3061/3061/3061 810/810/810 
f 810/810/810 3061/3061/3061 3061/3061/3061 
f 3061/3061/3061 3059/3059/3059 3061/3061/3061 
f 3061/3061/3061 3059/3059/3059 3118/3118/3118 
f 3059/3059/3059 3127/3127/3127 3118/3118/3118 
f 3118/3118/3118 3127/3127/3127 3119/3119/3119 
f 3127/3127/3127 3128/3128/3128 3119/3119/3119 
f 3119/3119/3119 3128/3128/3128 3121/3121/3121 
f 3128/3128/3128 3087/3087/3087 3121/3121/3121 
f 3121/3121/3121 3087/3087/3087 3089/3089/3089 
f 3087/3087/3087 3089/3089/3089 3089/3089/3089 
f 3089/3089/3089 3089/3089/3089 3059/3059/3059 
f 3089/3089/3089 3059/3059/3059 3059/3059/3059 
f 3059/3059/3059 3059/3059/3059 3059/3059/3059 
f 3059/3059/3059 3057/3057/3057 3059/3059/3059 
f 3059/3059/3059 3057/3057/3057 3127/3127/3127 
f 3057/3057/3057 3055/3055/3055 3127/3127/3127 
f 3127/3127/3127 3055/3055/3055 3129/3129/3129 
f 3055/3055/3055 3085/3085/3085 3129/3129/3129 
f 3129/3129/3129 3085/3085/3085 3087/3087/3087 
f 3085/3085/3085 3087/3087/3087 3087/3087/3087 
f 3087/3087/3087 3087/3087/3087 3087/3087/3087 
f 3087/3087/3087 3128/3128/3128 3087/3087/3087 
f 3087/3087/3087 3128/3128/3128 3129/3129/3129 
f 3128/3128/3128 3127/3127/3127 3129/3129/3129 
f 3129/3129/3129 3127/3127/3127 3127/3127/3127 
f 3127/3127/3127 3095/3095/3095 3127/3127/3127 
f 3127/3127/3127 3095/3095/3095 3095/3095/3095 
f 3095/3095/3095 3124/3124/3124 3095/3095/3095 
f 3095/3095/3095 3124/3124/3124 3093/3093/3093 
f 3124/3124/3124 3123/3123/3123 3093/3093/3093 
f 3093/3093/3093 3123/3123/3123 3091/3091/3091 
f 3123/3123/3123 3122/3122/3122 3091/3091/3091 
f 3091/3091/3091 3122/3122/3122 3121/3121/3121 
f 3122/3122/3122 3121/3121/3121 3121/3121/3121 
f 3121/3121/3121 3121/3121/3121 3053/3053/3053 
f 3121/3121/3121 3053/3053/3053 3053/3053/3053 
f 3053/3053/3053 3053/3053/3053 3053/3053/3053 
f 3053/3053/3053 3083/3083/3083 3053/3053/3053 
f 3053/3053/3053 3083/3083/3083 3055/3055/3055 
f 3083/3083/3083 3085/3085/3085 3055/3055/3055 
f 3055/3055/3055 3085/3085/3085 3085/3085/3085 
f 3085/3085/3085 3056/3056/3056 3085/3085/3085 
f 3085/3085/3085 3056/3056/3056 3056/3056/3056 
f 3056/3056/3056 3058/3058/3058 3056/3056/3056 
f 3056/3056/3056 3058/3058/3058 3064/3064/3064 
f 3058/3058/3058 3130/3130/3130 3064/3064/3064 
f 3064/3064/3064 3130/3130/3130 3066/3066/3066 
f 3130/3130/3130 3131/3131/3131 3066/3066/3066 
f 3066/3066/3066 3131/3131/3131 3132/3132/3132 
f 3131/3131/3131 3133/3133/3133 3132/3132/3132 
f 3132/3132/3132 3133/3133/3133 3134/3134/3134 
f 3133/3133/3133 2812/2812/2812 3134/3134/3134 
f 3134/3134/3134 2812/2812/2812 2810/2810/2810 
f 2812/2812/2812 2810/2810/2810 2810/2810/2810 
f 2810/2810/2810 2810/2810/2810 3066/3066/3066 
f 2810/2810/2810 3066/3066/3066 3066/3066/3066 
f 3066/3066/3066 3066/3066/3066 3066/3066/3066 
f 3066/3066/3066 3132/3132/3132 3066/3066/3066 
f 3066/3066/3066 3132/3132/3132 3068/3068/3068 
f 3132/3132/3132 3134/3134/3134 3068/3068/3068 
f 3068/3068/3068 3134/3134/3134 3070/3070/3070 
f 3134/3134/3134 2810/2810/2810 3070/3070/3070 
f 3070/3070/3070 2810/2810/2810 2808/2808/2808 
f 2810/2810/2810 2808/2808/2808 2808/2808/2808 
f 2808/2808/2808 2808/2808/2808 3058/3058/3058 
f 2808/2808/2808 3058/3058/3058 3058/3058/3058 
f 3058/3058/3058 3058/3058/3058 3058/3058/3058 
f 3058/3058/3058 3060/3060/3060 3058/3058/3058 
f 3058/3058/3058 3060/3060/3060 3130/3130/3130 
f 3060/3060/3060 3131/3131/3131 3130/3130/3130 
f 3130/3130/3130 3131/3131/3131 3131/3131/3131 
f 3131/3131/3131 3060/3060/3060 3131/3131/3131 
f 3131/3131/3131 3060/3060/3060 3060/3060/3060 
f 3060/3060/3060 3062/3062/3062 3060/3060/3060 
f 3060/3060/3060 3062/3062/3062 3131/3131/3131 
f 3062/3062/3062 2818/2818/2818 3131/3131/3131 
f 3131/3131/3131 2818/2818/2818 3135/3135/3135 
f 2818/2818/2818 2816/2816/2816 3135/3135/3135 
f 3135/3135/3135 2816/2816/2816 2814/2814/2814 
f 2816/2816/2816 2814/2814/2814 2814/2814/2814 
f 2814/2814/2814 2814/2814/2814 3131/3131/3131 
f 2814/2814/2814 3131/3131/3131 3131/3131/3131 
f 3131/3131/3131 3131/3131/3131 3131/3131/3131 
f 3131/3131/3131 3135/3135/3135 3131/3131/3131 
f 3131/3131/3131 3135/3135/3135 3133/3133/3133 
f 3135/3135/3135 2814/2814/2814 3133/3133/3133 
f 3133/3133/3133 2814/2814/2814 2812/2812/2812 
f 2814/2814/2814 2812/2812/2812 2812/2812/2812 
f 2812/2812/2812 2812/2812/2812 3076/3076/3076 
f 2812/2812/2812 3076/3076/3076 3076/3076/3076 
f 3076/3076/3076 3076/3076/3076 3076/3076/3076 
f 3076/3076/3076 3079/3079/3079 3076/3076/3076 
f 3076/3076/3076 3079/3079/3079 3065/3065/3065 
f 3079/3079/3079 3063/3063/3063 3065/3065/3065 
f 3065/3065/3065 3063/3063/3063 3063/3063/3063 
f 3063/3063/3063 3079/3079/3079 3063/3063/3063 
f 3063/3063/3063 3079/3079/3079 3079/3079/3079 
f 3079/3079/3079 3052/3052/3052 3079/3079/3079 
f 3079/3079/3079 3052/3052/3052 3063/3063/3063 
f 3052/3052/3052 3054/3054/3054 3063/3063/3063 
f 3063/3063/3063 3054/3054/3054 3054/3054/3054 
f 3054/3054/3054 802/802/802 3054/3054/3054 
f 3054/3054/3054 802/802/802 802/802/802 
f 802/802/802 2834/2834/2834 802/802/802 
f 802/802/802 2834/2834/2834 804/804/804 
f 2834/2834/2834 3136/3136/3136 804/804/804 
f 804/804/804 3136/3136/3136 806/806/806 
f 3136/3136/3136 3137/3137/3137 806/806/806 
f 806/806/806 3137/3137/3137 808/808/808 
f 3137/3137/3137 3126/3126/3126 808/808/808 
f 808/808/808 3126/3126/3126 3126/3126/3126 
f 3126/3126/3126 2834/2834/2834 3126/3126/3126 
f 3126/3126/3126 2834/2834/2834 2834/2834/2834 
f 2834/2834/2834 2832/2832/2832 2834/2834/2834 
f 2834/2834/2834 2832/2832/2832 3136/3136/3136 
f 2832/2832/2832 3125/3125/3125 3136/3136/3136 
f 3136/3136/3136 3125/3125/3125 3126/3126/3126 
f 3125/3125/3125 3126/3126/3126 3126/3126/3126 
f 3126/3126/3126 3126/3126/3126 2835/2835/2835 
f 3126/3126/3126 2835/2835/2835 2835/2835/2835 
f 2835/2835/2835 2835/2835/2835 2835/2835/2835 
f 2835/2835/2835 800/800/800 2835/2835/2835 
f 2835/2835/2835 800/800/800 2895/2895/2895 
f 800/800/800 798/798/798 2895/2895/2895 
f 2895/2895/2895 798/798/798 796/796/796 
f 798/798/798 796/796/796 796/796/796 
f 796/796/796 796/796/796 2895/2895/2895 
f 796/796/796 2895/2895/2895 2895/2895/2895 
f 2895/2895/2895 2895/2895/2895 2895/2895/2895 
f 2895/2895/2895 796/796/796 2895/2895/2895 
f 2895/2895/2895 796/796/796 2894/2894/2894 
f 796/796/796 2893/2893/2893 2894/2894/2894 
f 2894/2894/2894 2893/2893/2893 2893/2893/2893 
f 2893/2893/2893 796/796/796 2893/2893/2893 
f 2893/2893/2893 796/796/796 3138/3138/3138 
f 796/796/796 794/794/794 3138/3138/3138 
f 3138/3138/3138 794/794/794 3139/3139/3139 
f 794/794/794 3140/3140/3140 3139/3139/3139 
f 3139/3139/3139 3140/3140/3140 2891/2891/2891 
f 3140/3140/3140 3141/3141/3141 2891/2891/2891 
f 2891/2891/2891 3141/3141/3141 2889/2889/2889 
f 3141/3141/3141 499/499/499 2889/2889/2889 
f 2889/2889/2889 499/499/499 499/499/499 
f 499/499/499 2893/2893/2893 499/499/499 
f 499/499/499 2893/2893/2893 2893/2893/2893 
f 2893/2893/2893 3138/3138/3138 2893/2893/2893 
f 2893/2893/2893 3138/3138/3138 2892/2892/2892 
f 3138/3138/3138 3139/3139/3139 2892/2892/2892 
f 2892/2892/2892 3139/3139/3139 2891/2891/2891 
f 3139/3139/3139 2891/2891/2891 2891/2891/2891 
f 2891/2891/2891 2891/2891/2891 2811/2811/2811 
f 2891/2891/2891 2811/2811/2811 2811/2811/2811 
f 2811/2811/2811 2811/2811/2811 2811/2811/2811 
f 2811/2811/2811 2851/2851/2851 2811/2811/2811 
f 2811/2811/2811 2851/2851/2851 2809/2809/2809 
f 2851/2851/2851 2805/2805/2805 2809/2809/2809 
f 2809/2809/2809 2805/2805/2805 2807/2807/2807 
f 2805/2805/2805 2807/2807/2807 2807/2807/2807 
f 2807/2807/2807 2807/2807/2807 794/794/794 
f 2807/2807/2807 794/794/794 794/794/794 
f 794/794/794 794/794/794 794/794/794 
f 794/794/794 792/792/792 794/794/794 
f 794/794/794 792/792/792 3140/3140/3140 
f 792/792/792 3142/3142/3142 3140/3140/3140 
f 3140/3140/3140 3142/3142/3142 3141/3141/3141 
f 3142/3142/3142 3143/3143/3143 3141/3141/3141 
f 3141/3141/3141 3143/3143/3143 499/499/499 
f 3143/3143/3143 497/497/497 499/499/499 
f 499/499/499 497/497/497 497/497/497 
f 497/497/497 3143/3143/3143 497/497/497 
f 497/497/497 3143/3143/3143 3143/3143/3143 
f 3143/3143/3143 3142/3142/3142 3143/3143/3143 
f 3143/3143/3143 3142/3142/3142 497/497/497 
f 3142/3142/3142 3144/3144/3144 497/497/497 
f 497/497/497 3144/3144/3144 495/495/495 
f 3144/3144/3144 3145/3145/3145 495/495/495 
f 495/495/495 3145/3145/3145 493/493/493 
f 3145/3145/3145 785/785/785 493/493/493 
f 493/493/493 785/785/785 785/785/785 
f 785/785/785 3142/3142/3142 785/785/785 
f 785/785/785 3142/3142/3142 3142/3142/3142 
f 3142/3142/3142 790/790/790 3142/3142/3142 
f 3142/3142/3142 790/790/790 3144/3144/3144 
f 790/790/790 788/788/788 3144/3144/3144 
f 3144/3144/3144 788/788/788 3145/3145/3145 
f 788/788/788 786/786/786 3145/3145/3145 
f 3145/3145/3145 786/786/786 785/785/785 
f 786/786/786 785/785/785 785/785/785 
f 785/785/785 785/785/785 1270/1270/1270 
f 785/785/785 1270/1270/1270 1270/1270/1270 
f 1270/1270/1270 1270/1270/1270 1270/1270/1270 
f 1270/1270/1270 1269/1269/1269 1270/1270/1270 
f 1270/1270/1270 1269/1269/1269 3146/3146/3146 
f 1269/1269/1269 1268/1268/1268 3146/3146/3146 
f 3146/3146/3146 1268/1268/1268 3147/3147/3147 
f 1268/1268/1268 3148/3148/3148 3147/3147/3147 
f 3147/3147/3147 3148/3148/3148 3149/3149/3149 
f 3148/3148/3148 3150/3150/3150 3149/3149/3149 
f 3149/3149/3149 3150/3150/3150 3151/3151/3151 
f 3150/3150/3150 3152/3152/3152 3151/3151/3151 
f 3151/3151/3151 3152/3152/3152 3153/3153/3153 
f 3152/3152/3152 3154/3154/3154 3153/3153/3153 
f 3153/3153/3153 3154/3154/3154 3155/3155/3155 
f 3154/3154/3154 1252/1252/1252 3155/3155/3155 
f 3155/3155/3155 1252/1252/1252 1251/1251/1251 
f 1252/1252/1252 1251/1251/1251 1251/1251/1251 
f 1251/1251/1251 1251/1251/1251 3155/3155/3155 
f 1251/1251/1251 3155/3155/3155 3155/3155/3155 
f 3155/3155/3155 3155/3155/3155 3155/3155/3155 
f 3155/3155/3155 3156/3156/3156 3155/3155/3155 
f 3155/3155/3155 3156/3156/3156 3153/3153/3153 
f 3156/3156/3156 3157/3157/3157 3153/3153/3153 
f 3153/3153/3153 3157/3157/3157 3149/3149/3149 
f 3157/3157/3157 3158/3158/3158 3149/3149/3149 
f 3149/3149/3149 3158/3158/3158 3147/3147/3147 
f 3158/3158/3158 3159/3159/3159 3147/3147/3147 
f 3147/3147/3147 3159/3159/3159 3146/3146/3146 
f 3159/3159/3159 3160/3160/3160 3146/3146/3146 
f 3146/3146/3146 3160/3160/3160 1270/1270/1270 
f 3160/3160/3160 1271/1271/1271 1270/1270/1270 
f 1270/1270/1270 1271/1271/1271 1271/1271/1271 
f 1271/1271/1271 3156/3156/3156 1271/1271/1271 
f 1271/1271/1271 3156/3156/3156 3156/3156/3156 
f 3156/3156/3156 3161/3161/3161 3156/3156/3156 
f 3156/3156/3156 3161/3161/3161 3157/3157/3157 
f 3161/3161/3161 3162/3162/3162 3157/3157/3157 
f 3157/3157/3157 3162/3162/3162 3158/3158/3158 
f 3162/3162/3162 3163/3163/3163 3158/3158/3158 
f 3158/3158/3158 3163/3163/3163 3159/3159/3159 
f 3163/3163/3163 3164/3164/3164 3159/3159/3159 
f 3159/3159/3159 3164/3164/3164 3160/3160/3160 
f 3164/3164/3164 3165/3165/3165 3160/3160/3160 
f 3160/3160/3160 3165/3165/3165 1271/1271/1271 
f 3165/3165/3165 1272/1272/1272 1271/1271/1271 
f 1271/1271/1271 1272/1272/1272 1272/1272/1272 
f 1272/1272/1272 3164/3164/3164 1272/1272/1272 
f 1272/1272/1272 3164/3164/3164 3164/3164/3164 
f 3164/3164/3164 3163/3163/3163 3164/3164/3164 
f 3164/3164/3164 3163/3163/3163 3166/3166/3166 
f 3163/3163/3163 3162/3162/3162 3166/3166/3166 
f 3166/3166/3166 3162/3162/3162 3167/3167/3167 
f 3162/3162/3162 3161/3161/3161 3167/3167/3167 
f 3167/3167/3167 3161/3161/3161 3168/3168/3168 
f 3161/3161/3161 3169/3169/3169 3168/3168/3168 
f 3168/3168/3168 3169/3169/3169 3170/3170/3170 
f 3169/3169/3169 3171/3171/3171 3170/3170/3170 
f 3170/3170/3170 3171/3171/3171 1295/1295/1295 
f 3171/3171/3171 3172/3172/3172 1295/1295/1295 
f 1295/1295/1295 3172/3172/3172 1297/1297/1297 
f 3172/3172/3172 3173/3173/3173 1297/1297/1297 
f 1297/1297/1297 3173/3173/3173 1299/1299/1299 
f 3173/3173/3173 1247/1247/1247 1299/1299/1299 
f 1299/1299/1299 1247/1247/1247 1247/1247/1247 
f 1247/1247/1247 3166/3166/3166 1247/1247/1247 
f 1247/1247/1247 3166/3166/3166 3166/3166/3166 
f 3166/3166/3166 3174/3174/3174 3166/3166/3166 
f 3166/3166/3166 3174/3174/3174 3164/3164/3164 
f 3174/3174/3174 3175/3175/3175 3164/3164/3164 
f 3164/3164/3164 3175/3175/3175 3165/3165/3165 
f 3175/3175/3175 3176/3176/3176 3165/3165/3165 
f 3165/3165/3165 3176/3176/3176 3177/3177/3177 
f 3176/3176/3176 1274/1274/1274 3177/3177/3177 
f 3177/3177/3177 1274/1274/1274 1272/1272/1272 
f 1274/1274/1274 1272/1272/1272 1272/1272/1272 
f 1272/1272/1272 1272/1272/1272 3176/3176/3176 
f 1272/1272/1272 3176/3176/3176 3176/3176/3176 
f 3176/3176/3176 3176/3176/3176 3176/3176/3176 
f 3176/3176/3176 3175/3175/3175 3176/3176/3176 
f 3176/3176/3176 3175/3175/3175 3178/3178/3178 
f 3175/3175/3175 3174/3174/3174 3178/3178/3178 
f 3178/3178/3178 3174/3174/3174 1289/1289/1289 
f 3174/3174/3174 3179/3179/3179 1289/1289/1289 
f 1289/1289/1289 3179/3179/3179 1291/1291/1291 
f 3179/3179/3179 3180/3180/3180 1291/1291/1291 
f 1291/1291/1291 3180/3180/3180 1293/1293/1293 
f 3180/3180/3180 3170/3170/3170 1293/1293/1293 
f 1293/1293/1293 3170/3170/3170 1295/1295/1295 
f 3170/3170/3170 1295/1295/1295 1295/1295/1295 
f 1295/1295/1295 1295/1295/1295 3179/3179/3179 
f 1295/1295/1295 3179/3179/3179 3179/3179/3179 
f 3179/3179/3179 3179/3179/3179 3179/3179/3179 
f 3179/3179/3179 3166/3166/3166 3179/3179/3179 
f 3179/3179/3179 3166/3166/3166 3180/3180/3180 
f 3166/3166/3166 3167/3167/3167 3180/3180/3180 
f 3180/3180/3180 3167/3167/3167 3168/3168/3168 
f 3167/3167/3167 3168/3168/3168 3168/3168/3168 
f 3168/3168/3168 3168/3168/3168 3154/3154/3154 
f 3168/3168/3168 3154/3154/3154 3154/3154/3154 
f 3154/3154/3154 3154/3154/3154 3154/3154/3154 
f 3154/3154/3154 3152/3152/3152 3154/3154/3154 
f 3154/3154/3154 3152/3152/3152 1252/1252/1252 
f 3152/3152/3152 1253/1253/1253 1252/1252/1252 
f 1252/1252/1252 1253/1253/1253 1253/1253/1253 
f 1253/1253/1253 3152/3152/3152 1253/1253/1253 
f 1253/1253/1253 3152/3152/3152 1254/1254/1254 
f 3152/3152/3152 3181/3181/3181 1254/1254/1254 
f 1254/1254/1254 3181/3181/3181 1255/1255/1255 
f 3181/3181/3181 1262/1262/1262 1255/1255/1255 
f 1255/1255/1255 1262/1262/1262 1262/1262/1262 
f 1262/1262/1262 3181/3181/3181 1262/1262/1262 
f 1262/1262/1262 3181/3181/3181 1264/1264/1264 
f 3181/3181/3181 3150/3150/3150 1264/1264/1264 
f 1264/1264/1264 3150/3150/3150 3148/3148/3148 
f 3150/3150/3150 3148/3148/3148 3148/3148/3148 
f 3148/3148/3148 3148/3148/3148 1264/1264/1264 
f 3148/3148/3148 1264/1264/1264 1264/1264/1264 
f 1264/1264/1264 1264/1264/1264 1264/1264/1264 
f 1264/1264/1264 3148/3148/3148 1264/1264/1264 
f 1264/1264/1264 3148/3148/3148 1266/1266/1266 
f 3148/3148/3148 1268/1268/1268 1266/1266/1266 
f 1266/1266/1266 1268/1268/1268 1268/1268/1268 
f 1268/1268/1268 3161/3161/3161 1268/1268/1268 
f 1268/1268/1268 3161/3161/3161 3161/3161/3161 
f 3161/3161/3161 3156/3156/3156 3161/3161/3161 
f 3161/3161/3161 3156/3156/3156 3169/3169/3169 
f 3156/3156/3156 3182/3182/3182 3169/3169/3169 
f 3169/3169/3169 3182/3182/3182 3183/3183/3183 
f 3182/3182/3182 1250/1250/1250 3183/3183/3183 
f 3183/3183/3183 1250/1250/1250 1249/1249/1249 
f 1250/1250/1250 1249/1249/1249 1249/1249/1249 
f 1249/1249/1249 1249/1249/1249 3169/3169/3169 
f 1249/1249/1249 3169/3169/3169 3169/3169/3169 
f 3169/3169/3169 3169/3169/3169 3169/3169/3169 
f 3169/3169/3169 3183/3183/3183 3169/3169/3169 
f 3169/3169/3169 3183/3183/3183 3171/3171/3171 
f 3183/3183/3183 3173/3173/3173 3171/3171/3171 
f 3171/3171/3171 3173/3173/3173 3172/3172/3172 
f 3173/3173/3173 3172/3172/3172 3172/3172/3172 
f 3172/3172/3172 3172/3172/3172 3183/3183/3183 
f 3172/3172/3172 3183/3183/3183 3183/3183/3183 
f 3183/3183/3183 3183/3183/3183 3183/3183/3183 
f 3183/3183/3183 1249/1249/1249 3183/3183/3183 
f 3183/3183/3183 1249/1249/1249 3173/3173/3173 
f 1249/1249/1249 1248/1248/1248 3173/3173/3173 
f 3173/3173/3173 1248/1248/1248 1247/1247/1247 
f 1248/1248/1248 1247/1247/1247 1247/1247/1247 
f 1247/1247/1247 1247/1247/1247 3156/3156/3156 
f 1247/1247/1247 3156/3156/3156 3156/3156/3156 
f 3156/3156/3156 3156/3156/3156 3156/3156/3156 
f 3156/3156/3156 3155/3155/3155 3156/3156/3156 
f 3156/3156/3156 3155/3155/3155 3182/3182/3182 
f 3155/3155/3155 1250/1250/1250 3182/3182/3182 
f 3182/3182/3182 1250/1250/1250 1250/1250/1250 
f 1250/1250/1250 1289/1289/1289 1250/1250/1250 
f 1250/1250/1250 1289/1289/1289 1289/1289/1289 
f 1289/1289/1289 1287/1287/1287 1289/1289/1289 
f 1289/1289/1289 1287/1287/1287 3178/3178/3178 
f 1287/1287/1287 1285/1285/1285 3178/3178/3178 
f 3178/3178/3178 1285/1285/1285 3176/3176/3176 
f 1285/1285/1285 1283/1283/1283 3176/3176/3176 
f 3176/3176/3176 1283/1283/1283 1274/1274/1274 
f 1283/1283/1283 1274/1274/1274 1274/1274/1274 
f 1274/1274/1274 1274/1274/1274 1730/1730/1730 
f 1274/1274/1274 1730/1730/1730 1730/1730/1730 
f 1730/1730/1730 1730/1730/1730 1730/1730/1730 
f 1730/1730/1730 1729/1729/1729 1730/1730/1730 
f 1730/1730/1730 1729/1729/1729 3184/3184/3184 
f 1729/1729/1729 1728/1728/1728 3184/3184/3184 
f 3184/3184/3184 1728/1728/1728 1651/1651/1651 
f 1728/1728/1728 1651/1651/1651 1651/1651/1651 
f 1651/1651/1651 1651/1651/1651 1651/1651/1651 
f 1651/1651/1651 1653/1653/1653 1651/1651/1651 
f 1651/1651/1651 1653/1653/1653 3184/3184/3184 
f 1653/1653/1653 1730/1730/1730 3184/3184/3184 
f 1338/1338/1338 1408/1408/1408 1378/1378/1378 
f 1072/1072/1072 349/349/349 347/347/347 
f 4/4/4 2/2/2 382/382/382 
f 378/378/378 383/383/383 379/379/379 
f 373/373/373 381/381/381 371/371/371 
f 16/16/16 14/14/14 361/361/361 
f 336/336/336 337/337/337 338/338/338 
f 559/559/559 334/334/334 335/335/335 
f 1075/1075/1075 339/339/339 57/57/57 
f 24/24/24 22/22/22 354/354/354 
f 35/35/35 36/36/36 38/38/38 
f 1404/1404/1404 1351/1351/1351 42/42/42 
f 1409/1409/1409 1342/1342/1342 1344/1344/1344 
f 1366/1366/1366 1345/1345/1345 1343/1343/1343 
f 3174/3174/3174 3166/3166/3166 3179/3179/3179 
f 1397/1397/1397 1383/1383/1383 1382/1382/1382 
f 1391/1391/1391 1393/1393/1393 1394/1394/1394 
f 1320/1320/1320 1323/1323/1323 1322/1322/1322 
f 1390/1390/1390 1410/1410/1410 1392/1392/1392 
f 1292/1292/1292 1302/1302/1302 1290/1290/1290 
f 1358/1358/1358 1359/1359/1359 1360/1360/1360 
f 1329/1329/1329 1352/1352/1352 1370/1370/1370 
f 3180/3180/3180 3168/3168/3168 3170/3170/3170 
f 3155/3155/3155 1251/1251/1251 1250/1250/1250 
f 3165/3165/3165 3177/3177/3177 1272/1272/1272 
f 433/433/433 432/432/432 430/430/430 
f 452/452/452 450/450/450 448/448/448 
f 3149/3149/3149 3151/3151/3151 3153/3153/3153 
f 3150/3150/3150 3181/3181/3181 3152/3152/3152 
f 1276/1276/1276 1275/1275/1275 1280/1280/1280 
f 1278/1278/1278 942/942/942 935/935/935 
f 932/932/932 930/930/930 931/931/931 
f 241/241/241 242/242/242 539/539/539 
f 1042/1042/1042 1044/1044/1044 1046/1046/1046 
f 457/457/457 552/552/552 459/459/459 
f 406/406/406 924/924/924 404/404/404 
f 879/879/879 399/399/399 397/397/397 
f 1030/1030/1030 901/901/901 903/903/903 
f 882/882/882 883/883/883 885/885/885 
f 867/867/867 1040/1040/1040 1039/1039/1039 
f 316/316/316 265/265/265 263/263/263 
f 846/846/846 848/848/848 850/850/850 
f 836/836/836 838/838/838 859/859/859 
f 1020/1020/1020 1022/1022/1022 1010/1010/1010 
f 1028/1028/1028 1019/1019/1019 1018/1018/1018 
f 1504/1504/1504 1505/1505/1505 1627/1627/1627 
f 1508/1508/1508 1509/1509/1509 1511/1511/1511 
f 1595/1595/1595 1594/1594/1594 1593/1593/1593 
f 1446/1446/1446 1448/1448/1448 1590/1590/1590 
f 1611/1611/1611 1836/1836/1836 1609/1609/1609 
f 1451/1451/1451 1518/1518/1518 1453/1453/1453 
f 1722/1722/1722 1721/1721/1721 1720/1720/1720 
f 1493/1493/1493 1582/1582/1582 1495/1495/1495 
f 1492/1492/1492 1494/1494/1494 1496/1496/1496 
f 1686/1686/1686 1711/1711/1711 1687/1687/1687 
f 1767/1767/1767 1768/1768/1768 1770/1770/1770 
f 231/231/231 233/233/233 1814/1814/1814 
f 1654/1654/1654 1652/1652/1652 1650/1650/1650 
f 1803/1803/1803 1804/1804/1804 1823/1823/1823 
f 1809/1809/1809 1821/1821/1821 1810/1810/1810 
f 1667/1667/1667 1669/1669/1669 1745/1745/1745 
f 468/468/468 466/466/466 464/464/464 
f 476/476/476 474/474/474 508/508/508 
f 535/535/535 636/636/636 534/534/534 
f 729/729/729 740/740/740 731/731/731 
f 751/751/751 739/739/739 738/738/738 
f 672/672/672 778/778/778 674/674/674 
f 641/641/641 669/669/669 643/643/643 
f 770/770/770 768/768/768 784/784/784 
f 1078/1078/1078 494/494/494 492/492/492 
f 700/700/700 823/823/823 702/702/702 
f 787/787/787 789/789/789 830/830/830 
f 817/817/817 819/819/819 827/827/827 
f 817/817/817 803/803/803 805/805/805 
f 3126/3126/3126 3137/3137/3137 3136/3136/3136 
f 3125/3125/3125 2832/2832/2832 2830/2830/2830 
f 2882/2882/2882 2897/2897/2897 2881/2881/2881 
f 2827/2827/2827 2829/2829/2829 2857/2857/2857 
f 792/792/792 790/790/790 3142/3142/3142 
f 504/504/504 1068/1068/1068 506/506/506 
f 507/507/507 2877/2877/2877 505/505/505 
f 2867/2867/2867 2865/2865/2865 2863/2863/2863 
f 3121/3121/3121 3089/3089/3089 3091/3091/3091 
f 2824/2824/2824 3120/3120/3120 2826/2826/2826 
f 3069/3069/3069 3075/3075/3075 3067/3067/3067 
f 2843/2843/2843 2913/2913/2913 2845/2845/2845 
f 2842/2842/2842 2844/2844/2844 2846/2846/2846 
f 2919/2919/2919 2925/2925/2925 2921/2921/2921 
f 2714/2714/2714 3041/3041/3041 2716/2716/2716 
f 3025/3025/3025 2778/2778/2778 2777/2777/2777 
f 2680/2680/2680 2753/2753/2753 2679/2679/2679 
f 2761/2761/2761 2768/2768/2768 2767/2767/2767 
f 2765/2765/2765 2766/2766/2766 2743/2743/2743 
f 2740/2740/2740 2795/2795/2795 2741/2741/2741 
f 2664/2664/2664 2663/2663/2663 2661/2661/2661 
f 2104/2104/2104 2665/2665/2665 2106/2106/2106 
f 2651/2651/2651 2649/2649/2649 2647/2647/2647 
f 2084/2084/2084 2082/2082/2082 2638/2638/2638 
f 2117/2117/2117 2142/2142/2142 2119/2119/2119 
f 2115/2115/2115 2114/2114/2114 2113/2113/2113 
f 2099/2099/2099 2129/2129/2129 2097/2097/2097 
f 2126/2126/2126 2127/2127/2127 2128/2128/2128 
f 2148/2148/2148 1969/1969/1969 1967/1967/1967 
f 1934/1934/1934 1979/1979/1979 1933/1933/1933 
f 2221/2221/2221 2223/2223/2223 2228/2228/2228 
f 2232/2232/2232 2234/2234/2234 2231/2231/2231 
f 2010/2010/2010 2022/2022/2022 2008/2008/2008 
f 2012/2012/2012 2014/2014/2014 2016/2016/2016 
f 1915/1915/1915 1998/1998/1998 1913/1913/1913 
f 2031/2031/2031 2049/2049/2049 2029/2029/2029 
f 1886/1886/1886 2236/2236/2236 1888/1888/1888 
f 2059/2059/2059 2344/2344/2344 2061/2061/2061 
f 2308/2308/2308 2367/2367/2367 2310/2310/2310 
f 2306/2306/2306 2305/2305/2305 2304/2304/2304 
f 2298/2298/2298 2375/2375/2375 2296/2296/2296 
f 2325/2325/2325 2324/2324/2324 2322/2322/2322 
f 2248/2248/2248 2326/2326/2326 2246/2246/2246 
f 2251/2251/2251 2508/2508/2508 2253/2253/2253 
f 2528/2528/2528 2526/2526/2526 2524/2524/2524 
f 2527/2527/2527 2531/2531/2531 2525/2525/2525 
f 2269/2269/2269 2437/2437/2437 2271/2271/2271 
f 2597/2597/2597 2624/2624/2624 2629/2629/2629 
f 2603/2603/2603 2614/2614/2614 2602/2602/2602 
f 2574/2574/2574 2575/2575/2575 2577/2577/2577 
f 2572/2572/2572 2545/2545/2545 2547/2547/2547 
f 2392/2392/2392 2394/2394/2394 2396/2396/2396 
f 2516/2516/2516 2502/2502/2502 2501/2501/2501 
f 2404/2404/2404 2422/2422/2422 2402/2402/2402 
f 2419/2419/2419 2562/2562/2562 2421/2421/2421 

