mtllib model_1.mtl
o model_1
v 0.6303005218505859 -0.09646867215633392 0.28452301025390625 
v 0.6315661668777466 -0.09426610916852951 0.28452301025390625 
v 0.6294227838516235 -0.09886277467012405 0.28452301025390625 
v 0.628973662853241 -0.10138455778360367 0.28452301025390625 
v 0.6332196593284607 -0.09231890738010406 0.28452301025390625 
v 0.628973662853241 -0.1039382591843605 0.28452301025390625 
v 0.635179340839386 -0.09069091826677322 0.28452301025390625 
v 0.6294023394584656 -0.10646004229784012 0.28452301025390625 
v 0.6373839974403381 -0.0894140675663948 0.28452301025390625 
v 0.6302801370620728 -0.10885413736104965 0.28452301025390625 
v 0.639792799949646 -0.08855219185352325 0.28452301025390625 
v 0.6315457820892334 -0.11105670779943466 0.28452301025390625 
v 0.6423036456108093 -0.08810529112815857 0.28452301025390625 
v 0.6331788301467896 -0.11300390958786011 0.28452301025390625 
v 0.6448553204536438 -0.08810529112815857 0.28452301025390625 
v 0.6351385116577148 -0.11466381698846817 0.28452301025390625 
v 0.6473661661148071 -0.08855219185352325 0.28452301025390625 
v 0.637343168258667 -0.11594066768884659 0.28452301025390625 
v 0.649754524230957 -0.08944598585367203 0.28452301025390625 
v 0.6397315263748169 -0.11680254340171814 0.28452301025390625 
v 0.6519591808319092 -0.09072284400463104 0.28452301025390625 
v 0.6422423720359802 -0.11724944412708282 0.28452301025390625 
v 0.6539188623428345 -0.09235082566738129 0.28452301025390625 
v 0.6447940468788147 -0.11728136241436005 0.28452301025390625 
v 0.6555519104003906 -0.09429802745580673 0.28452301025390625 
v 0.647304892539978 -0.11683446168899536 0.28452301025390625 
v 0.6568175554275513 -0.09653251618146896 0.28452301025390625 
v 0.6497136950492859 -0.11597258597612381 0.28452301025390625 
v 0.6576953530311584 -0.0989266186952591 0.28452301025390625 
v 0.651918351650238 -0.11469573527574539 0.28452301025390625 
v 0.6581240296363831 -0.10144840180873871 0.28452301025390625 
v 0.6538780331611633 -0.11306775361299515 0.28452301025390625 
v 0.6581240296363831 -0.10400210320949554 0.28452301025390625 
v 0.6555315256118774 -0.11108863353729248 0.28452301025390625 
v 0.6576749086380005 -0.10649196058511734 0.28452301025390625 
v 0.6567971706390381 -0.10888606309890747 0.28452301025390625 
v 0.6272181272506714 -0.09120166301727295 0.28984370827674866 
v 0.625482976436615 -0.09423418343067169 0.28984370827674866 
v 0.625482976436615 -0.09423418343067169 0.7581673860549927 
v 0.6242786049842834 -0.09749015420675278 0.7581673860549927 
v 0.6242786049842834 -0.09749015420675278 0.28984370827674866 
v 0.6236661672592163 -0.10090573877096176 0.28984370827674866 
v 0.6236661672592163 -0.10090573877096176 0.7581673860549927 
v 0.6236661672592163 -0.10438515990972519 0.28984370827674866 
v 0.6236661672592163 -0.10438515990972519 0.7581673860549927 
v 0.6242581605911255 -0.1078326553106308 0.28984370827674866 
v 0.6242581605911255 -0.1078326553106308 0.7581673860549927 
v 0.6254421472549438 -0.11108863353729248 0.28984370827674866 
v 0.6254421472549438 -0.11108863353729248 0.7581673860549927 
v 0.6271772980690002 -0.11412115395069122 0.7581673860549927 
v 0.6271772980690002 -0.11412115395069122 0.28984370827674866 
v 0.6294227838516235 -0.11677062511444092 0.28984370827674866 
v 0.6294227838516235 -0.11677062511444092 0.7581673860549927 
v 0.6320765018463135 -0.11900511384010315 0.28984370827674866 
v 0.6320765018463135 -0.11900511384010315 0.7581673860549927 
v 0.6350772976875305 -0.12076078355312347 0.28984370827674866 
v 0.6350772976875305 -0.12076078355312347 0.7581673860549927 
v 0.6383434534072876 -0.12194187194108963 0.28984370827674866 
v 0.6383434534072876 -0.12194187194108963 0.7581673860549927 
v 0.6417728662490845 -0.12258029729127884 0.7581673860549927 
v 0.6417728662490845 -0.12258029729127884 0.28984370827674866 
v 0.6452635526657104 -0.12258029729127884 0.28984370827674866 
v 0.6452635526657104 -0.12258029729127884 0.7581673860549927 
v 0.6486725807189941 -0.12197379767894745 0.28984370827674866 
v 0.6486725807189941 -0.12197379767894745 0.7581673860549927 
v 0.6519591808319092 -0.12079270929098129 0.28984370827674866 
v 0.6519591808319092 -0.12079270929098129 0.7581673860549927 
v 0.6549599170684814 -0.11906895786523819 0.28984370827674866 
v 0.6549599170684814 -0.11906895786523819 0.7581673860549927 
v 0.6576340794563293 -0.11683446168899536 0.7581673860549927 
v 0.6576340794563293 -0.11683446168899536 0.28984370827674866 
v 0.6598795652389526 -0.11415307223796844 0.28984370827674866 
v 0.6598795652389526 -0.11415307223796844 0.7581673860549927 
v 0.6608185768127441 -0.1126846969127655 0.7581673860549927 
v 0.661614716053009 -0.11115247011184692 0.28984370827674866 
v 0.661614716053009 -0.11115247011184692 0.7581673860549927 
v 0.6628190875053406 -0.10789649933576584 0.28984370827674866 
v 0.6628190875053406 -0.10789649933576584 0.7581673860549927 
v 0.6634315252304077 -0.10444900393486023 0.28984370827674866 
v 0.6634315252304077 -0.10444900393486023 0.7581673860549927 
v 0.6634315252304077 -0.1009695753455162 0.7581673860549927 
v 0.6634315252304077 -0.1009695753455162 0.28984370827674866 
v 0.6628395318984985 -0.09755399823188782 0.28984370827674866 
v 0.6628395318984985 -0.09755399823188782 0.7581673860549927 
v 0.6616555452346802 -0.09429802745580673 0.28984370827674866 
v 0.6616555452346802 -0.09429802745580673 0.7581673860549927 
v 0.6599203944206238 -0.09126550704240799 0.28984370827674866 
v 0.6599203944206238 -0.09126550704240799 0.7581673860549927 
v 0.6576749086380005 -0.08858411759138107 0.28984370827674866 
v 0.6576749086380005 -0.08858411759138107 0.7581673860549927 
v 0.6550211906433105 -0.08634962141513824 0.7581673860549927 
v 0.6550211906433105 -0.08634962141513824 0.28984370827674866 
v 0.6520203948020935 -0.08462586998939514 0.28984370827674866 
v 0.6520203948020935 -0.08462586998939514 0.7581673860549927 
v 0.6487542390823364 -0.08341286331415176 0.28984370827674866 
v 0.6487542390823364 -0.08341286331415176 0.7581673860549927 
v 0.6453248262405396 -0.08280635625123978 0.28984370827674866 
v 0.6453248262405396 -0.08280635625123978 0.7581673860549927 
v 0.6418341398239136 -0.08280635625123978 0.28984370827674866 
v 0.6418341398239136 -0.08280635625123978 0.7581673860549927 
v 0.6384046673774719 -0.08341286331415176 0.7581673860549927 
v 0.6384046673774719 -0.08341286331415176 0.28984370827674866 
v 0.6351385116577148 -0.08459395170211792 0.28984370827674866 
v 0.6351385116577148 -0.08459395170211792 0.7581673860549927 
v 0.6321377754211426 -0.08631770312786102 0.28984370827674866 
v 0.6321377754211426 -0.08631770312786102 0.7581673860549927 
v 0.6294636130332947 -0.08855219185352325 0.28984370827674866 
v 0.6294636130332947 -0.08855219185352325 0.7581673860549927 
v 0.6272181272506714 -0.09120166301727295 0.28984370827674866 
v 0.6272181272506714 -0.09120166301727295 0.7581673860549927 
v 0.625482976436615 -0.09423418343067169 0.7581673860549927 
v 0.21837854385375977 -0.10863068699836731 0.7070506811141968 
v 0.2159697711467743 -0.10773689299821854 0.7070506811141968 
v 0.22058320045471191 -0.10990754514932632 0.7070506811141968 
v 0.22252246737480164 -0.11153552681207657 0.7070506811141968 
v 0.21345892548561096 -0.10728999972343445 0.7070506811141968 
v 0.22417595982551575 -0.11351464688777924 0.7070506811141968 
v 0.2109072506427765 -0.10728999972343445 0.7070506811141968 
v 0.2254415899515152 -0.11571721732616425 0.7070506811141968 
v 0.20839640498161316 -0.10773689299821854 0.7070506811141968 
v 0.22629894316196442 -0.11811131983995438 0.7070506811141968 
v 0.20600803196430206 -0.10859876871109009 0.7070506811141968 
v 0.2267480492591858 -0.12063310295343399 0.7070506811141968 
v 0.20378297567367554 -0.1098756194114685 0.7070506811141968 
v 0.2267480492591858 -0.12318680435419083 0.7070506811141968 
v 0.20184369385242462 -0.11150360852479935 0.7070506811141968 
v 0.22629894316196442 -0.12570858001708984 0.7070506811141968 
v 0.2001902163028717 -0.11348272860050201 0.7070506811141968 
v 0.22542117536067963 -0.12810268998146057 0.7070506811141968 
v 0.19890417158603668 -0.11568529903888702 0.7070506811141968 
v 0.2241351306438446 -0.13030526041984558 0.7070506811141968 
v 0.1980263888835907 -0.11807939410209656 0.7070506811141968 
v 0.22250205278396606 -0.13225245475769043 0.7070506811141968 
v 0.1975977122783661 -0.12056925892829895 0.7070506811141968 
v 0.22054237127304077 -0.13388043642044067 0.7070506811141968 
v 0.19757729768753052 -0.12312296032905579 0.7070506811141968 
v 0.21833772957324982 -0.1351572871208191 0.7070506811141968 
v 0.1980263888835907 -0.1256447434425354 0.7070506811141968 
v 0.21592894196510315 -0.13601917028427124 0.7070506811141968 
v 0.1988837569952011 -0.12803883850574493 0.7070506811141968 
v 0.21341809630393982 -0.13646607100963593 0.7070506811141968 
v 0.20016980171203613 -0.13024140894412994 0.7070506811141968 
v 0.21086642146110535 -0.13646607100963593 0.7070506811141968 
v 0.20180286467075348 -0.1322205364704132 0.7070506811141968 
v 0.20835557579994202 -0.13601917028427124 0.7070506811141968 
v 0.2037421464920044 -0.13384851813316345 0.7070506811141968 
v 0.20596720278263092 -0.13512536883354187 0.7070506811141968 
v 0.6303005218505859 -0.09646867215633392 0.7634880542755127 
v 0.6294227838516235 -0.09886277467012405 0.7634880542755127 
v 0.6315661668777466 -0.09426610916852951 0.7634880542755127 
v 0.6332196593284607 -0.09231890738010406 0.7634880542755127 
v 0.628973662853241 -0.10138455778360367 0.7634880542755127 
v 0.635179340839386 -0.09069091826677322 0.7634880542755127 
v 0.628973662853241 -0.1039382591843605 0.7634880542755127 
v 0.6373839974403381 -0.0894140675663948 0.7634880542755127 
v 0.6294023394584656 -0.10646004229784012 0.7634880542755127 
v 0.639792799949646 -0.08855219185352325 0.7634880542755127 
v 0.6302801370620728 -0.10885413736104965 0.7634880542755127 
v 0.6423036456108093 -0.08810529112815857 0.7634880542755127 
v 0.6315457820892334 -0.11105670779943466 0.7634880542755127 
v 0.6448553204536438 -0.08810529112815857 0.7634880542755127 
v 0.6331788301467896 -0.11300390958786011 0.7634880542755127 
v 0.6473661661148071 -0.08855219185352325 0.7634880542755127 
v 0.6351385116577148 -0.11466381698846817 0.7634880542755127 
v 0.649754524230957 -0.08944598585367203 0.7634880542755127 
v 0.637343168258667 -0.11594066768884659 0.7634880542755127 
v 0.6519591808319092 -0.09072284400463104 0.7634880542755127 
v 0.6397315263748169 -0.11680254340171814 0.7634880542755127 
v 0.6539188623428345 -0.09235082566738129 0.7634880542755127 
v 0.6422423720359802 -0.11724944412708282 0.7634880542755127 
v 0.6555519104003906 -0.09429802745580673 0.7634880542755127 
v 0.6447940468788147 -0.11728136241436005 0.7634880542755127 
v 0.6568175554275513 -0.09653251618146896 0.7634880542755127 
v 0.647304892539978 -0.11683446168899536 0.7634880542755127 
v 0.6576953530311584 -0.0989266186952591 0.7634880542755127 
v 0.6497136950492859 -0.11597258597612381 0.7634880542755127 
v 0.6581240296363831 -0.10144840180873871 0.7634880542755127 
v 0.651918351650238 -0.11469573527574539 0.7634880542755127 
v 0.6581240296363831 -0.10400210320949554 0.7634880542755127 
v 0.6538780331611633 -0.11306775361299515 0.7634880542755127 
v 0.6576749086380005 -0.10649196058511734 0.7634880542755127 
v 0.6555315256118774 -0.11108863353729248 0.7634880542755127 
v 0.6567971706390381 -0.10888606309890747 0.7634880542755127 
v 0.0012412151554599404 0.8904421329498291 0.38430067896842957 
v 0.0025272592902183533 0.8926766514778137 0.38430067896842957 
v 0.0003634390013758093 0.8880480527877808 0.38430067896842957 
v -0.00008565580355934799 0.8855581879615784 0.38430067896842957 
v 0.004160331562161446 0.894623875617981 0.38430067896842957 
v -0.00008565580355934799 0.8830044865608215 0.38430067896842957 
v 0.006120017729699612 0.8962518572807312 0.38430067896842957 
v 0.0003634390013758093 0.8804827332496643 0.38430067896842957 
v 0.008324665017426014 0.8975287079811096 0.38430067896842957 
v 0.0012208018451929092 0.8780885934829712 0.38430067896842957 
v 0.010733446106314659 0.898390531539917 0.38430067896842957 
v 0.002486432669684291 0.8758860230445862 0.38430067896842957 
v 0.013244294561445713 0.8988374471664429 0.38430067896842957 
v 0.004139917902648449 0.8739069104194641 0.38430067896842957 
v 0.01579596847295761 0.8988374471664429 0.38430067896842957 
v 0.006079190876334906 0.8722789287567139 0.38430067896842957 
v 0.01830681785941124 0.898390531539917 0.38430067896842957 
v 0.008283838629722595 0.8710020780563354 0.38430067896842957 
v 0.020695185288786888 0.89749675989151 0.38430067896842957 
v 0.01069261971861124 0.8701083064079285 0.38430067896842957 
v 0.022920245304703712 0.8962199091911316 0.38430067896842957 
v 0.01320346724241972 0.8696613907814026 0.38430067896842957 
v 0.02485951967537403 0.8945919275283813 0.38430067896842957 
v 0.015755143016576767 0.8696613907814026 0.38430067896842957 
v 0.026492590084671974 0.8926128149032593 0.38430067896842957 
v 0.018265990540385246 0.8701083064079285 0.38430067896842957 
v 0.027778634801506996 0.8904102444648743 0.38430067896842957 
v 0.020654357969760895 0.8709701895713806 0.38430067896842957 
v 0.02863599732518196 0.8880161643028259 0.38430067896842957 
v 0.02287941984832287 0.872247040271759 0.38430067896842957 
v 0.02908509224653244 0.8854943513870239 0.38430067896842957 
v 0.024818692356348038 0.8738750219345093 0.38430067896842957 
v 0.029064679518342018 0.8829406499862671 0.38430067896842957 
v 0.026472177356481552 0.8758221864700317 0.38430067896842957 
v 0.02863599732518196 0.8804507851600647 0.38430067896842957 
v 0.027758222073316574 0.8780567049980164 0.38430067896842957 
v 0.19408661127090454 -0.11341888457536697 0.3464857339859009 
v 0.19290262460708618 -0.11667485535144806 0.3464857339859009 
v 0.19290262460708618 -0.11667485535144806 0.701729953289032 
v 0.19229023158550262 -0.12012235820293427 0.3464857339859009 
v 0.19229023158550262 -0.12012235820293427 0.701729953289032 
v 0.19229023158550262 -0.12360177934169769 0.3464857339859009 
v 0.19229023158550262 -0.12360177934169769 0.701729953289032 
v 0.1928822100162506 -0.12701736390590668 0.3464857339859009 
v 0.1928822100162506 -0.12701736390590668 0.701729953289032 
v 0.19406619668006897 -0.13027332723140717 0.3464857339859009 
v 0.19406619668006897 -0.13027332723140717 0.701729953289032 
v 0.19580133259296417 -0.1333058625459671 0.3464857339859009 
v 0.19580133259296417 -0.1333058625459671 0.701729953289032 
v 0.1980263888835907 -0.1359553188085556 0.3464857339859009 
v 0.1980263888835907 -0.1359553188085556 0.701729953289032 
v 0.2007005512714386 -0.13822174072265625 0.3464857339859009 
v 0.2007005512714386 -0.13822174072265625 0.701729953289032 
v 0.20370131731033325 -0.13994549214839935 0.3464857339859009 
v 0.20370131731033325 -0.13994549214839935 0.701729953289032 
v 0.20696745812892914 -0.14115849137306213 0.3464857339859009 
v 0.20696745812892914 -0.14115849137306213 0.701729953289032 
v 0.2103969156742096 -0.14176499843597412 0.3464857339859009 
v 0.2103969156742096 -0.14176499843597412 0.701729953289032 
v 0.2138671875 -0.14176499843597412 0.701729953289032 
v 0.2138671875 -0.14176499843597412 0.3464857339859009 
v 0.21729664504528046 -0.14115849137306213 0.701729953289032 
v 0.21729664504528046 -0.14115849137306213 0.3464857339859009 
v 0.22056278586387634 -0.13997741043567657 0.3464857339859009 
v 0.22056278586387634 -0.13997741043567657 0.701729953289032 
v 0.22358396649360657 -0.13825365900993347 0.3464857339859009 
v 0.22358396649360657 -0.13825365900993347 0.701729953289032 
v 0.22625812888145447 -0.13601917028427124 0.3464857339859009 
v 0.22625812888145447 -0.13601917028427124 0.701729953289032 
v 0.22850359976291656 -0.13336969912052155 0.3464857339859009 
v 0.22850359976291656 -0.13336969912052155 0.701729953289032 
v 0.23023873567581177 -0.1303371787071228 0.3464857339859009 
v 0.23023873567581177 -0.1303371787071228 0.701729953289032 
v 0.2314431220293045 -0.12708120048046112 0.3464857339859009 
v 0.2314431220293045 -0.12708120048046112 0.701729953289032 
v 0.23203511536121368 -0.12366562336683273 0.3464857339859009 
v 0.23203511536121368 -0.12366562336683273 0.701729953289032 
v 0.23205552995204926 -0.1201862022280693 0.3464857339859009 
v 0.23205552995204926 -0.1201862022280693 0.701729953289032 
v 0.2314431220293045 -0.1167386993765831 0.3464857339859009 
v 0.2314431220293045 -0.1167386993765831 0.701729953289032 
v 0.23025915026664734 -0.11348272860050201 0.3464857339859009 
v 0.23025915026664734 -0.11348272860050201 0.701729953289032 
v 0.22852401435375214 -0.11045020818710327 0.701729953289032 
v 0.22852401435375214 -0.11045020818710327 0.3464857339859009 
v 0.22629894316196442 -0.10780073702335358 0.701729953289032 
v 0.22629894316196442 -0.10780073702335358 0.3464857339859009 
v 0.22364521026611328 -0.10556624829769135 0.3464857339859009 
v 0.22364521026611328 -0.10556624829769135 0.701729953289032 
v 0.22062402963638306 -0.10381057113409042 0.3464857339859009 
v 0.22062402963638306 -0.10381057113409042 0.701729953289032 
v 0.21735787391662598 -0.10259756445884705 0.3464857339859009 
v 0.21735787391662598 -0.10259756445884705 0.701729953289032 
v 0.2139284312725067 -0.10199105739593506 0.3464857339859009 
v 0.2139284312725067 -0.10199105739593506 0.701729953289032 
v 0.21045814454555511 -0.10199105739593506 0.3464857339859009 
v 0.21045814454555511 -0.10199105739593506 0.701729953289032 
v 0.20702870190143585 -0.10259756445884705 0.3464857339859009 
v 0.20702870190143585 -0.10259756445884705 0.701729953289032 
v 0.20376256108283997 -0.1037786528468132 0.3464857339859009 
v 0.20376256108283997 -0.1037786528468132 0.701729953289032 
v 0.20074138045310974 -0.1055024042725563 0.3464857339859009 
v 0.20074138045310974 -0.1055024042725563 0.701729953289032 
v 0.1980876326560974 -0.10773689299821854 0.3464857339859009 
v 0.1980876326560974 -0.10773689299821854 0.701729953289032 
v 0.19584216177463531 -0.11041828244924545 0.3464857339859009 
v 0.19584216177463531 -0.11041828244924545 0.701729953289032 
v 0.19408661127090454 -0.11341888457536697 0.701729953289032 
v 0.19408661127090454 -0.11341888457536697 0.3464857339859009 
v 0.19290262460708618 -0.11667485535144806 0.701729953289032 
v -0.0035763471387326717 0.8927085399627686 0.38963600993156433 
v -0.004719497635960579 0.8896121978759766 0.38963600993156433 
v -0.004209162667393684 0.891208291053772 0.658375084400177 
v -0.005107352044433355 0.8880161643028259 0.658375084400177 
v -0.005352313164621592 0.8863881230354309 0.38963600993156433 
v -0.005454380065202713 0.8847282528877258 0.658375084400177 
v -0.005433966405689716 0.8831002712249756 0.38963600993156433 
v -0.0052706594578921795 0.8814403414726257 0.658375084400177 
v -0.004964458290487528 0.8798443078994751 0.38963600993156433 
v -0.004535777028650045 0.8782482147216797 0.658375084400177 
v -0.0039642020128667355 0.8766840696334839 0.38963600993156433 
v -0.0032905596308410168 0.8751837611198425 0.658375084400177 
v -0.0024740234948694706 0.8737472891807556 0.38963600993156433 
v -0.0015554205747321248 0.8723747134208679 0.658375084400177 
v -0.0005143372109159827 0.8710978627204895 0.38963600993156433 
v 0.0006288132281042635 0.8699167370796204 0.658375084400177 
v 0.0018536172574386 0.8687995076179504 0.38963600993156433 
v 0.003180488245561719 0.8678099513053894 0.658375084400177 
v 0.004568599630147219 0.8669480681419373 0.38963600993156433 
v 0.0060383640229702 0.8661819696426392 0.658375084400177 
v 0.007548955734819174 0.86554354429245 0.38963600993156433 
v 0.009120787493884563 0.8650327920913696 0.658375084400177 
v 0.010733446106314659 0.864649772644043 0.38963600993156433 
v 0.012366518378257751 0.8643943667411804 0.658375084400177 
v 0.013999590650200844 0.8642986416816711 0.38963600993156433 
v 0.015653075650334358 0.864330530166626 0.658375084400177 
v 0.01728614792227745 0.8644901514053345 0.38963600993156433 
v 0.018919220194220543 0.8647774457931519 0.658375084400177 
v 0.020511465147137642 0.865224301815033 0.38963600993156433 
v 0.022062882781028748 0.8657670021057129 0.658375084400177 
v 0.023553062230348587 0.8664692640304565 0.38963600993156433 
v 0.025002412497997284 0.8672673106193542 0.658375084400177 
v 0.026370109990239143 0.8681930303573608 0.38963600993156433 
v 0.027656154707074165 0.8692464232444763 0.658375084400177 
v 0.02884013205766678 0.8703636527061462 0.38963600993156433 
v 0.029942454770207405 0.8716086149215698 0.658375084400177 
v 0.03092229925096035 0.8729173541069031 0.38963600993156433 
v 0.031800076365470886 0.8743218779563904 0.658375084400177 
v 0.032575782388448715 0.8757902979850769 0.38963600993156433 
v 0.032575782388448715 0.8757902979850769 0.658375084400177 
v 0.03320860117673874 0.8773224949836731 0.658375084400177 
v 0.033718936145305634 0.8788866400718689 0.38963600993156433 
v 0.034086376428604126 0.8804827332496643 0.658375084400177 
v 0.03433133661746979 0.8821107149124146 0.38963600993156433 
v 0.03445381671190262 0.8837705850601196 0.658375084400177 
v 0.034412991255521774 0.8853985667228699 0.38963600993156433 
v 0.0342496819794178 0.8870584964752197 0.658375084400177 
v 0.033963896334171295 0.88868647813797 0.38963600993156433 
v 0.03353521227836609 0.8902506232261658 0.658375084400177 
v 0.03296363726258278 0.8918147683143616 0.38963600993156433 
v 0.03226958215236664 0.8933150768280029 0.658375084400177 
v 0.03147346153855324 0.8947515487670898 0.38963600993156433 
v 0.030534444376826286 0.8961241245269775 0.658375084400177 
v 0.029513774439692497 0.897400975227356 0.38963600993156433 
v 0.028370624408125877 0.8985821008682251 0.658375084400177 
v 0.02714581973850727 0.899699330329895 0.38963600993156433 
v 0.025818949565291405 0.900688886642456 0.658375084400177 
v 0.024430837482213974 0.9015507698059082 0.38963600993156433 
v 0.022961072623729706 0.9023168683052063 0.658375084400177 
v 0.021430067718029022 0.9029552936553955 0.38963600993156433 
v 0.019878650084137917 0.9034660458564758 0.658375084400177 
v 0.018265990540385246 0.9038491249084473 0.38963600993156433 
v 0.016632918268442154 0.904104471206665 0.658375084400177 
v 0.01497943326830864 0.9042002558708191 0.38963600993156433 
v 0.013346360996365547 0.9041683077812195 0.658375084400177 
v 0.011692875996232033 0.904008686542511 0.38963600993156433 
v 0.010080217383801937 0.9037213921546936 0.658375084400177 
v 0.008487972430884838 0.9032745361328125 0.38963600993156433 
v 0.006936553865671158 0.9027318358421326 0.658375084400177 
v 0.005425962153822184 0.9020295739173889 0.38963600993156433 
v 0.0039970241487026215 0.9012315273284912 0.658375084400177 
v 0.0026293264236301184 0.9003058671951294 0.38963600993156433 
v 0.0013432821724563837 0.8992524147033691 0.658375084400177 
v 0.00015930499648675323 0.8981351852416992 0.38963600993156433 
v -0.000943018589168787 0.8968902826309204 0.658375084400177 
v -0.0019432752160355449 0.8955814838409424 0.38963600993156433 
v -0.0028210515156388283 0.8941769599914551 0.658375084400177 
v -0.0035763471387326717 0.8927085399627686 0.38963600993156433 
v -0.004209162667393684 0.891208291053772 0.658375084400177 
v 0.21837854385375977 -0.10863068699836731 0.34116503596305847 
v 0.22058320045471191 -0.10990754514932632 0.34116503596305847 
v 0.2159697711467743 -0.10773689299821854 0.34116503596305847 
v 0.21345892548561096 -0.10728999972343445 0.34116503596305847 
v 0.22252246737480164 -0.11153552681207657 0.34116503596305847 
v 0.2109072506427765 -0.10728999972343445 0.34116503596305847 
v 0.22417595982551575 -0.11351464688777924 0.34116503596305847 
v 0.20839640498161316 -0.10773689299821854 0.34116503596305847 
v 0.2254415899515152 -0.11571721732616425 0.34116503596305847 
v 0.20600803196430206 -0.10859876871109009 0.34116503596305847 
v 0.22629894316196442 -0.11811131983995438 0.34116503596305847 
v 0.20378297567367554 -0.1098756194114685 0.34116503596305847 
v 0.2267480492591858 -0.12063310295343399 0.34116503596305847 
v 0.20184369385242462 -0.11150360852479935 0.34116503596305847 
v 0.2267480492591858 -0.12318680435419083 0.34116503596305847 
v 0.2001902163028717 -0.11348272860050201 0.34116503596305847 
v 0.22629894316196442 -0.12570858001708984 0.34116503596305847 
v 0.19890417158603668 -0.11568529903888702 0.34116503596305847 
v 0.22542117536067963 -0.12810268998146057 0.34116503596305847 
v 0.1980263888835907 -0.11807939410209656 0.34116503596305847 
v 0.2241351306438446 -0.13030526041984558 0.34116503596305847 
v 0.1975977122783661 -0.12056925892829895 0.34116503596305847 
v 0.22250205278396606 -0.13225245475769043 0.34116503596305847 
v 0.19757729768753052 -0.12312296032905579 0.34116503596305847 
v 0.22054237127304077 -0.13388043642044067 0.34116503596305847 
v 0.1980263888835907 -0.1256447434425354 0.34116503596305847 
v 0.21833772957324982 -0.1351572871208191 0.34116503596305847 
v 0.1988837569952011 -0.12803883850574493 0.34116503596305847 
v 0.21592894196510315 -0.13601917028427124 0.34116503596305847 
v 0.20016980171203613 -0.13024140894412994 0.34116503596305847 
v 0.21341809630393982 -0.13646607100963593 0.34116503596305847 
v 0.20180286467075348 -0.1322205364704132 0.34116503596305847 
v 0.21086642146110535 -0.13646607100963593 0.34116503596305847 
v 0.2037421464920044 -0.13384851813316345 0.34116503596305847 
v 0.20835557579994202 -0.13601917028427124 0.34116503596305847 
v 0.20596720278263092 -0.13512536883354187 0.34116503596305847 
v 0.027758222073316574 0.8780567049980164 0.663710355758667 
v 0.02863599732518196 0.8804507851600647 0.663710355758667 
v 0.026472177356481552 0.8758221864700317 0.663710355758667 
v 0.024818692356348038 0.8738750219345093 0.663710355758667 
v 0.029064679518342018 0.8829406499862671 0.663710355758667 
v 0.02287941984832287 0.872247040271759 0.663710355758667 
v 0.02908509224653244 0.8854943513870239 0.663710355758667 
v 0.020654357969760895 0.8709701895713806 0.663710355758667 
v 0.02863599732518196 0.8880161643028259 0.663710355758667 
v 0.018265990540385246 0.8701083064079285 0.663710355758667 
v 0.027778634801506996 0.8904102444648743 0.663710355758667 
v 0.015755143016576767 0.8696613907814026 0.663710355758667 
v 0.026492590084671974 0.8926128149032593 0.663710355758667 
v 0.01320346724241972 0.8696613907814026 0.663710355758667 
v 0.02485951967537403 0.8945919275283813 0.663710355758667 
v 0.01069261971861124 0.8701083064079285 0.663710355758667 
v 0.022920245304703712 0.8962199091911316 0.663710355758667 
v 0.008283838629722595 0.8710020780563354 0.663710355758667 
v 0.020695185288786888 0.89749675989151 0.663710355758667 
v 0.006079190876334906 0.8722789287567139 0.663710355758667 
v 0.01830681785941124 0.898390531539917 0.663710355758667 
v 0.004139917902648449 0.8739069104194641 0.663710355758667 
v 0.01579596847295761 0.8988374471664429 0.663710355758667 
v 0.002486432669684291 0.8758860230445862 0.663710355758667 
v 0.013244294561445713 0.8988374471664429 0.663710355758667 
v 0.0012208018451929092 0.8780885934829712 0.663710355758667 
v 0.010733446106314659 0.898390531539917 0.663710355758667 
v 0.0003634390013758093 0.8804827332496643 0.663710355758667 
v 0.008324665017426014 0.8975287079811096 0.663710355758667 
v -0.00008565580355934799 0.8830044865608215 0.663710355758667 
v 0.006120017729699612 0.8962518572807312 0.663710355758667 
v -0.00008565580355934799 0.8855581879615784 0.663710355758667 
v 0.004160331562161446 0.894623875617981 0.663710355758667 
v 0.0003634390013758093 0.8880480527877808 0.663710355758667 
v 0.0025272592902183533 0.8926766514778137 0.663710355758667 
v 0.0012412151554599404 0.8904421329498291 0.663710355758667 
v 0.6384046673774719 -0.08341286331415176 0.7581673860549927 
v 0.6423036456108093 -0.08810529112815857 0.7634880542755127 
v 0.6418341398239136 -0.08280635625123978 0.7581673860549927 
v 0.6448553204536438 -0.08810529112815857 0.7634880542755127 
v 0.6453248262405396 -0.08280635625123978 0.7581673860549927 
v 0.6473661661148071 -0.08855219185352325 0.7634880542755127 
v 0.6487542390823364 -0.08341286331415176 0.7581673860549927 
v 0.6520203948020935 -0.08462586998939514 0.7581673860549927 
v 0.639792799949646 -0.08855219185352325 0.7634880542755127 
v 0.6351385116577148 -0.08459395170211792 0.7581673860549927 
v 0.6373839974403381 -0.0894140675663948 0.7634880542755127 
v 0.635179340839386 -0.09069091826677322 0.7634880542755127 
v 0.6321377754211426 -0.08631770312786102 0.7581673860549927 
v 0.6294636130332947 -0.08855219185352325 0.7581673860549927 
v 0.6332196593284607 -0.09231890738010406 0.7634880542755127 
v 0.6272181272506714 -0.09120166301727295 0.7581673860549927 
v 0.6315661668777466 -0.09426610916852951 0.7634880542755127 
v 0.625482976436615 -0.09423418343067169 0.7581673860549927 
v 0.6303005218505859 -0.09646867215633392 0.7634880542755127 
v 0.6242786049842834 -0.09749015420675278 0.7581673860549927 
v 0.6294227838516235 -0.09886277467012405 0.7634880542755127 
v 0.628973662853241 -0.10138455778360367 0.7634880542755127 
v 0.6236661672592163 -0.10090573877096176 0.7581673860549927 
v 0.6236661672592163 -0.10438515990972519 0.7581673860549927 
v 0.628973662853241 -0.1039382591843605 0.7634880542755127 
v 0.6242581605911255 -0.1078326553106308 0.7581673860549927 
v 0.6294023394584656 -0.10646004229784012 0.7634880542755127 
v 0.6254421472549438 -0.11108863353729248 0.7581673860549927 
v 0.6302801370620728 -0.10885413736104965 0.7634880542755127 
v 0.6271772980690002 -0.11412115395069122 0.7581673860549927 
v 0.6315457820892334 -0.11105670779943466 0.7634880542755127 
v 0.6331788301467896 -0.11300390958786011 0.7634880542755127 
v 0.6294227838516235 -0.11677062511444092 0.7581673860549927 
v 0.6320765018463135 -0.11900511384010315 0.7581673860549927 
v 0.6351385116577148 -0.11466381698846817 0.7634880542755127 
v 0.6350772976875305 -0.12076078355312347 0.7581673860549927 
v 0.637343168258667 -0.11594066768884659 0.7634880542755127 
v 0.6383434534072876 -0.12194187194108963 0.7581673860549927 
v 0.6397315263748169 -0.11680254340171814 0.7634880542755127 
v 0.6417728662490845 -0.12258029729127884 0.7581673860549927 
v 0.6422423720359802 -0.11724944412708282 0.7634880542755127 
v 0.6447940468788147 -0.11728136241436005 0.7634880542755127 
v 0.6452635526657104 -0.12258029729127884 0.7581673860549927 
v 0.6486725807189941 -0.12197379767894745 0.7581673860549927 
v 0.647304892539978 -0.11683446168899536 0.7634880542755127 
v 0.6519591808319092 -0.12079270929098129 0.7581673860549927 
v 0.6497136950492859 -0.11597258597612381 0.7634880542755127 
v 0.6549599170684814 -0.11906895786523819 0.7581673860549927 
v 0.651918351650238 -0.11469573527574539 0.7634880542755127 
v 0.6576340794563293 -0.11683446168899536 0.7581673860549927 
v 0.6538780331611633 -0.11306775361299515 0.7634880542755127 
v 0.6555315256118774 -0.11108863353729248 0.7634880542755127 
v 0.6598795652389526 -0.11415307223796844 0.7581673860549927 
v 0.6608185768127441 -0.1126846969127655 0.7581673860549927 
v 0.6567971706390381 -0.10888606309890747 0.7634880542755127 
v 0.661614716053009 -0.11115247011184692 0.7581673860549927 
v 0.6628190875053406 -0.10789649933576584 0.7581673860549927 
v 0.6576749086380005 -0.10649196058511734 0.7634880542755127 
v 0.6634315252304077 -0.10444900393486023 0.7581673860549927 
v 0.6581240296363831 -0.10400210320949554 0.7634880542755127 
v 0.6634315252304077 -0.1009695753455162 0.7581673860549927 
v 0.6581240296363831 -0.10144840180873871 0.7634880542755127 
v 0.6576953530311584 -0.0989266186952591 0.7634880542755127 
v 0.6628395318984985 -0.09755399823188782 0.7581673860549927 
v 0.6616555452346802 -0.09429802745580673 0.7581673860549927 
v 0.6568175554275513 -0.09653251618146896 0.7634880542755127 
v 0.6599203944206238 -0.09126550704240799 0.7581673860549927 
v 0.6555519104003906 -0.09429802745580673 0.7634880542755127 
v 0.6576749086380005 -0.08858411759138107 0.7581673860549927 
v 0.6539188623428345 -0.09235082566738129 0.7634880542755127 
v 0.6550211906433105 -0.08634962141513824 0.7581673860549927 
v 0.6519591808319092 -0.09072284400463104 0.7634880542755127 
v 0.649754524230957 -0.08944598585367203 0.7634880542755127 
v 0.19408661127090454 -0.11341888457536697 0.3464857339859009 
v 0.1980263888835907 -0.11807939410209656 0.34116503596305847 
v 0.19290262460708618 -0.11667485535144806 0.3464857339859009 
v 0.1975977122783661 -0.12056925892829895 0.34116503596305847 
v 0.19229023158550262 -0.12012235820293427 0.3464857339859009 
v 0.19229023158550262 -0.12360177934169769 0.3464857339859009 
v 0.19890417158603668 -0.11568529903888702 0.34116503596305847 
v 0.19584216177463531 -0.11041828244924545 0.3464857339859009 
v 0.2001902163028717 -0.11348272860050201 0.34116503596305847 
v 0.1980876326560974 -0.10773689299821854 0.3464857339859009 
v 0.20184369385242462 -0.11150360852479935 0.34116503596305847 
v 0.20074138045310974 -0.1055024042725563 0.3464857339859009 
v 0.20378297567367554 -0.1098756194114685 0.34116503596305847 
v 0.20376256108283997 -0.1037786528468132 0.3464857339859009 
v 0.20600803196430206 -0.10859876871109009 0.34116503596305847 
v 0.20702870190143585 -0.10259756445884705 0.3464857339859009 
v 0.20839640498161316 -0.10773689299821854 0.34116503596305847 
v 0.21045814454555511 -0.10199105739593506 0.3464857339859009 
v 0.2109072506427765 -0.10728999972343445 0.34116503596305847 
v 0.2139284312725067 -0.10199105739593506 0.3464857339859009 
v 0.21345892548561096 -0.10728999972343445 0.34116503596305847 
v 0.21735787391662598 -0.10259756445884705 0.3464857339859009 
v 0.2159697711467743 -0.10773689299821854 0.34116503596305847 
v 0.21837854385375977 -0.10863068699836731 0.34116503596305847 
v 0.22062402963638306 -0.10381057113409042 0.3464857339859009 
v 0.22058320045471191 -0.10990754514932632 0.34116503596305847 
v 0.22364521026611328 -0.10556624829769135 0.3464857339859009 
v 0.22629894316196442 -0.10780073702335358 0.3464857339859009 
v 0.22252246737480164 -0.11153552681207657 0.34116503596305847 
v 0.22852401435375214 -0.11045020818710327 0.3464857339859009 
v 0.22417595982551575 -0.11351464688777924 0.34116503596305847 
v 0.23025915026664734 -0.11348272860050201 0.3464857339859009 
v 0.2254415899515152 -0.11571721732616425 0.34116503596305847 
v 0.2314431220293045 -0.1167386993765831 0.3464857339859009 
v 0.22629894316196442 -0.11811131983995438 0.34116503596305847 
v 0.23205552995204926 -0.1201862022280693 0.3464857339859009 
v 0.2267480492591858 -0.12063310295343399 0.34116503596305847 
v 0.23203511536121368 -0.12366562336683273 0.3464857339859009 
v 0.2267480492591858 -0.12318680435419083 0.34116503596305847 
v 0.2314431220293045 -0.12708120048046112 0.3464857339859009 
v 0.22629894316196442 -0.12570858001708984 0.34116503596305847 
v 0.23023873567581177 -0.1303371787071228 0.3464857339859009 
v 0.22542117536067963 -0.12810268998146057 0.34116503596305847 
v 0.22850359976291656 -0.13336969912052155 0.3464857339859009 
v 0.2241351306438446 -0.13030526041984558 0.34116503596305847 
v 0.22625812888145447 -0.13601917028427124 0.3464857339859009 
v 0.22250205278396606 -0.13225245475769043 0.34116503596305847 
v 0.22054237127304077 -0.13388043642044067 0.34116503596305847 
v 0.22358396649360657 -0.13825365900993347 0.3464857339859009 
v 0.21833772957324982 -0.1351572871208191 0.34116503596305847 
v 0.22056278586387634 -0.13997741043567657 0.3464857339859009 
v 0.21729664504528046 -0.14115849137306213 0.3464857339859009 
v 0.21592894196510315 -0.13601917028427124 0.34116503596305847 
v 0.2138671875 -0.14176499843597412 0.3464857339859009 
v 0.21341809630393982 -0.13646607100963593 0.34116503596305847 
v 0.2103969156742096 -0.14176499843597412 0.3464857339859009 
v 0.21086642146110535 -0.13646607100963593 0.34116503596305847 
v 0.20696745812892914 -0.14115849137306213 0.3464857339859009 
v 0.20835557579994202 -0.13601917028427124 0.34116503596305847 
v 0.20370131731033325 -0.13994549214839935 0.3464857339859009 
v 0.20596720278263092 -0.13512536883354187 0.34116503596305847 
v 0.2007005512714386 -0.13822174072265625 0.3464857339859009 
v 0.2037421464920044 -0.13384851813316345 0.34116503596305847 
v 0.1980263888835907 -0.1359553188085556 0.3464857339859009 
v 0.20180286467075348 -0.1322205364704132 0.34116503596305847 
v 0.19580133259296417 -0.1333058625459671 0.3464857339859009 
v 0.20016980171203613 -0.13024140894412994 0.34116503596305847 
v 0.19406619668006897 -0.13027332723140717 0.3464857339859009 
v 0.1988837569952011 -0.12803883850574493 0.34116503596305847 
v 0.1928822100162506 -0.12701736390590668 0.3464857339859009 
v 0.1980263888835907 -0.1256447434425354 0.34116503596305847 
v 0.19757729768753052 -0.12312296032905579 0.34116503596305847 
v 0.022920245304703712 0.8962199091911316 0.663710355758667 
v 0.025818949565291405 0.900688886642456 0.658375084400177 
v 0.020695185288786888 0.89749675989151 0.663710355758667 
v 0.022961072623729706 0.9023168683052063 0.658375084400177 
v 0.019878650084137917 0.9034660458564758 0.658375084400177 
v 0.01830681785941124 0.898390531539917 0.663710355758667 
v 0.016632918268442154 0.904104471206665 0.658375084400177 
v 0.01579596847295761 0.8988374471664429 0.663710355758667 
v 0.013346360996365547 0.9041683077812195 0.658375084400177 
v 0.013244294561445713 0.8988374471664429 0.663710355758667 
v 0.010080217383801937 0.9037213921546936 0.658375084400177 
v 0.010733446106314659 0.898390531539917 0.663710355758667 
v 0.006936553865671158 0.9027318358421326 0.658375084400177 
v 0.008324665017426014 0.8975287079811096 0.663710355758667 
v 0.0039970241487026215 0.9012315273284912 0.658375084400177 
v 0.006120017729699612 0.8962518572807312 0.663710355758667 
v 0.0013432821724563837 0.8992524147033691 0.658375084400177 
v 0.004160331562161446 0.894623875617981 0.663710355758667 
v -0.000943018589168787 0.8968902826309204 0.658375084400177 
v 0.0025272592902183533 0.8926766514778137 0.663710355758667 
v -0.0028210515156388283 0.8941769599914551 0.658375084400177 
v 0.0012412151554599404 0.8904421329498291 0.663710355758667 
v -0.004209162667393684 0.891208291053772 0.658375084400177 
v 0.0003634390013758093 0.8880480527877808 0.663710355758667 
v -0.005107352044433355 0.8880161643028259 0.658375084400177 
v -0.00008565580355934799 0.8855581879615784 0.663710355758667 
v -0.005454380065202713 0.8847282528877258 0.658375084400177 
v -0.00008565580355934799 0.8830044865608215 0.663710355758667 
v -0.0052706594578921795 0.8814403414726257 0.658375084400177 
v 0.0003634390013758093 0.8804827332496643 0.663710355758667 
v -0.004535777028650045 0.8782482147216797 0.658375084400177 
v 0.0012208018451929092 0.8780885934829712 0.663710355758667 
v -0.0032905596308410168 0.8751837611198425 0.658375084400177 
v 0.002486432669684291 0.8758860230445862 0.663710355758667 
v -0.0015554205747321248 0.8723747134208679 0.658375084400177 
v 0.004139917902648449 0.8739069104194641 0.663710355758667 
v 0.0006288132281042635 0.8699167370796204 0.658375084400177 
v 0.006079190876334906 0.8722789287567139 0.663710355758667 
v 0.003180488245561719 0.8678099513053894 0.658375084400177 
v 0.008283838629722595 0.8710020780563354 0.663710355758667 
v 0.0060383640229702 0.8661819696426392 0.658375084400177 
v 0.009120787493884563 0.8650327920913696 0.658375084400177 
v 0.01069261971861124 0.8701083064079285 0.663710355758667 
v 0.012366518378257751 0.8643943667411804 0.658375084400177 
v 0.01320346724241972 0.8696613907814026 0.663710355758667 
v 0.015653075650334358 0.864330530166626 0.658375084400177 
v 0.015755143016576767 0.8696613907814026 0.663710355758667 
v 0.018919220194220543 0.8647774457931519 0.658375084400177 
v 0.018265990540385246 0.8701083064079285 0.663710355758667 
v 0.022062882781028748 0.8657670021057129 0.658375084400177 
v 0.020654357969760895 0.8709701895713806 0.663710355758667 
v 0.025002412497997284 0.8672673106193542 0.658375084400177 
v 0.02287941984832287 0.872247040271759 0.663710355758667 
v 0.027656154707074165 0.8692464232444763 0.658375084400177 
v 0.024818692356348038 0.8738750219345093 0.663710355758667 
v 0.029942454770207405 0.8716086149215698 0.658375084400177 
v 0.026472177356481552 0.8758221864700317 0.663710355758667 
v 0.031800076365470886 0.8743218779563904 0.658375084400177 
v 0.027758222073316574 0.8780567049980164 0.663710355758667 
v 0.032575782388448715 0.8757902979850769 0.658375084400177 
v 0.03320860117673874 0.8773224949836731 0.658375084400177 
v 0.02863599732518196 0.8804507851600647 0.663710355758667 
v 0.034086376428604126 0.8804827332496643 0.658375084400177 
v 0.029064679518342018 0.8829406499862671 0.663710355758667 
v 0.03445381671190262 0.8837705850601196 0.658375084400177 
v 0.02908509224653244 0.8854943513870239 0.663710355758667 
v 0.0342496819794178 0.8870584964752197 0.658375084400177 
v 0.02863599732518196 0.8880161643028259 0.663710355758667 
v 0.03353521227836609 0.8902506232261658 0.658375084400177 
v 0.027778634801506996 0.8904102444648743 0.663710355758667 
v 0.03226958215236664 0.8933150768280029 0.658375084400177 
v 0.026492590084671974 0.8926128149032593 0.663710355758667 
v 0.030534444376826286 0.8961241245269775 0.658375084400177 
v 0.02485951967537403 0.8945919275283813 0.663710355758667 
v 0.028370624408125877 0.8985821008682251 0.658375084400177 
v 0.2103969156742096 -0.14176499843597412 0.701729953289032 
v 0.20835557579994202 -0.13601917028427124 0.7070506811141968 
v 0.20696745812892914 -0.14115849137306213 0.701729953289032 
v 0.20596720278263092 -0.13512536883354187 0.7070506811141968 
v 0.20370131731033325 -0.13994549214839935 0.701729953289032 
v 0.2037421464920044 -0.13384851813316345 0.7070506811141968 
v 0.2007005512714386 -0.13822174072265625 0.701729953289032 
v 0.20180286467075348 -0.1322205364704132 0.7070506811141968 
v 0.1980263888835907 -0.1359553188085556 0.701729953289032 
v 0.20016980171203613 -0.13024140894412994 0.7070506811141968 
v 0.19580133259296417 -0.1333058625459671 0.701729953289032 
v 0.1988837569952011 -0.12803883850574493 0.7070506811141968 
v 0.19406619668006897 -0.13027332723140717 0.701729953289032 
v 0.1980263888835907 -0.1256447434425354 0.7070506811141968 
v 0.1928822100162506 -0.12701736390590668 0.701729953289032 
v 0.19757729768753052 -0.12312296032905579 0.7070506811141968 
v 0.19229023158550262 -0.12360177934169769 0.701729953289032 
v 0.1975977122783661 -0.12056925892829895 0.7070506811141968 
v 0.19229023158550262 -0.12012235820293427 0.701729953289032 
v 0.1980263888835907 -0.11807939410209656 0.7070506811141968 
v 0.19290262460708618 -0.11667485535144806 0.701729953289032 
v 0.19890417158603668 -0.11568529903888702 0.7070506811141968 
v 0.19408661127090454 -0.11341888457536697 0.701729953289032 
v 0.2001902163028717 -0.11348272860050201 0.7070506811141968 
v 0.19584216177463531 -0.11041828244924545 0.701729953289032 
v 0.20184369385242462 -0.11150360852479935 0.7070506811141968 
v 0.1980876326560974 -0.10773689299821854 0.701729953289032 
v 0.20378297567367554 -0.1098756194114685 0.7070506811141968 
v 0.20074138045310974 -0.1055024042725563 0.701729953289032 
v 0.20600803196430206 -0.10859876871109009 0.7070506811141968 
v 0.20376256108283997 -0.1037786528468132 0.701729953289032 
v 0.20839640498161316 -0.10773689299821854 0.7070506811141968 
v 0.20702870190143585 -0.10259756445884705 0.701729953289032 
v 0.2109072506427765 -0.10728999972343445 0.7070506811141968 
v 0.21045814454555511 -0.10199105739593506 0.701729953289032 
v 0.21345892548561096 -0.10728999972343445 0.7070506811141968 
v 0.2139284312725067 -0.10199105739593506 0.701729953289032 
v 0.2159697711467743 -0.10773689299821854 0.7070506811141968 
v 0.21735787391662598 -0.10259756445884705 0.701729953289032 
v 0.21837854385375977 -0.10863068699836731 0.7070506811141968 
v 0.22062402963638306 -0.10381057113409042 0.701729953289032 
v 0.22058320045471191 -0.10990754514932632 0.7070506811141968 
v 0.22364521026611328 -0.10556624829769135 0.701729953289032 
v 0.22252246737480164 -0.11153552681207657 0.7070506811141968 
v 0.22629894316196442 -0.10780073702335358 0.701729953289032 
v 0.22417595982551575 -0.11351464688777924 0.7070506811141968 
v 0.22852401435375214 -0.11045020818710327 0.701729953289032 
v 0.2254415899515152 -0.11571721732616425 0.7070506811141968 
v 0.23025915026664734 -0.11348272860050201 0.701729953289032 
v 0.22629894316196442 -0.11811131983995438 0.7070506811141968 
v 0.2314431220293045 -0.1167386993765831 0.701729953289032 
v 0.2267480492591858 -0.12063310295343399 0.7070506811141968 
v 0.23205552995204926 -0.1201862022280693 0.701729953289032 
v 0.2267480492591858 -0.12318680435419083 0.7070506811141968 
v 0.23203511536121368 -0.12366562336683273 0.701729953289032 
v 0.22629894316196442 -0.12570858001708984 0.7070506811141968 
v 0.2314431220293045 -0.12708120048046112 0.701729953289032 
v 0.22542117536067963 -0.12810268998146057 0.7070506811141968 
v 0.23023873567581177 -0.1303371787071228 0.701729953289032 
v 0.2241351306438446 -0.13030526041984558 0.7070506811141968 
v 0.22850359976291656 -0.13336969912052155 0.701729953289032 
v 0.22250205278396606 -0.13225245475769043 0.7070506811141968 
v 0.22625812888145447 -0.13601917028427124 0.701729953289032 
v 0.22054237127304077 -0.13388043642044067 0.7070506811141968 
v 0.22358396649360657 -0.13825365900993347 0.701729953289032 
v 0.21833772957324982 -0.1351572871208191 0.7070506811141968 
v 0.22056278586387634 -0.13997741043567657 0.701729953289032 
v 0.21592894196510315 -0.13601917028427124 0.7070506811141968 
v 0.21729664504528046 -0.14115849137306213 0.701729953289032 
v 0.21341809630393982 -0.13646607100963593 0.7070506811141968 
v 0.2138671875 -0.14176499843597412 0.701729953289032 
v 0.21086642146110535 -0.13646607100963593 0.7070506811141968 
v 0.02863599732518196 0.8880161643028259 0.38430067896842957 
v 0.033963896334171295 0.88868647813797 0.38963600993156433 
v 0.02908509224653244 0.8854943513870239 0.38430067896842957 
v 0.034412991255521774 0.8853985667228699 0.38963600993156433 
v 0.029064679518342018 0.8829406499862671 0.38430067896842957 
v 0.03433133661746979 0.8821107149124146 0.38963600993156433 
v 0.02863599732518196 0.8804507851600647 0.38430067896842957 
v 0.033718936145305634 0.8788866400718689 0.38963600993156433 
v 0.032575782388448715 0.8757902979850769 0.38963600993156433 
v 0.027758222073316574 0.8780567049980164 0.38430067896842957 
v 0.03092229925096035 0.8729173541069031 0.38963600993156433 
v 0.026472177356481552 0.8758221864700317 0.38430067896842957 
v 0.02884013205766678 0.8703636527061462 0.38963600993156433 
v 0.024818692356348038 0.8738750219345093 0.38430067896842957 
v 0.026370109990239143 0.8681930303573608 0.38963600993156433 
v 0.02287941984832287 0.872247040271759 0.38430067896842957 
v 0.023553062230348587 0.8664692640304565 0.38963600993156433 
v 0.020654357969760895 0.8709701895713806 0.38430067896842957 
v 0.020511465147137642 0.865224301815033 0.38963600993156433 
v 0.018265990540385246 0.8701083064079285 0.38430067896842957 
v 0.01728614792227745 0.8644901514053345 0.38963600993156433 
v 0.015755143016576767 0.8696613907814026 0.38430067896842957 
v 0.013999590650200844 0.8642986416816711 0.38963600993156433 
v 0.01320346724241972 0.8696613907814026 0.38430067896842957 
v 0.010733446106314659 0.864649772644043 0.38963600993156433 
v 0.01069261971861124 0.8701083064079285 0.38430067896842957 
v 0.007548955734819174 0.86554354429245 0.38963600993156433 
v 0.008283838629722595 0.8710020780563354 0.38430067896842957 
v 0.004568599630147219 0.8669480681419373 0.38963600993156433 
v 0.006079190876334906 0.8722789287567139 0.38430067896842957 
v 0.0018536172574386 0.8687995076179504 0.38963600993156433 
v 0.004139917902648449 0.8739069104194641 0.38430067896842957 
v -0.0005143372109159827 0.8710978627204895 0.38963600993156433 
v 0.002486432669684291 0.8758860230445862 0.38430067896842957 
v -0.0024740234948694706 0.8737472891807556 0.38963600993156433 
v 0.0012208018451929092 0.8780885934829712 0.38430067896842957 
v -0.0039642020128667355 0.8766840696334839 0.38963600993156433 
v 0.0003634390013758093 0.8804827332496643 0.38430067896842957 
v -0.004964458290487528 0.8798443078994751 0.38963600993156433 
v -0.00008565580355934799 0.8830044865608215 0.38430067896842957 
v -0.005433966405689716 0.8831002712249756 0.38963600993156433 
v -0.00008565580355934799 0.8855581879615784 0.38430067896842957 
v -0.005352313164621592 0.8863881230354309 0.38963600993156433 
v 0.0003634390013758093 0.8880480527877808 0.38430067896842957 
v -0.004719497635960579 0.8896121978759766 0.38963600993156433 
v -0.0035763471387326717 0.8927085399627686 0.38963600993156433 
v 0.0012412151554599404 0.8904421329498291 0.38430067896842957 
v -0.0019432752160355449 0.8955814838409424 0.38963600993156433 
v 0.0025272592902183533 0.8926766514778137 0.38430067896842957 
v 0.00015930499648675323 0.8981351852416992 0.38963600993156433 
v 0.004160331562161446 0.894623875617981 0.38430067896842957 
v 0.0026293264236301184 0.9003058671951294 0.38963600993156433 
v 0.006120017729699612 0.8962518572807312 0.38430067896842957 
v 0.005425962153822184 0.9020295739173889 0.38963600993156433 
v 0.008324665017426014 0.8975287079811096 0.38430067896842957 
v 0.008487972430884838 0.9032745361328125 0.38963600993156433 
v 0.010733446106314659 0.898390531539917 0.38430067896842957 
v 0.011692875996232033 0.904008686542511 0.38963600993156433 
v 0.013244294561445713 0.8988374471664429 0.38430067896842957 
v 0.01497943326830864 0.9042002558708191 0.38963600993156433 
v 0.01579596847295761 0.8988374471664429 0.38430067896842957 
v 0.018265990540385246 0.9038491249084473 0.38963600993156433 
v 0.01830681785941124 0.898390531539917 0.38430067896842957 
v 0.021430067718029022 0.9029552936553955 0.38963600993156433 
v 0.020695185288786888 0.89749675989151 0.38430067896842957 
v 0.024430837482213974 0.9015507698059082 0.38963600993156433 
v 0.022920245304703712 0.8962199091911316 0.38430067896842957 
v 0.02714581973850727 0.899699330329895 0.38963600993156433 
v 0.02485951967537403 0.8945919275283813 0.38430067896842957 
v 0.029513774439692497 0.897400975227356 0.38963600993156433 
v 0.026492590084671974 0.8926128149032593 0.38430067896842957 
v 0.03147346153855324 0.8947515487670898 0.38963600993156433 
v 0.027778634801506996 0.8904102444648743 0.38430067896842957 
v 0.03296363726258278 0.8918147683143616 0.38963600993156433 
v 0.6555519104003906 -0.09429802745580673 0.28452301025390625 
v 0.6616555452346802 -0.09429802745580673 0.28984370827674866 
v 0.6568175554275513 -0.09653251618146896 0.28452301025390625 
v 0.6628395318984985 -0.09755399823188782 0.28984370827674866 
v 0.6576953530311584 -0.0989266186952591 0.28452301025390625 
v 0.6634315252304077 -0.1009695753455162 0.28984370827674866 
v 0.6581240296363831 -0.10144840180873871 0.28452301025390625 
v 0.6634315252304077 -0.10444900393486023 0.28984370827674866 
v 0.6581240296363831 -0.10400210320949554 0.28452301025390625 
v 0.6628190875053406 -0.10789649933576584 0.28984370827674866 
v 0.6576749086380005 -0.10649196058511734 0.28452301025390625 
v 0.661614716053009 -0.11115247011184692 0.28984370827674866 
v 0.6567971706390381 -0.10888606309890747 0.28452301025390625 
v 0.6598795652389526 -0.11415307223796844 0.28984370827674866 
v 0.6555315256118774 -0.11108863353729248 0.28452301025390625 
v 0.6576340794563293 -0.11683446168899536 0.28984370827674866 
v 0.6538780331611633 -0.11306775361299515 0.28452301025390625 
v 0.6549599170684814 -0.11906895786523819 0.28984370827674866 
v 0.651918351650238 -0.11469573527574539 0.28452301025390625 
v 0.6519591808319092 -0.12079270929098129 0.28984370827674866 
v 0.6497136950492859 -0.11597258597612381 0.28452301025390625 
v 0.6486725807189941 -0.12197379767894745 0.28984370827674866 
v 0.647304892539978 -0.11683446168899536 0.28452301025390625 
v 0.6452635526657104 -0.12258029729127884 0.28984370827674866 
v 0.6447940468788147 -0.11728136241436005 0.28452301025390625 
v 0.6417728662490845 -0.12258029729127884 0.28984370827674866 
v 0.6422423720359802 -0.11724944412708282 0.28452301025390625 
v 0.6383434534072876 -0.12194187194108963 0.28984370827674866 
v 0.6397315263748169 -0.11680254340171814 0.28452301025390625 
v 0.6350772976875305 -0.12076078355312347 0.28984370827674866 
v 0.637343168258667 -0.11594066768884659 0.28452301025390625 
v 0.6320765018463135 -0.11900511384010315 0.28984370827674866 
v 0.6351385116577148 -0.11466381698846817 0.28452301025390625 
v 0.6294227838516235 -0.11677062511444092 0.28984370827674866 
v 0.6331788301467896 -0.11300390958786011 0.28452301025390625 
v 0.6271772980690002 -0.11412115395069122 0.28984370827674866 
v 0.6315457820892334 -0.11105670779943466 0.28452301025390625 
v 0.6254421472549438 -0.11108863353729248 0.28984370827674866 
v 0.6302801370620728 -0.10885413736104965 0.28452301025390625 
v 0.6242581605911255 -0.1078326553106308 0.28984370827674866 
v 0.6294023394584656 -0.10646004229784012 0.28452301025390625 
v 0.6236661672592163 -0.10438515990972519 0.28984370827674866 
v 0.628973662853241 -0.1039382591843605 0.28452301025390625 
v 0.6236661672592163 -0.10090573877096176 0.28984370827674866 
v 0.628973662853241 -0.10138455778360367 0.28452301025390625 
v 0.6242786049842834 -0.09749015420675278 0.28984370827674866 
v 0.6294227838516235 -0.09886277467012405 0.28452301025390625 
v 0.625482976436615 -0.09423418343067169 0.28984370827674866 
v 0.6303005218505859 -0.09646867215633392 0.28452301025390625 
v 0.6272181272506714 -0.09120166301727295 0.28984370827674866 
v 0.6315661668777466 -0.09426610916852951 0.28452301025390625 
v 0.6294636130332947 -0.08855219185352325 0.28984370827674866 
v 0.6332196593284607 -0.09231890738010406 0.28452301025390625 
v 0.6321377754211426 -0.08631770312786102 0.28984370827674866 
v 0.635179340839386 -0.09069091826677322 0.28452301025390625 
v 0.6351385116577148 -0.08459395170211792 0.28984370827674866 
v 0.6373839974403381 -0.0894140675663948 0.28452301025390625 
v 0.6384046673774719 -0.08341286331415176 0.28984370827674866 
v 0.639792799949646 -0.08855219185352325 0.28452301025390625 
v 0.6418341398239136 -0.08280635625123978 0.28984370827674866 
v 0.6423036456108093 -0.08810529112815857 0.28452301025390625 
v 0.6453248262405396 -0.08280635625123978 0.28984370827674866 
v 0.6448553204536438 -0.08810529112815857 0.28452301025390625 
v 0.6487542390823364 -0.08341286331415176 0.28984370827674866 
v 0.6473661661148071 -0.08855219185352325 0.28452301025390625 
v 0.6520203948020935 -0.08462586998939514 0.28984370827674866 
v 0.649754524230957 -0.08944598585367203 0.28452301025390625 
v 0.6550211906433105 -0.08634962141513824 0.28984370827674866 
v 0.6519591808319092 -0.09072284400463104 0.28452301025390625 
v 0.6576749086380005 -0.08858411759138107 0.28984370827674866 
v 0.6539188623428345 -0.09235082566738129 0.28452301025390625 
v 0.6599203944206238 -0.09126550704240799 0.28984370827674866 
vn -2.0682311115474694e-13 0 -1 
vn -2.0682311115474694e-13 0 -1 
vn -2.0682311115474694e-13 0 -1 
vn -2.0682311115474694e-13 0 -1 
vn -2.0682311115474694e-13 0 -1 
vn -2.0682311115474694e-13 0 -1 
vn -2.0682311115474694e-13 0 -1 
vn -2.0682311115474694e-13 0 -1 
vn -2.0682311115474694e-13 0 -1 
vn -2.0682311115474694e-13 0 -1 
vn -2.0682311115474694e-13 0 -1 
vn -2.0682311115474694e-13 0 -1 
vn -2.0682311115474694e-13 0 -1 
vn -2.0682311115474694e-13 0 -1 
vn -2.0682311115474694e-13 0 -1 
vn -2.0682311115474694e-13 0 -1 
vn -2.0682311115474694e-13 0 -1 
vn -2.0682311115474694e-13 0 -1 
vn -2.0682311115474694e-13 0 -1 
vn -2.0682311115474694e-13 0 -1 
vn -2.0682311115474694e-13 0 -1 
vn -2.0682311115474694e-13 0 -1 
vn -2.0682311115474694e-13 0 -1 
vn -2.0682311115474694e-13 0 -1 
vn -2.0682311115474694e-13 0 -1 
vn -2.0682311115474694e-13 0 -1 
vn -2.0682311115474694e-13 0 -1 
vn -2.0682311115474694e-13 0 -1 
vn -2.0682311115474694e-13 0 -1 
vn -2.0682311115474694e-13 0 -1 
vn -2.0682311115474694e-13 0 -1 
vn -2.0682311115474694e-13 0 -1 
vn -2.0682311115474694e-13 0 -1 
vn -2.0682311115474694e-13 0 -1 
vn -2.0682311115474694e-13 0 -1 
vn -2.0682311115474694e-13 0 -1 
vn -0.8186684846878052 0.5742622017860413 0.002184694167226553 
vn -0.9055951237678528 0.4241376221179962 0.002184694167226553 
vn -0.9055951237678528 0.4241376221179962 0.002184694167226553 
vn -0.9652689099311829 0.2612491250038147 0.002184694167226553 
vn -0.9652689099311829 0.2612491250038147 0.002184694167226553 
vn -0.995894193649292 0.0904986634850502 0.002184694167226553 
vn -0.995894193649292 0.0904986634850502 0.002184694167226553 
vn -0.9965491890907288 -0.08297525346279144 0.002184694167226553 
vn -0.9965491890907288 -0.08297525346279144 0.002184694167226553 
vn -0.9672143459320068 -0.25395211577415466 0.002184694167226553 
vn -0.9672143459320068 -0.25395211577415466 0.002184694167226553 
vn -0.9055951237678528 -0.4241376221179962 0.002184694167226553 
vn -0.9055951237678528 -0.4241376221179962 0.002184694167226553 
vn -0.8186684846878052 -0.5742622017860413 0.002184694167226553 
vn -0.8186684846878052 -0.5742622017860413 0.002184694167226553 
vn -0.7071051001548767 -0.7071051001548767 0.002184694167226553 
vn -0.7071051001548767 -0.7071051001548767 0.002184694167226553 
vn -0.5742622017860413 -0.8186684846878052 0.002184694167226553 
vn -0.5742622017860413 -0.8186684846878052 0.002184694167226553 
vn -0.4241376221179962 -0.9055951237678528 0.002184694167226553 
vn -0.4241376221179962 -0.9055951237678528 0.002184694167226553 
vn -0.2612491250038147 -0.9652689099311829 0.002184694167226553 
vn -0.2612491250038147 -0.9652689099311829 0.002184694167226553 
vn -0.0904986634850502 -0.995894193649292 0.002184694167226553 
vn -0.0904986634850502 -0.995894193649292 0.002184694167226553 
vn 0.08297525346279144 -0.9965491890907288 0.002184694167226553 
vn 0.08297525346279144 -0.9965491890907288 0.002184694167226553 
vn 0.25395211577415466 -0.9672143459320068 0.002184694167226553 
vn 0.25395211577415466 -0.9672143459320068 0.002184694167226553 
vn 0.4241376221179962 -0.9055951237678528 0.002184694167226553 
vn 0.4241376221179962 -0.9055951237678528 0.002184694167226553 
vn 0.5742622017860413 -0.8186684846878052 0.002184694167226553 
vn 0.5742622017860413 -0.8186684846878052 0.002184694167226553 
vn 0.7071051001548767 -0.7071051001548767 0.002184694167226553 
vn 0.7071051001548767 -0.7071051001548767 0.002184694167226553 
vn 0.8186684846878052 -0.5742622017860413 0.002184694167226553 
vn 0.8186684846878052 -0.5742622017860413 0.002184694167226553 
vn 0.8634950518608093 -0.5043525099754333 0.002184694167226553 
vn 0.9055951237678528 -0.4241376221179962 0.002184694167226553 
vn 0.9055951237678528 -0.4241376221179962 0.002184694167226553 
vn 0.9652689099311829 -0.2612491250038147 0.002184694167226553 
vn 0.9652689099311829 -0.2612491250038147 0.002184694167226553 
vn 0.995894193649292 -0.0904986634850502 0.002184694167226553 
vn 0.995894193649292 -0.0904986634850502 0.002184694167226553 
vn 0.9965491890907288 0.08297525346279144 0.002184694167226553 
vn 0.9965491890907288 0.08297525346279144 0.002184694167226553 
vn 0.9672143459320068 0.25395211577415466 0.002184694167226553 
vn 0.9672143459320068 0.25395211577415466 0.002184694167226553 
vn 0.9055951237678528 0.4241376221179962 0.002184694167226553 
vn 0.9055951237678528 0.4241376221179962 0.002184694167226553 
vn 0.8186684846878052 0.5742622017860413 0.002184694167226553 
vn 0.8186684846878052 0.5742622017860413 0.002184694167226553 
vn 0.7071051001548767 0.7071051001548767 0.002184694167226553 
vn 0.7071051001548767 0.7071051001548767 0.002184694167226553 
vn 0.5742622017860413 0.8186684846878052 0.002184694167226553 
vn 0.5742622017860413 0.8186684846878052 0.002184694167226553 
vn 0.4241376221179962 0.9055951237678528 0.002184694167226553 
vn 0.4241376221179962 0.9055951237678528 0.002184694167226553 
vn 0.2612491250038147 0.9652689099311829 0.002184694167226553 
vn 0.2612491250038147 0.9652689099311829 0.002184694167226553 
vn 0.0904986634850502 0.995894193649292 0.002184694167226553 
vn 0.0904986634850502 0.995894193649292 0.002184694167226553 
vn -0.08297525346279144 0.9965491890907288 0.002184694167226553 
vn -0.08297525346279144 0.9965491890907288 0.002184694167226553 
vn -0.25395211577415466 0.9672143459320068 0.002184694167226553 
vn -0.25395211577415466 0.9672143459320068 0.002184694167226553 
vn -0.4241376221179962 0.9055951237678528 0.002184694167226553 
vn -0.4241376221179962 0.9055951237678528 0.002184694167226553 
vn -0.5742622017860413 0.8186684846878052 0.002184694167226553 
vn -0.5742622017860413 0.8186684846878052 0.002184694167226553 
vn -0.7071051001548767 0.7071051001548767 0.002184694167226553 
vn -0.7071051001548767 0.7071051001548767 0.002184694167226553 
vn -0.8186684846878052 0.5742622017860413 0.002184694167226553 
vn -0.8186684846878052 0.5742622017860413 0.002184694167226553 
vn -0.9055951237678528 0.4241376221179962 0.002184694167226553 
vn 0 0 1 
vn 0 0 1 
vn 0 0 1 
vn 0 0 1 
vn 0 0 1 
vn 0 0 1 
vn 0 0 1 
vn 0 0 1 
vn 0 0 1 
vn 0 0 1 
vn 0 0 1 
vn 0 0 1 
vn 0 0 1 
vn 0 0 1 
vn 0 0 1 
vn 0 0 1 
vn 0 0 1 
vn 0 0 1 
vn 0 0 1 
vn 0 0 1 
vn 0 0 1 
vn 0 0 1 
vn 0 0 1 
vn 0 0 1 
vn 0 0 1 
vn 0 0 1 
vn 0 0 1 
vn 0 0 1 
vn 0 0 1 
vn 0 0 1 
vn 0 0 1 
vn 0 0 1 
vn 0 0 1 
vn 0 0 1 
vn 0 0 1 
vn 0 0 1 
vn 0 0 1 
vn 0 0 1 
vn 0 0 1 
vn 0 0 1 
vn 0 0 1 
vn 0 0 1 
vn 0 0 1 
vn 0 0 1 
vn 0 0 1 
vn 0 0 1 
vn 0 0 1 
vn 0 0 1 
vn 0 0 1 
vn 0 0 1 
vn 0 0 1 
vn 0 0 1 
vn 0 0 1 
vn 0 0 1 
vn 0 0 1 
vn 0 0 1 
vn 0 0 1 
vn 0 0 1 
vn 0 0 1 
vn 0 0 1 
vn 0 0 1 
vn 0 0 1 
vn 0 0 1 
vn 0 0 1 
vn 0 0 1 
vn 0 0 1 
vn 0 0 1 
vn 0 0 1 
vn 0 0 1 
vn 0 0 1 
vn 0 0 1 
vn 0 0 1 
vn -2.0682311115474694e-13 0 -1 
vn -2.0682311115474694e-13 0 -1 
vn -2.0682311115474694e-13 0 -1 
vn -2.0682311115474694e-13 0 -1 
vn -2.0682311115474694e-13 0 -1 
vn -2.0682311115474694e-13 0 -1 
vn -2.0682311115474694e-13 0 -1 
vn -2.0682311115474694e-13 0 -1 
vn -2.0682311115474694e-13 0 -1 
vn -2.0682311115474694e-13 0 -1 
vn -2.0682311115474694e-13 0 -1 
vn -2.0682311115474694e-13 0 -1 
vn -2.0682311115474694e-13 0 -1 
vn -2.0682311115474694e-13 0 -1 
vn -2.0682311115474694e-13 0 -1 
vn -2.0682311115474694e-13 0 -1 
vn -2.0682311115474694e-13 0 -1 
vn -2.0682311115474694e-13 0 -1 
vn -2.0682311115474694e-13 0 -1 
vn -2.0682311115474694e-13 0 -1 
vn -2.0682311115474694e-13 0 -1 
vn -2.0682311115474694e-13 0 -1 
vn -2.0682311115474694e-13 0 -1 
vn -2.0682311115474694e-13 0 -1 
vn -2.0682311115474694e-13 0 -1 
vn -2.0682311115474694e-13 0 -1 
vn -2.0682311115474694e-13 0 -1 
vn -2.0682311115474694e-13 0 -1 
vn -2.0682311115474694e-13 0 -1 
vn -2.0682311115474694e-13 0 -1 
vn -2.0682311115474694e-13 0 -1 
vn -2.0682311115474694e-13 0 -1 
vn -2.0682311115474694e-13 0 -1 
vn -2.0682311115474694e-13 0 -1 
vn -2.0682311115474694e-13 0 -1 
vn -2.0682311115474694e-13 0 -1 
vn -0.9055951237678528 0.4241376221179962 0.002184694167226553 
vn -0.9652689099311829 0.2612491250038147 0.002184694167226553 
vn -0.9652689099311829 0.2612491250038147 0.002184694167226553 
vn -0.995894193649292 0.0904986634850502 0.002184694167226553 
vn -0.995894193649292 0.0904986634850502 0.002184694167226553 
vn -0.9965491890907288 -0.08297525346279144 0.002184694167226553 
vn -0.9965491890907288 -0.08297525346279144 0.002184694167226553 
vn -0.9672143459320068 -0.25395211577415466 0.002184694167226553 
vn -0.9672143459320068 -0.25395211577415466 0.002184694167226553 
vn -0.9055951237678528 -0.4241376221179962 0.002184694167226553 
vn -0.9055951237678528 -0.4241376221179962 0.002184694167226553 
vn -0.8186684846878052 -0.5742622017860413 0.002184694167226553 
vn -0.8186684846878052 -0.5742622017860413 0.002184694167226553 
vn -0.7071051001548767 -0.7071051001548767 0.002184694167226553 
vn -0.7071051001548767 -0.7071051001548767 0.002184694167226553 
vn -0.5742622017860413 -0.8186684846878052 0.002184694167226553 
vn -0.5742622017860413 -0.8186684846878052 0.002184694167226553 
vn -0.4241376221179962 -0.9055951237678528 0.002184694167226553 
vn -0.4241376221179962 -0.9055951237678528 0.002184694167226553 
vn -0.2612491250038147 -0.9652689099311829 0.002184694167226553 
vn -0.2612491250038147 -0.9652689099311829 0.002184694167226553 
vn -0.0904986634850502 -0.995894193649292 0.002184694167226553 
vn -0.0904986634850502 -0.995894193649292 0.002184694167226553 
vn 0.08297525346279144 -0.9965491890907288 0.002184694167226553 
vn 0.08297525346279144 -0.9965491890907288 0.002184694167226553 
vn 0.25395211577415466 -0.9672143459320068 0.002184694167226553 
vn 0.25395211577415466 -0.9672143459320068 0.002184694167226553 
vn 0.4241376221179962 -0.9055951237678528 0.002184694167226553 
vn 0.4241376221179962 -0.9055951237678528 0.002184694167226553 
vn 0.5742622017860413 -0.8186684846878052 0.002184694167226553 
vn 0.5742622017860413 -0.8186684846878052 0.002184694167226553 
vn 0.7071051001548767 -0.7071051001548767 0.002184694167226553 
vn 0.7071051001548767 -0.7071051001548767 0.002184694167226553 
vn 0.8186684846878052 -0.5742622017860413 0.002184694167226553 
vn 0.8186684846878052 -0.5742622017860413 0.002184694167226553 
vn 0.9055951237678528 -0.4241376221179962 0.002184694167226553 
vn 0.9055951237678528 -0.4241376221179962 0.002184694167226553 
vn 0.9652689099311829 -0.2612491250038147 0.002184694167226553 
vn 0.9652689099311829 -0.2612491250038147 0.002184694167226553 
vn 0.995894193649292 -0.0904986634850502 0.002184694167226553 
vn 0.995894193649292 -0.0904986634850502 0.002184694167226553 
vn 0.9965491890907288 0.08297525346279144 0.002184694167226553 
vn 0.9965491890907288 0.08297525346279144 0.002184694167226553 
vn 0.9672143459320068 0.25395211577415466 0.002184694167226553 
vn 0.9672143459320068 0.25395211577415466 0.002184694167226553 
vn 0.9055951237678528 0.4241376221179962 0.002184694167226553 
vn 0.9055951237678528 0.4241376221179962 0.002184694167226553 
vn 0.8186684846878052 0.5742622017860413 0.002184694167226553 
vn 0.8186684846878052 0.5742622017860413 0.002184694167226553 
vn 0.7071051001548767 0.7071051001548767 0.002184694167226553 
vn 0.7071051001548767 0.7071051001548767 0.002184694167226553 
vn 0.5742622017860413 0.8186684846878052 0.002184694167226553 
vn 0.5742622017860413 0.8186684846878052 0.002184694167226553 
vn 0.4241376221179962 0.9055951237678528 0.002184694167226553 
vn 0.4241376221179962 0.9055951237678528 0.002184694167226553 
vn 0.2612491250038147 0.9652689099311829 0.002184694167226553 
vn 0.2612491250038147 0.9652689099311829 0.002184694167226553 
vn 0.0904986634850502 0.995894193649292 0.002184694167226553 
vn 0.0904986634850502 0.995894193649292 0.002184694167226553 
vn -0.08297525346279144 0.9965491890907288 0.002184694167226553 
vn -0.08297525346279144 0.9965491890907288 0.002184694167226553 
vn -0.25395211577415466 0.9672143459320068 0.002184694167226553 
vn -0.25395211577415466 0.9672143459320068 0.002184694167226553 
vn -0.4241376221179962 0.9055951237678528 0.002184694167226553 
vn -0.4241376221179962 0.9055951237678528 0.002184694167226553 
vn -0.5742622017860413 0.8186684846878052 0.002184694167226553 
vn -0.5742622017860413 0.8186684846878052 0.002184694167226553 
vn -0.7071051001548767 0.7071051001548767 0.002184694167226553 
vn -0.7071051001548767 0.7071051001548767 0.002184694167226553 
vn -0.8186684846878052 0.5742622017860413 0.002184694167226553 
vn -0.8186684846878052 0.5742622017860413 0.002184694167226553 
vn -0.9055951237678528 0.4241376221179962 0.002184694167226553 
vn -0.9055951237678528 0.4241376221179962 0.002184694167226553 
vn -0.9652689099311829 0.2612491250038147 0.002184694167226553 
vn -0.9055951237678528 0.4241376221179962 0.002184694167226553 
vn -0.963268518447876 0.2685312330722809 0.002184694167226553 
vn -0.9376652836799622 0.34753286838531494 0.002184694167226553 
vn -0.9822282791137695 0.18767757713794708 0.002184694167226553 
vn -0.9944137930870056 0.10552956163883209 0.002184694167226553 
vn -0.9997409582138062 0.022653724998235703 0.002184694167226553 
vn -0.998173177242279 -0.06037835404276848 0.002184694167226553 
vn -0.9897211194038391 -0.1429940164089203 0.002184694167226553 
vn -0.9744431972503662 -0.22462347149848938 0.002184694167226553 
vn -0.9524446725845337 -0.3047037422657013 0.002184694167226553 
vn -0.9267409443855286 -0.3756946325302124 0.002184694167226553 
vn -0.8923717141151428 -0.4512958228588104 0.002184694167226553 
vn -0.8518480062484741 -0.5237845182418823 0.002184694167226553 
vn -0.8054491877555847 -0.5926607847213745 0.002184694167226553 
vn -0.7534953951835632 -0.6574495434761047 0.002184694167226553 
vn -0.6963448524475098 -0.7177039980888367 0.002184694167226553 
vn -0.6343917846679688 -0.7730085849761963 0.002184694167226553 
vn -0.5680633783340454 -0.8229818940162659 0.002184694167226553 
vn -0.49781718850135803 -0.8672792315483093 0.002184694167226553 
vn -0.4241376221179962 -0.9055951237678528 0.002184694167226553 
vn -0.34753286838531494 -0.9376652836799622 0.002184694167226553 
vn -0.2685312330722809 -0.963268518447876 0.002184694167226553 
vn -0.18767757713794708 -0.9822282791137695 0.002184694167226553 
vn -0.10552956163883209 -0.9944137930870056 0.002184694167226553 
vn -0.022653724998235703 -0.9997409582138062 0.002184694167226553 
vn 0.06037835404276848 -0.998173177242279 0.002184694167226553 
vn 0.1429940164089203 -0.9897211194038391 0.002184694167226553 
vn 0.22462347149848938 -0.9744431972503662 0.002184694167226553 
vn 0.3047037422657013 -0.9524446725845337 0.002184694167226553 
vn 0.3756946325302124 -0.9267409443855286 0.002184694167226553 
vn 0.4512958228588104 -0.8923717141151428 0.002184694167226553 
vn 0.5237845182418823 -0.8518480062484741 0.002184694167226553 
vn 0.5926607847213745 -0.8054491877555847 0.002184694167226553 
vn 0.6574495434761047 -0.7534953951835632 0.002184694167226553 
vn 0.7177039980888367 -0.6963448524475098 0.002184694167226553 
vn 0.7730085849761963 -0.6343917846679688 0.002184694167226553 
vn 0.8229818940162659 -0.5680633783340454 0.002184694167226553 
vn 0.8672792315483093 -0.49781718850135803 0.002184694167226553 
vn 0.9055951237678528 -0.4241376221179962 0.002184694167226553 
vn 0.9055951237678528 -0.4241376221179962 0.002184694167226553 
vn 0.9376652836799622 -0.34753286838531494 0.002184694167226553 
vn 0.963268518447876 -0.2685312330722809 0.002184694167226553 
vn 0.9822282791137695 -0.18767757713794708 0.002184694167226553 
vn 0.9944137930870056 -0.10552956163883209 0.002184694167226553 
vn 0.9997409582138062 -0.022653724998235703 0.002184694167226553 
vn 0.998173177242279 0.06037835404276848 0.002184694167226553 
vn 0.9897211194038391 0.1429940164089203 0.002184694167226553 
vn 0.9744431972503662 0.22462347149848938 0.002184694167226553 
vn 0.9524446725845337 0.3047037422657013 0.002184694167226553 
vn 0.9267409443855286 0.3756946325302124 0.002184694167226553 
vn 0.8923717141151428 0.4512958228588104 0.002184694167226553 
vn 0.8518480062484741 0.5237845182418823 0.002184694167226553 
vn 0.8054491877555847 0.5926607847213745 0.002184694167226553 
vn 0.7534953951835632 0.6574495434761047 0.002184694167226553 
vn 0.6963448524475098 0.7177039980888367 0.002184694167226553 
vn 0.6343917846679688 0.7730085849761963 0.002184694167226553 
vn 0.5680633783340454 0.8229818940162659 0.002184694167226553 
vn 0.49781718850135803 0.8672792315483093 0.002184694167226553 
vn 0.4241376221179962 0.9055951237678528 0.002184694167226553 
vn 0.34753286838531494 0.9376652836799622 0.002184694167226553 
vn 0.2685312330722809 0.963268518447876 0.002184694167226553 
vn 0.18767757713794708 0.9822282791137695 0.002184694167226553 
vn 0.10552956163883209 0.9944137930870056 0.002184694167226553 
vn 0.022653724998235703 0.9997409582138062 0.002184694167226553 
vn -0.06037835404276848 0.998173177242279 0.002184694167226553 
vn -0.1429940164089203 0.9897211194038391 0.002184694167226553 
vn -0.22462347149848938 0.9744431972503662 0.002184694167226553 
vn -0.3047037422657013 0.9524446725845337 0.002184694167226553 
vn -0.3756946325302124 0.9267409443855286 0.002184694167226553 
vn -0.4512958228588104 0.8923717141151428 0.002184694167226553 
vn -0.5237845182418823 0.8518480062484741 0.002184694167226553 
vn -0.5926607847213745 0.8054491877555847 0.002184694167226553 
vn -0.6574495434761047 0.7534953951835632 0.002184694167226553 
vn -0.7177039980888367 0.6963448524475098 0.002184694167226553 
vn -0.7730085849761963 0.6343917846679688 0.002184694167226553 
vn -0.8229818940162659 0.5680633783340454 0.002184694167226553 
vn -0.8672792315483093 0.49781718850135803 0.002184694167226553 
vn -0.9055951237678528 0.4241376221179962 0.002184694167226553 
vn -0.9376652836799622 0.34753286838531494 0.002184694167226553 
vn -2.0682311115474694e-13 0 -1 
vn -2.0682311115474694e-13 0 -1 
vn -2.0682311115474694e-13 0 -1 
vn -2.0682311115474694e-13 0 -1 
vn -2.0682311115474694e-13 0 -1 
vn -2.0682311115474694e-13 0 -1 
vn -2.0682311115474694e-13 0 -1 
vn -2.0682311115474694e-13 0 -1 
vn -2.0682311115474694e-13 0 -1 
vn -2.0682311115474694e-13 0 -1 
vn -2.0682311115474694e-13 0 -1 
vn -2.0682311115474694e-13 0 -1 
vn -2.0682311115474694e-13 0 -1 
vn -2.0682311115474694e-13 0 -1 
vn -2.0682311115474694e-13 0 -1 
vn -2.0682311115474694e-13 0 -1 
vn -2.0682311115474694e-13 0 -1 
vn -2.0682311115474694e-13 0 -1 
vn -2.0682311115474694e-13 0 -1 
vn -2.0682311115474694e-13 0 -1 
vn -2.0682311115474694e-13 0 -1 
vn -2.0682311115474694e-13 0 -1 
vn -2.0682311115474694e-13 0 -1 
vn -2.0682311115474694e-13 0 -1 
vn -2.0682311115474694e-13 0 -1 
vn -2.0682311115474694e-13 0 -1 
vn -2.0682311115474694e-13 0 -1 
vn -2.0682311115474694e-13 0 -1 
vn -2.0682311115474694e-13 0 -1 
vn -2.0682311115474694e-13 0 -1 
vn -2.0682311115474694e-13 0 -1 
vn -2.0682311115474694e-13 0 -1 
vn -2.0682311115474694e-13 0 -1 
vn -2.0682311115474694e-13 0 -1 
vn -2.0682311115474694e-13 0 -1 
vn -2.0682311115474694e-13 0 -1 
vn 0 0 1 
vn 0 0 1 
vn 0 0 1 
vn 0 0 1 
vn 0 0 1 
vn 0 0 1 
vn 0 0 1 
vn 0 0 1 
vn 0 0 1 
vn 0 0 1 
vn 0 0 1 
vn 0 0 1 
vn 0 0 1 
vn 0 0 1 
vn 0 0 1 
vn 0 0 1 
vn 0 0 1 
vn 0 0 1 
vn 0 0 1 
vn 0 0 1 
vn 0 0 1 
vn 0 0 1 
vn 0 0 1 
vn 0 0 1 
vn 0 0 1 
vn 0 0 1 
vn 0 0 1 
vn 0 0 1 
vn 0 0 1 
vn 0 0 1 
vn 0 0 1 
vn 0 0 1 
vn 0 0 1 
vn 0 0 1 
vn 0 0 1 
vn 0 0 1 
vn -0.18260562419891357 0.683920681476593 0.7063339352607727 
vn -0.0639900416135788 0.7049806118011475 0.7063339352607727 
vn -0.0639900416135788 0.7049806118011475 0.7063339352607727 
vn 0.0639900416135788 0.7049806118011475 0.7063339352607727 
vn 0.0639900416135788 0.7049806118011475 0.7063339352607727 
vn 0.18260562419891357 0.683920681476593 0.7063339352607727 
vn 0.18260562419891357 0.683920681476593 0.7063339352607727 
vn 0.3027636408805847 0.639864444732666 0.7063339352607727 
vn -0.18260562419891357 0.683920681476593 0.7063339352607727 
vn -0.2959323823451996 0.6430523991584778 0.7063339352607727 
vn -0.2959323823451996 0.6430523991584778 0.7063339352607727 
vn -0.40687981247901917 0.5792591571807861 0.7063339352607727 
vn -0.40687981247901917 0.5792591571807861 0.7063339352607727 
vn -0.49921146035194397 0.501876711845398 0.7063339352607727 
vn -0.49921146035194397 0.501876711845398 0.7063339352607727 
vn -0.5770844221115112 0.4099584221839905 0.7063339352607727 
vn -0.5770844221115112 0.4099584221839905 0.7063339352607727 
vn -0.6414675116539001 0.2993522584438324 0.7063339352607727 
vn -0.6414675116539001 0.2993522584438324 0.7063339352607727 
vn -0.6829386949539185 0.18624471127986908 0.7063339352607727 
vn -0.6829386949539185 0.18624471127986908 0.7063339352607727 
vn -0.7053112983703613 0.06023532152175903 0.7063339352607727 
vn -0.7053112983703613 0.06023532152175903 0.7063339352607727 
vn -0.7053112983703613 -0.06023532152175903 0.7063339352607727 
vn -0.7053112983703613 -0.06023532152175903 0.7063339352607727 
vn -0.6848833560943604 -0.1789613664150238 0.7063339352607727 
vn -0.6848833560943604 -0.1789613664150238 0.7063339352607727 
vn -0.6414675116539001 -0.2993522584438324 0.7063339352607727 
vn -0.6414675116539001 -0.2993522584438324 0.7063339352607727 
vn -0.581417441368103 -0.4037896394729614 0.7063339352607727 
vn -0.581417441368103 -0.4037896394729614 0.7063339352607727 
vn -0.49921146035194397 -0.501876711845398 0.7063339352607727 
vn -0.49921146035194397 -0.501876711845398 0.7063339352607727 
vn -0.40687981247901917 -0.5792591571807861 0.7063339352607727 
vn -0.40687981247901917 -0.5792591571807861 0.7063339352607727 
vn -0.3027636408805847 -0.639864444732666 0.7063339352607727 
vn -0.3027636408805847 -0.639864444732666 0.7063339352607727 
vn -0.18260562419891357 -0.683920681476593 0.7063339352607727 
vn -0.18260562419891357 -0.683920681476593 0.7063339352607727 
vn -0.0639900416135788 -0.7049806118011475 0.7063339352607727 
vn -0.0639900416135788 -0.7049806118011475 0.7063339352607727 
vn 0.0639900416135788 -0.7049806118011475 0.7063339352607727 
vn 0.0639900416135788 -0.7049806118011475 0.7063339352607727 
vn 0.18260562419891357 -0.683920681476593 0.7063339352607727 
vn 0.18260562419891357 -0.683920681476593 0.7063339352607727 
vn 0.2959323823451996 -0.6430523991584778 0.7063339352607727 
vn 0.2959323823451996 -0.6430523991584778 0.7063339352607727 
vn 0.40687981247901917 -0.5792591571807861 0.7063339352607727 
vn 0.40687981247901917 -0.5792591571807861 0.7063339352607727 
vn 0.49921146035194397 -0.501876711845398 0.7063339352607727 
vn 0.49921146035194397 -0.501876711845398 0.7063339352607727 
vn 0.5770844221115112 -0.4099584221839905 0.7063339352607727 
vn 0.5770844221115112 -0.4099584221839905 0.7063339352607727 
vn 0.6136682629585266 -0.3528507351875305 0.7063339352607727 
vn 0.6414675116539001 -0.2993522584438324 0.7063339352607727 
vn 0.6414675116539001 -0.2993522584438324 0.7063339352607727 
vn 0.6829386949539185 -0.18624471127986908 0.7063339352607727 
vn 0.6829386949539185 -0.18624471127986908 0.7063339352607727 
vn 0.7053112983703613 -0.06023532152175903 0.7063339352607727 
vn 0.7053112983703613 -0.06023532152175903 0.7063339352607727 
vn 0.7053112983703613 0.06023532152175903 0.7063339352607727 
vn 0.7053112983703613 0.06023532152175903 0.7063339352607727 
vn 0.6848833560943604 0.1789613664150238 0.7063339352607727 
vn 0.6848833560943604 0.1789613664150238 0.7063339352607727 
vn 0.6414675116539001 0.2993522584438324 0.7063339352607727 
vn 0.6414675116539001 0.2993522584438324 0.7063339352607727 
vn 0.581417441368103 0.4037896394729614 0.7063339352607727 
vn 0.581417441368103 0.4037896394729614 0.7063339352607727 
vn 0.49921146035194397 0.501876711845398 0.7063339352607727 
vn 0.49921146035194397 0.501876711845398 0.7063339352607727 
vn 0.40687981247901917 0.5792591571807861 0.7063339352607727 
vn 0.40687981247901917 0.5792591571807861 0.7063339352607727 
vn 0.3027636408805847 0.639864444732666 0.7063339352607727 
vn -0.6396371126174927 0.3032436668872833 -0.7063339352607727 
vn -0.683839738368988 0.1829085648059845 -0.7063339352607727 
vn -0.683839738368988 0.1829085648059845 -0.7063339352607727 
vn -0.7049707174301147 0.06409838795661926 -0.7063339352607727 
vn -0.7049707174301147 0.06409838795661926 -0.7063339352607727 
vn -0.7049707174301147 -0.06409838795661926 -0.7063339352607727 
vn -0.6396371126174927 0.3032436668872833 -0.7063339352607727 
vn -0.5788358449935913 0.4074817895889282 -0.7063339352607727 
vn -0.5788358449935913 0.4074817895889282 -0.7063339352607727 
vn -0.5012128949165344 0.4998779892921448 -0.7063339352607727 
vn -0.5012128949165344 0.4998779892921448 -0.7063339352607727 
vn -0.40283775329589844 0.5820773839950562 -0.7063339352607727 
vn -0.40283775329589844 0.5820773839950562 -0.7063339352607727 
vn -0.2981165051460266 0.6420427560806274 -0.7063339352607727 
vn -0.2981165051460266 0.6420427560806274 -0.7063339352607727 
vn -0.1847316473722458 0.6833495497703552 -0.7063339352607727 
vn -0.1847316473722458 0.6833495497703552 -0.7063339352607727 
vn -0.058456163853406906 0.7054610252380371 -0.7063339352607727 
vn -0.058456163853406906 0.7054610252380371 -0.7063339352607727 
vn 0.062218084931373596 0.70513916015625 -0.7063339352607727 
vn 0.062218084931373596 0.70513916015625 -0.7063339352607727 
vn 0.18108420073986053 0.684325098991394 -0.7063339352607727 
vn 0.18108420073986053 0.684325098991394 -0.7063339352607727 
vn 0.30153676867485046 0.6404435634613037 -0.7063339352607727 
vn 0.30153676867485046 0.6404435634613037 -0.7063339352607727 
vn 0.40593665838241577 0.5799204707145691 -0.7063339352607727 
vn 0.40593665838241577 0.5799204707145691 -0.7063339352607727 
vn 0.5038719773292542 0.49719753861427307 -0.7063339352607727 
vn 0.5038719773292542 0.49719753861427307 -0.7063339352607727 
vn 0.5810009837150574 0.4043886363506317 -0.7063339352607727 
vn 0.5810009837150574 0.4043886363506317 -0.7063339352607727 
vn 0.641245424747467 0.2998276948928833 -0.7063339352607727 
vn 0.641245424747467 0.2998276948928833 -0.7063339352607727 
vn 0.6848056316375732 0.1792585402727127 -0.7063339352607727 
vn 0.6848056316375732 0.1792585402727127 -0.7063339352607727 
vn 0.7053025960922241 0.06033733859658241 -0.7063339352607727 
vn 0.7053025960922241 0.06033733859658241 -0.7063339352607727 
vn 0.7053025960922241 -0.06033733859658241 -0.7063339352607727 
vn 0.7053025960922241 -0.06033733859658241 -0.7063339352607727 
vn 0.682854413986206 -0.18655340373516083 -0.7063339352607727 
vn 0.682854413986206 -0.18655340373516083 -0.7063339352607727 
vn 0.641245424747467 -0.2998276948928833 -0.7063339352607727 
vn 0.641245424747467 -0.2998276948928833 -0.7063339352607727 
vn 0.5810009837150574 -0.4043886363506317 -0.7063339352607727 
vn 0.5810009837150574 -0.4043886363506317 -0.7063339352607727 
vn 0.498539537191391 -0.5025442242622375 -0.7063339352607727 
vn 0.498539537191391 -0.5025442242622375 -0.7063339352607727 
vn 0.40593665838241577 -0.5799204707145691 -0.7063339352607727 
vn 0.40593665838241577 -0.5799204707145691 -0.7063339352607727 
vn 0.29468777775764465 -0.6436237096786499 -0.7063339352607727 
vn 0.29468777775764465 -0.6436237096786499 -0.7063339352607727 
vn 0.18108420073986053 -0.684325098991394 -0.7063339352607727 
vn 0.18108420073986053 -0.684325098991394 -0.7063339352607727 
vn 0.062218084931373596 -0.70513916015625 -0.7063339352607727 
vn 0.062218084931373596 -0.70513916015625 -0.7063339352607727 
vn -0.06597823649644852 -0.7047972679138184 -0.7063339352607727 
vn -0.06597823649644852 -0.7047972679138184 -0.7063339352607727 
vn -0.1847316473722458 -0.6833495497703552 -0.7063339352607727 
vn -0.1847316473722458 -0.6833495497703552 -0.7063339352607727 
vn -0.2981165051460266 -0.6420427560806274 -0.7063339352607727 
vn -0.2981165051460266 -0.6420427560806274 -0.7063339352607727 
vn -0.40902402997016907 -0.5777470469474792 -0.7063339352607727 
vn -0.40902402997016907 -0.5777470469474792 -0.7063339352607727 
vn -0.5012128949165344 -0.4998779892921448 -0.7063339352607727 
vn -0.5012128949165344 -0.4998779892921448 -0.7063339352607727 
vn -0.5788358449935913 -0.4074817895889282 -0.7063339352607727 
vn -0.5788358449935913 -0.4074817895889282 -0.7063339352607727 
vn -0.6428354978561401 -0.2964031994342804 -0.7063339352607727 
vn -0.6428354978561401 -0.2964031994342804 -0.7063339352607727 
vn -0.683839738368988 -0.1829085648059845 -0.7063339352607727 
vn -0.683839738368988 -0.1829085648059845 -0.7063339352607727 
vn -0.7049707174301147 -0.06409838795661926 -0.7063339352607727 
vn 0.40687981247901917 0.5792591571807861 0.7063339352607727 
vn 0.4006880521774292 0.5835592746734619 0.7063339352607727 
vn 0.3027636408805847 0.639864444732666 0.7063339352607727 
vn 0.3027636408805847 0.639864444732666 0.7063339352607727 
vn 0.18987852334976196 0.6819373369216919 0.7063339352607727 
vn 0.18260562419891357 0.683920681476593 0.7063339352607727 
vn 0.07898972928524017 0.7034578919410706 0.7063339352607727 
vn 0.0639900416135788 0.7049806118011475 0.7063339352607727 
vn -0.04143821820616722 0.7066648602485657 0.7063339352607727 
vn -0.0639900416135788 0.7049806118011475 0.7063339352607727 
vn -0.1533152312040329 0.6910765171051025 0.7063339352607727 
vn -0.18260562419891357 0.683920681476593 0.7063339352607727 
vn -0.2682795524597168 0.6550713181495667 0.7063339352607727 
vn -0.2959323823451996 0.6430523991584778 0.7063339352607727 
vn -0.3754737079143524 0.6000931859016418 0.7063339352607727 
vn -0.40687981247901917 0.5792591571807861 0.7063339352607727 
vn -0.46614623069763184 0.5327288508415222 0.7063339352607727 
vn -0.49921146035194397 0.501876711845398 0.7063339352607727 
vn -0.549729585647583 0.4459705650806427 0.7063339352607727 
vn -0.5770844221115112 0.4099584221839905 0.7063339352607727 
vn -0.6136682629585266 0.3528507351875305 0.7063339352607727 
vn -0.6414675116539001 0.2993522584438324 0.7063339352607727 
vn -0.6646136045455933 0.24368232488632202 0.7063339352607727 
vn -0.6829386949539185 0.18624471127986908 0.7063339352607727 
vn -0.6949129700660706 0.13486407697200775 0.7063339352607727 
vn -0.7053112983703613 0.06023532152175903 0.7063339352607727 
vn -0.7077181935310364 0.015075922943651676 0.7063339352607727 
vn -0.7053112983703613 -0.06023532152175903 0.7063339352607727 
vn -0.7011058330535889 -0.09768815338611603 0.7063339352607727 
vn -0.6848833560943604 -0.1789613664150238 0.7063339352607727 
vn -0.6743879318237305 -0.21515870094299316 0.7063339352607727 
vn -0.6414675116539001 -0.2993522584438324 0.7063339352607727 
vn -0.6315779685974121 -0.31968986988067627 0.7063339352607727 
vn -0.581417441368103 -0.4037896394729614 0.7063339352607727 
vn -0.5682225227355957 -0.42215579748153687 0.7063339352607727 
vn -0.49921146035194397 -0.501876711845398 0.7063339352607727 
vn -0.4938385486602783 -0.5071645379066467 0.7063339352607727 
vn -0.40687981247901917 -0.5792591571807861 0.7063339352607727 
vn -0.4006880521774292 -0.5835592746734619 0.7063339352607727 
vn -0.3027636408805847 -0.639864444732666 0.7063339352607727 
vn -0.3027636408805847 -0.639864444732666 0.7063339352607727 
vn -0.18987852334976196 -0.6819373369216919 0.7063339352607727 
vn -0.18260562419891357 -0.683920681476593 0.7063339352607727 
vn -0.07898972928524017 -0.7034578919410706 0.7063339352607727 
vn -0.0639900416135788 -0.7049806118011475 0.7063339352607727 
vn 0.04143821820616722 -0.7066648602485657 0.7063339352607727 
vn 0.0639900416135788 -0.7049806118011475 0.7063339352607727 
vn 0.1533152312040329 -0.6910765171051025 0.7063339352607727 
vn 0.18260562419891357 -0.683920681476593 0.7063339352607727 
vn 0.2682795524597168 -0.6550713181495667 0.7063339352607727 
vn 0.2959323823451996 -0.6430523991584778 0.7063339352607727 
vn 0.3754737079143524 -0.6000931859016418 0.7063339352607727 
vn 0.40687981247901917 -0.5792591571807861 0.7063339352607727 
vn 0.46614623069763184 -0.5327288508415222 0.7063339352607727 
vn 0.49921146035194397 -0.501876711845398 0.7063339352607727 
vn 0.549729585647583 -0.4459705650806427 0.7063339352607727 
vn 0.5770844221115112 -0.4099584221839905 0.7063339352607727 
vn 0.6136682629585266 -0.3528507351875305 0.7063339352607727 
vn 0.6414675116539001 -0.2993522584438324 0.7063339352607727 
vn 0.6414675116539001 -0.2993522584438324 0.7063339352607727 
vn 0.6646136045455933 -0.24368232488632202 0.7063339352607727 
vn 0.6829386949539185 -0.18624471127986908 0.7063339352607727 
vn 0.6949129700660706 -0.13486407697200775 0.7063339352607727 
vn 0.7053112983703613 -0.06023532152175903 0.7063339352607727 
vn 0.7077181935310364 -0.015075922943651676 0.7063339352607727 
vn 0.7053112983703613 0.06023532152175903 0.7063339352607727 
vn 0.7011058330535889 0.09768815338611603 0.7063339352607727 
vn 0.6848833560943604 0.1789613664150238 0.7063339352607727 
vn 0.6743879318237305 0.21515870094299316 0.7063339352607727 
vn 0.6414675116539001 0.2993522584438324 0.7063339352607727 
vn 0.6315779685974121 0.31968986988067627 0.7063339352607727 
vn 0.581417441368103 0.4037896394729614 0.7063339352607727 
vn 0.5682225227355957 0.42215579748153687 0.7063339352607727 
vn 0.49921146035194397 0.501876711845398 0.7063339352607727 
vn 0.4938385486602783 0.5071645379066467 0.7063339352607727 
vn -0.0639900416135788 -0.7049806118011475 0.7063339352607727 
vn -0.18260562419891357 -0.683920681476593 0.7063339352607727 
vn -0.18260562419891357 -0.683920681476593 0.7063339352607727 
vn -0.3027636408805847 -0.639864444732666 0.7063339352607727 
vn -0.3027636408805847 -0.639864444732666 0.7063339352607727 
vn -0.40687981247901917 -0.5792591571807861 0.7063339352607727 
vn -0.40687981247901917 -0.5792591571807861 0.7063339352607727 
vn -0.49921146035194397 -0.501876711845398 0.7063339352607727 
vn -0.49921146035194397 -0.501876711845398 0.7063339352607727 
vn -0.581417441368103 -0.4037896394729614 0.7063339352607727 
vn -0.581417441368103 -0.4037896394729614 0.7063339352607727 
vn -0.6414675116539001 -0.2993522584438324 0.7063339352607727 
vn -0.6414675116539001 -0.2993522584438324 0.7063339352607727 
vn -0.6848833560943604 -0.1789613664150238 0.7063339352607727 
vn -0.6848833560943604 -0.1789613664150238 0.7063339352607727 
vn -0.7053112983703613 -0.06023532152175903 0.7063339352607727 
vn -0.7053112983703613 -0.06023532152175903 0.7063339352607727 
vn -0.7053112983703613 0.06023532152175903 0.7063339352607727 
vn -0.7053112983703613 0.06023532152175903 0.7063339352607727 
vn -0.6829386949539185 0.18624471127986908 0.7063339352607727 
vn -0.6829386949539185 0.18624471127986908 0.7063339352607727 
vn -0.6414675116539001 0.2993522584438324 0.7063339352607727 
vn -0.6414675116539001 0.2993522584438324 0.7063339352607727 
vn -0.5770844221115112 0.4099584221839905 0.7063339352607727 
vn -0.5770844221115112 0.4099584221839905 0.7063339352607727 
vn -0.49921146035194397 0.501876711845398 0.7063339352607727 
vn -0.49921146035194397 0.501876711845398 0.7063339352607727 
vn -0.40687981247901917 0.5792591571807861 0.7063339352607727 
vn -0.40687981247901917 0.5792591571807861 0.7063339352607727 
vn -0.2959323823451996 0.6430523991584778 0.7063339352607727 
vn -0.2959323823451996 0.6430523991584778 0.7063339352607727 
vn -0.18260562419891357 0.683920681476593 0.7063339352607727 
vn -0.18260562419891357 0.683920681476593 0.7063339352607727 
vn -0.0639900416135788 0.7049806118011475 0.7063339352607727 
vn -0.0639900416135788 0.7049806118011475 0.7063339352607727 
vn 0.0639900416135788 0.7049806118011475 0.7063339352607727 
vn 0.0639900416135788 0.7049806118011475 0.7063339352607727 
vn 0.18260562419891357 0.683920681476593 0.7063339352607727 
vn 0.18260562419891357 0.683920681476593 0.7063339352607727 
vn 0.3027636408805847 0.639864444732666 0.7063339352607727 
vn 0.3027636408805847 0.639864444732666 0.7063339352607727 
vn 0.40687981247901917 0.5792591571807861 0.7063339352607727 
vn 0.40687981247901917 0.5792591571807861 0.7063339352607727 
vn 0.49921146035194397 0.501876711845398 0.7063339352607727 
vn 0.49921146035194397 0.501876711845398 0.7063339352607727 
vn 0.581417441368103 0.4037896394729614 0.7063339352607727 
vn 0.581417441368103 0.4037896394729614 0.7063339352607727 
vn 0.6414675116539001 0.2993522584438324 0.7063339352607727 
vn 0.6414675116539001 0.2993522584438324 0.7063339352607727 
vn 0.6848833560943604 0.1789613664150238 0.7063339352607727 
vn 0.6848833560943604 0.1789613664150238 0.7063339352607727 
vn 0.7053112983703613 0.06023532152175903 0.7063339352607727 
vn 0.7053112983703613 0.06023532152175903 0.7063339352607727 
vn 0.7053112983703613 -0.06023532152175903 0.7063339352607727 
vn 0.7053112983703613 -0.06023532152175903 0.7063339352607727 
vn 0.6829386949539185 -0.18624471127986908 0.7063339352607727 
vn 0.6829386949539185 -0.18624471127986908 0.7063339352607727 
vn 0.6414675116539001 -0.2993522584438324 0.7063339352607727 
vn 0.6414675116539001 -0.2993522584438324 0.7063339352607727 
vn 0.5770844221115112 -0.4099584221839905 0.7063339352607727 
vn 0.5770844221115112 -0.4099584221839905 0.7063339352607727 
vn 0.49921146035194397 -0.501876711845398 0.7063339352607727 
vn 0.49921146035194397 -0.501876711845398 0.7063339352607727 
vn 0.40687981247901917 -0.5792591571807861 0.7063339352607727 
vn 0.40687981247901917 -0.5792591571807861 0.7063339352607727 
vn 0.2959323823451996 -0.6430523991584778 0.7063339352607727 
vn 0.2959323823451996 -0.6430523991584778 0.7063339352607727 
vn 0.18260562419891357 -0.683920681476593 0.7063339352607727 
vn 0.18260562419891357 -0.683920681476593 0.7063339352607727 
vn 0.0639900416135788 -0.7049806118011475 0.7063339352607727 
vn 0.0639900416135788 -0.7049806118011475 0.7063339352607727 
vn -0.0639900416135788 -0.7049806118011475 0.7063339352607727 
vn 0.6848056316375732 0.1792585402727127 -0.7063339352607727 
vn 0.6901907324790955 0.1572549045085907 -0.7063339352607727 
vn 0.7053025960922241 0.06033733859658241 -0.7063339352607727 
vn 0.7068721055984497 0.037738751620054245 -0.7063339352607727 
vn 0.7053025960922241 -0.06033733859658241 -0.7063339352607727 
vn 0.7038548588752747 -0.07537016272544861 -0.7063339352607727 
vn 0.682854413986206 -0.18655340373516083 -0.7063339352607727 
vn 0.6808255314826965 -0.19382703304290771 -0.7063339352607727 
vn 0.641245424747467 -0.2998276948928833 -0.7063339352607727 
vn 0.641245424747467 -0.2998276948928833 -0.7063339352607727 
vn 0.5810009837150574 -0.4043886363506317 -0.7063339352607727 
vn 0.5810009837150574 -0.4043886363506317 -0.7063339352607727 
vn 0.5091471076011658 -0.49179425835609436 -0.7063339352607727 
vn 0.498539537191391 -0.5025442242622375 -0.7063339352607727 
vn 0.4182159900665283 -0.5711284875869751 -0.7063339352607727 
vn 0.40593665838241577 -0.5799204707145691 -0.7063339352607727 
vn 0.3218747675418854 -0.6304672956466675 -0.7063339352607727 
vn 0.29468777775764465 -0.6436237096786499 -0.7063339352607727 
vn 0.21011079847812653 -0.6759776473045349 -0.7063339352607727 
vn 0.18108420073986053 -0.684325098991394 -0.7063339352607727 
vn 0.09972230345010757 -0.7008193731307983 -0.7063339352607727 
vn 0.062218084931373596 -0.70513916015625 -0.7063339352607727 
vn -0.020763179287314415 -0.707574188709259 -0.7063339352607727 
vn -0.06597823649644852 -0.7047972679138184 -0.7063339352607727 
vn -0.1332366168498993 -0.6952268481254578 -0.7063339352607727 
vn -0.1847316473722458 -0.6833495497703552 -0.7063339352607727 
vn -0.24938714504241943 -0.6624940633773804 -0.7063339352607727 
vn -0.2981165051460266 -0.6420427560806274 -0.7063339352607727 
vn -0.3517572581768036 -0.6142956614494324 -0.7063339352607727 
vn -0.40902402997016907 -0.5777470469474792 -0.7063339352607727 
vn -0.4509861171245575 -0.5456224679946899 -0.7063339352607727 
vn -0.5012128949165344 -0.4998779892921448 -0.7063339352607727 
vn -0.5321595668792725 -0.46679604053497314 -0.7063339352607727 
vn -0.5788358449935913 -0.4074817895889282 -0.7063339352607727 
vn -0.6037137508392334 -0.36962416768074036 -0.7063339352607727 
vn -0.6428354978561401 -0.2964031994342804 -0.7063339352607727 
vn -0.6548941135406494 -0.26871180534362793 -0.7063339352607727 
vn -0.683839738368988 -0.1829085648059845 -0.7063339352607727 
vn -0.6910196542739868 -0.15357136726379395 -0.7063339352607727 
vn -0.7049707174301147 -0.06409838795661926 -0.7063339352607727 
vn -0.7066607475280762 -0.04150849208235741 -0.7063339352607727 
vn -0.7049707174301147 0.06409838795661926 -0.7063339352607727 
vn -0.7034428715705872 0.07912327349185944 -0.7063339352607727 
vn -0.683839738368988 0.1829085648059845 -0.7063339352607727 
vn -0.6818497180938721 0.19019292294979095 -0.7063339352607727 
vn -0.6396371126174927 0.3032436668872833 -0.7063339352607727 
vn -0.6396371126174927 0.3032436668872833 -0.7063339352607727 
vn -0.5831496715545654 0.40128397941589355 -0.7063339352607727 
vn -0.5788358449935913 0.4074817895889282 -0.7063339352607727 
vn -0.5065167546272278 0.4945029318332672 -0.7063339352607727 
vn -0.5012128949165344 0.4998779892921448 -0.7063339352607727 
vn -0.42125630378723145 0.5688896775245667 -0.7063339352607727 
vn -0.40283775329589844 0.5820773839950562 -0.7063339352607727 
vn -0.31850743293762207 0.632175087928772 -0.7063339352607727 
vn -0.2981165051460266 0.6420427560806274 -0.7063339352607727 
vn -0.21371330320835114 0.6748473644256592 -0.7063339352607727 
vn -0.1847316473722458 0.6833495497703552 -0.7063339352607727 
vn -0.09598288685083389 0.7013413310050964 -0.7063339352607727 
vn -0.058456163853406906 0.7054610252380371 -0.7063339352607727 
vn 0.016988862305879593 0.7076748609542847 -0.7063339352607727 
vn 0.062218084931373596 0.70513916015625 -0.7063339352607727 
vn 0.13694287836551666 0.6945062875747681 -0.7063339352607727 
vn 0.18108420073986053 0.684325098991394 -0.7063339352607727 
vn 0.24585001170635223 0.6638148427009583 -0.7063339352607727 
vn 0.30153676867485046 0.6404435634613037 -0.7063339352607727 
vn 0.35502877831459045 0.6124107241630554 -0.7063339352607727 
vn 0.40593665838241577 0.5799204707145691 -0.7063339352607727 
vn 0.4480695128440857 0.5480201244354248 -0.7063339352607727 
vn 0.5038719773292542 0.49719753861427307 -0.7063339352607727 
vn 0.5346417427062988 0.4639509916305542 -0.7063339352607727 
vn 0.5810009837150574 0.4043886363506317 -0.7063339352607727 
vn 0.6017336845397949 0.37283897399902344 -0.7063339352607727 
vn 0.641245424747467 0.2998276948928833 -0.7063339352607727 
vn 0.6563180685043335 0.2652149498462677 -0.7063339352607727 
vn 0.5810009837150574 0.4043886363506317 -0.7063339352607727 
vn 0.641245424747467 0.2998276948928833 -0.7063339352607727 
vn 0.641245424747467 0.2998276948928833 -0.7063339352607727 
vn 0.6848056316375732 0.1792585402727127 -0.7063339352607727 
vn 0.6848056316375732 0.1792585402727127 -0.7063339352607727 
vn 0.7053025960922241 0.06033733859658241 -0.7063339352607727 
vn 0.7053025960922241 0.06033733859658241 -0.7063339352607727 
vn 0.7053025960922241 -0.06033733859658241 -0.7063339352607727 
vn 0.7053025960922241 -0.06033733859658241 -0.7063339352607727 
vn 0.682854413986206 -0.18655340373516083 -0.7063339352607727 
vn 0.682854413986206 -0.18655340373516083 -0.7063339352607727 
vn 0.641245424747467 -0.2998276948928833 -0.7063339352607727 
vn 0.641245424747467 -0.2998276948928833 -0.7063339352607727 
vn 0.5810009837150574 -0.4043886363506317 -0.7063339352607727 
vn 0.5810009837150574 -0.4043886363506317 -0.7063339352607727 
vn 0.498539537191391 -0.5025442242622375 -0.7063339352607727 
vn 0.498539537191391 -0.5025442242622375 -0.7063339352607727 
vn 0.40593665838241577 -0.5799204707145691 -0.7063339352607727 
vn 0.40593665838241577 -0.5799204707145691 -0.7063339352607727 
vn 0.29468777775764465 -0.6436237096786499 -0.7063339352607727 
vn 0.29468777775764465 -0.6436237096786499 -0.7063339352607727 
vn 0.18108420073986053 -0.684325098991394 -0.7063339352607727 
vn 0.18108420073986053 -0.684325098991394 -0.7063339352607727 
vn 0.062218084931373596 -0.70513916015625 -0.7063339352607727 
vn 0.062218084931373596 -0.70513916015625 -0.7063339352607727 
vn -0.06597823649644852 -0.7047972679138184 -0.7063339352607727 
vn -0.06597823649644852 -0.7047972679138184 -0.7063339352607727 
vn -0.1847316473722458 -0.6833495497703552 -0.7063339352607727 
vn -0.1847316473722458 -0.6833495497703552 -0.7063339352607727 
vn -0.2981165051460266 -0.6420427560806274 -0.7063339352607727 
vn -0.2981165051460266 -0.6420427560806274 -0.7063339352607727 
vn -0.40902402997016907 -0.5777470469474792 -0.7063339352607727 
vn -0.40902402997016907 -0.5777470469474792 -0.7063339352607727 
vn -0.5012128949165344 -0.4998779892921448 -0.7063339352607727 
vn -0.5012128949165344 -0.4998779892921448 -0.7063339352607727 
vn -0.5788358449935913 -0.4074817895889282 -0.7063339352607727 
vn -0.5788358449935913 -0.4074817895889282 -0.7063339352607727 
vn -0.6428354978561401 -0.2964031994342804 -0.7063339352607727 
vn -0.6428354978561401 -0.2964031994342804 -0.7063339352607727 
vn -0.683839738368988 -0.1829085648059845 -0.7063339352607727 
vn -0.683839738368988 -0.1829085648059845 -0.7063339352607727 
vn -0.7049707174301147 -0.06409838795661926 -0.7063339352607727 
vn -0.7049707174301147 -0.06409838795661926 -0.7063339352607727 
vn -0.7049707174301147 0.06409838795661926 -0.7063339352607727 
vn -0.7049707174301147 0.06409838795661926 -0.7063339352607727 
vn -0.683839738368988 0.1829085648059845 -0.7063339352607727 
vn -0.683839738368988 0.1829085648059845 -0.7063339352607727 
vn -0.6396371126174927 0.3032436668872833 -0.7063339352607727 
vn -0.6396371126174927 0.3032436668872833 -0.7063339352607727 
vn -0.5788358449935913 0.4074817895889282 -0.7063339352607727 
vn -0.5788358449935913 0.4074817895889282 -0.7063339352607727 
vn -0.5012128949165344 0.4998779892921448 -0.7063339352607727 
vn -0.5012128949165344 0.4998779892921448 -0.7063339352607727 
vn -0.40283775329589844 0.5820773839950562 -0.7063339352607727 
vn -0.40283775329589844 0.5820773839950562 -0.7063339352607727 
vn -0.2981165051460266 0.6420427560806274 -0.7063339352607727 
vn -0.2981165051460266 0.6420427560806274 -0.7063339352607727 
vn -0.1847316473722458 0.6833495497703552 -0.7063339352607727 
vn -0.1847316473722458 0.6833495497703552 -0.7063339352607727 
vn -0.058456163853406906 0.7054610252380371 -0.7063339352607727 
vn -0.058456163853406906 0.7054610252380371 -0.7063339352607727 
vn 0.062218084931373596 0.70513916015625 -0.7063339352607727 
vn 0.062218084931373596 0.70513916015625 -0.7063339352607727 
vn 0.18108420073986053 0.684325098991394 -0.7063339352607727 
vn 0.18108420073986053 0.684325098991394 -0.7063339352607727 
vn 0.30153676867485046 0.6404435634613037 -0.7063339352607727 
vn 0.30153676867485046 0.6404435634613037 -0.7063339352607727 
vn 0.40593665838241577 0.5799204707145691 -0.7063339352607727 
vn 0.40593665838241577 0.5799204707145691 -0.7063339352607727 
vn 0.5038719773292542 0.49719753861427307 -0.7063339352607727 
vn 0.5038719773292542 0.49719753861427307 -0.7063339352607727 
vn 0.5810009837150574 0.4043886363506317 -0.7063339352607727 
vt 0.13331681489944458 0.5000599026679993 
vt 0.1389327347278595 0.5636662244796753 
vt 0.1389327347278595 0.43633154034614563 
vt 0.15541420876979828 0.3745565414428711 
vt 0.15541420876979828 0.6254411935806274 
vt 0.18251708149909973 0.3166882395744324 
vt 0.18251708149909973 0.6833094954490662 
vt 0.21914257109165192 0.26431378722190857 
vt 0.21914257109165192 0.7356839776039124 
vt 0.26431402564048767 0.21914233267307281 
vt 0.26431402564048767 0.7808554172515869 
vt 0.3166884779930115 0.18251684308052063 
vt 0.3166884779930115 0.8176029920578003 
vt 0.3745567798614502 0.15541397035121918 
vt 0.3745567798614502 0.8445838093757629 
vt 0.43633177876472473 0.1389324963092804 
vt 0.43633177876472473 0.8610652685165405 
vt 0.5000601410865784 0.13331657648086548 
vt 0.5000601410865784 0.8666811585426331 
vt 0.5636664628982544 0.1389324963092804 
vt 0.5636664628982544 0.8610652685165405 
vt 0.6254414319992065 0.15541397035121918 
vt 0.6254414319992065 0.8445838093757629 
vt 0.6833097338676453 0.18251684308052063 
vt 0.6833097338676453 0.8176029920578003 
vt 0.7356842160224915 0.21914233267307281 
vt 0.7356842160224915 0.7808554172515869 
vt 0.780855655670166 0.26431378722190857 
vt 0.780855655670166 0.7356839776039124 
vt 0.8176032304763794 0.3166882395744324 
vt 0.8176032304763794 0.6833094954490662 
vt 0.844584047794342 0.3745565414428711 
vt 0.844584047794342 0.6254411935806274 
vt 0.8610655069351196 0.43633154034614563 
vt 0.8610655069351196 0.5636662244796753 
vt 0.8666813969612122 0.5000599026679993 
vt 0.9985331892967224 0.2698076069355011 
vt 0.9985331892967224 0.27725479006767273 
vt 0.001465020002797246 0.27725479006767273 
vt 0.001465020002797246 0.28457990288734436 
vt 0.9985331892967224 0.28457990288734436 
vt 0.9985331892967224 0.292027086019516 
vt 0.001465020002797246 0.292027086019516 
vt 0.9985331892967224 0.2994742691516876 
vt 0.001465020002797246 0.2994742691516876 
vt 0.9985331892967224 0.30692145228385925 
vt 0.001465020002797246 0.30692145228385925 
vt 0.9985331892967224 0.3142465651035309 
vt 0.001465020002797246 0.3142465651035309 
vt 0.001465020002797246 0.3216937482357025 
vt 0.9985331892967224 0.3216937482357025 
vt 0.9985331892967224 0.32914093136787415 
vt 0.001465020002797246 0.32914093136787415 
vt 0.9985331892967224 0.3365881145000458 
vt 0.001465020002797246 0.3365881145000458 
vt 0.9985331892967224 0.343913197517395 
vt 0.001465020002797246 0.343913197517395 
vt 0.9985331892967224 0.35136038064956665 
vt 0.001465020002797246 0.35136038064956665 
vt 0.001465020002797246 0.3588075637817383 
vt 0.9985331892967224 0.3588075637817383 
vt 0.9985331892967224 0.3662547469139099 
vt 0.001465020002797246 0.3662547469139099 
vt 0.9985331892967224 0.37357985973358154 
vt 0.001465020002797246 0.37357985973358154 
vt 0.9985331892967224 0.3810270428657532 
vt 0.001465020002797246 0.3810270428657532 
vt 0.9985331892967224 0.3884742259979248 
vt 0.001465020002797246 0.3884742259979248 
vt 0.001465020002797246 0.39592140913009644 
vt 0.9985331892967224 0.39592140913009644 
vt 0.9985331892967224 0.40324652194976807 
vt 0.001465020002797246 0.40324652194976807 
vt 0.001465020002797246 0.4070311486721039 
vt 0.9985331892967224 0.4106937050819397 
vt 0.001465020002797246 0.4106937050819397 
vt 0.9985331892967224 0.41814088821411133 
vt 0.001465020002797246 0.41814088821411133 
vt 0.9985331892967224 0.42558807134628296 
vt 0.001465020002797246 0.42558807134628296 
vt 0.001465020002797246 0.4329131841659546 
vt 0.9985331892967224 0.4329131841659546 
vt 0.9985331892967224 0.4403603672981262 
vt 0.001465020002797246 0.4403603672981262 
vt 0.9985331892967224 0.44780755043029785 
vt 0.001465020002797246 0.44780755043029785 
vt 0.9985331892967224 0.4551326334476471 
vt 0.001465020002797246 0.4551326334476471 
vt 0.9985331892967224 0.4625798165798187 
vt 0.001465020002797246 0.4625798165798187 
vt 0.001465020002797246 0.47002699971199036 
vt 0.9985331892967224 0.47002699971199036 
vt 0.9985331892967224 0.477474182844162 
vt 0.001465020002797246 0.477474182844162 
vt 0.9985331892967224 0.4847992956638336 
vt 0.001465020002797246 0.4847992956638336 
vt 0.9985331892967224 0.49224647879600525 
vt 0.001465020002797246 0.49224647879600525 
vt 0.9985331892967224 0.4996936619281769 
vt 0.001465020002797246 0.4996936619281769 
vt 0.001465020002797246 0.5071408748626709 
vt 0.9985331892967224 0.5071408748626709 
vt 0.9985331892967224 0.5144659280776978 
vt 0.001465020002797246 0.5144659280776978 
vt 0.9985331892967224 0.5219131112098694 
vt 0.001465020002797246 0.5219131112098694 
vt 0.9985331892967224 0.529360294342041 
vt 0.001465020002797246 0.529360294342041 
vt 0.9985331892967224 0.5368074774742126 
vt 0.001465020002797246 0.5368074774742126 
vt 0.001465020002797246 0.5441325902938843 
vt 0.5000601410865784 0.8666811585426331 
vt 0.43633177876472473 0.8610652685165405 
vt 0.5636664628982544 0.8610652685165405 
vt 0.6254414319992065 0.8445838093757629 
vt 0.3745567798614502 0.8445838093757629 
vt 0.6833097338676453 0.8174809217453003 
vt 0.3166884779930115 0.8174809217453003 
vt 0.7356842160224915 0.7808554172515869 
vt 0.26431402564048767 0.7808554172515869 
vt 0.780855655670166 0.7356839776039124 
vt 0.21914257109165192 0.7356839776039124 
vt 0.8174811601638794 0.6833094954490662 
vt 0.18251708149909973 0.6833094954490662 
vt 0.844584047794342 0.6254411935806274 
vt 0.15541420876979828 0.6254411935806274 
vt 0.8610655069351196 0.5636662244796753 
vt 0.1389327347278595 0.5636662244796753 
vt 0.8666813969612122 0.5000599026679993 
vt 0.13331681489944458 0.5000599026679993 
vt 0.8610655069351196 0.43633154034614563 
vt 0.1389327347278595 0.43633154034614563 
vt 0.844584047794342 0.3745565414428711 
vt 0.15541420876979828 0.3745565414428711 
vt 0.8174811601638794 0.3166882395744324 
vt 0.18251708149909973 0.3166882395744324 
vt 0.780855655670166 0.26431378722190857 
vt 0.21914257109165192 0.26431378722190857 
vt 0.7356842160224915 0.21914233267307281 
vt 0.26431402564048767 0.21914233267307281 
vt 0.6833097338676453 0.18251684308052063 
vt 0.3166884779930115 0.18251684308052063 
vt 0.6254414319992065 0.15541397035121918 
vt 0.3745567798614502 0.15541397035121918 
vt 0.5636664628982544 0.1389324963092804 
vt 0.43633177876472473 0.1389324963092804 
vt 0.5000601410865784 0.13331657648086548 
vt 0.13331681489944458 0.5000599026679993 
vt 0.1389327347278595 0.43633154034614563 
vt 0.1389327347278595 0.5636662244796753 
vt 0.15541420876979828 0.6254411935806274 
vt 0.15541420876979828 0.3745565414428711 
vt 0.18251708149909973 0.6833094954490662 
vt 0.18251708149909973 0.3166882395744324 
vt 0.21914257109165192 0.7356839776039124 
vt 0.21914257109165192 0.26431378722190857 
vt 0.26431402564048767 0.7808554172515869 
vt 0.26431402564048767 0.21914233267307281 
vt 0.3166884779930115 0.8176029920578003 
vt 0.3166884779930115 0.18251684308052063 
vt 0.3745567798614502 0.8445838093757629 
vt 0.3745567798614502 0.15541397035121918 
vt 0.43633177876472473 0.8610652685165405 
vt 0.43633177876472473 0.1389324963092804 
vt 0.5000601410865784 0.8666811585426331 
vt 0.5000601410865784 0.13331657648086548 
vt 0.5636664628982544 0.8610652685165405 
vt 0.5636664628982544 0.1389324963092804 
vt 0.6254414319992065 0.8445838093757629 
vt 0.6254414319992065 0.15541397035121918 
vt 0.6833097338676453 0.8176029920578003 
vt 0.6833097338676453 0.18251684308052063 
vt 0.7356842160224915 0.7808554172515869 
vt 0.7356842160224915 0.21914233267307281 
vt 0.780855655670166 0.7356839776039124 
vt 0.780855655670166 0.26431378722190857 
vt 0.8176032304763794 0.6833094954490662 
vt 0.8176032304763794 0.3166882395744324 
vt 0.844584047794342 0.6254411935806274 
vt 0.844584047794342 0.3745565414428711 
vt 0.8610655069351196 0.5636662244796753 
vt 0.8610655069351196 0.43633154034614563 
vt 0.8666813969612122 0.5000599026679993 
vt 0.13331681489944458 0.5000599026679993 
vt 0.1389327347278595 0.5636662244796753 
vt 0.1389327347278595 0.43633154034614563 
vt 0.15541420876979828 0.3745565414428711 
vt 0.15541420876979828 0.6254411935806274 
vt 0.18251708149909973 0.3166882395744324 
vt 0.18251708149909973 0.6833094954490662 
vt 0.21914257109165192 0.26431378722190857 
vt 0.21914257109165192 0.7356839776039124 
vt 0.26431402564048767 0.21914233267307281 
vt 0.26431402564048767 0.7808554172515869 
vt 0.3166884779930115 0.18251684308052063 
vt 0.3166884779930115 0.8174809217453003 
vt 0.3745567798614502 0.15541397035121918 
vt 0.3745567798614502 0.8445838093757629 
vt 0.43633177876472473 0.1389324963092804 
vt 0.43633177876472473 0.8610652685165405 
vt 0.5000601410865784 0.13331657648086548 
vt 0.5000601410865784 0.8666811585426331 
vt 0.5636664628982544 0.1389324963092804 
vt 0.5636664628982544 0.8610652685165405 
vt 0.6254414319992065 0.15541397035121918 
vt 0.6254414319992065 0.8445838093757629 
vt 0.6833097338676453 0.18251684308052063 
vt 0.6833097338676453 0.8174809217453003 
vt 0.7356842160224915 0.21914233267307281 
vt 0.7356842160224915 0.7808554172515869 
vt 0.780855655670166 0.26431378722190857 
vt 0.780855655670166 0.7356839776039124 
vt 0.8174811601638794 0.3166882395744324 
vt 0.8174811601638794 0.6833094954490662 
vt 0.844584047794342 0.3745565414428711 
vt 0.844584047794342 0.6254411935806274 
vt 0.8610655069351196 0.43633154034614563 
vt 0.8610655069351196 0.5636662244796753 
vt 0.8666813969612122 0.5000599026679993 
vt 0.001465020002797246 0.2757897675037384 
vt 0.001465020002797246 0.26846468448638916 
vt 0.7577816247940063 0.26846468448638916 
vt 0.001465020002797246 0.26101750135421753 
vt 0.7577816247940063 0.26101750135421753 
vt 0.001465020002797246 0.2535703182220459 
vt 0.7577816247940063 0.2535703182220459 
vt 0.001465020002797246 0.24612312018871307 
vt 0.7577816247940063 0.24612312018871307 
vt 0.001465020002797246 0.23879802227020264 
vt 0.7577816247940063 0.23879802227020264 
vt 0.001465020002797246 0.231350839138031 
vt 0.7577816247940063 0.231350839138031 
vt 0.001465020002797246 0.22390365600585938 
vt 0.7577816247940063 0.22390365600585938 
vt 0.001465020002797246 0.21657855808734894 
vt 0.7577816247940063 0.21657855808734894 
vt 0.001465020002797246 0.2091313600540161 
vt 0.7577816247940063 0.2091313600540161 
vt 0.001465020002797246 0.20168417692184448 
vt 0.7577816247940063 0.20168417692184448 
vt 0.001465020002797246 0.19423699378967285 
vt 0.7577816247940063 0.19423699378967285 
vt 0.7577816247940063 0.18691189587116241 
vt 0.001465020002797246 0.18691189587116241 
vt 0.7577816247940063 0.17946471273899078 
vt 0.001465020002797246 0.17946471273899078 
vt 0.001465020002797246 0.17201752960681915 
vt 0.7577816247940063 0.17201752960681915 
vt 0.001465020002797246 0.16457034647464752 
vt 0.7577816247940063 0.16457034647464752 
vt 0.001465020002797246 0.15724524855613708 
vt 0.7577816247940063 0.15724524855613708 
vt 0.001465020002797246 0.14979805052280426 
vt 0.7577816247940063 0.14979805052280426 
vt 0.001465020002797246 0.14235086739063263 
vt 0.7577816247940063 0.14235086739063263 
vt 0.001465020002797246 0.134903684258461 
vt 0.7577816247940063 0.134903684258461 
vt 0.001465020002797246 0.12757858633995056 
vt 0.7577816247940063 0.12757858633995056 
vt 0.001465020002797246 0.12013140320777893 
vt 0.7577816247940063 0.12013140320777893 
vt 0.001465020002797246 0.1126842200756073 
vt 0.7577816247940063 0.1126842200756073 
vt 0.001465020002797246 0.10523702949285507 
vt 0.7577816247940063 0.10523702949285507 
vt 0.7577816247940063 0.09791193157434464 
vt 0.001465020002797246 0.09791193157434464 
vt 0.7577816247940063 0.090464748442173 
vt 0.001465020002797246 0.090464748442173 
vt 0.001465020002797246 0.08301755785942078 
vt 0.7577816247940063 0.08301755785942078 
vt 0.001465020002797246 0.07557037472724915 
vt 0.7577816247940063 0.07557037472724915 
vt 0.001465020002797246 0.06824527680873871 
vt 0.7577816247940063 0.06824527680873871 
vt 0.001465020002797246 0.06079808995127678 
vt 0.7577816247940063 0.06079808995127678 
vt 0.001465020002797246 0.05335090681910515 
vt 0.7577816247940063 0.05335090681910515 
vt 0.001465020002797246 0.04590371996164322 
vt 0.7577816247940063 0.04590371996164322 
vt 0.001465020002797246 0.03857862204313278 
vt 0.7577816247940063 0.03857862204313278 
vt 0.001465020002797246 0.031131437048316002 
vt 0.7577816247940063 0.031131437048316002 
vt 0.001465020002797246 0.023684252053499222 
vt 0.7577816247940063 0.023684252053499222 
vt 0.001465020002797246 0.01623706705868244 
vt 0.7577816247940063 0.01623706705868244 
vt 0.7577816247940063 0.00891196634620428 
vt 0.001465020002797246 0.00891196634620428 
vt 0.7577816247940063 0.0014647815842181444 
vt 0.5736774206161499 0.5420571565628052 
vt 0.5736774206161499 0.549015998840332 
vt 0.001465020002797246 0.5455976128578186 
vt 0.001465020002797246 0.5525564551353455 
vt 0.5736774206161499 0.5560969114303589 
vt 0.001465020002797246 0.5596374273300171 
vt 0.5736774206161499 0.5630557537078857 
vt 0.001465020002797246 0.566596269607544 
vt 0.5736774206161499 0.5701367259025574 
vt 0.001465020002797246 0.5736771821975708 
vt 0.5736774206161499 0.5772176384925842 
vt 0.001465020002797246 0.5806360244750977 
vt 0.5736774206161499 0.5841764807701111 
vt 0.001465020002797246 0.5877169370651245 
vt 0.5736774206161499 0.5912573933601379 
vt 0.001465020002797246 0.5946757793426514 
vt 0.5736774206161499 0.5982162356376648 
vt 0.001465020002797246 0.601756751537323 
vt 0.5736774206161499 0.6052972078323364 
vt 0.001465020002797246 0.6087155938148499 
vt 0.5736774206161499 0.6122560501098633 
vt 0.001465020002797246 0.6157965064048767 
vt 0.5736774206161499 0.6193369626998901 
vt 0.001465020002797246 0.6228774189949036 
vt 0.5736774206161499 0.626295804977417 
vt 0.001465020002797246 0.6298362612724304 
vt 0.5736774206161499 0.6333767175674438 
vt 0.001465020002797246 0.636917233467102 
vt 0.5736774206161499 0.6403355598449707 
vt 0.001465020002797246 0.6438760757446289 
vt 0.5736774206161499 0.6474165320396423 
vt 0.001465020002797246 0.6509569883346558 
vt 0.5736774206161499 0.6544974446296692 
vt 0.001465020002797246 0.6579158306121826 
vt 0.5736774206161499 0.661456286907196 
vt 0.001465020002797246 0.6649967432022095 
vt 0.5736774206161499 0.6685371994972229 
vt 0.001465020002797246 0.6719555854797363 
vt 0.5736774206161499 0.6754960417747498 
vt 0.001465020002797246 0.6754960417747498 
vt 0.001465020002797246 0.679036557674408 
vt 0.5736774206161499 0.6825770139694214 
vt 0.001465020002797246 0.6859953999519348 
vt 0.5736774206161499 0.6895358562469482 
vt 0.001465020002797246 0.6930763125419617 
vt 0.5736774206161499 0.6966167688369751 
vt 0.001465020002797246 0.7001572251319885 
vt 0.5736774206161499 0.703575611114502 
vt 0.001465020002797246 0.7071160674095154 
vt 0.5736774206161499 0.7106565237045288 
vt 0.001465020002797246 0.714197039604187 
vt 0.5736774206161499 0.7176153659820557 
vt 0.001465020002797246 0.7211558818817139 
vt 0.5736774206161499 0.7246963381767273 
vt 0.001465020002797246 0.7282367944717407 
vt 0.5736774206161499 0.7317772507667542 
vt 0.001465020002797246 0.7351956367492676 
vt 0.5736774206161499 0.738736093044281 
vt 0.001465020002797246 0.7422765493392944 
vt 0.5736774206161499 0.7458170056343079 
vt 0.001465020002797246 0.7492353916168213 
vt 0.5736774206161499 0.7527758479118347 
vt 0.001465020002797246 0.7563163638114929 
vt 0.5736774206161499 0.7598568201065063 
vt 0.001465020002797246 0.7632752060890198 
vt 0.5736774206161499 0.7668156623840332 
vt 0.001465020002797246 0.7703561186790466 
vt 0.5736774206161499 0.7738965749740601 
vt 0.001465020002797246 0.7774370312690735 
vt 0.5736774206161499 0.7808554172515869 
vt 0.001465020002797246 0.7843958735466003 
vt 0.5736774206161499 0.7879363298416138 
vt 0.001465020002797246 0.791476845741272 
vt 0.5736774206161499 0.7948951721191406 
vt 0.001465020002797246 0.7984356880187988 
vt 0.5736774206161499 0.8019761443138123 
vt 0.001465020002797246 0.8055166006088257 
vt 0.5736774206161499 0.8090570569038391 
vt 0.001465020002797246 0.8124754428863525 
vt 0.5000601410865784 0.8666811585426331 
vt 0.5636664628982544 0.8610652685165405 
vt 0.43633177876472473 0.8610652685165405 
vt 0.3745567798614502 0.8445838093757629 
vt 0.6254414319992065 0.8445838093757629 
vt 0.3166884779930115 0.8174809217453003 
vt 0.6833097338676453 0.8174809217453003 
vt 0.26431402564048767 0.7808554172515869 
vt 0.7356842160224915 0.7808554172515869 
vt 0.21914257109165192 0.7356839776039124 
vt 0.780855655670166 0.7356839776039124 
vt 0.18251708149909973 0.6833094954490662 
vt 0.8174811601638794 0.6833094954490662 
vt 0.15541420876979828 0.6254411935806274 
vt 0.844584047794342 0.6254411935806274 
vt 0.1389327347278595 0.5636662244796753 
vt 0.8610655069351196 0.5636662244796753 
vt 0.13331681489944458 0.5000599026679993 
vt 0.8666813969612122 0.5000599026679993 
vt 0.1389327347278595 0.43633154034614563 
vt 0.8610655069351196 0.43633154034614563 
vt 0.15541420876979828 0.3745565414428711 
vt 0.844584047794342 0.3745565414428711 
vt 0.18251708149909973 0.3166882395744324 
vt 0.8174811601638794 0.3166882395744324 
vt 0.21914257109165192 0.26431378722190857 
vt 0.780855655670166 0.26431378722190857 
vt 0.26431402564048767 0.21914233267307281 
vt 0.7356842160224915 0.21914233267307281 
vt 0.3166884779930115 0.18251684308052063 
vt 0.6833097338676453 0.18251684308052063 
vt 0.3745567798614502 0.15541397035121918 
vt 0.6254414319992065 0.15541397035121918 
vt 0.43633177876472473 0.1389324963092804 
vt 0.5636664628982544 0.1389324963092804 
vt 0.5000601410865784 0.13331657648086548 
vt 0.8666813969612122 0.5000599026679993 
vt 0.8610655069351196 0.5636662244796753 
vt 0.8610655069351196 0.43633154034614563 
vt 0.844584047794342 0.3745565414428711 
vt 0.844584047794342 0.6254411935806274 
vt 0.8174811601638794 0.3166882395744324 
vt 0.8174811601638794 0.6833094954490662 
vt 0.780855655670166 0.26431378722190857 
vt 0.780855655670166 0.7356839776039124 
vt 0.7356842160224915 0.21914233267307281 
vt 0.7356842160224915 0.7808554172515869 
vt 0.6833097338676453 0.18251684308052063 
vt 0.6833097338676453 0.8174809217453003 
vt 0.6254414319992065 0.15541397035121918 
vt 0.6254414319992065 0.8445838093757629 
vt 0.5636664628982544 0.1389324963092804 
vt 0.5636664628982544 0.8610652685165405 
vt 0.5000601410865784 0.13331657648086548 
vt 0.5000601410865784 0.8666811585426331 
vt 0.43633177876472473 0.1389324963092804 
vt 0.43633177876472473 0.8610652685165405 
vt 0.3745567798614502 0.15541397035121918 
vt 0.3745567798614502 0.8445838093757629 
vt 0.3166884779930115 0.18251684308052063 
vt 0.3166884779930115 0.8174809217453003 
vt 0.26431402564048767 0.21914233267307281 
vt 0.26431402564048767 0.7808554172515869 
vt 0.21914257109165192 0.26431378722190857 
vt 0.21914257109165192 0.7356839776039124 
vt 0.18251708149909973 0.3166882395744324 
vt 0.18251708149909973 0.6833094954490662 
vt 0.15541420876979828 0.3745565414428711 
vt 0.15541420876979828 0.6254411935806274 
vt 0.1389327347278595 0.43633154034614563 
vt 0.1389327347278595 0.5636662244796753 
vt 0.13331681489944458 0.5000599026679993 
vt 0.17861035466194153 0.8830405473709106 
vt 0.3166884779930115 0.8176029920578003 
vt 0.2500300705432892 0.932973325252533 
vt 0.3745567798614502 0.8445838093757629 
vt 0.32901906967163086 0.9698430299758911 
vt 0.43633177876472473 0.8610652685165405 
vt 0.4131356477737427 0.992428719997406 
vt 0.5000601410865784 0.9999979734420776 
vt 0.26431402564048767 0.7808554172515869 
vt 0.11695743352174759 0.8213876485824585 
vt 0.21914257109165192 0.7356839776039124 
vt 0.18251708149909973 0.6833094954490662 
vt 0.06702466309070587 0.7499679327011108 
vt 0.030154995620250702 0.6709789037704468 
vt 0.15541420876979828 0.6254411935806274 
vt 0.007569270208477974 0.5868623852729797 
vt 0.1389327347278595 0.5636662244796753 
vt 0 0.5000599026679993 
vt 0.13331681489944458 0.5000599026679993 
vt 0.007569270208477974 0.4131354093551636 
vt 0.1389327347278595 0.43633154034614563 
vt 0.15541420876979828 0.3745565414428711 
vt 0.030154995620250702 0.32901883125305176 
vt 0.06702466309070587 0.2500298321247101 
vt 0.18251708149909973 0.3166882395744324 
vt 0.11695743352174759 0.17861011624336243 
vt 0.21914257109165192 0.26431378722190857 
vt 0.17861035466194153 0.11695719510316849 
vt 0.26431402564048767 0.21914233267307281 
vt 0.2500300705432892 0.06702442467212677 
vt 0.3166884779930115 0.18251684308052063 
vt 0.3745567798614502 0.15541397035121918 
vt 0.32901906967163086 0.0301547572016716 
vt 0.4131356477737427 0.007569031789898872 
vt 0.43633177876472473 0.1389324963092804 
vt 0.5000601410865784 -2.3841900542720396e-7 
vt 0.5000601410865784 0.13331657648086548 
vt 0.5868626236915588 0.007569031789898872 
vt 0.5636664628982544 0.1389324963092804 
vt 0.6709791421890259 0.0301547572016716 
vt 0.6254414319992065 0.15541397035121918 
vt 0.6833097338676453 0.18251684308052063 
vt 0.7499681711196899 0.06702442467212677 
vt 0.8213878870010376 0.11695719510316849 
vt 0.7356842160224915 0.21914233267307281 
vt 0.8830407857894897 0.17861011624336243 
vt 0.780855655670166 0.26431378722190857 
vt 0.9329735636711121 0.2500298321247101 
vt 0.8176032304763794 0.3166882395744324 
vt 0.9698432683944702 0.32901883125305176 
vt 0.844584047794342 0.3745565414428711 
vt 0.8610655069351196 0.43633154034614563 
vt 0.9924289584159851 0.4131354093551636 
vt 0.9980448484420776 0.4564755856990814 
vt 0.8666813969612122 0.5000599026679993 
vt 0.9999982118606567 0.5000599026679993 
vt 0.9924289584159851 0.5868623852729797 
vt 0.8610655069351196 0.5636662244796753 
vt 0.9698432683944702 0.6709789037704468 
vt 0.844584047794342 0.6254411935806274 
vt 0.9329735636711121 0.7499679327011108 
vt 0.8176032304763794 0.6833094954490662 
vt 0.780855655670166 0.7356839776039124 
vt 0.8830407857894897 0.8213876485824585 
vt 0.8213878870010376 0.8830405473709106 
vt 0.7356842160224915 0.7808554172515869 
vt 0.7499681711196899 0.932973325252533 
vt 0.6833097338676453 0.8176029920578003 
vt 0.6709791421890259 0.9698430299758911 
vt 0.6254414319992065 0.8445838093757629 
vt 0.5868626236915588 0.992428719997406 
vt 0.5636664628982544 0.8610652685165405 
vt 0.5000601410865784 0.8666811585426331 
vt 0 0.5000599026679993 
vt 0.1389327347278595 0.43633154034614563 
vt 0.007569270208477974 0.4131354093551636 
vt 0.15541420876979828 0.3745565414428711 
vt 0.030154995620250702 0.32901883125305176 
vt 0.06702466309070587 0.2500298321247101 
vt 0.13331681489944458 0.5000599026679993 
vt 0.007569270208477974 0.5868623852729797 
vt 0.1389327347278595 0.5636662244796753 
vt 0.030154995620250702 0.6709789037704468 
vt 0.15541420876979828 0.6254411935806274 
vt 0.06702466309070587 0.7499679327011108 
vt 0.18251708149909973 0.6833094954490662 
vt 0.11695743352174759 0.8213876485824585 
vt 0.21914257109165192 0.7356839776039124 
vt 0.17861035466194153 0.8830405473709106 
vt 0.26431402564048767 0.7808554172515869 
vt 0.2500300705432892 0.932973325252533 
vt 0.3166884779930115 0.8174809217453003 
vt 0.32901906967163086 0.9698430299758911 
vt 0.3745567798614502 0.8445838093757629 
vt 0.4131356477737427 0.992428719997406 
vt 0.43633177876472473 0.8610652685165405 
vt 0.5000601410865784 0.8666811585426331 
vt 0.5000601410865784 0.9999979734420776 
vt 0.5636664628982544 0.8610652685165405 
vt 0.5868626236915588 0.992428719997406 
vt 0.6709791421890259 0.9698430299758911 
vt 0.6254414319992065 0.8445838093757629 
vt 0.7499681711196899 0.932973325252533 
vt 0.6833097338676453 0.8174809217453003 
vt 0.8213878870010376 0.8830405473709106 
vt 0.7356842160224915 0.7808554172515869 
vt 0.8830407857894897 0.8213876485824585 
vt 0.780855655670166 0.7356839776039124 
vt 0.9329735636711121 0.7499679327011108 
vt 0.8174811601638794 0.6833094954490662 
vt 0.9698432683944702 0.6709789037704468 
vt 0.844584047794342 0.6254411935806274 
vt 0.9924289584159851 0.5868623852729797 
vt 0.8610655069351196 0.5636662244796753 
vt 0.9999982118606567 0.5000599026679993 
vt 0.8666813969612122 0.5000599026679993 
vt 0.9924289584159851 0.4131354093551636 
vt 0.8610655069351196 0.43633154034614563 
vt 0.9698432683944702 0.32901883125305176 
vt 0.844584047794342 0.3745565414428711 
vt 0.8174811601638794 0.3166882395744324 
vt 0.9329735636711121 0.2500298321247101 
vt 0.780855655670166 0.26431378722190857 
vt 0.8830407857894897 0.17861011624336243 
vt 0.8213878870010376 0.11695719510316849 
vt 0.7356842160224915 0.21914233267307281 
vt 0.7499681711196899 0.06702442467212677 
vt 0.6833097338676453 0.18251684308052063 
vt 0.6709791421890259 0.0301547572016716 
vt 0.6254414319992065 0.15541397035121918 
vt 0.5868626236915588 0.007569031789898872 
vt 0.5636664628982544 0.1389324963092804 
vt 0.5000601410865784 -2.3841900542720396e-7 
vt 0.5000601410865784 0.13331657648086548 
vt 0.4131356477737427 0.007569031789898872 
vt 0.43633177876472473 0.1389324963092804 
vt 0.32901906967163086 0.0301547572016716 
vt 0.3745567798614502 0.15541397035121918 
vt 0.2500300705432892 0.06702442467212677 
vt 0.3166884779930115 0.18251684308052063 
vt 0.17861035466194153 0.11695719510316849 
vt 0.26431402564048767 0.21914233267307281 
vt 0.11695743352174759 0.17861011624336243 
vt 0.21914257109165192 0.26431378722190857 
vt 0.18251708149909973 0.3166882395744324 
vt 0.5636664628982544 0.8610652685165405 
vt 0.5823454260826111 0.9931612610816956 
vt 0.5000601410865784 0.8666811585426331 
vt 0.5000601410865784 0.9999979734420776 
vt 0.41765278577804565 0.9931612610816956 
vt 0.43633177876472473 0.8610652685165405 
vt 0.33768710494041443 0.9728951454162598 
vt 0.3745567798614502 0.8445838093757629 
vt 0.2619944214820862 0.9396880269050598 
vt 0.3166884779930115 0.8174809217453003 
vt 0.19289429485797882 0.8945165276527405 
vt 0.26431402564048767 0.7808554172515869 
vt 0.13209596276283264 0.8386016488075256 
vt 0.21914257109165192 0.7356839776039124 
vt 0.08143069595098495 0.7735303044319153 
vt 0.18251708149909973 0.6833094954490662 
vt 0.04211932420730591 0.7008897662162781 
vt 0.15541420876979828 0.6254411935806274 
vt 0.015260624699294567 0.6227553486824036 
vt 0.1389327347278595 0.5636662244796753 
vt 0.0017091899644583464 0.5413246750831604 
vt 0.13331681489944458 0.5000599026679993 
vt 0.0017091899644583464 0.4586731195449829 
vt 0.1389327347278595 0.43633154034614563 
vt 0.015260624699294567 0.37724241614341736 
vt 0.15541420876979828 0.3745565414428711 
vt 0.04211932420730591 0.29910799860954285 
vt 0.18251708149909973 0.3166882395744324 
vt 0.08143069595098495 0.22646743059158325 
vt 0.21914257109165192 0.26431378722190857 
vt 0.13209596276283264 0.16139613091945648 
vt 0.26431402564048767 0.21914233267307281 
vt 0.19289429485797882 0.10548119992017746 
vt 0.3166884779930115 0.18251684308052063 
vt 0.2619944214820862 0.0603097528219223 
vt 0.3745567798614502 0.15541397035121918 
vt 0.33768710494041443 0.027102632448077202 
vt 0.43633177876472473 0.1389324963092804 
vt 0.41765278577804565 0.006836521439254284 
vt 0.5000601410865784 0.13331657648086548 
vt 0.5000601410865784 -2.3841900542720396e-7 
vt 0.5823454260826111 0.006836521439254284 
vt 0.5636664628982544 0.1389324963092804 
vt 0.6623111367225647 0.027102632448077202 
vt 0.6254414319992065 0.15541397035121918 
vt 0.7380038499832153 0.0603097528219223 
vt 0.6833097338676453 0.18251684308052063 
vt 0.8071039319038391 0.10548119992017746 
vt 0.7356842160224915 0.21914233267307281 
vt 0.8679022789001465 0.16139613091945648 
vt 0.780855655670166 0.26431378722190857 
vt 0.9185675382614136 0.22646743059158325 
vt 0.8174811601638794 0.3166882395744324 
vt 0.9578788876533508 0.29910799860954285 
vt 0.844584047794342 0.3745565414428711 
vt 0.9847376346588135 0.37724241614341736 
vt 0.8610655069351196 0.43633154034614563 
vt 0.9982890486717224 0.4586731195449829 
vt 0.8666813969612122 0.5000599026679993 
vt 0.9999982118606567 0.5000599026679993 
vt 0.9982890486717224 0.5413246750831604 
vt 0.8610655069351196 0.5636662244796753 
vt 0.9847376346588135 0.6227553486824036 
vt 0.844584047794342 0.6254411935806274 
vt 0.9578788876533508 0.7008897662162781 
vt 0.8174811601638794 0.6833094954490662 
vt 0.9185675382614136 0.7735303044319153 
vt 0.780855655670166 0.7356839776039124 
vt 0.8679022789001465 0.8386016488075256 
vt 0.7356842160224915 0.7808554172515869 
vt 0.8071039319038391 0.8945165276527405 
vt 0.6833097338676453 0.8174809217453003 
vt 0.7380038499832153 0.9396880269050598 
vt 0.6254414319992065 0.8445838093757629 
vt 0.6623111367225647 0.9728951454162598 
vt 0.6709791421890259 0.0301547572016716 
vt 0.5636664628982544 0.1389324963092804 
vt 0.5868626236915588 0.007569031789898872 
vt 0.5000601410865784 0.13331657648086548 
vt 0.5000601410865784 -2.3841900542720396e-7 
vt 0.43633177876472473 0.1389324963092804 
vt 0.4131356477737427 0.007569031789898872 
vt 0.3745567798614502 0.15541397035121918 
vt 0.32901906967163086 0.0301547572016716 
vt 0.3166884779930115 0.18251684308052063 
vt 0.2500300705432892 0.06702442467212677 
vt 0.26431402564048767 0.21914233267307281 
vt 0.17861035466194153 0.11695719510316849 
vt 0.21914257109165192 0.26431378722190857 
vt 0.11695743352174759 0.17861011624336243 
vt 0.18251708149909973 0.3166882395744324 
vt 0.06702466309070587 0.2500298321247101 
vt 0.15541420876979828 0.3745565414428711 
vt 0.030154995620250702 0.32901883125305176 
vt 0.1389327347278595 0.43633154034614563 
vt 0.007569270208477974 0.4131354093551636 
vt 0.13331681489944458 0.5000599026679993 
vt 0 0.5000599026679993 
vt 0.1389327347278595 0.5636662244796753 
vt 0.007569270208477974 0.5868623852729797 
vt 0.15541420876979828 0.6254411935806274 
vt 0.030154995620250702 0.6709789037704468 
vt 0.18251708149909973 0.6833094954490662 
vt 0.06702466309070587 0.7499679327011108 
vt 0.21914257109165192 0.7356839776039124 
vt 0.11695743352174759 0.8213876485824585 
vt 0.26431402564048767 0.7808554172515869 
vt 0.17861035466194153 0.8830405473709106 
vt 0.3166884779930115 0.8174809217453003 
vt 0.2500300705432892 0.932973325252533 
vt 0.3745567798614502 0.8445838093757629 
vt 0.32901906967163086 0.9698430299758911 
vt 0.43633177876472473 0.8610652685165405 
vt 0.4131356477737427 0.992428719997406 
vt 0.5000601410865784 0.8666811585426331 
vt 0.5000601410865784 0.9999979734420776 
vt 0.5636664628982544 0.8610652685165405 
vt 0.5868626236915588 0.992428719997406 
vt 0.6254414319992065 0.8445838093757629 
vt 0.6709791421890259 0.9698430299758911 
vt 0.6833097338676453 0.8174809217453003 
vt 0.7499681711196899 0.932973325252533 
vt 0.7356842160224915 0.7808554172515869 
vt 0.8213878870010376 0.8830405473709106 
vt 0.780855655670166 0.7356839776039124 
vt 0.8830407857894897 0.8213876485824585 
vt 0.8174811601638794 0.6833094954490662 
vt 0.9329735636711121 0.7499679327011108 
vt 0.844584047794342 0.6254411935806274 
vt 0.9698432683944702 0.6709789037704468 
vt 0.8610655069351196 0.5636662244796753 
vt 0.9924289584159851 0.5868623852729797 
vt 0.8666813969612122 0.5000599026679993 
vt 0.9999982118606567 0.5000599026679993 
vt 0.8610655069351196 0.43633154034614563 
vt 0.9924289584159851 0.4131354093551636 
vt 0.844584047794342 0.3745565414428711 
vt 0.9698432683944702 0.32901883125305176 
vt 0.8174811601638794 0.3166882395744324 
vt 0.9329735636711121 0.2500298321247101 
vt 0.780855655670166 0.26431378722190857 
vt 0.8830407857894897 0.17861011624336243 
vt 0.7356842160224915 0.21914233267307281 
vt 0.8213878870010376 0.11695719510316849 
vt 0.6833097338676453 0.18251684308052063 
vt 0.7499681711196899 0.06702442467212677 
vt 0.6254414319992065 0.15541397035121918 
vt 0.780855655670166 0.7356839776039124 
vt 0.8945167660713196 0.80710369348526 
vt 0.8174811601638794 0.6833094954490662 
vt 0.9396882653236389 0.7380036115646362 
vt 0.844584047794342 0.6254411935806274 
vt 0.9728953838348389 0.6623108983039856 
vt 0.8610655069351196 0.5636662244796753 
vt 0.9931614995002747 0.582345187664032 
vt 0.9999982118606567 0.5000599026679993 
vt 0.8666813969612122 0.5000599026679993 
vt 0.9931614995002747 0.41765254735946655 
vt 0.8610655069351196 0.43633154034614563 
vt 0.9728953838348389 0.3376868665218353 
vt 0.844584047794342 0.3745565414428711 
vt 0.9396882653236389 0.2619941830635071 
vt 0.8174811601638794 0.3166882395744324 
vt 0.8945167660713196 0.19289405643939972 
vt 0.780855655670166 0.26431378722190857 
vt 0.8386018872261047 0.13209572434425354 
vt 0.7356842160224915 0.21914233267307281 
vt 0.7735305428504944 0.08143045753240585 
vt 0.6833097338676453 0.18251684308052063 
vt 0.7008900046348572 0.04211908578872681 
vt 0.6254414319992065 0.15541397035121918 
vt 0.6227555871009827 0.015260386280715466 
vt 0.5636664628982544 0.1389324963092804 
vt 0.5413249135017395 0.0017089515458792448 
vt 0.5000601410865784 0.13331657648086548 
vt 0.458673357963562 0.0017089515458792448 
vt 0.43633177876472473 0.1389324963092804 
vt 0.37724265456199646 0.015260386280715466 
vt 0.3745567798614502 0.15541397035121918 
vt 0.29910823702812195 0.04211908578872681 
vt 0.3166884779930115 0.18251684308052063 
vt 0.22646766901016235 0.08143045753240585 
vt 0.26431402564048767 0.21914233267307281 
vt 0.16139636933803558 0.13209572434425354 
vt 0.21914257109165192 0.26431378722190857 
vt 0.10548143833875656 0.19289405643939972 
vt 0.18251708149909973 0.3166882395744324 
vt 0.060309991240501404 0.2619941830635071 
vt 0.15541420876979828 0.3745565414428711 
vt 0.027102870866656303 0.3376868665218353 
vt 0.1389327347278595 0.43633154034614563 
vt 0.0068367598578333855 0.41765254735946655 
vt 0 0.5000599026679993 
vt 0.13331681489944458 0.5000599026679993 
vt 0.0068367598578333855 0.582345187664032 
vt 0.1389327347278595 0.5636662244796753 
vt 0.027102870866656303 0.6623108983039856 
vt 0.15541420876979828 0.6254411935806274 
vt 0.060309991240501404 0.7380036115646362 
vt 0.18251708149909973 0.6833094954490662 
vt 0.10548143833875656 0.80710369348526 
vt 0.21914257109165192 0.7356839776039124 
vt 0.16139636933803558 0.8679020404815674 
vt 0.26431402564048767 0.7808554172515869 
vt 0.22646766901016235 0.9185672998428345 
vt 0.3166884779930115 0.8174809217453003 
vt 0.29910823702812195 0.9578786492347717 
vt 0.3745567798614502 0.8445838093757629 
vt 0.37724265456199646 0.9847373962402344 
vt 0.43633177876472473 0.8610652685165405 
vt 0.458673357963562 0.9982888102531433 
vt 0.5000601410865784 0.8666811585426331 
vt 0.5413249135017395 0.9982888102531433 
vt 0.5636664628982544 0.8610652685165405 
vt 0.6227555871009827 0.9847373962402344 
vt 0.6254414319992065 0.8445838093757629 
vt 0.7008900046348572 0.9578786492347717 
vt 0.6833097338676453 0.8174809217453003 
vt 0.7735305428504944 0.9185672998428345 
vt 0.7356842160224915 0.7808554172515869 
vt 0.8386018872261047 0.8679020404815674 
vt 0.6833097338676453 0.8176029920578003 
vt 0.8213878870010376 0.8830405473709106 
vt 0.7356842160224915 0.7808554172515869 
vt 0.8830407857894897 0.8213876485824585 
vt 0.780855655670166 0.7356839776039124 
vt 0.9329735636711121 0.7499679327011108 
vt 0.8176032304763794 0.6833094954490662 
vt 0.9698432683944702 0.6709789037704468 
vt 0.844584047794342 0.6254411935806274 
vt 0.9924289584159851 0.5868623852729797 
vt 0.8610655069351196 0.5636662244796753 
vt 0.9999982118606567 0.5000599026679993 
vt 0.8666813969612122 0.5000599026679993 
vt 0.9924289584159851 0.4131354093551636 
vt 0.8610655069351196 0.43633154034614563 
vt 0.9698432683944702 0.32901883125305176 
vt 0.844584047794342 0.3745565414428711 
vt 0.9329735636711121 0.2500298321247101 
vt 0.8176032304763794 0.3166882395744324 
vt 0.8830407857894897 0.17861011624336243 
vt 0.780855655670166 0.26431378722190857 
vt 0.8213878870010376 0.11695719510316849 
vt 0.7356842160224915 0.21914233267307281 
vt 0.7499681711196899 0.06702442467212677 
vt 0.6833097338676453 0.18251684308052063 
vt 0.6709791421890259 0.0301547572016716 
vt 0.6254414319992065 0.15541397035121918 
vt 0.5868626236915588 0.007569031789898872 
vt 0.5636664628982544 0.1389324963092804 
vt 0.5000601410865784 -2.3841900542720396e-7 
vt 0.5000601410865784 0.13331657648086548 
vt 0.4131356477737427 0.007569031789898872 
vt 0.43633177876472473 0.1389324963092804 
vt 0.32901906967163086 0.0301547572016716 
vt 0.3745567798614502 0.15541397035121918 
vt 0.2500300705432892 0.06702442467212677 
vt 0.3166884779930115 0.18251684308052063 
vt 0.17861035466194153 0.11695719510316849 
vt 0.26431402564048767 0.21914233267307281 
vt 0.11695743352174759 0.17861011624336243 
vt 0.21914257109165192 0.26431378722190857 
vt 0.06702466309070587 0.2500298321247101 
vt 0.18251708149909973 0.3166882395744324 
vt 0.030154995620250702 0.32901883125305176 
vt 0.15541420876979828 0.3745565414428711 
vt 0.007569270208477974 0.4131354093551636 
vt 0.1389327347278595 0.43633154034614563 
vt 0 0.5000599026679993 
vt 0.13331681489944458 0.5000599026679993 
vt 0.007569270208477974 0.5868623852729797 
vt 0.1389327347278595 0.5636662244796753 
vt 0.030154995620250702 0.6709789037704468 
vt 0.15541420876979828 0.6254411935806274 
vt 0.06702466309070587 0.7499679327011108 
vt 0.18251708149909973 0.6833094954490662 
vt 0.11695743352174759 0.8213876485824585 
vt 0.21914257109165192 0.7356839776039124 
vt 0.17861035466194153 0.8830405473709106 
vt 0.26431402564048767 0.7808554172515869 
vt 0.2500300705432892 0.932973325252533 
vt 0.3166884779930115 0.8176029920578003 
vt 0.32901906967163086 0.9698430299758911 
vt 0.3745567798614502 0.8445838093757629 
vt 0.4131356477737427 0.992428719997406 
vt 0.43633177876472473 0.8610652685165405 
vt 0.5000601410865784 0.9999979734420776 
vt 0.5000601410865784 0.8666811585426331 
vt 0.5868626236915588 0.992428719997406 
vt 0.5636664628982544 0.8610652685165405 
vt 0.6709791421890259 0.9698430299758911 
vt 0.6254414319992065 0.8445838093757629 
vt 0.7499681711196899 0.932973325252533 
s on 
f 1/1/1 2/2/2 3/3/3 
f 2/2/2 4/4/4 3/3/3 
f 3/3/3 4/4/4 4/4/4 
f 4/4/4 2/2/2 4/4/4 
f 4/4/4 2/2/2 2/2/2 
f 2/2/2 5/5/5 2/2/2 
f 2/2/2 5/5/5 4/4/4 
f 5/5/5 6/6/6 4/4/4 
f 4/4/4 6/6/6 6/6/6 
f 6/6/6 5/5/5 6/6/6 
f 6/6/6 5/5/5 5/5/5 
f 5/5/5 7/7/7 5/5/5 
f 5/5/5 7/7/7 6/6/6 
f 7/7/7 8/8/8 6/6/6 
f 6/6/6 8/8/8 8/8/8 
f 8/8/8 7/7/7 8/8/8 
f 8/8/8 7/7/7 7/7/7 
f 7/7/7 9/9/9 7/7/7 
f 7/7/7 9/9/9 8/8/8 
f 9/9/9 10/10/10 8/8/8 
f 8/8/8 10/10/10 10/10/10 
f 10/10/10 9/9/9 10/10/10 
f 10/10/10 9/9/9 9/9/9 
f 9/9/9 11/11/11 9/9/9 
f 9/9/9 11/11/11 10/10/10 
f 11/11/11 12/12/12 10/10/10 
f 10/10/10 12/12/12 12/12/12 
f 12/12/12 11/11/11 12/12/12 
f 12/12/12 11/11/11 11/11/11 
f 11/11/11 13/13/13 11/11/11 
f 11/11/11 13/13/13 12/12/12 
f 13/13/13 14/14/14 12/12/12 
f 12/12/12 14/14/14 14/14/14 
f 14/14/14 13/13/13 14/14/14 
f 14/14/14 13/13/13 13/13/13 
f 13/13/13 15/15/15 13/13/13 
f 13/13/13 15/15/15 14/14/14 
f 15/15/15 16/16/16 14/14/14 
f 14/14/14 16/16/16 16/16/16 
f 16/16/16 15/15/15 16/16/16 
f 16/16/16 15/15/15 15/15/15 
f 15/15/15 17/17/17 15/15/15 
f 15/15/15 17/17/17 16/16/16 
f 17/17/17 18/18/18 16/16/16 
f 16/16/16 18/18/18 18/18/18 
f 18/18/18 17/17/17 18/18/18 
f 18/18/18 17/17/17 17/17/17 
f 17/17/17 19/19/19 17/17/17 
f 17/17/17 19/19/19 18/18/18 
f 19/19/19 20/20/20 18/18/18 
f 18/18/18 20/20/20 20/20/20 
f 20/20/20 19/19/19 20/20/20 
f 20/20/20 19/19/19 19/19/19 
f 19/19/19 21/21/21 19/19/19 
f 19/19/19 21/21/21 20/20/20 
f 21/21/21 22/22/22 20/20/20 
f 20/20/20 22/22/22 22/22/22 
f 22/22/22 21/21/21 22/22/22 
f 22/22/22 21/21/21 21/21/21 
f 21/21/21 23/23/23 21/21/21 
f 21/21/21 23/23/23 22/22/22 
f 23/23/23 24/24/24 22/22/22 
f 22/22/22 24/24/24 24/24/24 
f 24/24/24 23/23/23 24/24/24 
f 24/24/24 23/23/23 23/23/23 
f 23/23/23 25/25/25 23/23/23 
f 23/23/23 25/25/25 24/24/24 
f 25/25/25 26/26/26 24/24/24 
f 24/24/24 26/26/26 26/26/26 
f 26/26/26 25/25/25 26/26/26 
f 26/26/26 25/25/25 25/25/25 
f 25/25/25 27/27/27 25/25/25 
f 25/25/25 27/27/27 26/26/26 
f 27/27/27 28/28/28 26/26/26 
f 26/26/26 28/28/28 28/28/28 
f 28/28/28 27/27/27 28/28/28 
f 28/28/28 27/27/27 27/27/27 
f 27/27/27 29/29/29 27/27/27 
f 27/27/27 29/29/29 28/28/28 
f 29/29/29 30/30/30 28/28/28 
f 28/28/28 30/30/30 30/30/30 
f 30/30/30 29/29/29 30/30/30 
f 30/30/30 29/29/29 29/29/29 
f 29/29/29 31/31/31 29/29/29 
f 29/29/29 31/31/31 30/30/30 
f 31/31/31 32/32/32 30/30/30 
f 30/30/30 32/32/32 32/32/32 
f 32/32/32 31/31/31 32/32/32 
f 32/32/32 31/31/31 31/31/31 
f 31/31/31 33/33/33 31/31/31 
f 31/31/31 33/33/33 32/32/32 
f 33/33/33 34/34/34 32/32/32 
f 32/32/32 34/34/34 34/34/34 
f 34/34/34 33/33/33 34/34/34 
f 34/34/34 33/33/33 33/33/33 
f 33/33/33 35/35/35 33/33/33 
f 33/33/33 35/35/35 34/34/34 
f 35/35/35 36/36/36 34/34/34 
f 34/34/34 36/36/36 36/36/36 
f 36/36/36 37/37/37 36/36/36 
f 36/36/36 37/37/37 37/37/37 
f 37/37/37 38/38/38 37/37/37 
f 37/37/37 38/38/38 39/39/39 
f 38/38/38 40/40/40 39/39/39 
f 39/39/39 40/40/40 40/40/40 
f 40/40/40 38/38/38 40/40/40 
f 40/40/40 38/38/38 38/38/38 
f 38/38/38 41/41/41 38/38/38 
f 38/38/38 41/41/41 40/40/40 
f 41/41/41 42/42/42 40/40/40 
f 40/40/40 42/42/42 43/43/43 
f 42/42/42 44/44/44 43/43/43 
f 43/43/43 44/44/44 45/45/45 
f 44/44/44 46/46/46 45/45/45 
f 45/45/45 46/46/46 47/47/47 
f 46/46/46 48/48/48 47/47/47 
f 47/47/47 48/48/48 49/49/49 
f 48/48/48 50/50/50 49/49/49 
f 49/49/49 50/50/50 50/50/50 
f 50/50/50 48/48/48 50/50/50 
f 50/50/50 48/48/48 48/48/48 
f 48/48/48 51/51/51 48/48/48 
f 48/48/48 51/51/51 50/50/50 
f 51/51/51 52/52/52 50/50/50 
f 50/50/50 52/52/52 53/53/53 
f 52/52/52 54/54/54 53/53/53 
f 53/53/53 54/54/54 55/55/55 
f 54/54/54 56/56/56 55/55/55 
f 55/55/55 56/56/56 57/57/57 
f 56/56/56 58/58/58 57/57/57 
f 57/57/57 58/58/58 59/59/59 
f 58/58/58 60/60/60 59/59/59 
f 59/59/59 60/60/60 60/60/60 
f 60/60/60 58/58/58 60/60/60 
f 60/60/60 58/58/58 58/58/58 
f 58/58/58 61/61/61 58/58/58 
f 58/58/58 61/61/61 60/60/60 
f 61/61/61 62/62/62 60/60/60 
f 60/60/60 62/62/62 63/63/63 
f 62/62/62 64/64/64 63/63/63 
f 63/63/63 64/64/64 65/65/65 
f 64/64/64 66/66/66 65/65/65 
f 65/65/65 66/66/66 67/67/67 
f 66/66/66 68/68/68 67/67/67 
f 67/67/67 68/68/68 69/69/69 
f 68/68/68 70/70/70 69/69/69 
f 69/69/69 70/70/70 70/70/70 
f 70/70/70 68/68/68 70/70/70 
f 70/70/70 68/68/68 68/68/68 
f 68/68/68 71/71/71 68/68/68 
f 68/68/68 71/71/71 70/70/70 
f 71/71/71 72/72/72 70/70/70 
f 70/70/70 72/72/72 73/73/73 
f 72/72/72 74/74/74 73/73/73 
f 73/73/73 74/74/74 74/74/74 
f 74/74/74 72/72/72 74/74/74 
f 74/74/74 72/72/72 72/72/72 
f 72/72/72 75/75/75 72/72/72 
f 72/72/72 75/75/75 74/74/74 
f 75/75/75 76/76/76 74/74/74 
f 74/74/74 76/76/76 76/76/76 
f 76/76/76 75/75/75 76/76/76 
f 76/76/76 75/75/75 75/75/75 
f 75/75/75 77/77/77 75/75/75 
f 75/75/75 77/77/77 76/76/76 
f 77/77/77 78/78/78 76/76/76 
f 76/76/76 78/78/78 78/78/78 
f 78/78/78 77/77/77 78/78/78 
f 78/78/78 77/77/77 77/77/77 
f 77/77/77 79/79/79 77/77/77 
f 77/77/77 79/79/79 78/78/78 
f 79/79/79 80/80/80 78/78/78 
f 78/78/78 80/80/80 80/80/80 
f 80/80/80 79/79/79 80/80/80 
f 80/80/80 79/79/79 81/81/81 
f 79/79/79 82/82/82 81/81/81 
f 81/81/81 82/82/82 83/83/83 
f 82/82/82 83/83/83 83/83/83 
f 83/83/83 83/83/83 81/81/81 
f 83/83/83 81/81/81 81/81/81 
f 81/81/81 81/81/81 81/81/81 
f 81/81/81 83/83/83 81/81/81 
f 81/81/81 83/83/83 84/84/84 
f 83/83/83 85/85/85 84/84/84 
f 84/84/84 85/85/85 86/86/86 
f 85/85/85 87/87/87 86/86/86 
f 86/86/86 87/87/87 88/88/88 
f 87/87/87 89/89/89 88/88/88 
f 88/88/88 89/89/89 90/90/90 
f 89/89/89 91/91/91 90/90/90 
f 90/90/90 91/91/91 91/91/91 
f 91/91/91 89/89/89 91/91/91 
f 91/91/91 89/89/89 89/89/89 
f 89/89/89 92/92/92 89/89/89 
f 89/89/89 92/92/92 91/91/91 
f 92/92/92 93/93/93 91/91/91 
f 91/91/91 93/93/93 94/94/94 
f 93/93/93 95/95/95 94/94/94 
f 94/94/94 95/95/95 96/96/96 
f 95/95/95 97/97/97 96/96/96 
f 96/96/96 97/97/97 98/98/98 
f 97/97/97 99/99/99 98/98/98 
f 98/98/98 99/99/99 100/100/100 
f 99/99/99 101/101/101 100/100/100 
f 100/100/100 101/101/101 101/101/101 
f 101/101/101 99/99/99 101/101/101 
f 101/101/101 99/99/99 99/99/99 
f 99/99/99 102/102/102 99/99/99 
f 99/99/99 102/102/102 101/101/101 
f 102/102/102 103/103/103 101/101/101 
f 101/101/101 103/103/103 104/104/104 
f 103/103/103 105/105/105 104/104/104 
f 104/104/104 105/105/105 106/106/106 
f 105/105/105 107/107/107 106/106/106 
f 106/106/106 107/107/107 108/108/108 
f 107/107/107 109/109/109 108/108/108 
f 108/108/108 109/109/109 110/110/110 
f 109/109/109 111/111/111 110/110/110 
f 110/110/110 111/111/111 111/111/111 
f 111/111/111 112/112/112 111/111/111 
f 111/111/111 112/112/112 112/112/112 
f 112/112/112 113/113/113 112/112/112 
f 112/112/112 113/113/113 114/114/114 
f 113/113/113 115/115/115 114/114/114 
f 114/114/114 115/115/115 115/115/115 
f 115/115/115 113/113/113 115/115/115 
f 115/115/115 113/113/113 113/113/113 
f 113/113/113 116/116/116 113/113/113 
f 113/113/113 116/116/116 115/115/115 
f 116/116/116 117/117/117 115/115/115 
f 115/115/115 117/117/117 117/117/117 
f 117/117/117 116/116/116 117/117/117 
f 117/117/117 116/116/116 116/116/116 
f 116/116/116 118/118/118 116/116/116 
f 116/116/116 118/118/118 117/117/117 
f 118/118/118 119/119/119 117/117/117 
f 117/117/117 119/119/119 119/119/119 
f 119/119/119 118/118/118 119/119/119 
f 119/119/119 118/118/118 118/118/118 
f 118/118/118 120/120/120 118/118/118 
f 118/118/118 120/120/120 119/119/119 
f 120/120/120 121/121/121 119/119/119 
f 119/119/119 121/121/121 121/121/121 
f 121/121/121 120/120/120 121/121/121 
f 121/121/121 120/120/120 120/120/120 
f 120/120/120 122/122/122 120/120/120 
f 120/120/120 122/122/122 121/121/121 
f 122/122/122 123/123/123 121/121/121 
f 121/121/121 123/123/123 123/123/123 
f 123/123/123 122/122/122 123/123/123 
f 123/123/123 122/122/122 122/122/122 
f 122/122/122 124/124/124 122/122/122 
f 122/122/122 124/124/124 123/123/123 
f 124/124/124 125/125/125 123/123/123 
f 123/123/123 125/125/125 125/125/125 
f 125/125/125 124/124/124 125/125/125 
f 125/125/125 124/124/124 124/124/124 
f 124/124/124 126/126/126 124/124/124 
f 124/124/124 126/126/126 125/125/125 
f 126/126/126 127/127/127 125/125/125 
f 125/125/125 127/127/127 127/127/127 
f 127/127/127 126/126/126 127/127/127 
f 127/127/127 126/126/126 126/126/126 
f 126/126/126 128/128/128 126/126/126 
f 126/126/126 128/128/128 127/127/127 
f 128/128/128 129/129/129 127/127/127 
f 127/127/127 129/129/129 129/129/129 
f 129/129/129 128/128/128 129/129/129 
f 129/129/129 128/128/128 128/128/128 
f 128/128/128 130/130/130 128/128/128 
f 128/128/128 130/130/130 129/129/129 
f 130/130/130 131/131/131 129/129/129 
f 129/129/129 131/131/131 131/131/131 
f 131/131/131 130/130/130 131/131/131 
f 131/131/131 130/130/130 130/130/130 
f 130/130/130 132/132/132 130/130/130 
f 130/130/130 132/132/132 131/131/131 
f 132/132/132 133/133/133 131/131/131 
f 131/131/131 133/133/133 133/133/133 
f 133/133/133 132/132/132 133/133/133 
f 133/133/133 132/132/132 132/132/132 
f 132/132/132 134/134/134 132/132/132 
f 132/132/132 134/134/134 133/133/133 
f 134/134/134 135/135/135 133/133/133 
f 133/133/133 135/135/135 135/135/135 
f 135/135/135 134/134/134 135/135/135 
f 135/135/135 134/134/134 134/134/134 
f 134/134/134 136/136/136 134/134/134 
f 134/134/134 136/136/136 135/135/135 
f 136/136/136 137/137/137 135/135/135 
f 135/135/135 137/137/137 137/137/137 
f 137/137/137 136/136/136 137/137/137 
f 137/137/137 136/136/136 136/136/136 
f 136/136/136 138/138/138 136/136/136 
f 136/136/136 138/138/138 137/137/137 
f 138/138/138 139/139/139 137/137/137 
f 137/137/137 139/139/139 139/139/139 
f 139/139/139 138/138/138 139/139/139 
f 139/139/139 138/138/138 138/138/138 
f 138/138/138 140/140/140 138/138/138 
f 138/138/138 140/140/140 139/139/139 
f 140/140/140 141/141/141 139/139/139 
f 139/139/139 141/141/141 141/141/141 
f 141/141/141 140/140/140 141/141/141 
f 141/141/141 140/140/140 140/140/140 
f 140/140/140 142/142/142 140/140/140 
f 140/140/140 142/142/142 141/141/141 
f 142/142/142 143/143/143 141/141/141 
f 141/141/141 143/143/143 143/143/143 
f 143/143/143 142/142/142 143/143/143 
f 143/143/143 142/142/142 142/142/142 
f 142/142/142 144/144/144 142/142/142 
f 142/142/142 144/144/144 143/143/143 
f 144/144/144 145/145/145 143/143/143 
f 143/143/143 145/145/145 145/145/145 
f 145/145/145 144/144/144 145/145/145 
f 145/145/145 144/144/144 144/144/144 
f 144/144/144 146/146/146 144/144/144 
f 144/144/144 146/146/146 145/145/145 
f 146/146/146 147/147/147 145/145/145 
f 145/145/145 147/147/147 147/147/147 
f 147/147/147 148/148/148 147/147/147 
f 147/147/147 148/148/148 148/148/148 
f 148/148/148 149/149/149 148/148/148 
f 148/148/148 149/149/149 150/150/150 
f 149/149/149 151/151/151 150/150/150 
f 150/150/150 151/151/151 151/151/151 
f 151/151/151 149/149/149 151/151/151 
f 151/151/151 149/149/149 149/149/149 
f 149/149/149 152/152/152 149/149/149 
f 149/149/149 152/152/152 151/151/151 
f 152/152/152 153/153/153 151/151/151 
f 151/151/151 153/153/153 153/153/153 
f 153/153/153 152/152/152 153/153/153 
f 153/153/153 152/152/152 152/152/152 
f 152/152/152 154/154/154 152/152/152 
f 152/152/152 154/154/154 153/153/153 
f 154/154/154 155/155/155 153/153/153 
f 153/153/153 155/155/155 155/155/155 
f 155/155/155 154/154/154 155/155/155 
f 155/155/155 154/154/154 154/154/154 
f 154/154/154 156/156/156 154/154/154 
f 154/154/154 156/156/156 155/155/155 
f 156/156/156 157/157/157 155/155/155 
f 155/155/155 157/157/157 157/157/157 
f 157/157/157 156/156/156 157/157/157 
f 157/157/157 156/156/156 156/156/156 
f 156/156/156 158/158/158 156/156/156 
f 156/156/156 158/158/158 157/157/157 
f 158/158/158 159/159/159 157/157/157 
f 157/157/157 159/159/159 159/159/159 
f 159/159/159 158/158/158 159/159/159 
f 159/159/159 158/158/158 158/158/158 
f 158/158/158 160/160/160 158/158/158 
f 158/158/158 160/160/160 159/159/159 
f 160/160/160 161/161/161 159/159/159 
f 159/159/159 161/161/161 161/161/161 
f 161/161/161 160/160/160 161/161/161 
f 161/161/161 160/160/160 160/160/160 
f 160/160/160 162/162/162 160/160/160 
f 160/160/160 162/162/162 161/161/161 
f 162/162/162 163/163/163 161/161/161 
f 161/161/161 163/163/163 163/163/163 
f 163/163/163 162/162/162 163/163/163 
f 163/163/163 162/162/162 162/162/162 
f 162/162/162 164/164/164 162/162/162 
f 162/162/162 164/164/164 163/163/163 
f 164/164/164 165/165/165 163/163/163 
f 163/163/163 165/165/165 165/165/165 
f 165/165/165 164/164/164 165/165/165 
f 165/165/165 164/164/164 164/164/164 
f 164/164/164 166/166/166 164/164/164 
f 164/164/164 166/166/166 165/165/165 
f 166/166/166 167/167/167 165/165/165 
f 165/165/165 167/167/167 167/167/167 
f 167/167/167 166/166/166 167/167/167 
f 167/167/167 166/166/166 166/166/166 
f 166/166/166 168/168/168 166/166/166 
f 166/166/166 168/168/168 167/167/167 
f 168/168/168 169/169/169 167/167/167 
f 167/167/167 169/169/169 169/169/169 
f 169/169/169 168/168/168 169/169/169 
f 169/169/169 168/168/168 168/168/168 
f 168/168/168 170/170/170 168/168/168 
f 168/168/168 170/170/170 169/169/169 
f 170/170/170 171/171/171 169/169/169 
f 169/169/169 171/171/171 171/171/171 
f 171/171/171 170/170/170 171/171/171 
f 171/171/171 170/170/170 170/170/170 
f 170/170/170 172/172/172 170/170/170 
f 170/170/170 172/172/172 171/171/171 
f 172/172/172 173/173/173 171/171/171 
f 171/171/171 173/173/173 173/173/173 
f 173/173/173 172/172/172 173/173/173 
f 173/173/173 172/172/172 172/172/172 
f 172/172/172 174/174/174 172/172/172 
f 172/172/172 174/174/174 173/173/173 
f 174/174/174 175/175/175 173/173/173 
f 173/173/173 175/175/175 175/175/175 
f 175/175/175 174/174/174 175/175/175 
f 175/175/175 174/174/174 174/174/174 
f 174/174/174 176/176/176 174/174/174 
f 174/174/174 176/176/176 175/175/175 
f 176/176/176 177/177/177 175/175/175 
f 175/175/175 177/177/177 177/177/177 
f 177/177/177 176/176/176 177/177/177 
f 177/177/177 176/176/176 176/176/176 
f 176/176/176 178/178/178 176/176/176 
f 176/176/176 178/178/178 177/177/177 
f 178/178/178 179/179/179 177/177/177 
f 177/177/177 179/179/179 179/179/179 
f 179/179/179 178/178/178 179/179/179 
f 179/179/179 178/178/178 178/178/178 
f 178/178/178 180/180/180 178/178/178 
f 178/178/178 180/180/180 179/179/179 
f 180/180/180 181/181/181 179/179/179 
f 179/179/179 181/181/181 181/181/181 
f 181/181/181 180/180/180 181/181/181 
f 181/181/181 180/180/180 180/180/180 
f 180/180/180 182/182/182 180/180/180 
f 180/180/180 182/182/182 181/181/181 
f 182/182/182 183/183/183 181/181/181 
f 181/181/181 183/183/183 183/183/183 
f 183/183/183 184/184/184 183/183/183 
f 183/183/183 184/184/184 184/184/184 
f 184/184/184 185/185/185 184/184/184 
f 184/184/184 185/185/185 186/186/186 
f 185/185/185 187/187/187 186/186/186 
f 186/186/186 187/187/187 187/187/187 
f 187/187/187 185/185/185 187/187/187 
f 187/187/187 185/185/185 185/185/185 
f 185/185/185 188/188/188 185/185/185 
f 185/185/185 188/188/188 187/187/187 
f 188/188/188 189/189/189 187/187/187 
f 187/187/187 189/189/189 189/189/189 
f 189/189/189 188/188/188 189/189/189 
f 189/189/189 188/188/188 188/188/188 
f 188/188/188 190/190/190 188/188/188 
f 188/188/188 190/190/190 189/189/189 
f 190/190/190 191/191/191 189/189/189 
f 189/189/189 191/191/191 191/191/191 
f 191/191/191 190/190/190 191/191/191 
f 191/191/191 190/190/190 190/190/190 
f 190/190/190 192/192/192 190/190/190 
f 190/190/190 192/192/192 191/191/191 
f 192/192/192 193/193/193 191/191/191 
f 191/191/191 193/193/193 193/193/193 
f 193/193/193 192/192/192 193/193/193 
f 193/193/193 192/192/192 192/192/192 
f 192/192/192 194/194/194 192/192/192 
f 192/192/192 194/194/194 193/193/193 
f 194/194/194 195/195/195 193/193/193 
f 193/193/193 195/195/195 195/195/195 
f 195/195/195 194/194/194 195/195/195 
f 195/195/195 194/194/194 194/194/194 
f 194/194/194 196/196/196 194/194/194 
f 194/194/194 196/196/196 195/195/195 
f 196/196/196 197/197/197 195/195/195 
f 195/195/195 197/197/197 197/197/197 
f 197/197/197 196/196/196 197/197/197 
f 197/197/197 196/196/196 196/196/196 
f 196/196/196 198/198/198 196/196/196 
f 196/196/196 198/198/198 197/197/197 
f 198/198/198 199/199/199 197/197/197 
f 197/197/197 199/199/199 199/199/199 
f 199/199/199 198/198/198 199/199/199 
f 199/199/199 198/198/198 198/198/198 
f 198/198/198 200/200/200 198/198/198 
f 198/198/198 200/200/200 199/199/199 
f 200/200/200 201/201/201 199/199/199 
f 199/199/199 201/201/201 201/201/201 
f 201/201/201 200/200/200 201/201/201 
f 201/201/201 200/200/200 200/200/200 
f 200/200/200 202/202/202 200/200/200 
f 200/200/200 202/202/202 201/201/201 
f 202/202/202 203/203/203 201/201/201 
f 201/201/201 203/203/203 203/203/203 
f 203/203/203 202/202/202 203/203/203 
f 203/203/203 202/202/202 202/202/202 
f 202/202/202 204/204/204 202/202/202 
f 202/202/202 204/204/204 203/203/203 
f 204/204/204 205/205/205 203/203/203 
f 203/203/203 205/205/205 205/205/205 
f 205/205/205 204/204/204 205/205/205 
f 205/205/205 204/204/204 204/204/204 
f 204/204/204 206/206/206 204/204/204 
f 204/204/204 206/206/206 205/205/205 
f 206/206/206 207/207/207 205/205/205 
f 205/205/205 207/207/207 207/207/207 
f 207/207/207 206/206/206 207/207/207 
f 207/207/207 206/206/206 206/206/206 
f 206/206/206 208/208/208 206/206/206 
f 206/206/206 208/208/208 207/207/207 
f 208/208/208 209/209/209 207/207/207 
f 207/207/207 209/209/209 209/209/209 
f 209/209/209 208/208/208 209/209/209 
f 209/209/209 208/208/208 208/208/208 
f 208/208/208 210/210/210 208/208/208 
f 208/208/208 210/210/210 209/209/209 
f 210/210/210 211/211/211 209/209/209 
f 209/209/209 211/211/211 211/211/211 
f 211/211/211 210/210/210 211/211/211 
f 211/211/211 210/210/210 210/210/210 
f 210/210/210 212/212/212 210/210/210 
f 210/210/210 212/212/212 211/211/211 
f 212/212/212 213/213/213 211/211/211 
f 211/211/211 213/213/213 213/213/213 
f 213/213/213 212/212/212 213/213/213 
f 213/213/213 212/212/212 212/212/212 
f 212/212/212 214/214/214 212/212/212 
f 212/212/212 214/214/214 213/213/213 
f 214/214/214 215/215/215 213/213/213 
f 213/213/213 215/215/215 215/215/215 
f 215/215/215 214/214/214 215/215/215 
f 215/215/215 214/214/214 214/214/214 
f 214/214/214 216/216/216 214/214/214 
f 214/214/214 216/216/216 215/215/215 
f 216/216/216 217/217/217 215/215/215 
f 215/215/215 217/217/217 217/217/217 
f 217/217/217 216/216/216 217/217/217 
f 217/217/217 216/216/216 216/216/216 
f 216/216/216 218/218/218 216/216/216 
f 216/216/216 218/218/218 217/217/217 
f 218/218/218 219/219/219 217/217/217 
f 217/217/217 219/219/219 219/219/219 
f 219/219/219 220/220/220 219/219/219 
f 219/219/219 220/220/220 220/220/220 
f 220/220/220 221/221/221 220/220/220 
f 220/220/220 221/221/221 222/222/222 
f 221/221/221 223/223/223 222/222/222 
f 222/222/222 223/223/223 224/224/224 
f 223/223/223 225/225/225 224/224/224 
f 224/224/224 225/225/225 226/226/226 
f 225/225/225 227/227/227 226/226/226 
f 226/226/226 227/227/227 228/228/228 
f 227/227/227 229/229/229 228/228/228 
f 228/228/228 229/229/229 230/230/230 
f 229/229/229 231/231/231 230/230/230 
f 230/230/230 231/231/231 232/232/232 
f 231/231/231 233/233/233 232/232/232 
f 232/232/232 233/233/233 234/234/234 
f 233/233/233 235/235/235 234/234/234 
f 234/234/234 235/235/235 236/236/236 
f 235/235/235 237/237/237 236/236/236 
f 236/236/236 237/237/237 238/238/238 
f 237/237/237 239/239/239 238/238/238 
f 238/238/238 239/239/239 240/240/240 
f 239/239/239 241/241/241 240/240/240 
f 240/240/240 241/241/241 242/242/242 
f 241/241/241 243/243/243 242/242/242 
f 242/242/242 243/243/243 243/243/243 
f 243/243/243 241/241/241 243/243/243 
f 243/243/243 241/241/241 241/241/241 
f 241/241/241 244/244/244 241/241/241 
f 241/241/241 244/244/244 243/243/243 
f 244/244/244 245/245/245 243/243/243 
f 243/243/243 245/245/245 245/245/245 
f 245/245/245 244/244/244 245/245/245 
f 245/245/245 244/244/244 244/244/244 
f 244/244/244 246/246/246 244/244/244 
f 244/244/244 246/246/246 245/245/245 
f 246/246/246 247/247/247 245/245/245 
f 245/245/245 247/247/247 248/248/248 
f 247/247/247 249/249/249 248/248/248 
f 248/248/248 249/249/249 250/250/250 
f 249/249/249 251/251/251 250/250/250 
f 250/250/250 251/251/251 252/252/252 
f 251/251/251 253/253/253 252/252/252 
f 252/252/252 253/253/253 254/254/254 
f 253/253/253 255/255/255 254/254/254 
f 254/254/254 255/255/255 256/256/256 
f 255/255/255 257/257/257 256/256/256 
f 256/256/256 257/257/257 258/258/258 
f 257/257/257 259/259/259 258/258/258 
f 258/258/258 259/259/259 260/260/260 
f 259/259/259 261/261/261 260/260/260 
f 260/260/260 261/261/261 262/262/262 
f 261/261/261 263/263/263 262/262/262 
f 262/262/262 263/263/263 264/264/264 
f 263/263/263 265/265/265 264/264/264 
f 264/264/264 265/265/265 266/266/266 
f 265/265/265 267/267/267 266/266/266 
f 266/266/266 267/267/267 267/267/267 
f 267/267/267 265/265/265 267/267/267 
f 267/267/267 265/265/265 265/265/265 
f 265/265/265 268/268/268 265/265/265 
f 265/265/265 268/268/268 267/267/267 
f 268/268/268 269/269/269 267/267/267 
f 267/267/267 269/269/269 269/269/269 
f 269/269/269 268/268/268 269/269/269 
f 269/269/269 268/268/268 268/268/268 
f 268/268/268 270/270/270 268/268/268 
f 268/268/268 270/270/270 269/269/269 
f 270/270/270 271/271/271 269/269/269 
f 269/269/269 271/271/271 272/272/272 
f 271/271/271 273/273/273 272/272/272 
f 272/272/272 273/273/273 274/274/274 
f 273/273/273 275/275/275 274/274/274 
f 274/274/274 275/275/275 276/276/276 
f 275/275/275 277/277/277 276/276/276 
f 276/276/276 277/277/277 278/278/278 
f 277/277/277 279/279/279 278/278/278 
f 278/278/278 279/279/279 280/280/280 
f 279/279/279 281/281/281 280/280/280 
f 280/280/280 281/281/281 282/282/282 
f 281/281/281 283/283/283 282/282/282 
f 282/282/282 283/283/283 284/284/284 
f 283/283/283 285/285/285 284/284/284 
f 284/284/284 285/285/285 286/286/286 
f 285/285/285 287/287/287 286/286/286 
f 286/286/286 287/287/287 288/288/288 
f 287/287/287 289/289/289 288/288/288 
f 288/288/288 289/289/289 290/290/290 
f 289/289/289 291/291/291 290/290/290 
f 290/290/290 291/291/291 291/291/291 
f 291/291/291 289/289/289 291/291/291 
f 291/291/291 289/289/289 289/289/289 
f 289/289/289 292/292/292 289/289/289 
f 289/289/289 292/292/292 291/291/291 
f 292/292/292 293/293/293 291/291/291 
f 291/291/291 293/293/293 293/293/293 
f 293/293/293 294/294/294 293/293/293 
f 293/293/293 294/294/294 294/294/294 
f 294/294/294 295/295/295 294/294/294 
f 294/294/294 295/295/295 296/296/296 
f 295/295/295 297/297/297 296/296/296 
f 296/296/296 297/297/297 297/297/297 
f 297/297/297 295/295/295 297/297/297 
f 297/297/297 295/295/295 295/295/295 
f 295/295/295 298/298/298 295/295/295 
f 295/295/295 298/298/298 297/297/297 
f 298/298/298 299/299/299 297/297/297 
f 297/297/297 299/299/299 299/299/299 
f 299/299/299 298/298/298 299/299/299 
f 299/299/299 298/298/298 298/298/298 
f 298/298/298 300/300/300 298/298/298 
f 298/298/298 300/300/300 299/299/299 
f 300/300/300 301/301/301 299/299/299 
f 299/299/299 301/301/301 301/301/301 
f 301/301/301 300/300/300 301/301/301 
f 301/301/301 300/300/300 300/300/300 
f 300/300/300 302/302/302 300/300/300 
f 300/300/300 302/302/302 301/301/301 
f 302/302/302 303/303/303 301/301/301 
f 301/301/301 303/303/303 303/303/303 
f 303/303/303 302/302/302 303/303/303 
f 303/303/303 302/302/302 302/302/302 
f 302/302/302 304/304/304 302/302/302 
f 302/302/302 304/304/304 303/303/303 
f 304/304/304 305/305/305 303/303/303 
f 303/303/303 305/305/305 305/305/305 
f 305/305/305 304/304/304 305/305/305 
f 305/305/305 304/304/304 304/304/304 
f 304/304/304 306/306/306 304/304/304 
f 304/304/304 306/306/306 305/305/305 
f 306/306/306 307/307/307 305/305/305 
f 305/305/305 307/307/307 307/307/307 
f 307/307/307 306/306/306 307/307/307 
f 307/307/307 306/306/306 306/306/306 
f 306/306/306 308/308/308 306/306/306 
f 306/306/306 308/308/308 307/307/307 
f 308/308/308 309/309/309 307/307/307 
f 307/307/307 309/309/309 309/309/309 
f 309/309/309 308/308/308 309/309/309 
f 309/309/309 308/308/308 308/308/308 
f 308/308/308 310/310/310 308/308/308 
f 308/308/308 310/310/310 309/309/309 
f 310/310/310 311/311/311 309/309/309 
f 309/309/309 311/311/311 311/311/311 
f 311/311/311 310/310/310 311/311/311 
f 311/311/311 310/310/310 310/310/310 
f 310/310/310 312/312/312 310/310/310 
f 310/310/310 312/312/312 311/311/311 
f 312/312/312 313/313/313 311/311/311 
f 311/311/311 313/313/313 313/313/313 
f 313/313/313 312/312/312 313/313/313 
f 313/313/313 312/312/312 312/312/312 
f 312/312/312 314/314/314 312/312/312 
f 312/312/312 314/314/314 313/313/313 
f 314/314/314 315/315/315 313/313/313 
f 313/313/313 315/315/315 315/315/315 
f 315/315/315 314/314/314 315/315/315 
f 315/315/315 314/314/314 314/314/314 
f 314/314/314 316/316/316 314/314/314 
f 314/314/314 316/316/316 315/315/315 
f 316/316/316 317/317/317 315/315/315 
f 315/315/315 317/317/317 317/317/317 
f 317/317/317 316/316/316 317/317/317 
f 317/317/317 316/316/316 316/316/316 
f 316/316/316 318/318/318 316/316/316 
f 316/316/316 318/318/318 317/317/317 
f 318/318/318 319/319/319 317/317/317 
f 317/317/317 319/319/319 319/319/319 
f 319/319/319 318/318/318 319/319/319 
f 319/319/319 318/318/318 318/318/318 
f 318/318/318 320/320/320 318/318/318 
f 318/318/318 320/320/320 319/319/319 
f 320/320/320 321/321/321 319/319/319 
f 319/319/319 321/321/321 321/321/321 
f 321/321/321 320/320/320 321/321/321 
f 321/321/321 320/320/320 320/320/320 
f 320/320/320 322/322/322 320/320/320 
f 320/320/320 322/322/322 321/321/321 
f 322/322/322 323/323/323 321/321/321 
f 321/321/321 323/323/323 323/323/323 
f 323/323/323 322/322/322 323/323/323 
f 323/323/323 322/322/322 322/322/322 
f 322/322/322 324/324/324 322/322/322 
f 322/322/322 324/324/324 323/323/323 
f 324/324/324 325/325/325 323/323/323 
f 323/323/323 325/325/325 325/325/325 
f 325/325/325 324/324/324 325/325/325 
f 325/325/325 324/324/324 324/324/324 
f 324/324/324 326/326/326 324/324/324 
f 324/324/324 326/326/326 325/325/325 
f 326/326/326 327/327/327 325/325/325 
f 325/325/325 327/327/327 327/327/327 
f 327/327/327 326/326/326 327/327/327 
f 327/327/327 326/326/326 326/326/326 
f 326/326/326 328/328/328 326/326/326 
f 326/326/326 328/328/328 327/327/327 
f 328/328/328 329/329/329 327/327/327 
f 327/327/327 329/329/329 329/329/329 
f 329/329/329 328/328/328 329/329/329 
f 329/329/329 328/328/328 328/328/328 
f 328/328/328 330/330/330 328/328/328 
f 328/328/328 330/330/330 329/329/329 
f 330/330/330 331/331/331 329/329/329 
f 329/329/329 331/331/331 331/331/331 
f 331/331/331 330/330/330 331/331/331 
f 331/331/331 330/330/330 330/330/330 
f 330/330/330 332/332/332 330/330/330 
f 330/330/330 332/332/332 331/331/331 
f 332/332/332 333/333/333 331/331/331 
f 331/331/331 333/333/333 333/333/333 
f 333/333/333 332/332/332 333/333/333 
f 333/333/333 332/332/332 334/334/334 
f 332/332/332 335/335/335 334/334/334 
f 334/334/334 335/335/335 336/336/336 
f 335/335/335 337/337/337 336/336/336 
f 336/336/336 337/337/337 338/338/338 
f 337/337/337 339/339/339 338/338/338 
f 338/338/338 339/339/339 340/340/340 
f 339/339/339 341/341/341 340/340/340 
f 340/340/340 341/341/341 342/342/342 
f 341/341/341 343/343/343 342/342/342 
f 342/342/342 343/343/343 344/344/344 
f 343/343/343 345/345/345 344/344/344 
f 344/344/344 345/345/345 346/346/346 
f 345/345/345 347/347/347 346/346/346 
f 346/346/346 347/347/347 348/348/348 
f 347/347/347 349/349/349 348/348/348 
f 348/348/348 349/349/349 350/350/350 
f 349/349/349 351/351/351 350/350/350 
f 350/350/350 351/351/351 352/352/352 
f 351/351/351 353/353/353 352/352/352 
f 352/352/352 353/353/353 354/354/354 
f 353/353/353 355/355/355 354/354/354 
f 354/354/354 355/355/355 356/356/356 
f 355/355/355 357/357/357 356/356/356 
f 356/356/356 357/357/357 358/358/358 
f 357/357/357 359/359/359 358/358/358 
f 358/358/358 359/359/359 360/360/360 
f 359/359/359 361/361/361 360/360/360 
f 360/360/360 361/361/361 362/362/362 
f 361/361/361 363/363/363 362/362/362 
f 362/362/362 363/363/363 364/364/364 
f 363/363/363 365/365/365 364/364/364 
f 364/364/364 365/365/365 366/366/366 
f 365/365/365 367/367/367 366/366/366 
f 366/366/366 367/367/367 368/368/368 
f 367/367/367 369/369/369 368/368/368 
f 368/368/368 369/369/369 370/370/370 
f 369/369/369 371/371/371 370/370/370 
f 370/370/370 371/371/371 372/372/372 
f 371/371/371 372/372/372 372/372/372 
f 372/372/372 372/372/372 373/373/373 
f 372/372/372 373/373/373 373/373/373 
f 373/373/373 373/373/373 373/373/373 
f 373/373/373 374/374/374 373/373/373 
f 373/373/373 374/374/374 375/375/375 
f 374/374/374 376/376/376 375/375/375 
f 375/375/375 376/376/376 376/376/376 
f 376/376/376 374/374/374 376/376/376 
f 376/376/376 374/374/374 374/374/374 
f 374/374/374 377/377/377 374/374/374 
f 374/374/374 377/377/377 376/376/376 
f 377/377/377 378/378/378 376/376/376 
f 376/376/376 378/378/378 378/378/378 
f 378/378/378 377/377/377 378/378/378 
f 378/378/378 377/377/377 377/377/377 
f 377/377/377 379/379/379 377/377/377 
f 377/377/377 379/379/379 378/378/378 
f 379/379/379 380/380/380 378/378/378 
f 378/378/378 380/380/380 380/380/380 
f 380/380/380 379/379/379 380/380/380 
f 380/380/380 379/379/379 379/379/379 
f 379/379/379 381/381/381 379/379/379 
f 379/379/379 381/381/381 380/380/380 
f 381/381/381 382/382/382 380/380/380 
f 380/380/380 382/382/382 382/382/382 
f 382/382/382 381/381/381 382/382/382 
f 382/382/382 381/381/381 381/381/381 
f 381/381/381 383/383/383 381/381/381 
f 381/381/381 383/383/383 382/382/382 
f 383/383/383 384/384/384 382/382/382 
f 382/382/382 384/384/384 384/384/384 
f 384/384/384 383/383/383 384/384/384 
f 384/384/384 383/383/383 383/383/383 
f 383/383/383 385/385/385 383/383/383 
f 383/383/383 385/385/385 384/384/384 
f 385/385/385 386/386/386 384/384/384 
f 384/384/384 386/386/386 386/386/386 
f 386/386/386 385/385/385 386/386/386 
f 386/386/386 385/385/385 385/385/385 
f 385/385/385 387/387/387 385/385/385 
f 385/385/385 387/387/387 386/386/386 
f 387/387/387 388/388/388 386/386/386 
f 386/386/386 388/388/388 388/388/388 
f 388/388/388 387/387/387 388/388/388 
f 388/388/388 387/387/387 387/387/387 
f 387/387/387 389/389/389 387/387/387 
f 387/387/387 389/389/389 388/388/388 
f 389/389/389 390/390/390 388/388/388 
f 388/388/388 390/390/390 390/390/390 
f 390/390/390 389/389/389 390/390/390 
f 390/390/390 389/389/389 389/389/389 
f 389/389/389 391/391/391 389/389/389 
f 389/389/389 391/391/391 390/390/390 
f 391/391/391 392/392/392 390/390/390 
f 390/390/390 392/392/392 392/392/392 
f 392/392/392 391/391/391 392/392/392 
f 392/392/392 391/391/391 391/391/391 
f 391/391/391 393/393/393 391/391/391 
f 391/391/391 393/393/393 392/392/392 
f 393/393/393 394/394/394 392/392/392 
f 392/392/392 394/394/394 394/394/394 
f 394/394/394 393/393/393 394/394/394 
f 394/394/394 393/393/393 393/393/393 
f 393/393/393 395/395/395 393/393/393 
f 393/393/393 395/395/395 394/394/394 
f 395/395/395 396/396/396 394/394/394 
f 394/394/394 396/396/396 396/396/396 
f 396/396/396 395/395/395 396/396/396 
f 396/396/396 395/395/395 395/395/395 
f 395/395/395 397/397/397 395/395/395 
f 395/395/395 397/397/397 396/396/396 
f 397/397/397 398/398/398 396/396/396 
f 396/396/396 398/398/398 398/398/398 
f 398/398/398 397/397/397 398/398/398 
f 398/398/398 397/397/397 397/397/397 
f 397/397/397 399/399/399 397/397/397 
f 397/397/397 399/399/399 398/398/398 
f 399/399/399 400/400/400 398/398/398 
f 398/398/398 400/400/400 400/400/400 
f 400/400/400 399/399/399 400/400/400 
f 400/400/400 399/399/399 399/399/399 
f 399/399/399 401/401/401 399/399/399 
f 399/399/399 401/401/401 400/400/400 
f 401/401/401 402/402/402 400/400/400 
f 400/400/400 402/402/402 402/402/402 
f 402/402/402 401/401/401 402/402/402 
f 402/402/402 401/401/401 401/401/401 
f 401/401/401 403/403/403 401/401/401 
f 401/401/401 403/403/403 402/402/402 
f 403/403/403 404/404/404 402/402/402 
f 402/402/402 404/404/404 404/404/404 
f 404/404/404 403/403/403 404/404/404 
f 404/404/404 403/403/403 403/403/403 
f 403/403/403 405/405/405 403/403/403 
f 403/403/403 405/405/405 404/404/404 
f 405/405/405 406/406/406 404/404/404 
f 404/404/404 406/406/406 406/406/406 
f 406/406/406 405/405/405 406/406/406 
f 406/406/406 405/405/405 405/405/405 
f 405/405/405 407/407/407 405/405/405 
f 405/405/405 407/407/407 406/406/406 
f 407/407/407 408/408/408 406/406/406 
f 406/406/406 408/408/408 408/408/408 
f 408/408/408 409/409/409 408/408/408 
f 408/408/408 409/409/409 409/409/409 
f 409/409/409 410/410/410 409/409/409 
f 409/409/409 410/410/410 411/411/411 
f 410/410/410 412/412/412 411/411/411 
f 411/411/411 412/412/412 412/412/412 
f 412/412/412 410/410/410 412/412/412 
f 412/412/412 410/410/410 410/410/410 
f 410/410/410 413/413/413 410/410/410 
f 410/410/410 413/413/413 412/412/412 
f 413/413/413 414/414/414 412/412/412 
f 412/412/412 414/414/414 414/414/414 
f 414/414/414 413/413/413 414/414/414 
f 414/414/414 413/413/413 413/413/413 
f 413/413/413 415/415/415 413/413/413 
f 413/413/413 415/415/415 414/414/414 
f 415/415/415 416/416/416 414/414/414 
f 414/414/414 416/416/416 416/416/416 
f 416/416/416 415/415/415 416/416/416 
f 416/416/416 415/415/415 415/415/415 
f 415/415/415 417/417/417 415/415/415 
f 415/415/415 417/417/417 416/416/416 
f 417/417/417 418/418/418 416/416/416 
f 416/416/416 418/418/418 418/418/418 
f 418/418/418 417/417/417 418/418/418 
f 418/418/418 417/417/417 417/417/417 
f 417/417/417 419/419/419 417/417/417 
f 417/417/417 419/419/419 418/418/418 
f 419/419/419 420/420/420 418/418/418 
f 418/418/418 420/420/420 420/420/420 
f 420/420/420 419/419/419 420/420/420 
f 420/420/420 419/419/419 419/419/419 
f 419/419/419 421/421/421 419/419/419 
f 419/419/419 421/421/421 420/420/420 
f 421/421/421 422/422/422 420/420/420 
f 420/420/420 422/422/422 422/422/422 
f 422/422/422 421/421/421 422/422/422 
f 422/422/422 421/421/421 421/421/421 
f 421/421/421 423/423/423 421/421/421 
f 421/421/421 423/423/423 422/422/422 
f 423/423/423 424/424/424 422/422/422 
f 422/422/422 424/424/424 424/424/424 
f 424/424/424 423/423/423 424/424/424 
f 424/424/424 423/423/423 423/423/423 
f 423/423/423 425/425/425 423/423/423 
f 423/423/423 425/425/425 424/424/424 
f 425/425/425 426/426/426 424/424/424 
f 424/424/424 426/426/426 426/426/426 
f 426/426/426 425/425/425 426/426/426 
f 426/426/426 425/425/425 425/425/425 
f 425/425/425 427/427/427 425/425/425 
f 425/425/425 427/427/427 426/426/426 
f 427/427/427 428/428/428 426/426/426 
f 426/426/426 428/428/428 428/428/428 
f 428/428/428 427/427/427 428/428/428 
f 428/428/428 427/427/427 427/427/427 
f 427/427/427 429/429/429 427/427/427 
f 427/427/427 429/429/429 428/428/428 
f 429/429/429 430/430/430 428/428/428 
f 428/428/428 430/430/430 430/430/430 
f 430/430/430 429/429/429 430/430/430 
f 430/430/430 429/429/429 429/429/429 
f 429/429/429 431/431/431 429/429/429 
f 429/429/429 431/431/431 430/430/430 
f 431/431/431 432/432/432 430/430/430 
f 430/430/430 432/432/432 432/432/432 
f 432/432/432 431/431/431 432/432/432 
f 432/432/432 431/431/431 431/431/431 
f 431/431/431 433/433/433 431/431/431 
f 431/431/431 433/433/433 432/432/432 
f 433/433/433 434/434/434 432/432/432 
f 432/432/432 434/434/434 434/434/434 
f 434/434/434 433/433/433 434/434/434 
f 434/434/434 433/433/433 433/433/433 
f 433/433/433 435/435/435 433/433/433 
f 433/433/433 435/435/435 434/434/434 
f 435/435/435 436/436/436 434/434/434 
f 434/434/434 436/436/436 436/436/436 
f 436/436/436 435/435/435 436/436/436 
f 436/436/436 435/435/435 435/435/435 
f 435/435/435 437/437/437 435/435/435 
f 435/435/435 437/437/437 436/436/436 
f 437/437/437 438/438/438 436/436/436 
f 436/436/436 438/438/438 438/438/438 
f 438/438/438 437/437/437 438/438/438 
f 438/438/438 437/437/437 437/437/437 
f 437/437/437 439/439/439 437/437/437 
f 437/437/437 439/439/439 438/438/438 
f 439/439/439 440/440/440 438/438/438 
f 438/438/438 440/440/440 440/440/440 
f 440/440/440 439/439/439 440/440/440 
f 440/440/440 439/439/439 439/439/439 
f 439/439/439 441/441/441 439/439/439 
f 439/439/439 441/441/441 440/440/440 
f 441/441/441 442/442/442 440/440/440 
f 440/440/440 442/442/442 442/442/442 
f 442/442/442 441/441/441 442/442/442 
f 442/442/442 441/441/441 441/441/441 
f 441/441/441 443/443/443 441/441/441 
f 441/441/441 443/443/443 442/442/442 
f 443/443/443 444/444/444 442/442/442 
f 442/442/442 444/444/444 444/444/444 
f 444/444/444 445/445/445 444/444/444 
f 444/444/444 445/445/445 445/445/445 
f 445/445/445 446/446/446 445/445/445 
f 445/445/445 446/446/446 447/447/447 
f 446/446/446 448/448/448 447/447/447 
f 447/447/447 448/448/448 449/449/449 
f 448/448/448 450/450/450 449/449/449 
f 449/449/449 450/450/450 451/451/451 
f 450/450/450 452/452/452 451/451/451 
f 451/451/451 452/452/452 452/452/452 
f 452/452/452 446/446/446 452/452/452 
f 452/452/452 446/446/446 446/446/446 
f 446/446/446 445/445/445 446/446/446 
f 446/446/446 445/445/445 453/453/453 
f 445/445/445 454/454/454 453/453/453 
f 453/453/453 454/454/454 455/455/455 
f 454/454/454 456/456/456 455/455/455 
f 455/455/455 456/456/456 456/456/456 
f 456/456/456 454/454/454 456/456/456 
f 456/456/456 454/454/454 454/454/454 
f 454/454/454 457/457/457 454/454/454 
f 454/454/454 457/457/457 456/456/456 
f 457/457/457 458/458/458 456/456/456 
f 456/456/456 458/458/458 459/459/459 
f 458/458/458 460/460/460 459/459/459 
f 459/459/459 460/460/460 461/461/461 
f 460/460/460 462/462/462 461/461/461 
f 461/461/461 462/462/462 463/463/463 
f 462/462/462 464/464/464 463/463/463 
f 463/463/463 464/464/464 465/465/465 
f 464/464/464 466/466/466 465/465/465 
f 465/465/465 466/466/466 466/466/466 
f 466/466/466 464/464/464 466/466/466 
f 466/466/466 464/464/464 464/464/464 
f 464/464/464 467/467/467 464/464/464 
f 464/464/464 467/467/467 466/466/466 
f 467/467/467 468/468/468 466/466/466 
f 466/466/466 468/468/468 469/469/469 
f 468/468/468 470/470/470 469/469/469 
f 469/469/469 470/470/470 471/471/471 
f 470/470/470 472/472/472 471/471/471 
f 471/471/471 472/472/472 473/473/473 
f 472/472/472 474/474/474 473/473/473 
f 473/473/473 474/474/474 475/475/475 
f 474/474/474 476/476/476 475/475/475 
f 475/475/475 476/476/476 476/476/476 
f 476/476/476 474/474/474 476/476/476 
f 476/476/476 474/474/474 474/474/474 
f 474/474/474 477/477/477 474/474/474 
f 474/474/474 477/477/477 476/476/476 
f 477/477/477 478/478/478 476/476/476 
f 476/476/476 478/478/478 479/479/479 
f 478/478/478 480/480/480 479/479/479 
f 479/479/479 480/480/480 481/481/481 
f 480/480/480 482/482/482 481/481/481 
f 481/481/481 482/482/482 483/483/483 
f 482/482/482 484/484/484 483/483/483 
f 483/483/483 484/484/484 485/485/485 
f 484/484/484 486/486/486 485/485/485 
f 485/485/485 486/486/486 486/486/486 
f 486/486/486 484/484/484 486/486/486 
f 486/486/486 484/484/484 484/484/484 
f 484/484/484 487/487/487 484/484/484 
f 484/484/484 487/487/487 486/486/486 
f 487/487/487 488/488/488 486/486/486 
f 486/486/486 488/488/488 489/489/489 
f 488/488/488 490/490/490 489/489/489 
f 489/489/489 490/490/490 491/491/491 
f 490/490/490 492/492/492 491/491/491 
f 491/491/491 492/492/492 493/493/493 
f 492/492/492 494/494/494 493/493/493 
f 493/493/493 494/494/494 495/495/495 
f 494/494/494 496/496/496 495/495/495 
f 495/495/495 496/496/496 496/496/496 
f 496/496/496 494/494/494 496/496/496 
f 496/496/496 494/494/494 494/494/494 
f 494/494/494 497/497/497 494/494/494 
f 494/494/494 497/497/497 496/496/496 
f 497/497/497 498/498/498 496/496/496 
f 496/496/496 498/498/498 499/499/499 
f 498/498/498 500/500/500 499/499/499 
f 499/499/499 500/500/500 501/501/501 
f 500/500/500 501/501/501 501/501/501 
f 501/501/501 501/501/501 499/499/499 
f 501/501/501 499/499/499 499/499/499 
f 499/499/499 499/499/499 499/499/499 
f 499/499/499 501/501/501 499/499/499 
f 499/499/499 501/501/501 502/502/502 
f 501/501/501 503/503/503 502/502/502 
f 502/502/502 503/503/503 504/504/504 
f 503/503/503 505/505/505 504/504/504 
f 504/504/504 505/505/505 506/506/506 
f 505/505/505 507/507/507 506/506/506 
f 506/506/506 507/507/507 507/507/507 
f 507/507/507 505/505/505 507/507/507 
f 507/507/507 505/505/505 505/505/505 
f 505/505/505 508/508/508 505/505/505 
f 505/505/505 508/508/508 507/507/507 
f 508/508/508 509/509/509 507/507/507 
f 507/507/507 509/509/509 510/510/510 
f 509/509/509 511/511/511 510/510/510 
f 510/510/510 511/511/511 512/512/512 
f 511/511/511 513/513/513 512/512/512 
f 512/512/512 513/513/513 514/514/514 
f 513/513/513 515/515/515 514/514/514 
f 514/514/514 515/515/515 516/516/516 
f 515/515/515 517/517/517 516/516/516 
f 516/516/516 517/517/517 517/517/517 
f 517/517/517 515/515/515 517/517/517 
f 517/517/517 515/515/515 515/515/515 
f 515/515/515 452/452/452 515/515/515 
f 515/515/515 452/452/452 517/517/517 
f 452/452/452 450/450/450 517/517/517 
f 517/517/517 450/450/450 450/450/450 
f 450/450/450 518/518/518 450/450/450 
f 450/450/450 518/518/518 518/518/518 
f 518/518/518 519/519/519 518/518/518 
f 518/518/518 519/519/519 520/520/520 
f 519/519/519 521/521/521 520/520/520 
f 520/520/520 521/521/521 522/522/522 
f 521/521/521 523/523/523 522/522/522 
f 522/522/522 523/523/523 523/523/523 
f 523/523/523 519/519/519 523/523/523 
f 523/523/523 519/519/519 519/519/519 
f 519/519/519 518/518/518 519/519/519 
f 519/519/519 518/518/518 524/524/524 
f 518/518/518 525/525/525 524/524/524 
f 524/524/524 525/525/525 526/526/526 
f 525/525/525 527/527/527 526/526/526 
f 526/526/526 527/527/527 528/528/528 
f 527/527/527 529/529/529 528/528/528 
f 528/528/528 529/529/529 530/530/530 
f 529/529/529 531/531/531 530/530/530 
f 530/530/530 531/531/531 532/532/532 
f 531/531/531 533/533/533 532/532/532 
f 532/532/532 533/533/533 534/534/534 
f 533/533/533 535/535/535 534/534/534 
f 534/534/534 535/535/535 536/536/536 
f 535/535/535 537/537/537 536/536/536 
f 536/536/536 537/537/537 538/538/538 
f 537/537/537 539/539/539 538/538/538 
f 538/538/538 539/539/539 540/540/540 
f 539/539/539 541/541/541 540/540/540 
f 540/540/540 541/541/541 541/541/541 
f 541/541/541 539/539/539 541/541/541 
f 541/541/541 539/539/539 539/539/539 
f 539/539/539 542/542/542 539/539/539 
f 539/539/539 542/542/542 541/541/541 
f 542/542/542 543/543/543 541/541/541 
f 541/541/541 543/543/543 543/543/543 
f 543/543/543 542/542/542 543/543/543 
f 543/543/543 542/542/542 542/542/542 
f 542/542/542 544/544/544 542/542/542 
f 542/542/542 544/544/544 543/543/543 
f 544/544/544 545/545/545 543/543/543 
f 543/543/543 545/545/545 546/546/546 
f 545/545/545 547/547/547 546/546/546 
f 546/546/546 547/547/547 548/548/548 
f 547/547/547 549/549/549 548/548/548 
f 548/548/548 549/549/549 550/550/550 
f 549/549/549 551/551/551 550/550/550 
f 550/550/550 551/551/551 552/552/552 
f 551/551/551 553/553/553 552/552/552 
f 552/552/552 553/553/553 554/554/554 
f 553/553/553 555/555/555 554/554/554 
f 554/554/554 555/555/555 556/556/556 
f 555/555/555 557/557/557 556/556/556 
f 556/556/556 557/557/557 558/558/558 
f 557/557/557 559/559/559 558/558/558 
f 558/558/558 559/559/559 560/560/560 
f 559/559/559 561/561/561 560/560/560 
f 560/560/560 561/561/561 562/562/562 
f 561/561/561 563/563/563 562/562/562 
f 562/562/562 563/563/563 564/564/564 
f 563/563/563 565/565/565 564/564/564 
f 564/564/564 565/565/565 565/565/565 
f 565/565/565 563/563/563 565/565/565 
f 565/565/565 563/563/563 563/563/563 
f 563/563/563 566/566/566 563/563/563 
f 563/563/563 566/566/566 565/565/565 
f 566/566/566 567/567/567 565/565/565 
f 565/565/565 567/567/567 567/567/567 
f 567/567/567 566/566/566 567/567/567 
f 567/567/567 566/566/566 566/566/566 
f 566/566/566 568/568/568 566/566/566 
f 566/566/566 568/568/568 567/567/567 
f 568/568/568 569/569/569 567/567/567 
f 567/567/567 569/569/569 570/570/570 
f 569/569/569 571/571/571 570/570/570 
f 570/570/570 571/571/571 572/572/572 
f 571/571/571 573/573/573 572/572/572 
f 572/572/572 573/573/573 574/574/574 
f 573/573/573 575/575/575 574/574/574 
f 574/574/574 575/575/575 576/576/576 
f 575/575/575 577/577/577 576/576/576 
f 576/576/576 577/577/577 578/578/578 
f 577/577/577 579/579/579 578/578/578 
f 578/578/578 579/579/579 580/580/580 
f 579/579/579 581/581/581 580/580/580 
f 580/580/580 581/581/581 582/582/582 
f 581/581/581 583/583/583 582/582/582 
f 582/582/582 583/583/583 584/584/584 
f 583/583/583 585/585/585 584/584/584 
f 584/584/584 585/585/585 586/586/586 
f 585/585/585 587/587/587 586/586/586 
f 586/586/586 587/587/587 588/588/588 
f 587/587/587 589/589/589 588/588/588 
f 588/588/588 589/589/589 589/589/589 
f 589/589/589 587/587/587 589/589/589 
f 589/589/589 587/587/587 587/587/587 
f 587/587/587 523/523/523 587/587/587 
f 587/587/587 523/523/523 589/589/589 
f 523/523/523 521/521/521 589/589/589 
f 589/589/589 521/521/521 521/521/521 
f 521/521/521 590/590/590 521/521/521 
f 521/521/521 590/590/590 590/590/590 
f 590/590/590 591/591/591 590/590/590 
f 590/590/590 591/591/591 592/592/592 
f 591/591/591 593/593/593 592/592/592 
f 592/592/592 593/593/593 594/594/594 
f 593/593/593 594/594/594 594/594/594 
f 594/594/594 594/594/594 592/592/592 
f 594/594/594 592/592/592 592/592/592 
f 592/592/592 592/592/592 592/592/592 
f 592/592/592 594/594/594 592/592/592 
f 592/592/592 594/594/594 595/595/595 
f 594/594/594 596/596/596 595/595/595 
f 595/595/595 596/596/596 597/597/597 
f 596/596/596 598/598/598 597/597/597 
f 597/597/597 598/598/598 599/599/599 
f 598/598/598 600/600/600 599/599/599 
f 599/599/599 600/600/600 601/601/601 
f 600/600/600 602/602/602 601/601/601 
f 601/601/601 602/602/602 603/603/603 
f 602/602/602 604/604/604 603/603/603 
f 603/603/603 604/604/604 605/605/605 
f 604/604/604 606/606/606 605/605/605 
f 605/605/605 606/606/606 607/607/607 
f 606/606/606 608/608/608 607/607/607 
f 607/607/607 608/608/608 609/609/609 
f 608/608/608 610/610/610 609/609/609 
f 609/609/609 610/610/610 611/611/611 
f 610/610/610 612/612/612 611/611/611 
f 611/611/611 612/612/612 613/613/613 
f 612/612/612 614/614/614 613/613/613 
f 613/613/613 614/614/614 615/615/615 
f 614/614/614 616/616/616 615/615/615 
f 615/615/615 616/616/616 617/617/617 
f 616/616/616 618/618/618 617/617/617 
f 617/617/617 618/618/618 619/619/619 
f 618/618/618 620/620/620 619/619/619 
f 619/619/619 620/620/620 621/621/621 
f 620/620/620 622/622/622 621/621/621 
f 621/621/621 622/622/622 623/623/623 
f 622/622/622 624/624/624 623/623/623 
f 623/623/623 624/624/624 625/625/625 
f 624/624/624 626/626/626 625/625/625 
f 625/625/625 626/626/626 627/627/627 
f 626/626/626 628/628/628 627/627/627 
f 627/627/627 628/628/628 629/629/629 
f 628/628/628 630/630/630 629/629/629 
f 629/629/629 630/630/630 631/631/631 
f 630/630/630 631/631/631 631/631/631 
f 631/631/631 631/631/631 629/629/629 
f 631/631/631 629/629/629 629/629/629 
f 629/629/629 629/629/629 629/629/629 
f 629/629/629 631/631/631 629/629/629 
f 629/629/629 631/631/631 632/632/632 
f 631/631/631 633/633/633 632/632/632 
f 632/632/632 633/633/633 634/634/634 
f 633/633/633 635/635/635 634/634/634 
f 634/634/634 635/635/635 636/636/636 
f 635/635/635 637/637/637 636/636/636 
f 636/636/636 637/637/637 638/638/638 
f 637/637/637 639/639/639 638/638/638 
f 638/638/638 639/639/639 640/640/640 
f 639/639/639 641/641/641 640/640/640 
f 640/640/640 641/641/641 642/642/642 
f 641/641/641 643/643/643 642/642/642 
f 642/642/642 643/643/643 644/644/644 
f 643/643/643 645/645/645 644/644/644 
f 644/644/644 645/645/645 646/646/646 
f 645/645/645 647/647/647 646/646/646 
f 646/646/646 647/647/647 648/648/648 
f 647/647/647 649/649/649 648/648/648 
f 648/648/648 649/649/649 650/650/650 
f 649/649/649 650/650/650 650/650/650 
f 650/650/650 650/650/650 648/648/648 
f 650/650/650 648/648/648 648/648/648 
f 648/648/648 648/648/648 648/648/648 
f 648/648/648 650/650/650 648/648/648 
f 648/648/648 650/650/650 651/651/651 
f 650/650/650 652/652/652 651/651/651 
f 651/651/651 652/652/652 653/653/653 
f 652/652/652 654/654/654 653/653/653 
f 653/653/653 654/654/654 655/655/655 
f 654/654/654 656/656/656 655/655/655 
f 655/655/655 656/656/656 657/657/657 
f 656/656/656 658/658/658 657/657/657 
f 657/657/657 658/658/658 659/659/659 
f 658/658/658 660/660/660 659/659/659 
f 659/659/659 660/660/660 661/661/661 
f 660/660/660 662/662/662 661/661/661 
f 661/661/661 662/662/662 663/663/663 
f 662/662/662 664/664/664 663/663/663 
f 663/663/663 664/664/664 590/590/590 
f 664/664/664 591/591/591 590/590/590 
f 590/590/590 591/591/591 591/591/591 
f 591/591/591 665/665/665 591/591/591 
f 591/591/591 665/665/665 665/665/665 
f 665/665/665 666/666/666 665/665/665 
f 665/665/665 666/666/666 667/667/667 
f 666/666/666 668/668/668 667/667/667 
f 667/667/667 668/668/668 669/669/669 
f 668/668/668 670/670/670 669/669/669 
f 669/669/669 670/670/670 671/671/671 
f 670/670/670 672/672/672 671/671/671 
f 671/671/671 672/672/672 673/673/673 
f 672/672/672 674/674/674 673/673/673 
f 673/673/673 674/674/674 675/675/675 
f 674/674/674 676/676/676 675/675/675 
f 675/675/675 676/676/676 677/677/677 
f 676/676/676 678/678/678 677/677/677 
f 677/677/677 678/678/678 679/679/679 
f 678/678/678 680/680/680 679/679/679 
f 679/679/679 680/680/680 681/681/681 
f 680/680/680 682/682/682 681/681/681 
f 681/681/681 682/682/682 683/683/683 
f 682/682/682 684/684/684 683/683/683 
f 683/683/683 684/684/684 685/685/685 
f 684/684/684 686/686/686 685/685/685 
f 685/685/685 686/686/686 687/687/687 
f 686/686/686 688/688/688 687/687/687 
f 687/687/687 688/688/688 689/689/689 
f 688/688/688 690/690/690 689/689/689 
f 689/689/689 690/690/690 691/691/691 
f 690/690/690 692/692/692 691/691/691 
f 691/691/691 692/692/692 693/693/693 
f 692/692/692 694/694/694 693/693/693 
f 693/693/693 694/694/694 695/695/695 
f 694/694/694 696/696/696 695/695/695 
f 695/695/695 696/696/696 697/697/697 
f 696/696/696 698/698/698 697/697/697 
f 697/697/697 698/698/698 699/699/699 
f 698/698/698 700/700/700 699/699/699 
f 699/699/699 700/700/700 701/701/701 
f 700/700/700 702/702/702 701/701/701 
f 701/701/701 702/702/702 703/703/703 
f 702/702/702 704/704/704 703/703/703 
f 703/703/703 704/704/704 705/705/705 
f 704/704/704 706/706/706 705/705/705 
f 705/705/705 706/706/706 707/707/707 
f 706/706/706 708/708/708 707/707/707 
f 707/707/707 708/708/708 709/709/709 
f 708/708/708 710/710/710 709/709/709 
f 709/709/709 710/710/710 711/711/711 
f 710/710/710 712/712/712 711/711/711 
f 711/711/711 712/712/712 713/713/713 
f 712/712/712 714/714/714 713/713/713 
f 713/713/713 714/714/714 715/715/715 
f 714/714/714 716/716/716 715/715/715 
f 715/715/715 716/716/716 717/717/717 
f 716/716/716 718/718/718 717/717/717 
f 717/717/717 718/718/718 719/719/719 
f 718/718/718 720/720/720 719/719/719 
f 719/719/719 720/720/720 721/721/721 
f 720/720/720 722/722/722 721/721/721 
f 721/721/721 722/722/722 723/723/723 
f 722/722/722 724/724/724 723/723/723 
f 723/723/723 724/724/724 725/725/725 
f 724/724/724 726/726/726 725/725/725 
f 725/725/725 726/726/726 727/727/727 
f 726/726/726 728/728/728 727/727/727 
f 727/727/727 728/728/728 729/729/729 
f 728/728/728 730/730/730 729/729/729 
f 729/729/729 730/730/730 731/731/731 
f 730/730/730 732/732/732 731/731/731 
f 731/731/731 732/732/732 733/733/733 
f 732/732/732 734/734/734 733/733/733 
f 733/733/733 734/734/734 735/735/735 
f 734/734/734 736/736/736 735/735/735 
f 735/735/735 736/736/736 665/665/665 
f 736/736/736 666/666/666 665/665/665 
f 665/665/665 666/666/666 666/666/666 
f 666/666/666 737/737/737 666/666/666 
f 666/666/666 737/737/737 737/737/737 
f 737/737/737 738/738/738 737/737/737 
f 737/737/737 738/738/738 739/739/739 
f 738/738/738 740/740/740 739/739/739 
f 739/739/739 740/740/740 741/741/741 
f 740/740/740 742/742/742 741/741/741 
f 741/741/741 742/742/742 743/743/743 
f 742/742/742 744/744/744 743/743/743 
f 743/743/743 744/744/744 745/745/745 
f 744/744/744 745/745/745 745/745/745 
f 745/745/745 745/745/745 743/743/743 
f 745/745/745 743/743/743 743/743/743 
f 743/743/743 743/743/743 743/743/743 
f 743/743/743 745/745/745 743/743/743 
f 743/743/743 745/745/745 746/746/746 
f 745/745/745 747/747/747 746/746/746 
f 746/746/746 747/747/747 748/748/748 
f 747/747/747 749/749/749 748/748/748 
f 748/748/748 749/749/749 750/750/750 
f 749/749/749 751/751/751 750/750/750 
f 750/750/750 751/751/751 752/752/752 
f 751/751/751 753/753/753 752/752/752 
f 752/752/752 753/753/753 754/754/754 
f 753/753/753 755/755/755 754/754/754 
f 754/754/754 755/755/755 756/756/756 
f 755/755/755 757/757/757 756/756/756 
f 756/756/756 757/757/757 758/758/758 
f 757/757/757 759/759/759 758/758/758 
f 758/758/758 759/759/759 760/760/760 
f 759/759/759 761/761/761 760/760/760 
f 760/760/760 761/761/761 762/762/762 
f 761/761/761 763/763/763 762/762/762 
f 762/762/762 763/763/763 764/764/764 
f 763/763/763 765/765/765 764/764/764 
f 764/764/764 765/765/765 766/766/766 
f 765/765/765 767/767/767 766/766/766 
f 766/766/766 767/767/767 768/768/768 
f 767/767/767 769/769/769 768/768/768 
f 768/768/768 769/769/769 770/770/770 
f 769/769/769 771/771/771 770/770/770 
f 770/770/770 771/771/771 772/772/772 
f 771/771/771 773/773/773 772/772/772 
f 772/772/772 773/773/773 774/774/774 
f 773/773/773 775/775/775 774/774/774 
f 774/774/774 775/775/775 776/776/776 
f 775/775/775 777/777/777 776/776/776 
f 776/776/776 777/777/777 778/778/778 
f 777/777/777 779/779/779 778/778/778 
f 778/778/778 779/779/779 780/780/780 
f 779/779/779 781/781/781 780/780/780 
f 780/780/780 781/781/781 782/782/782 
f 781/781/781 782/782/782 782/782/782 
f 782/782/782 782/782/782 780/780/780 
f 782/782/782 780/780/780 780/780/780 
f 780/780/780 780/780/780 780/780/780 
f 780/780/780 782/782/782 780/780/780 
f 780/780/780 782/782/782 783/783/783 
f 782/782/782 784/784/784 783/783/783 
f 783/783/783 784/784/784 785/785/785 
f 784/784/784 786/786/786 785/785/785 
f 785/785/785 786/786/786 787/787/787 
f 786/786/786 788/788/788 787/787/787 
f 787/787/787 788/788/788 789/789/789 
f 788/788/788 790/790/790 789/789/789 
f 789/789/789 790/790/790 791/791/791 
f 790/790/790 792/792/792 791/791/791 
f 791/791/791 792/792/792 793/793/793 
f 792/792/792 794/794/794 793/793/793 
f 793/793/793 794/794/794 795/795/795 
f 794/794/794 796/796/796 795/795/795 
f 795/795/795 796/796/796 797/797/797 
f 796/796/796 798/798/798 797/797/797 
f 797/797/797 798/798/798 799/799/799 
f 798/798/798 800/800/800 799/799/799 
f 799/799/799 800/800/800 801/801/801 
f 800/800/800 802/802/802 801/801/801 
f 801/801/801 802/802/802 803/803/803 
f 802/802/802 804/804/804 803/803/803 
f 803/803/803 804/804/804 805/805/805 
f 804/804/804 806/806/806 805/805/805 
f 805/805/805 806/806/806 807/807/807 
f 806/806/806 808/808/808 807/807/807 
f 807/807/807 808/808/808 809/809/809 
f 808/808/808 810/810/810 809/809/809 
f 809/809/809 810/810/810 737/737/737 
f 810/810/810 738/738/738 737/737/737 
f 737/737/737 738/738/738 738/738/738 
f 738/738/738 811/811/811 738/738/738 
f 738/738/738 811/811/811 811/811/811 
f 811/811/811 812/812/812 811/811/811 
f 811/811/811 812/812/812 813/813/813 
f 812/812/812 814/814/814 813/813/813 
f 813/813/813 814/814/814 815/815/815 
f 814/814/814 816/816/816 815/815/815 
f 815/815/815 816/816/816 817/817/817 
f 816/816/816 818/818/818 817/817/817 
f 817/817/817 818/818/818 819/819/819 
f 818/818/818 820/820/820 819/819/819 
f 819/819/819 820/820/820 821/821/821 
f 820/820/820 822/822/822 821/821/821 
f 821/821/821 822/822/822 823/823/823 
f 822/822/822 824/824/824 823/823/823 
f 823/823/823 824/824/824 825/825/825 
f 824/824/824 826/826/826 825/825/825 
f 825/825/825 826/826/826 827/827/827 
f 826/826/826 828/828/828 827/827/827 
f 827/827/827 828/828/828 829/829/829 
f 828/828/828 830/830/830 829/829/829 
f 829/829/829 830/830/830 831/831/831 
f 830/830/830 832/832/832 831/831/831 
f 831/831/831 832/832/832 833/833/833 
f 832/832/832 834/834/834 833/833/833 
f 833/833/833 834/834/834 835/835/835 
f 834/834/834 836/836/836 835/835/835 
f 835/835/835 836/836/836 837/837/837 
f 836/836/836 838/838/838 837/837/837 
f 837/837/837 838/838/838 839/839/839 
f 838/838/838 840/840/840 839/839/839 
f 839/839/839 840/840/840 841/841/841 
f 840/840/840 842/842/842 841/841/841 
f 841/841/841 842/842/842 843/843/843 
f 842/842/842 844/844/844 843/843/843 
f 843/843/843 844/844/844 845/845/845 
f 844/844/844 846/846/846 845/845/845 
f 845/845/845 846/846/846 847/847/847 
f 846/846/846 848/848/848 847/847/847 
f 847/847/847 848/848/848 849/849/849 
f 848/848/848 850/850/850 849/849/849 
f 849/849/849 850/850/850 851/851/851 
f 850/850/850 852/852/852 851/851/851 
f 851/851/851 852/852/852 853/853/853 
f 852/852/852 854/854/854 853/853/853 
f 853/853/853 854/854/854 855/855/855 
f 854/854/854 856/856/856 855/855/855 
f 855/855/855 856/856/856 857/857/857 
f 856/856/856 858/858/858 857/857/857 
f 857/857/857 858/858/858 859/859/859 
f 858/858/858 860/860/860 859/859/859 
f 859/859/859 860/860/860 861/861/861 
f 860/860/860 862/862/862 861/861/861 
f 861/861/861 862/862/862 863/863/863 
f 862/862/862 864/864/864 863/863/863 
f 863/863/863 864/864/864 865/865/865 
f 864/864/864 866/866/866 865/865/865 
f 865/865/865 866/866/866 867/867/867 
f 866/866/866 868/868/868 867/867/867 
f 867/867/867 868/868/868 869/869/869 
f 868/868/868 870/870/870 869/869/869 
f 869/869/869 870/870/870 871/871/871 
f 870/870/870 872/872/872 871/871/871 
f 871/871/871 872/872/872 873/873/873 
f 872/872/872 874/874/874 873/873/873 
f 873/873/873 874/874/874 875/875/875 
f 874/874/874 876/876/876 875/875/875 
f 875/875/875 876/876/876 877/877/877 
f 876/876/876 878/878/878 877/877/877 
f 877/877/877 878/878/878 879/879/879 
f 878/878/878 880/880/880 879/879/879 
f 879/879/879 880/880/880 881/881/881 
f 880/880/880 882/882/882 881/881/881 
f 881/881/881 882/882/882 811/811/811 
f 882/882/882 812/812/812 811/811/811 

